imdb_id,wikidata_qid,enwiki_title,checked_at
nm0000025,Q235077,Jerry_Goldsmith,2026-09-28T08:55:59Z
nm0000031,Q56016,Katharine_Hepburn,2026-09-28T08:55:59Z
nm0000035,Q106221,James_Horner,2026-09-28T08:55:59Z
nm0000084,Q150903,Gong_Li,2026-09-28T08:55:59Z
nm0000092,Q25014,John_Cleese,2026-09-28T08:55:59Z
nm0000093,Q35332,Brad_Pitt,2026-09-28T08:55:59Z
nm0000095,Q25089,Woody_Allen,2026-09-28T08:55:59Z
nm0000096,Q485298,Gillian_Anderson,2026-09-28T08:55:59Z
nm0000098,Q32522,Jennifer_Aniston,2026-09-28T08:55:59Z
nm0000102,Q3454165,Kevin_Bacon,2026-09-28T08:55:59Z
nm0000106,Q676094,Drew_Barrymore,2026-09-28T08:55:59Z
nm0000108,Q484779,Luc_Besson,2026-09-28T08:55:59Z
nm0000112,Q81520,Pierce_Brosnan,2026-09-28T08:55:59Z
nm0000113,Q40791,Sandra_Bullock,2026-09-28T08:55:59Z
nm0000118,Q95008,John_Carpenter,2026-09-28T08:55:59Z
nm0000120,Q40504,Jim_Carrey,2026-09-28T08:55:59Z
nm0000124,Q103343,Jennifer_Connelly,2026-09-28T08:55:59Z
nm0000125,Q4573,Sean_Connery,2026-09-28T08:55:59Z
nm0000129,Q37079,Tom_Cruise,2026-09-28T08:55:59Z
nm0000139,Q44380,Cameron_Diaz,2026-09-28T08:55:59Z
nm0000142,Q43203,Clint_Eastwood,2026-09-28T08:55:59Z
nm0000150,Q395274,Michael_J._Fox,2026-09-28T08:55:59Z
nm0000156,Q106706,Jeff_Goldblum,2026-09-28T08:55:59Z
nm0000158,Q2263,Tom_Hanks,2026-09-28T08:55:59Z
nm0000164,Q65932,Anthony_Hopkins,2026-09-28T08:55:59Z
nm0000165,Q103646,Ron_Howard,2026-09-28T08:55:59Z
nm0000166,Q170574,Helen_Hunt,2026-09-28T08:55:59Z
nm0000168,Q172678,Samuel_L._Jackson,2026-09-28T08:55:59Z
nm0000169,Q170587,Tommy_Lee_Jones,2026-09-28T08:55:59Z
nm0000178,Q255070,Diane_Lane,2026-09-28T08:55:59Z
nm0000184,Q38222,George_Lucas,2026-09-28T08:55:59Z
nm0000185,Q181678,Dolph_Lundgren,2026-09-28T08:55:59Z
nm0000194,Q80405,Julianne_Moore,2026-09-28T08:55:59Z
nm0000197,Q39792,Jack_Nicholson,2026-09-28T08:55:59Z
nm0000198,Q83492,Gary_Oldman,2026-09-28T08:55:59Z
nm0000203,Q106514,River_Phoenix,2026-09-28T08:55:59Z
nm0000206,Q43416,Keanu_Reeves,2026-09-28T08:55:59Z
nm0000210,Q40523,Julia_Roberts,2026-09-28T08:55:59Z
nm0000213,Q101797,Winona_Ryder,2026-09-28T08:55:59Z
nm0000215,Q133050,Susan_Sarandon,2026-09-28T08:55:59Z
nm0000218,Q208590,Kristin_Scott_Thomas,2026-09-28T08:55:59Z
nm0000219,Q82110,Steven_Seagal,2026-09-28T08:55:59Z
nm0000225,Q204590,Christian_Slater,2026-09-28T08:55:59Z
nm0000228,Q25144,Kevin_Spacey,2026-09-28T08:55:59Z
nm0000229,Q8877,Steven_Spielberg,2026-09-28T08:55:59Z
nm0000232,Q62975,Sharon_Stone,2026-09-28T08:55:59Z
nm0000240,Q472320,Skeet_Ulrich,2026-09-28T08:55:59Z
nm0000244,Q102124,Sigourney_Weaver,2026-09-28T08:55:59Z
nm0000245,Q83338,Robin_Williams,2026-09-28T08:55:59Z
nm0000255,Q483118,Ben_Affleck,2026-09-28T08:55:59Z
nm0000275,Q109232,Rosanna_Arquette,2026-09-28T08:55:59Z
nm0000277,Q51506,Richard_Attenborough,2026-09-28T08:55:59Z
nm0000279,Q202056,Hank_Azaria,2026-09-28T08:55:59Z
nm0000284,Q312161,Adam_Baldwin,2026-09-28T08:55:59Z
nm0000285,Q170572,Alec_Baldwin,2026-09-28T08:55:59Z
nm0000288,Q45772,Christian_Bale,2026-09-28T08:55:59Z
nm0000289,Q229234,Ellen_Barkin,2026-09-28T08:55:59Z
nm0000293,Q191104,Sean_Bean,2026-09-28T08:55:59Z
nm0000295,Q179414,Kate_Beckinsale,2026-09-28T08:55:59Z
nm0000299,Q241510,Michael_Biehn,2026-09-28T08:55:59Z
nm0000300,Q106275,Juliette_Binoche,2026-09-28T08:55:59Z
nm0000326,Q209175,Kim_Cattrall,2026-09-28T08:55:59Z
nm0000329,Q36970,Jackie_Chan,2026-09-28T08:55:59Z
nm0000334,Q181425,Chow_Yun-fat,2026-09-28T08:55:59Z
nm0000337,Q232101,Rachael_Leigh_Cook,2026-09-28T08:55:59Z
nm0000341,Q172140,Michael_Crichton,2026-09-28T08:55:59Z
nm0000349,Q272946,Joan_Cusack,2026-09-28T08:55:59Z
nm0000352,Q320052,Vincent_D'Onofrio,2026-09-28T08:55:59Z
nm0000353,Q188772,Willem_Dafoe,2026-09-28T08:55:59Z
nm0000360,Q232851,Rebecca_De_Mornay,2026-09-28T08:55:59Z
nm0000368,Q220901,Laura_Dern,2026-09-28T08:55:59Z
nm0000369,Q193070,Matt_Dillon,2026-09-28T08:55:59Z
nm0000373,Q316955,Michael_Dorn,2026-09-28T08:55:59Z
nm0000374,Q329734,Brad_Dourif,2026-09-28T08:55:59Z
nm0000379,Q76478,Kirsten_Dunst,2026-09-28T08:55:59Z
nm0000380,Q171736,Robert_Duvall,2026-09-28T08:55:59Z
nm0000381,Q314924,Anthony_Edwards_(actor),2026-09-28T08:55:59Z
nm0000385,Q311314,Sam_Elliott,2026-09-28T08:55:59Z
nm0000387,Q310389,Robert_Englund,2026-09-28T08:55:59Z
nm0000400,Q204393,Linda_Fiorentino,2026-09-28T08:55:59Z
nm0000408,Q346595,Jonathan_Frakes,2026-09-28T08:55:59Z
nm0000412,Q189415,Andy_Garcia,2026-09-28T08:55:59Z
nm0000416,Q25078,Terry_Gilliam,2026-09-28T08:55:59Z
nm0000421,Q136209,Cuba_Gooding_Jr.,2026-09-28T08:55:59Z
nm0000423,Q285034,Serena_Grandi,2026-09-28T08:55:59Z
nm0000427,Q233862,Pam_Grier,2026-09-28T08:55:59Z
nm0000437,Q201279,Woody_Harrelson,2026-09-28T08:55:59Z
nm0000445,Q724804,Dan_Hedaya,2026-09-28T08:55:59Z
nm0000449,Q230527,Natasha_Henstridge,2026-09-28T08:55:59Z
nm0000453,Q223091,Ian_Holm,2026-09-28T08:55:59Z
nm0000457,Q200405,John_Hurt,2026-09-28T08:55:59Z
nm0000461,Q344973,Michael_Ironside,2026-09-28T08:55:59Z
nm0000466,Q217324,Jean-Pierre_Jeunet,2026-09-28T08:55:59Z
nm0000477,Q231660,Mia_Kirshner,2026-09-28T08:55:59Z
nm0000491,Q295233,John_Leguizamo,2026-09-28T08:55:59Z
nm0000501,Q211280,Ray_Liotta,2026-09-28T08:55:59Z
nm0000502,Q109324,Christopher_Lloyd,2026-09-28T08:55:59Z
nm0000514,Q220584,Michael_Madsen,2026-09-28T08:55:59Z
nm0000521,Q162753,Sophie_Marceau,2026-09-28T08:55:59Z
nm0000532,Q117392,Malcolm_McDowell,2026-09-28T08:55:59Z
nm0000533,Q253764,Gates_McFadden,2026-09-28T08:55:59Z
nm0000539,Q231438,Dina_Meyer,2026-09-28T08:55:59Z
nm0000546,Q318249,Matthew_Modine,2026-09-28T08:55:59Z
nm0000553,Q58444,Liam_Neeson,2026-09-28T08:55:59Z
nm0000554,Q214309,Sam_Neill,2026-09-28T08:55:59Z
nm0000560,Q188018,Nick_Nolte,2026-09-28T08:55:59Z
nm0000562,Q443961,Jeremy_Northam,2026-09-28T08:55:59Z
nm0000574,Q361412,Jason_Patric,2026-09-28T08:55:59Z
nm0000579,Q220698,Ron_Perlman,2026-09-28T08:55:59Z
nm0000585,Q313789,Robert_Picardo,2026-09-28T08:55:59Z
nm0000590,Q16867,Edgar_Allan_Poe,2026-09-28T08:55:59Z
nm0000598,Q200768,Dennis_Quaid,2026-09-28T08:55:59Z
nm0000606,Q43697,Jean_Reno,2026-09-28T08:55:59Z
nm0000609,Q310315,Ving_Rhames,2026-09-28T08:55:59Z
nm0000611,Q264559,Ariana_Richards,2026-09-28T08:55:59Z
nm0000614,Q106481,Alan_Rickman,2026-09-28T08:55:59Z
nm0000616,Q207969,Eric_Roberts,2026-09-28T08:55:59Z
nm0000619,Q203804,Tim_Roth,2026-09-28T08:55:59Z
nm0000620,Q178552,Mickey_Rourke,2026-09-28T08:55:59Z
nm0000621,Q103157,Kurt_Russell,2026-09-28T08:55:59Z
nm0000630,Q298368,Liev_Schreiber,2026-09-28T08:55:59Z
nm0000631,Q56005,Ridley_Scott,2026-09-28T08:55:59Z
nm0000642,Q232945,Marina_Sirtis,2026-09-28T08:55:59Z
nm0000643,Q320093,Tom_Skerritt,2026-09-28T08:55:59Z
nm0000647,Q734916,Alan_Smithee,2026-09-28T08:55:59Z
nm0000649,Q447892,Paul_Sorvino,2026-09-28T08:55:59Z
nm0000652,Q296928,James_Spader,2026-09-28T08:55:59Z
nm0000653,Q311453,Brent_Spiner,2026-09-28T08:55:59Z
nm0000657,Q310318,David_Strathairn,2026-09-28T08:55:59Z
nm0000662,Q103946,Kiefer_Sutherland,2026-09-28T08:55:59Z
nm0000666,Q233502,Lili_Taylor,2026-09-28T08:55:59Z
nm0000667,Q212790,David_Thewlis,2026-09-28T08:55:59Z
nm0000670,Q230605,Lea_Thompson,2026-09-28T08:55:59Z
nm0000686,Q185051,Christopher_Walken,2026-09-28T08:55:59Z
nm0000693,Q360477,Peter_Weller,2026-09-28T08:55:59Z
nm0000699,Q707500,Michael_Wincott,2026-09-28T08:55:59Z
nm0000701,Q202765,Kate_Winslet,2026-09-28T08:55:59Z
nm0000702,Q44063,Reese_Witherspoon,2026-09-28T08:55:59Z
nm0000703,Q359207,BD_Wong,2026-09-28T08:55:59Z
nm0000705,Q272972,Robin_Wright,2026-09-28T08:55:59Z
nm0000706,Q214289,Michelle_Yeoh,2026-09-28T08:55:59Z
nm0000749,Q234983,Mädchen_Amick,2026-09-28T08:55:59Z
nm0000751,Q235635,Suzy_Amis_Cameron,2026-09-28T08:55:59Z
nm0000778,Q920072,Alfonso_Arau,2026-09-28T08:55:59Z
nm0000780,Q363231,Denys_Arcand,2026-09-28T08:55:59Z
nm0000782,Q232052,Asia_Argento,2026-09-28T08:55:59Z
nm0000787,Q63308,Bess_Armstrong,2026-09-28T08:55:59Z
nm0000801,Q550717,Olivier_Assayas,2026-09-28T08:55:59Z
nm0000823,Q357014,Angelo_Badalamenti,2026-09-28T08:55:59Z
nm0000829,Q1715774,Stuart_Baird,2026-09-28T08:55:59Z
nm0000855,Q1359938,Raymond_J._Barry,2026-09-28T08:55:59Z
nm0000867,Q284636,Jason_Bateman,2026-09-28T08:55:59Z
nm0000869,Q309160,Alan_Bates,2026-09-28T08:55:59Z
nm0000874,Q705477,Steven_Bauer,2026-09-28T08:55:59Z
nm0000881,Q59259,Michael_Bay,2026-09-28T08:55:59Z
nm0000882,Q106573,Nathalie_Baye,2026-09-28T08:55:59Z
nm0000886,Q95030,Warren_Beatty,2026-09-28T08:55:59Z
nm0000887,Q942796,Harold_Becker,2026-09-28T08:55:59Z
nm0000906,Q190602,Annette_Bening,2026-09-28T08:55:59Z
nm0000962,Q106607,Carole_Bouquet,2026-09-28T08:55:59Z
nm0000985,Q95125,James_L._Brooks,2026-09-28T08:55:59Z
nm0000996,Q312570,LeVar_Burton,2026-09-28T08:55:59Z
nm0001006,Q218532,John_Candy,2026-09-28T08:55:59Z
nm0001009,Q40162,Kate_Capshaw,2026-09-28T08:55:59Z
nm0001015,Q207307,Robert_Carlyle,2026-09-28T08:55:59Z
nm0001018,Q433417,Keith_Carradine,2026-09-28T08:55:59Z
nm0001024,Q431191,Nick_Cassavetes,2026-09-28T08:55:59Z
nm0001026,Q236702,Joanna_Cassidy,2026-09-28T08:55:59Z
nm0001029,Q200841,Jim_Caviezel,2026-09-28T08:55:59Z
nm0001041,Q234778,Maggie_Cheung,2026-09-28T08:55:59Z
nm0001049,Q230665,Jill_Clayburgh,2026-09-28T08:55:59Z
nm0001056,Q446717,Dabney_Coleman,2026-09-28T08:55:59Z
nm0001057,Q229291,Toni_Collette,2026-09-28T08:55:59Z
nm0001074,Q39989,Ronny_Cox,2026-09-28T08:55:59Z
nm0001075,Q354873,Peter_Coyote,2026-09-28T08:55:59Z
nm0001084,Q173637,Ice_Cube,2026-09-28T08:55:59Z
nm0001093,Q1699742,John_Dahl,2026-09-28T08:55:59Z
nm0001100,Q40064,Blythe_Danner,2026-09-28T08:55:59Z
nm0001117,Q355163,Bruce_Davison,2026-09-28T08:55:59Z
nm0001136,Q357001,Bruce_Dern,2026-09-28T08:55:59Z
nm0001167,Q235478,Shelley_Duvall,2026-09-28T08:55:59Z
nm0001182,Q185122,Carmen_Electra,2026-09-28T08:55:59Z
nm0001212,Q223790,Joseph_Fiennes,2026-09-28T08:55:59Z
nm0001215,Q219546,Albert_Finney,2026-09-28T08:55:59Z
nm0001223,Q486103,Lara_Flynn_Boyle,2026-09-28T08:55:59Z
nm0001231,Q40228,Claire_Forlani,2026-09-28T08:55:59Z
nm0001235,Q350255,William_Forsythe_(actor),2026-09-28T08:55:59Z
nm0001245,Q229740,Mira_Furlan,2026-09-28T08:55:59Z
nm0001250,Q276005,Charlotte_Gainsbourg,2026-09-28T08:55:59Z
nm0001267,Q356287,Balthazar_Getty,2026-09-28T08:55:59Z
nm0001283,Q329719,Louis_Gossett_Jr.,2026-09-28T08:55:59Z
nm0001290,Q380856,Richard_E._Grant,2026-09-28T08:55:59Z
nm0001305,Q532169,Lukas_Haas,2026-09-28T08:55:59Z
nm0001326,Q303957,Josh_Hartnett,2026-09-28T08:55:59Z
nm0001340,Q179269,Katherine_Helmond,2026-09-28T08:55:59Z
nm0001353,Q350422,Walter_Hill,2026-09-28T08:55:59Z
nm0001361,Q450728,Tobe_Hooper,2026-09-28T08:55:59Z
nm0001364,Q211283,Bob_Hoskins,2026-09-28T08:55:59Z
nm0001384,Q309941,Ice-T,2026-09-28T08:55:59Z
nm0001398,Q400,Jenna_Jameson,2026-09-28T08:55:59Z
nm0001405,Q365230,Janusz_Kamiński,2026-09-28T08:55:59Z
nm0001409,Q317704,Tchéky_Karyo,2026-09-28T08:55:59Z
nm0001410,Q240872,Lawrence_Kasdan,2026-09-28T08:55:59Z
nm0001424,Q77035,Udo_Kier,2026-09-28T08:55:59Z
nm0001427,Q269869,Greg_Kinnear,2026-09-28T08:55:59Z
nm0001429,Q26372,Takeshi_Kitano,2026-09-28T08:55:59Z
nm0001447,Q491264,Nathan_Lane,2026-09-28T08:55:59Z
nm0001449,Q310944,Frank_Langella,2026-09-28T08:55:59Z
nm0001461,Q234683,Virginie_Ledoyen,2026-09-28T08:55:59Z
nm0001475,Q311271,John_Lithgow,2026-09-28T08:55:59Z
nm0001477,Q469891,Robyn_Lively,2026-09-28T08:55:59Z
nm0001487,Q267356,John_Lynch_(actor),2026-09-28T08:55:59Z
nm0001497,Q165524,Tobey_Maguire,2026-09-28T08:55:59Z
nm0001507,Q73007,Cheech_Marin,2026-09-28T08:55:59Z
nm0001515,Q447872,Joseph_Mazzello,2026-09-28T08:55:59Z
nm0001520,Q349857,Christopher_McDonald,2026-09-28T08:55:59Z
nm0001524,Q335863,Paul_McGann,2026-09-28T08:55:59Z
nm0001525,Q316032,John_C._McGinley,2026-09-28T08:55:59Z
nm0001543,Q255268,Gretchen_Mol,2026-09-28T08:55:59Z
nm0001550,Q242732,Cathy_Moriarty,2026-09-28T08:55:59Z
nm0001553,Q23848,Ennio_Morricone,2026-09-28T08:55:59Z
nm0001567,Q231951,Connie_Nielsen,2026-09-28T08:55:59Z
nm0001589,Q223985,Michael_Palin,2026-09-28T08:55:59Z
nm0001601,Q373989,David_Paymer,2026-09-28T08:55:59Z
nm0001605,Q131332,Amanda_Peet,2026-09-28T08:55:59Z
nm0001613,Q231391,Bernadette_Peters,2026-09-28T08:55:59Z
nm0001616,Q119676,Mekhi_Phifer,2026-09-28T08:55:59Z
nm0001618,Q185140,Joaquin_Phoenix,2026-09-28T08:55:59Z
nm0001624,Q343510,Oliver_Platt,2026-09-28T08:55:59Z
nm0001628,Q51522,Sydney_Pollack,2026-09-28T08:55:59Z
nm0001637,Q219640,Vincent_Price,2026-09-28T08:55:59Z
nm0001644,Q403902,Aidan_Quinn,2026-09-28T08:55:59Z
nm0001653,Q313042,Stephen_Rea,2026-09-28T08:55:59Z
nm0001670,Q212545,Natasha_Richardson,2026-09-28T08:55:59Z
nm0001687,Q229258,Gena_Rowlands,2026-09-28T08:55:59Z
nm0001698,Q249865,John_Savage_(actor),2026-09-28T08:55:59Z
nm0001700,Q3335603,Nancy_Savoca,2026-09-28T08:55:59Z
nm0001702,Q216569,Roy_Scheider,2026-09-28T08:55:59Z
nm0001707,Q363989,Paul_Schrader,2026-09-28T08:55:59Z
nm0001710,Q188792,David_Schwimmer,2026-09-28T08:55:59Z
nm0001716,Q193648,Tony_Scott,2026-09-28T08:55:59Z
nm0001718,Q229572,Kyra_Sedgwick,2026-09-28T08:55:59Z
nm0001719,Q449900,George_Segal,2026-09-28T08:55:59Z
nm0001756,Q317567,Barry_Sonnenfeld,2026-09-28T08:55:59Z
nm0001772,Q16296,Patrick_Stewart,2026-09-28T08:55:59Z
nm0001780,Q295148,Peter_Stormare,2026-09-28T08:55:59Z
nm0001794,Q506198,Henry_Thomas,2026-09-28T08:55:59Z
nm0001801,Q721922,Robert_Towne,2026-09-28T08:55:59Z
nm0001806,Q244234,John_Turturro,2026-09-28T08:55:59Z
nm0001814,Q25186,Gus_Van_Sant,2026-09-28T08:55:59Z
nm0001831,Q363271,David_Warner_(actor),2026-09-28T08:55:59Z
nm0001845,Q182763,Forest_Whitaker,2026-09-28T08:55:59Z
nm0001852,Q352730,Treat_Williams,2026-09-28T08:55:59Z
nm0001854,Q234144,Rita_Wilson,2026-09-28T08:55:59Z
nm0001872,Q491775,Steve_Zahn,2026-09-28T08:55:59Z
nm0001877,Q76364,Hans_Zimmer,2026-09-28T08:55:59Z
nm0001880,Q314142,Edward_Zwick,2026-09-28T08:55:59Z
nm0001940,Q333251,Peter_Benchley,2026-09-28T08:55:59Z
nm0001990,Q455010,Elpidia_Carrillo,2026-09-28T08:55:59Z
nm0002018,Q241962,Tom_Conti,2026-09-28T08:55:59Z
nm0002029,Q234775,Maria_Grazia_Cucinotta,2026-09-28T08:55:59Z
nm0002120,Q316051,Lasse_Hallström,2026-09-28T08:55:59Z
nm0002155,Q15453655,Edward_M._Abroms,2026-09-28T08:55:59Z
nm0002186,Q511446,Luciana_Arrighi,2026-09-28T08:55:59Z
nm0002201,Q48975,John_Debney,2026-09-28T08:55:59Z
nm0002207,Q726445,Richard_Franklin_(director),2026-09-28T08:55:59Z
nm0002227,Q331664,John_Frizzell_(composer),2026-09-28T08:55:59Z
nm0002237,Q111360317,,2026-09-28T08:55:59Z
nm0002274,Q26704294,Nina_Gold,2026-09-28T08:55:59Z
nm0002299,Q2939262,,2026-09-28T08:55:59Z
nm0002354,Q131285,John_Williams,2026-09-28T08:55:59Z
nm0002366,Q504078,Christopher_Young,2026-09-28T08:55:59Z
nm0002412,,,2026-09-28T08:55:59Z
nm0002500,Q22074499,Tom_McArdle,2026-09-28T08:55:59Z
nm0002546,Q223303,Mena_Suvari,2026-09-28T08:55:59Z
nm0002557,Q1699554,,2026-09-28T08:55:59Z
nm0002560,Q350530,,2026-09-28T08:55:59Z
nm0002599,,,2026-09-28T08:55:59Z
nm0002610,,,2026-09-28T08:55:59Z
nm0002655,Q84360535,,2026-09-28T08:55:59Z
nm0002666,,,2026-09-28T08:55:59Z
nm0002717,Q1231435,Robert_C._Jones,2026-09-28T08:55:59Z
nm0002776,Q212015,Johnny_Hallyday,2026-09-28T08:55:59Z
nm0002894,,,2026-09-28T08:55:59Z
nm0002901,Q261926,Muse_Watson,2026-09-28T08:55:59Z
nm0002994,Q281404,Kevin_McCarthy_(actor),2026-09-28T08:55:59Z
nm0003102,Q2601391,Job_ter_Burg,2026-09-28T08:55:59Z
nm0003151,Q54323963,,2026-09-28T08:55:59Z
nm0003289,Q1701481,John_Putch,2026-09-28T08:55:59Z
nm0003300,Q72795144,,2026-09-28T08:55:59Z
nm0003403,Q1534239,Timothy_Bond,2026-09-28T08:55:59Z
nm0003458,Q7615177,Steven_R._Monroe,2026-09-28T08:55:59Z
nm0003533,Q123153937,,2026-09-28T08:55:59Z
nm0003607,Q1364297,Nicola_Piovani,2026-09-28T08:55:59Z
nm0003802,Q109355,Uta_Briesewitz,2026-09-28T08:55:59Z
nm0003849,,,2026-09-28T08:55:59Z
nm0003857,Q1918910,Mel_Stewart,2026-09-28T08:55:59Z
nm0003910,Q7836246,Travis_Fine,2026-09-28T08:55:59Z
nm0003915,,,2026-09-28T08:55:59Z
nm0003920,Q113509678,,2026-09-28T08:55:59Z
nm0003993,Q72636635,,2026-09-28T08:55:59Z
nm0004012,Q27237416,,2026-09-28T08:55:59Z
nm0004051,Q34975,Brian_Cox_(actor),2026-09-28T08:55:59Z
nm0004109,Q3489680,Gulshan_Grover,2026-09-28T08:55:59Z
nm0004132,,,2026-09-28T08:55:59Z
nm0004162,,,2026-09-28T08:55:59Z
nm0004266,Q36301,Anne_Hathaway,2026-09-28T08:55:59Z
nm0004309,Q238884,Shirley_Knight,2026-09-28T08:55:59Z
nm0004334,Q465826,Rekha,2026-09-28T08:55:59Z
nm0004335,Q233619,Hrithik_Roshan,2026-09-28T08:55:59Z
nm0004344,Q17093945,Michael_Barrett_(cinematographer),2026-09-28T08:55:59Z
nm0004347,Q1658295,Alain_Goldman,2026-09-28T08:55:59Z
nm0004363,Q1373377,Rakesh_Roshan,2026-09-28T08:55:59Z
nm0004376,Q65105,Franka_Potente,2026-09-28T08:55:59Z
nm0004410,Q1340718,Mark_Neveldine,2026-09-28T08:55:59Z
nm0004418,Q147395,Kajol,2026-09-28T08:55:59Z
nm0004436,Q2074877,Rajesh_Roshan,2026-09-28T08:55:59Z
nm0004527,,,2026-09-28T08:55:59Z
nm0004569,Q310867,Sanjay_Dutt,2026-09-28T08:55:59Z
nm0004581,Q314623,Harry_Gregson-Williams,2026-09-28T08:55:59Z
nm0004626,Q184885,Kareena_Kapoor,2026-09-28T08:55:59Z
nm0004669,,,2026-09-28T08:55:59Z
nm0004754,Q163249,Jessica_Biel,2026-09-28T08:55:59Z
nm0004760,Q1755685,Jennifer_Blanc,2026-09-28T08:55:59Z
nm0004820,Q472053,Morris_Chestnut,2026-09-28T08:55:59Z
nm0004824,Q532417,China_Chow,2026-09-28T08:55:59Z
nm0004839,Q310357,Coolio,2026-09-28T08:55:59Z
nm0004873,Q367094,Andy_Dick,2026-09-28T08:55:59Z
nm0004912,Q127996,Oded_Fehr,2026-09-28T08:55:59Z
nm0004950,Q172044,Jennifer_Garner,2026-09-28T08:55:59Z
nm0004976,Q320025,Brian_Grazer,2026-09-28T08:55:59Z
nm0004991,Q463536,Hill_Harper,2026-09-28T08:55:59Z
nm0005003,Q223033,Sean_Hayes,2026-09-28T08:55:59Z
nm0005007,Q237925,Jill_Hennessy,2026-09-28T08:55:59Z
nm0005017,Q174346,Katie_Holmes,2026-09-28T08:55:59Z
nm0005026,Q231116,Kelly_Hu,2026-09-28T08:55:59Z
nm0005029,Q722830,Oliver_Hudson,2026-09-28T08:55:59Z
nm0005033,Q311219,Sammo_Hung,2026-09-28T08:55:59Z
nm0005069,Q259913,Spike_Jonze,2026-09-28T08:55:59Z
nm0005085,Q355133,Jamie_Kennedy,2026-09-28T08:55:59Z
nm0005086,Q237207,Kathleen_Kennedy_(producer),2026-09-28T08:55:59Z
nm0005099,Q60036,Heidi_Klum,2026-09-28T08:55:59Z
nm0005101,Q528949,Harmony_Korine,2026-09-28T08:55:59Z
nm0005110,Q164782,Ashton_Kutcher,2026-09-28T08:55:59Z
nm0005162,Q361238,Robert_Loggia,2026-09-28T08:55:59Z
nm0005169,Q234207,Natasha_Lyonne,2026-09-28T08:55:59Z
nm0005170,Q176323,Bernie_Mac,2026-09-28T08:55:59Z
nm0005172,Q1371229,Norm_Macdonald,2026-09-28T08:55:59Z
nm0005185,Q2597050,Marla_Maples,2026-09-28T08:55:59Z
nm0005188,Q485901,James_Marsden,2026-09-28T08:55:59Z
nm0005196,Q270560,Paul_Mazursky,2026-09-28T08:55:59Z
nm0005202,Q436686,Eric_McCormack,2026-09-28T08:55:59Z
nm0005218,Q1322660,Tim_Meadows,2026-09-28T08:55:59Z
nm0005278,Q378672,Jerry_O'Connell,2026-09-28T08:55:59Z
nm0005282,Q703484,Mike_O'Malley,2026-09-28T08:55:59Z
nm0005377,Q316446,Sam_Rockwell,2026-09-28T08:55:59Z
nm0005403,Q313705,Jason_Schwartzman,2026-09-28T08:55:59Z
nm0005458,Q169963,Jason_Statham,2026-09-28T08:55:59Z
nm0005487,Q273588,Andrea_Thompson,2026-09-28T08:55:59Z
nm0005491,Q233027,Maura_Tierney,2026-09-28T08:55:59Z
nm0005511,Q7831864,Tracy_Tweed,2026-09-28T08:55:59Z
nm0005512,Q79031,Mike_Tyson,2026-09-28T08:55:59Z
nm0005524,Q710169,Courtney_B._Vance,2026-09-28T08:55:59Z
nm0005562,Q161916,Owen_Wilson,2026-09-28T08:55:59Z
nm0005568,Q958353,Russell_Wong,2026-09-28T08:55:59Z
nm0005602,Q2093489,Pierre_Gill,2026-09-28T08:55:59Z
nm0005648,Q514728,Bojan_Bazelli,2026-09-28T08:55:59Z
nm0005655,Q116308,Renato_Berta,2026-09-28T08:55:59Z
nm0005659,Q96033,Ralf_D._Bode,2026-09-28T08:55:59Z
nm0005678,Q497036,Dean_Cundey,2026-09-28T08:55:59Z
nm0005681,Q1348041,Pasqualino_De_Santis,2026-09-28T08:55:59Z
nm0005696,Q279100,Robert_Elswit,2026-09-28T08:55:59Z
nm0005726,Q854215,Jack_N._Green,2026-09-28T08:55:59Z
nm0005734,Q706993,Conrad_Hall,2026-09-28T08:55:59Z
nm0005749,Q1686326,,2026-09-28T08:55:59Z
nm0005755,Q402295,Victor_J._Kemper,2026-09-28T08:55:59Z
nm0005758,Q724012,Fred_J._Koenekamp,2026-09-28T08:55:59Z
nm0005765,Q1876183,Luigi_Kuveiller,2026-09-28T08:55:59Z
nm0005776,Q77588,Karl_Walter_Lindenlaub,2026-09-28T08:55:59Z
nm0005791,Q1240097,Donald_McAlpine,2026-09-28T08:55:59Z
nm0005815,Q312290,Sven_Nykvist,2026-09-28T08:55:59Z
nm0005831,Q1806099,,2026-09-28T08:55:59Z
nm0005855,Q79802943,,2026-09-28T08:55:59Z
nm0005886,Q363413,Vittorio_Storaro,2026-09-28T08:55:59Z
nm0005891,Q2434294,Tim_Suhrstedt,2026-09-28T08:55:59Z
nm0005923,Q2148583,Ric_Waite,2026-09-28T08:55:59Z
nm0005934,Q551828,Robert_Yeoman,2026-09-28T08:55:59Z
nm0005953,Q1332599,Luis_Bacalov,2026-09-28T08:55:59Z
nm0005983,Q3351160,R._D._Burman,2026-09-28T08:55:59Z
nm0006015,Q367084,Bill_Conti,2026-09-28T08:55:59Z
nm0006025,Q556556,Mason_Daring,2026-09-28T08:55:59Z
nm0006026,Q538488,Guido_De_Angelis,2026-09-28T08:55:59Z
nm0006027,Q930042,Maurizio_De_Angelis,2026-09-28T08:55:59Z
nm0006031,Q123684,Barry_De_Vorzon,2026-09-28T08:55:59Z
nm0006045,Q3498907,Steve_Dorff,2026-09-28T08:55:59Z
nm0006056,Q1101136,Cliff_Eidelman,2026-09-28T08:55:59Z
nm0006070,Q920167,George_Fenton,2026-09-28T08:55:59Z
nm0006075,Q896786,Brad_Fiedel,2026-09-28T08:55:59Z
nm0006133,Q213869,James_Newton_Howard,2026-09-28T08:55:59Z
nm0006137,Q2720141,Ilaiyaraaja,2026-09-28T08:55:59Z
nm0006149,Q1159227,Dana_Kaproff,2026-09-28T08:55:59Z
nm0006189,Q612067,Brian_May_(Australian_composer),2026-09-28T08:55:59Z
nm0006204,Q3086901,Fred_Mollin,2026-09-28T08:55:59Z
nm0006223,Q327866,Jean-Claude_Petit,2026-09-28T08:55:59Z
nm0006235,Q261314,Rachel_Portman,2026-09-28T08:55:59Z
nm0006246,Q108560,A._R._Rahman,2026-09-28T08:55:59Z
nm0006250,Q376630,Joe_Renzetti,2026-09-28T08:55:59Z
nm0006251,Q920963,Graeme_Revell,2026-09-28T08:55:59Z
nm0006264,Q6836555,Michel_Rubini,2026-09-28T08:55:59Z
nm0006290,Q207773,Howard_Shore,2026-09-28T08:55:59Z
nm0006306,Q114744073,,2026-09-28T08:55:59Z
nm0006353,Q66735857,,2026-09-28T08:55:59Z
nm0006418,Q1873394,,2026-09-28T08:55:59Z
nm0006432,,,2026-09-28T08:55:59Z
nm0006445,Q50764,Éric_Rohmer,2026-09-28T08:55:59Z
nm0006534,Q16225521,Phil_Hay_(screenwriter),2026-09-28T08:55:59Z
nm0006628,Q92065538,,2026-09-28T08:55:59Z
nm0006730,,,2026-09-28T08:55:59Z
nm0006762,Q979990,Saeed_Jaffrey,2026-09-28T08:55:59Z
nm0006763,Q560178,Jackie_Shroff,2026-09-28T08:55:59Z
nm0006780,Q20874149,,2026-09-28T08:55:59Z
nm0006795,Q9543,Salman_Khan,2026-09-28T08:55:59Z
nm0006797,,,2026-09-28T08:55:59Z
nm0006830,,,2026-09-28T08:55:59Z
nm0006904,Q353117,Tony_Gilroy,2026-09-28T08:55:59Z
nm0007011,Q593316,,2026-09-28T08:55:59Z
nm0007037,Q367813,John_Bailey_(cinematographer),2026-09-28T08:55:59Z
nm0007082,Q944198,John_Stockwell_(actor),2026-09-28T08:55:59Z
nm0007109,Q95711822,Susie_Figgis,2026-09-28T08:55:59Z
nm0007114,Q32342,Sonali_Bendre,2026-09-28T08:55:59Z
nm0007139,Q317814,Tsui_Hark,2026-09-28T08:55:59Z
nm0007144,Q2615641,Santosh_Sivan,2026-09-28T08:55:59Z
nm0008096,,,2026-09-28T08:55:59Z
nm0008447,,,2026-09-28T08:55:59Z
nm0008496,Q2004024,Walter_Abel,2026-09-28T08:55:59Z
nm0009017,Q6272391,Jonathan_Abrahams,2026-09-28T08:55:59Z
nm0009424,Q1691313,Joe_Absolom,2026-09-28T08:55:59Z
nm0009629,Q433565,Stefano_Accorsi,2026-09-28T08:55:59Z
nm0009903,Q4756024,Andrej_Aćin,2026-09-28T08:55:59Z
nm0010207,Q3195765,Juana_Acosta,2026-09-28T08:55:59Z
nm0010736,Q481832,Amy_Adams,2026-09-28T08:55:59Z
nm0011709,Q1699098,John_Addison,2026-09-28T08:55:59Z
nm0011753,Q730995,Melyssa_Ade,2026-09-28T08:55:59Z
nm0011964,Q4681540,Adel_Adham,2026-09-28T08:55:59Z
nm0012081,Q967817,Trace_Adkins,2026-09-28T08:55:59Z
nm0012541,Q2332619,Nikkhil_Advani,2026-09-28T08:55:59Z
nm0013261,Q1442859,Frank_Agrama,2026-09-28T08:55:59Z
nm0013761,Q1366385,Javier_Aguirresarobe,2026-09-28T08:55:59Z
nm0013832,,,2026-09-28T08:55:59Z
nm0013842,Q2821690,,2026-09-28T08:55:59Z
nm0013843,,,2026-09-28T08:55:59Z
nm0013844,,,2026-09-28T08:55:59Z
nm0013845,,,2026-09-28T08:55:59Z
nm0014101,Q25291517,,2026-09-28T08:55:59Z
nm0014120,,,2026-09-28T08:55:59Z
nm0014558,Q632791,Show_Aikawa,2026-09-28T08:55:59Z
nm0015124,Q5257068,Denis_Akiyama,2026-09-28T08:55:59Z
nm0015287,Q2319562,Javed_Akhtar,2026-09-28T08:55:59Z
nm0016089,Q187253,Zeki_Alasya,2026-09-28T08:55:59Z
nm0016793,Q70276,Karl-Otto_Alberty,2026-09-28T08:55:59Z
nm0017006,,,2026-09-28T08:55:59Z
nm0017343,Q5212621,Damián_Alcázar,2026-09-28T08:55:59Z
nm0017793,Q77469227,,2026-09-28T08:55:59Z
nm0018132,Q440453,Lisa_Azuelos,2026-09-28T08:55:59Z
nm0019242,Q1159900,Daniel_Alfredson,2026-09-28T08:55:59Z
nm0019338,Q6097730,Zafer_Algöz,2026-09-28T08:55:59Z
nm0019382,Q4724516,Ali_(actor),2026-09-28T08:55:59Z
nm0020122,,,2026-09-28T08:55:59Z
nm0020690,Q22344629,,2026-09-28T08:55:59Z
nm0020820,,,2026-09-28T08:55:59Z
nm0022397,Q5180691,Craig_Alpert,2026-09-28T08:55:59Z
nm0022691,,,2026-09-28T08:55:59Z
nm0022827,,,2026-09-28T08:55:59Z
nm0022939,Q22114971,Stephen_Altman,2026-09-28T08:55:59Z
nm0023469,Q1691324,Joe_Alves,2026-09-28T08:55:59Z
nm0023937,Q24942820,Amar_Mohile,2026-09-28T08:55:59Z
nm0025627,Q7808398,Tinnu_Anand,2026-09-28T08:55:59Z
nm0025955,Q114065711,,2026-09-28T08:55:59Z
nm0026442,Q598238,Brad_Anderson_(director),2026-09-28T08:55:59Z
nm0027164,Q117871648,,2026-09-28T08:55:59Z
nm0027501,,,2026-09-28T08:55:59Z
nm0027575,Q7996670,,2026-09-28T08:55:59Z
nm0027664,Q85520714,,2026-09-28T08:55:59Z
nm0029125,Q1899904,Mark_Andrus,2026-09-28T08:55:59Z
nm0029264,Q1317100,Leif_Andrée,2026-09-28T08:55:59Z
nm0029375,Q28973075,,2026-09-28T08:55:59Z
nm0029400,Q317024,Michael_Angarano,2026-09-28T08:55:59Z
nm0030136,Q4066455,,2026-09-28T08:55:59Z
nm0030572,,,2026-09-28T08:55:59Z
nm0031045,Q109871,Anthrax_(American_band),2026-09-28T08:55:59Z
nm0031694,,,2026-09-28T08:55:59Z
nm0031704,Q9187716,Anya_Wu,2026-09-28T08:55:59Z
nm0031750,Q110449361,,2026-09-28T08:55:59Z
nm0031967,Q466325,Aparna_Sen,2026-09-28T08:55:59Z
nm0031976,Q325396,Judd_Apatow,2026-09-28T08:55:59Z
nm0032597,,,2026-09-28T08:55:59Z
nm0032714,Q7494940,Sherif_Arafa,2026-09-28T08:55:59Z
nm0032793,Q2426085,Angélica_Aragón,2026-09-28T08:55:59Z
nm0032890,Q774937,Kae_Araki,2026-09-28T08:55:59Z
nm0032962,Q737369,Tomas_Arana,2026-09-28T08:55:59Z
nm0033389,Q239033,Pascale_Arbillot,2026-09-28T08:55:59Z
nm0033458,Q1146351,Allan_Arbus,2026-09-28T08:55:59Z
nm0034885,Q1148342,Takanori_Arisawa,2026-09-28T08:55:59Z
nm0036366,Q1132913,Bonnie_Arnold,2026-09-28T08:55:59Z
nm0036641,Q131462278,,2026-09-28T08:55:59Z
nm0036651,Q456894,Tichina_Arnold,2026-09-28T08:55:59Z
nm0036880,,,2026-09-28T08:55:59Z
nm0038000,,,2026-09-28T08:55:59Z
nm0038169,Q130320216,,2026-09-28T08:55:59Z
nm0038978,Q11614896,Akiko_Ashizawa,2026-09-28T08:55:59Z
nm0039162,Q313579,Shawn_Ashmore,2026-09-28T08:55:59Z
nm0039203,,,2026-09-28T08:55:59Z
nm0039591,Q1347933,Kumiko_Aso,2026-09-28T08:55:59Z
nm0039945,Q4071602,,2026-09-28T08:55:59Z
nm0039958,Q3481647,Shay_Astar,2026-09-28T08:55:59Z
nm0040662,Q1366623,Tom_Atkins_(actor),2026-09-28T08:55:59Z
nm0040939,Q724208,Yvan_Attal,2026-09-28T08:55:59Z
nm0041226,Q3272503,Albert_Au,2026-09-28T08:55:59Z
nm0041542,Q95753305,Alexandra_Auder,2026-09-28T08:55:59Z
nm0042062,,,2026-09-28T08:55:59Z
nm0042660,Q106702874,Chris_Auty,2026-09-28T08:55:59Z
nm0042805,Q711035,Erick_Avari,2026-09-28T08:55:59Z
nm0042820,Q6077413,,2026-09-28T08:55:59Z
nm0042992,Q5562776,,2026-09-28T08:55:59Z
nm0043742,Q1091339,David_Ayer,2026-09-28T08:55:59Z
nm0044859,Q9358988,,2026-09-28T08:55:59Z
nm0045075,Q6122194,Jagapathi_Babu,2026-09-28T08:55:59Z
nm0045791,Q131561746,,2026-09-28T08:55:59Z
nm0045870,Q981203,Jean-Pierre_Bacri,2026-09-28T08:55:59Z
nm0045927,Q25266347,,2026-09-28T08:55:59Z
nm0045970,,,2026-09-28T08:55:59Z
nm0046183,Q3617975,Annette_Badland,2026-09-28T08:55:59Z
nm0047268,,,2026-09-28T08:55:59Z
nm0047700,,,2026-09-28T08:55:59Z
nm0047769,Q70927976,,2026-09-28T08:55:59Z
nm0048121,Q712727,Mirosław_Baka,2026-09-28T08:55:59Z
nm0048273,Q153125,Blanche_Baker,2026-09-28T08:55:59Z
nm0048918,Q7441419,Sean_Baker,2026-09-28T08:55:59Z
nm0049665,,,2026-09-28T08:55:59Z
nm0049853,Q3600371,A._Michael_Baldwin,2026-09-28T08:55:59Z
nm0049987,,,2026-09-28T08:55:59Z
nm0050421,,,2026-09-28T08:55:59Z
nm0050832,Q108261,Florian_Ballhaus,2026-09-28T08:55:59Z
nm0050959,Q14752155,Pedro_Pascal,2026-09-28T08:55:59Z
nm0051096,Q1245240,Alan_Balsam,2026-09-28T08:55:59Z
nm0051166,Q97237439,,2026-09-28T08:55:59Z
nm0051850,Q7424758,Sarvadaman_D._Banerjee,2026-09-28T08:55:59Z
nm0052218,Q6915202,Morwenna_Banks,2026-09-28T08:55:59Z
nm0052410,Q3931716,Reggie_Bannister,2026-09-28T08:55:59Z
nm0053352,Q4912147,Billy_Barber_(musician),2026-09-28T08:55:59Z
nm0053474,,,2026-09-28T08:55:59Z
nm0053903,Q3287782,Marc_Barbé,2026-09-28T08:55:59Z
nm0054234,,,2026-09-28T08:55:59Z
nm0054453,Q3334861,Nadia_Barentin,2026-09-28T08:55:59Z
nm0055712,Q57002298,,2026-09-28T08:55:59Z
nm0056041,Q2012854,Kacey_Clarke,2026-09-28T08:55:59Z
nm0056086,Q1872918,,2026-09-28T08:55:59Z
nm0056201,Q991475,Bruce_Baron,2026-09-28T08:55:59Z
nm0056770,Q235233,Adriana_Barraza,2026-09-28T08:55:59Z
nm0057187,Q653975,K._K._Barrett,2026-09-28T08:55:59Z
nm0057623,Q83934409,,2026-09-28T08:55:59Z
nm0058089,Q4078480,Matthew_Barry,2026-09-28T08:55:59Z
nm0058442,Q11816204,Phillip_J._Bartell,2026-09-28T08:55:59Z
nm0059078,,,2026-09-28T08:55:59Z
nm0059247,Q29293119,,2026-09-28T08:55:59Z
nm0059431,Q316756,Jay_Baruchel,2026-09-28T08:55:59Z
nm0059570,Q15149199,,2026-09-28T08:55:59Z
nm0059627,Q1250067,Svetislav_Basara,2026-09-28T08:55:59Z
nm0059941,Q6103860,Cezmi_Baskın,2026-09-28T08:55:59Z
nm0060078,,,2026-09-28T08:55:59Z
nm0060906,,,2026-09-28T08:55:59Z
nm0062682,,,2026-09-28T08:55:59Z
nm0064062,Q25352849,,2026-09-28T08:55:59Z
nm0064125,,,2026-09-28T08:55:59Z
nm0064479,Q931009,Simon_Beaufoy,2026-09-28T08:55:59Z
nm0064546,Q2793721,Trace_Beaulieu,2026-09-28T08:55:59Z
nm0064984,,,2026-09-28T08:55:59Z
nm0065100,Q1086291,Christophe_Beck,2026-09-28T08:55:59Z
nm0065270,Q7372353,Roxanne_Beck,2026-09-28T08:55:59Z
nm0065578,Q3154379,,2026-09-28T08:55:59Z
nm0066080,Q3418669,Ramzy_Bedia,2026-09-28T08:55:59Z
nm0066607,Q2058858,Paul_Beeson,2026-09-28T08:55:59Z
nm0068187,Q259103,Emma_Bell,2026-09-28T08:55:59Z
nm0068260,Q297071,Jamie_Bell,2026-09-28T08:55:59Z
nm0068328,,,2026-09-28T08:55:59Z
nm0069342,Q3564206,Véra_Belmont,2026-09-28T08:55:59Z
nm0069683,Q4760120,Andréa_Beltrão,2026-09-28T08:55:59Z
nm0069710,,,2026-09-28T08:55:59Z
nm0069711,Q1873071,Lucas_Belvaux,2026-09-28T08:55:59Z
nm0069783,Q4083033,Anatoliy_Beliy,2026-09-28T08:55:59Z
nm0070474,Q362793,Jack_Bender,2026-09-28T08:55:59Z
nm0071660,,,2026-09-28T08:55:59Z
nm0072099,Q3997138,Tracie_Bennett,2026-09-28T08:55:59Z
nm0072330,,,2026-09-28T08:55:59Z
nm0073490,Q131463329,,2026-09-28T08:55:59Z
nm0074011,Q544965,David_Bergeaud,2026-09-28T08:55:59Z
nm0074092,,,2026-09-28T08:55:59Z
nm0075359,Q361610,Xander_Berkeley,2026-09-28T08:55:59Z
nm0075528,Q978649,Greg_Berlanti,2026-09-28T08:55:59Z
nm0075650,Q928366,Charles_Berling,2026-09-28T08:55:59Z
nm0075834,Q502314,Rick_Berman,2026-09-28T08:55:59Z
nm0076346,Q3350817,,2026-09-28T08:55:59Z
nm0077127,Q15226318,,2026-09-28T08:55:59Z
nm0078473,Q7151268,Paul_Hertzberg,2026-09-28T08:55:59Z
nm0078517,Q2402475,Gene_Bervoets,2026-09-28T08:55:59Z
nm0078654,Q3195946,Khairy_Beshara,2026-09-28T08:55:59Z
nm0079056,Q68437259,,2026-09-28T08:55:59Z
nm0079273,Q242707,Paul_Bettany,2026-09-28T08:55:59Z
nm0079348,Q919103,Ugo_Betti,2026-09-28T08:55:59Z
nm0079430,Q3056534,,2026-09-28T08:55:59Z
nm0079667,Q28031682,,2026-09-28T08:55:59Z
nm0079677,Q1473065,Tim_Bevan,2026-09-28T08:55:59Z
nm0080234,Q7310608,Rekha_Bhardwaj,2026-09-28T08:55:59Z
nm0080235,Q2742292,Vishal_Bhardwaj,2026-09-28T08:55:59Z
nm0080238,Q7683304,Tanikella_Bharani,2026-09-28T08:55:59Z
nm0080319,Q6933426,Mukesh_Bhatt,2026-09-28T08:55:59Z
nm0080327,Q3939264,Robin_Bhatt,2026-09-28T08:55:59Z
nm0080432,Q544240,Sachin_Bhowmick,2026-09-28T08:55:59Z
nm0080945,Q25997661,,2026-09-28T08:55:59Z
nm0081572,Q738952,Craig_Bierko,2026-09-28T08:55:59Z
nm0082541,,,2026-09-28T08:55:59Z
nm0082776,Q24242929,,2026-09-28T08:55:59Z
nm0082921,,,2026-09-28T08:55:59Z
nm0083702,,,2026-09-28T08:55:59Z
nm0084241,Q1179412,Claudio_Bisio,2026-09-28T08:55:59Z
nm0084695,Q579550,Peter_Biziou,2026-09-28T08:55:59Z
nm0085535,,,2026-09-28T08:55:59Z
nm0085736,Q63991461,,2026-09-28T08:55:59Z
nm0085923,Q18693042,,2026-09-28T08:55:59Z
nm0087750,,,2026-09-28T08:55:59Z
nm0089502,Q1386207,Albert_Pyun,2026-09-28T08:55:59Z
nm0090799,Q1821130,Michael_Boddicker,2026-09-28T08:55:59Z
nm0090867,Q22278726,Kristina_Boden,2026-09-28T08:55:59Z
nm0092061,Q17167548,,2026-09-28T08:55:59Z
nm0093081,Q270279,Icíar_Bollaín,2026-09-28T08:55:59Z
nm0093131,Q15447360,,2026-09-28T08:55:59Z
nm0093151,Q447931,Alun_Bollinger,2026-09-28T08:55:59Z
nm0093252,Q6701395,Luiz_Bolognesi,2026-09-28T08:55:59Z
nm0093322,Q112461746,,2026-09-28T08:55:59Z
nm0093501,Q375505,Adriano_Bolzoni,2026-09-28T08:55:59Z
nm0093560,Q250201,Mark_Bomback,2026-09-28T08:55:59Z
nm0094884,Q4899474,,2026-09-28T08:55:59Z
nm0094993,Q440995,Valérie_Bonneton,2026-09-28T08:55:59Z
nm0095017,Q155775,Hugh_Bonneville,2026-09-28T08:55:59Z
nm0095930,Q20979693,Nick_Boraine,2026-09-28T08:55:59Z
nm0097111,,,2026-09-28T08:55:59Z
nm0097347,,,2026-09-28T08:55:59Z
nm0097785,Q958549,Roselyne_Bosch,2026-09-28T08:55:59Z
nm0098196,Q3454390,Réal_Bossé,2026-09-28T08:55:59Z
nm0098357,,,2026-09-28T08:55:59Z
nm0098810,Q3158332,,2026-09-28T08:55:59Z
nm0098928,Q3420693,Raymond_Bouchard,2026-09-28T08:55:59Z
nm0098949,Q65116318,Mathieu_Bouchard-Malo,2026-09-28T08:55:59Z
nm0099366,Q3170909,Jean_Bouise,2026-09-28T08:55:59Z
nm0099456,Q95708849,,2026-09-28T08:55:59Z
nm0099828,Q1210511,Didier_Bourdon,2026-09-28T08:55:59Z
nm0099909,Q6222591,,2026-09-28T08:55:59Z
nm0100080,Q970227,Mel_Bourne,2026-09-28T08:55:59Z
nm0100831,Q107591586,Deirdre_Bowen,2026-09-28T08:55:59Z
nm0100889,Q604762,Michael_Bowen_(actor),2026-09-28T08:55:59Z
nm0101055,Q3101437,George_Bowers_(filmmaker),2026-09-28T08:55:59Z
nm0101273,,,2026-09-28T08:55:59Z
nm0101522,,,2026-09-28T08:55:59Z
nm0102316,Q2074083,Peter_Boyle_(film_editor),2026-09-28T08:55:59Z
nm0102522,Q299988,Petar_Božović,2026-09-28T08:55:59Z
nm0103364,,,2026-09-28T08:55:59Z
nm0103785,Q139330,Zach_Braff,2026-09-28T08:55:59Z
nm0103977,Q3765029,Brahmanandam,2026-09-28T08:55:59Z
nm0104103,Q691711,Vojislav_Brajović,2026-09-28T08:55:59Z
nm0104114,Q1859256,Richard_Brake,2026-09-28T08:55:59Z
nm0104783,Q3850525,Maryann_Brandon,2026-09-28T08:55:59Z
nm0104807,Q120124960,,2026-09-28T08:55:59Z
nm0105475,Q106544,Claude_Brasseur,2026-09-28T08:55:59Z
nm0105853,Q522884,Steve_Braun_(actor),2026-09-28T08:55:59Z
nm0106243,Q25711469,,2026-09-28T08:55:59Z
nm0106456,Q2880278,Paddy_Breathnach,2026-09-28T08:55:59Z
nm0106549,Q514947,Laura_Breckenridge,2026-09-28T08:55:59Z
nm0106709,,,2026-09-28T08:55:59Z
nm0108295,Q236946,Paget_Brewster,2026-09-28T08:55:59Z
nm0108355,,,2026-09-28T08:55:59Z
nm0109208,Q151814,Sarah_Brightman,2026-09-28T08:55:59Z
nm0109774,,,2026-09-28T08:55:59Z
nm0111196,,,2026-09-28T08:55:59Z
nm0111341,,,2026-09-28T08:55:59Z
nm0111379,Q3170007,Jean-Stéphane_Bron,2026-09-28T08:55:59Z
nm0112085,Q3194027,Katherine_Brooks,2026-09-28T08:55:59Z
nm0112883,,,2026-09-28T08:55:59Z
nm0113221,Q1058542,Chad_Brown_(poker_player),2026-09-28T08:55:59Z
nm0114460,Q124357,Ralph_Brown,2026-09-28T08:55:59Z
nm0114556,Q7346721,Robert_Latham_Brown,2026-09-28T08:55:59Z
nm0115764,Q973342,Pieter_Jan_Brugge,2026-09-28T08:55:59Z
nm0115839,Q2311392,Benja_Bruijning,2026-09-28T08:55:59Z
nm0117290,Q536964,Ian_Bryce,2026-09-28T08:55:59Z
nm0117489,Q130217128,,2026-09-28T08:55:59Z
nm0117779,Q48497187,Pasquale_Buba,2026-09-28T08:55:59Z
nm0117956,,,2026-09-28T08:55:59Z
nm0118604,,,2026-09-28T08:55:59Z
nm0118605,Q95837637,,2026-09-28T08:55:59Z
nm0119322,Q1126713,Conrad_Buff_IV,2026-09-28T08:55:59Z
nm0119501,Q7023853,Niall_Buggy,2026-09-28T08:55:59Z
nm0119785,Q888475,,2026-09-28T08:55:59Z
nm0119815,,,2026-09-28T08:55:59Z
nm0120284,Q4760477,Andy_Bumatai,2026-09-28T08:55:59Z
nm0120431,Q3292402,Marie_Bunel,2026-09-28T08:55:59Z
nm0120799,,,2026-09-28T08:55:59Z
nm0121117,Q3294017,Mark_Burg,2026-09-28T08:55:59Z
nm0122167,Q4099732,,2026-09-28T08:55:59Z
nm0122703,,,2026-09-28T08:55:59Z
nm0122809,,,2026-09-28T08:55:59Z
nm0123009,Q350970,Jeff_Burr,2026-09-28T08:55:59Z
nm0124792,Q715511,Dick_Butkus,2026-09-28T08:55:59Z
nm0124930,Q169982,Gerard_Butler,2026-09-28T08:55:59Z
nm0125475,Q5484158,Norbert_Leo_Butz,2026-09-28T08:55:59Z
nm0126250,Q212416,Michael_Byrne_(actor),2026-09-28T08:55:59Z
nm0126279,Q238378,Rhonda_Byrne,2026-09-28T08:55:59Z
nm0126312,Q2928490,Burke_Byrnes,2026-09-28T08:55:59Z
nm0127810,Q113630863,,2026-09-28T08:55:59Z
nm0128273,,,2026-09-28T08:55:59Z
nm0129445,Q7812306,Todd_Caldecott,2026-09-28T08:55:59Z
nm0130005,Q5537624,George_Calil,2026-09-28T08:55:59Z
nm0130736,Q16213893,Daniel_Caltagirone,2026-09-28T08:55:59Z
nm0131412,,,2026-09-28T08:55:59Z
nm0131697,,,2026-09-28T08:55:59Z
nm0131700,Q554303,Paul_Cameron_(cinematographer),2026-09-28T08:55:59Z
nm0131702,Q3376491,Peter_Cameron_(novelist),2026-09-28T08:55:59Z
nm0132064,Q822345,Bernard_Campan,2026-09-28T08:55:59Z
nm0133091,,,2026-09-28T08:55:59Z
nm0133899,Q314403,Guillaume_Canet,2026-09-28T08:55:59Z
nm0134072,Q428819,Bobby_Cannavale,2026-09-28T08:55:59Z
nm0134073,Q339358,Enzo_Cannavale,2026-09-28T08:55:59Z
nm0134253,Q56440418,Reuben_Cannon,2026-09-28T08:55:59Z
nm0134635,Q6988354,Neil_Canton,2026-09-28T08:55:59Z
nm0135585,Q362697,Freddy_Rodriguez_(actor),2026-09-28T08:55:59Z
nm0136057,Q123486678,,2026-09-28T08:55:59Z
nm0136482,Q3017811,Lorne_Cardinal,2026-09-28T08:55:59Z
nm0137063,Q466680,Edward_Carfagno,2026-09-28T08:55:59Z
nm0137114,Q941712,Timothy_Carhart,2026-09-28T08:55:59Z
nm0138120,Q5603361,,2026-09-28T08:55:59Z
nm0138502,Q1239033,Don_Carmody,2026-09-28T08:55:59Z
nm0138753,,,2026-09-28T08:55:59Z
nm0138878,Q6225246,John_Carnochan,2026-09-28T08:55:59Z
nm0139111,Q3108798,Glenn_Gordon_Caron,2026-09-28T08:55:59Z
nm0139591,Q2837687,Allan_Carr,2026-09-28T08:55:59Z
nm0140614,,,2026-09-28T08:55:59Z
nm0140826,Q1537983,Gordon_Carroll,2026-09-28T08:55:59Z
nm0140829,,,2026-09-28T08:55:59Z
nm0140848,Q441893,Janet_Carroll,2026-09-28T08:55:59Z
nm0141437,Q506268,Rick_Carter,2026-09-28T08:55:59Z
nm0141617,Q443782,Finn_Carter,2026-09-28T08:55:59Z
nm0142081,Q8016447,William_P._Cartlidge,2026-09-28T08:55:59Z
nm0142286,Q444583,D._J._Caruso,2026-09-28T08:55:59Z
nm0142746,Q19609853,Eloy_Casados,2026-09-28T08:55:59Z
nm0143614,Q2166559,Rosalind_Cash,2026-09-28T08:55:59Z
nm0144048,Q139426367,,2026-09-28T08:55:59Z
nm0144477,,,2026-09-28T08:55:59Z
nm0145673,Q269857,Pilar_Castro,2026-09-28T08:55:59Z
nm0146166,Q690290,Arnaldo_Catinari,2026-09-28T08:55:59Z
nm0146430,Q15205674,,2026-09-28T08:55:59Z
nm0147147,Q295498,Henry_Cavill,2026-09-28T08:55:59Z
nm0147149,,,2026-09-28T08:55:59Z
nm0148081,Q66554608,,2026-09-28T08:55:59Z
nm0148986,,,2026-09-28T08:55:59Z
nm0149131,Q114101406,,2026-09-28T08:55:59Z
nm0149146,Q1561341,Vojin_Ćetković,2026-09-28T08:55:59Z
nm0149150,Q24131474,,2026-09-28T08:55:59Z
nm0149290,Q313466,Michael_Chabon,2026-09-28T08:55:59Z
nm0149828,Q7633853,Sudipta_Chakraborty,2026-09-28T08:55:59Z
nm0150522,,,2026-09-28T08:55:59Z
nm0150720,Q6829079,Michael_Champion,2026-09-28T08:55:59Z
nm0150894,Q5490946,Frankie_Chan,2026-09-28T08:55:59Z
nm0150945,Q22963050,,2026-09-28T08:55:59Z
nm0151119,,,2026-09-28T08:55:59Z
nm0151287,Q13115036,Samir_Chanda,2026-09-28T08:55:59Z
nm0151526,Q13631810,Chandra_Mohan_(Telugu_actor),2026-09-28T08:55:59Z
nm0151533,Q3930583,Ravi_K._Chandran,2026-09-28T08:55:59Z
nm0151649,Q106714078,,2026-09-28T08:55:59Z
nm0151654,Q717432,Chang_Chen,2026-09-28T08:55:59Z
nm0151858,Q6123628,William_Chang,2026-09-28T08:55:59Z
nm0152255,Q7149778,Paul_Chaplin,2026-09-28T08:55:59Z
nm0152647,Q1758568,Antoine_Chappey,2026-09-28T08:55:59Z
nm0152911,,,2026-09-28T08:55:59Z
nm0153760,,,2026-09-28T08:55:59Z
nm0154083,Q6636962,Sorapong_Chatree,2026-09-28T08:55:59Z
nm0154139,Q2723357,Moushumi_Chatterjee,2026-09-28T08:55:59Z
nm0154218,Q97097412,Mithilesh_Chaturvedi,2026-09-28T08:55:59Z
nm0154243,Q1600335,,2026-09-28T08:55:59Z
nm0154653,Q3236611,Bhumika_Chawla,2026-09-28T08:55:59Z
nm0155136,,,2026-09-28T08:55:59Z
nm0155147,Q8998251,,2026-09-28T08:55:59Z
nm0155201,Q15931332,,2026-09-28T08:55:59Z
nm0155587,Q712178,Kent_Cheng,2026-09-28T08:55:59Z
nm0155624,Q5091252,Cheng_Siu-keung,2026-09-28T08:55:59Z
nm0155642,Q532263,Ching_Siu-tung,2026-09-28T08:55:59Z
nm0155692,Q5364783,Ellen_Chenoweth,2026-09-28T08:55:59Z
nm0156376,,,2026-09-28T08:55:59Z
nm0156506,Q8936961,,2026-09-28T08:55:59Z
nm0156522,Q848775,Sharla_Cheung,2026-09-28T08:55:59Z
nm0156567,Q701359,Cheung_Siu-fai,2026-09-28T08:55:59Z
nm0156709,Q108033596,,2026-09-28T08:55:59Z
nm0156850,Q18020156,,2026-09-28T08:55:59Z
nm0156858,Q7492560,Shefali_Shah,2026-09-28T08:55:59Z
nm0156875,Q710179,Charlie_Chin,2026-09-28T08:55:59Z
nm0156902,Q5636419,Ha_Chi-chun,2026-09-28T08:55:59Z
nm0156956,Q4804067,Doug_Chiang,2026-09-28T08:55:59Z
nm0157575,Q1903560,Martin_Childs,2026-09-28T08:55:59Z
nm0157963,,,2026-09-28T08:55:59Z
nm0157971,Q699415,Paul_Chun,2026-09-28T08:55:59Z
nm0158306,Q5232355,David_Chisum,2026-09-28T08:55:59Z
nm0158626,Q312705,John_Cho,2026-09-28T08:55:59Z
nm0158856,Q484575,Choi_Min-sik,2026-09-28T08:55:59Z
nm0159052,Q6225989,John_Chong,2026-09-28T08:55:59Z
nm0159137,,,2026-09-28T08:55:59Z
nm0159147,Q357608,Aditya_Chopra,2026-09-28T08:55:59Z
nm0159440,Q15915734,,2026-09-28T08:55:59Z
nm0159789,Q192812,Hayden_Christensen,2026-09-28T08:55:59Z
nm0159922,Q7829466,,2026-09-28T08:55:59Z
nm0160988,Q23305512,,2026-09-28T08:55:59Z
nm0161127,Q4977269,Bruce_Chun,2026-09-28T08:55:59Z
nm0161182,Q109347029,,2026-09-28T08:55:59Z
nm0161204,Q9360250,,2026-09-28T08:55:59Z
nm0161205,Q106375209,,2026-09-28T08:55:59Z
nm0161980,Q733776,Jude_Ciccolella,2026-09-28T08:55:59Z
nm0162485,,,2026-09-28T08:55:59Z
nm0162911,Q1042623,Roberto_Citran,2026-09-28T08:55:59Z
nm0162989,Q30904259,,2026-09-28T08:55:59Z
nm0163659,Q4772274,Anthony_Clark_(actor),2026-09-28T08:55:59Z
nm0164809,Q402764,Jason_Clarke,2026-09-28T08:55:59Z
nm0165049,Q647237,Warren_Clarke,2026-09-28T08:55:59Z
nm0166625,Q363458,Graeme_Clifford,2026-09-28T08:55:59Z
nm0167081,Q2883424,Del_Close,2026-09-28T08:55:59Z
nm0167467,Q136221,Aurore_Clément,2026-09-28T08:55:59Z
nm0167649,Q1258012,Kim_Coates,2026-09-28T08:55:59Z
nm0168054,,,2026-09-28T08:55:59Z
nm0168213,Q542979,Shannon_Cochran,2026-09-28T08:55:59Z
nm0168554,Q275865,Camille_Coduri,2026-09-28T08:55:59Z
nm0169230,,,2026-09-28T08:55:59Z
nm0169555,Q25251115,,2026-09-28T08:55:59Z
nm0169680,Q113450139,,2026-09-28T08:55:59Z
nm0169892,,,2026-09-28T08:55:59Z
nm0171109,Q24301416,,2026-09-28T08:55:59Z
nm0171428,Q16333828,Eileen_Colgan,2026-09-28T08:55:59Z
nm0171630,Q377706,Adrià_Collado,2026-09-28T08:55:59Z
nm0171722,Q6226674,John_Collee,2026-09-28T08:55:59Z
nm0171773,Q95886324,,2026-09-28T08:55:59Z
nm0172394,,,2026-09-28T08:55:59Z
nm0172510,Q3292447,,2026-09-28T08:55:59Z
nm0172604,Q242705,Pauline_Collins,2026-09-28T08:55:59Z
nm0173225,,,2026-09-28T08:55:59Z
nm0173680,Q973826,Danny_Comden,2026-09-28T08:55:59Z
nm0173798,,,2026-09-28T08:55:59Z
nm0174909,Q440980,Shelley_Conn,2026-09-28T08:55:59Z
nm0174934,Q2276831,Shane_Connaughton,2026-09-28T08:55:59Z
nm0175008,Q1826307,,2026-09-28T08:55:59Z
nm0175239,Q2015748,Frank_Conniff,2026-09-28T08:55:59Z
nm0175814,Q233882,Frances_Conroy,2026-09-28T08:55:59Z
nm0175820,Q6111790,Jack_Conroy,2026-09-28T08:55:59Z
nm0175916,Q498389,Paddy_Considine,2026-09-28T08:55:59Z
nm0175931,Q437415,Anne_Consigny,2026-09-28T08:55:59Z
nm0176175,Q3124543,Mark_Consuelos,2026-09-28T08:55:59Z
nm0176249,Q3294031,,2026-09-28T08:55:59Z
nm0176256,,,2026-09-28T08:55:59Z
nm0176263,Q3531726,,2026-09-28T08:55:59Z
nm0176448,Q764497,James_A._Contner,2026-09-28T08:55:59Z
nm0176660,Q5180845,,2026-09-28T08:55:59Z
nm0177639,Q230278,Jennifer_Coolidge,2026-09-28T08:55:59Z
nm0178680,Q111397507,,2026-09-28T08:55:59Z
nm0179680,Q2647961,Allan_Corduner,2026-09-28T08:55:59Z
nm0179749,Q6829471,Michael_Corenblith,2026-09-28T08:55:59Z
nm0181202,Q7350659,Robert_W._Cort,2026-09-28T08:55:59Z
nm0181741,Q720360,Don_Coscarelli,2026-09-28T08:55:59Z
nm0182551,,,2026-09-28T08:55:59Z
nm0182688,Q5538142,George_Costigan,2026-09-28T08:55:59Z
nm0185088,Q840437,Joel_Cox,2026-09-28T08:55:59Z
nm0185272,Q589797,Tony_Cox_(actor),2026-09-28T08:55:59Z
nm0185404,Q634365,Richard_Coyle,2026-09-28T08:55:59Z
nm0185576,Q135412690,,2026-09-28T08:55:59Z
nm0185749,Q313875,Shawn_Crahan,2026-09-28T08:55:59Z
nm0185819,Q4547,Daniel_Craig,2026-09-28T08:55:59Z
nm0186118,Q4260292,Mildred_Cram,2026-09-28T08:55:59Z
nm0186505,Q23547,Bryan_Cranston,2026-09-28T08:55:59Z
nm0186521,Q95900056,,2026-09-28T08:55:59Z
nm0186569,Q548211,Dani_(singer),2026-09-28T08:55:59Z
nm0187936,Q493717,Andrea_Crisanti,2026-09-28T08:55:59Z
nm0188219,Q114554696,,2026-09-28T08:55:59Z
nm0189167,,,2026-09-28T08:55:59Z
nm0189172,Q5643847,Harley_Cross,2026-09-28T08:55:59Z
nm0189285,Q18785044,Tom_Cross_(film_editor),2026-09-28T08:55:59Z
nm0189887,Q239341,Marie-Josée_Croze,2026-09-28T08:55:59Z
nm0190177,Q130554438,,2026-09-28T08:55:59Z
nm0191147,Q720615,Michael_Cuesta,2026-09-28T08:55:59Z
nm0191333,Q96082,Gesine_Cukrowski,2026-09-28T08:55:59Z
nm0191412,Q431038,Rory_Culkin,2026-09-28T08:55:59Z
nm0191442,Q176277,Brett_Cullen,2026-09-28T08:55:59Z
nm0191633,Q1905269,John_Cullum,2026-09-28T08:55:59Z
nm0191783,Q6191239,Ji-Tu_Cumbuka,2026-09-28T08:55:59Z
nm0191794,Q5305028,Dragomir_Čumić,2026-09-28T08:55:59Z
nm0192377,Q460572,Liam_Cunningham,2026-09-28T08:55:59Z
nm0193295,Q359325,Cliff_Curtis,2026-09-28T08:55:59Z
nm0193551,Q1749182,Robert_Curtis_Brown,2026-09-28T08:55:59Z
nm0193657,Q4411986,Niamh_Cusack,2026-09-28T08:55:59Z
nm0194052,Q5923333,Ivo_Cutzarida,2026-09-28T08:55:59Z
nm0194143,Q8074337,Zoran_Cvijanović,2026-09-28T08:55:59Z
nm0194230,Q776589,Jon_Cypher,2026-09-28T08:55:59Z
nm0194234,Q1064022,Charles_Cyphers,2026-09-28T08:55:59Z
nm0194305,Q11817388,,2026-09-28T08:55:59Z
nm0195224,Q6228070,John_D'Andrea,2026-09-28T08:55:59Z
nm0195476,Q72746130,,2026-09-28T08:55:59Z
nm0195937,,,2026-09-28T08:55:59Z
nm0196331,,,2026-09-28T08:55:59Z
nm0196592,Q1028715,Cameron_Daddo,2026-09-28T08:55:59Z
nm0196723,Q2464624,,2026-09-28T08:55:59Z
nm0196762,Q11724216,Jensen_Daggett,2026-09-28T08:55:59Z
nm0197354,Q258255,E._G._Daily,2026-09-28T08:55:59Z
nm0197490,Q24251329,,2026-09-28T08:55:59Z
nm0199312,Q299421,Eric_Dane,2026-09-28T08:55:59Z
nm0199559,Q11053741,Goran_Daničić,2026-09-28T08:55:59Z
nm0199945,,,2026-09-28T08:55:59Z
nm0200610,,,2026-09-28T08:55:59Z
nm0200702,Q468190,Dany_Boon,2026-09-28T08:55:59Z
nm0201669,Q615469,Jean-Pierre_Darroussin,2026-09-28T08:55:59Z
nm0202102,Q5952103,Alireza_Zarrindast,2026-09-28T08:55:59Z
nm0202253,Q42418858,Raven_Dauda,2026-09-28T08:55:59Z
nm0202681,Q95119,Delmer_Daves,2026-09-28T08:55:59Z
nm0202885,Q41464,Filip_David,2026-09-28T08:55:59Z
nm0202966,Q370918,Keith_David,2026-09-28T08:55:59Z
nm0203993,Q773523,Terence_Davies,2026-09-28T08:55:59Z
nm0204030,Q8007645,William_Davies_(screenwriter),2026-09-28T08:55:59Z
nm0204523,Q5310319,Duane_Davis,2026-09-28T08:55:59Z
nm0204567,Q385158,Elliot_Davis_(cinematographer),2026-09-28T08:55:59Z
nm0204979,,,2026-09-28T08:55:59Z
nm0205023,Q95842779,,2026-09-28T08:55:59Z
nm0205423,Q2399795,Sammi_Davis,2026-09-28T08:55:59Z
nm0206175,Q19560325,,2026-09-28T08:55:59Z
nm0207663,,,2026-09-28T08:55:59Z
nm0208426,Q236157,Cécile_de_France,2026-09-28T08:55:59Z
nm0209336,Q65561430,,2026-09-28T08:55:59Z
nm0209569,Q296796,Dino_De_Laurentiis,2026-09-28T08:55:59Z
nm0209574,Q87899017,,2026-09-28T08:55:59Z
nm0210348,Q96472243,,2026-09-28T08:55:59Z
nm0210485,,,2026-09-28T08:55:59Z
nm0210487,Q28925622,,2026-09-28T08:55:59Z
nm0211318,,,2026-09-28T08:55:59Z
nm0212297,Q112686546,,2026-09-28T08:55:59Z
nm0213450,Q1181049,Dean_DeBlois,2026-09-28T08:55:59Z
nm0213795,,,2026-09-28T08:55:59Z
nm0214038,Q3009726,Cécile_Decugis,2026-09-28T08:55:59Z
nm0214105,Q3154901,Isabelle_Dedieu,2026-09-28T08:55:59Z
nm0214725,Q552776,Rolf_Degerlund,2026-09-28T08:55:59Z
nm0215008,,,2026-09-28T08:55:59Z
nm0215269,Q1452257,Fred_Dekker,2026-09-28T08:55:59Z
nm0215550,Q1628257,Riccardo_Del_Fra,2026-09-28T08:55:59Z
nm0216342,Q7518602,Simon_Delaney,2026-09-28T08:55:59Z
nm0216560,Q7650827,Suzanne_DeLaurentiis,2026-09-28T08:55:59Z
nm0217120,Q289123,Benoît_Delhomme,2026-09-28T08:55:59Z
nm0217324,Q3171644,Jean_Dell,2026-09-28T08:55:59Z
nm0217486,Q4944542,,2026-09-28T08:55:59Z
nm0217898,,,2026-09-28T08:55:59Z
nm0218674,Q536438,Darcy_DeMoss,2026-09-28T08:55:59Z
nm0219088,Q19959265,Aleksandar_Denić,2026-09-28T08:55:59Z
nm0219611,,,2026-09-28T08:55:59Z
nm0219752,,,2026-09-28T08:55:59Z
nm0220735,Q683828,Michael_Des_Barres,2026-09-28T08:55:59Z
nm0220807,Q16186212,Anang_Desai,2026-09-28T08:55:59Z
nm0220834,Q13653638,Nitin_Chandrakant_Desai,2026-09-28T08:55:59Z
nm0220976,Q2832932,Alex_Descas,2026-09-28T08:55:59Z
nm0221040,Q16683797,,2026-09-28T08:55:59Z
nm0221042,Q49020,Caleb_Deschanel,2026-09-28T08:55:59Z
nm0221130,,,2026-09-28T08:55:59Z
nm0221218,Q6738761,Makarand_Deshpande,2026-09-28T08:55:59Z
nm0221638,,,2026-09-28T08:55:59Z
nm0221662,Q2829735,Alain_DesRochers,2026-09-28T08:55:59Z
nm0221801,,,2026-09-28T08:55:59Z
nm0222048,Q16151689,Ira_Deutchman,2026-09-28T08:55:59Z
nm0222150,Q1190439,Prabhu_Deva,2026-09-28T08:55:59Z
nm0222593,Q403878,Aidan_Devine,2026-09-28T08:55:59Z
nm0222752,Q16019035,Alan_Devlin_(actor),2026-09-28T08:55:59Z
nm0223437,,,2026-09-28T08:55:59Z
nm0223522,Q725970,David_Dhawan,2026-09-28T08:55:59Z
nm0223737,Q7189988,Pia_Di_Ciaula,2026-09-28T08:55:59Z
nm0224477,Q4171901,Alex_Diakun,2026-09-28T08:55:59Z
nm0225669,Q6229413,John_Dickson_(author),2026-09-28T08:55:59Z
nm0225768,,,2026-09-28T08:55:59Z
nm0226148,Q3999896,Trygve_Allister_Diesen,2026-09-28T08:55:59Z
nm0226813,Q712437,Garret_Dillahunt,2026-09-28T08:55:59Z
nm0226936,Q94317578,,2026-09-28T08:55:59Z
nm0227039,Q271883,Melinda_Dillon,2026-09-28T08:55:59Z
nm0227958,Q1206309,Stefano_Dionisi,2026-09-28T08:55:59Z
nm0227997,Q2877302,Mónica_Dionne,2026-09-28T08:55:59Z
nm0228850,Q5941371,Humphrey_Dixon,2026-09-28T08:55:59Z
nm0228938,,,2026-09-28T08:55:59Z
nm0229314,Q1267155,Nikola_Đuričko,2026-09-28T08:55:59Z
nm0230279,Q95904611,,2026-09-28T08:55:59Z
nm0231409,Q440298,Faith_Domergue,2026-09-28T08:55:59Z
nm0231646,,,2026-09-28T08:55:59Z
nm0232979,,,2026-09-28T08:55:59Z
nm0233145,Q261193,Alison_Doody,2026-09-28T08:55:59Z
nm0233306,Q943762,Robert_DoQui,2026-09-28T08:55:59Z
nm0233499,Q4355701,Chad_Doreck,2026-09-28T08:55:59Z
nm0234385,,,2026-09-28T08:55:59Z
nm0234864,Q6765176,Marion_Dougherty,2026-09-28T08:55:59Z
nm0235143,,,2026-09-28T08:55:59Z
nm0235427,Q355038,Gary_Dourdan,2026-09-28T08:55:59Z
nm0235652,Q2558129,Ann_Dowd,2026-09-28T08:55:59Z
nm0235683,Q517040,Nancy_Dowd,2026-09-28T08:55:59Z
nm0235960,Q4346488,Robin_Atkin_Downes,2026-09-28T08:55:59Z
nm0236279,Q35610,Arthur_Conan_Doyle,2026-09-28T08:55:59Z
nm0236313,Q457890,Christopher_Doyle,2026-09-28T08:55:59Z
nm0236405,Q6307124,Julian_Doyle_(filmmaker),2026-09-28T08:55:59Z
nm0236462,Q363241,Patrick_Doyle,2026-09-28T08:55:59Z
nm0236519,Q912103,Brian_Doyle-Murray,2026-09-28T08:55:59Z
nm0236884,Q5271434,Diane_Drake,2026-09-28T08:55:59Z
nm0236946,Q42329178,,2026-09-28T08:55:59Z
nm0237244,Q917301,Milena_Dravić,2026-09-28T08:55:59Z
nm0237779,Q543506,Jorge_Drexler,2026-09-28T08:55:59Z
nm0238369,Q123168887,,2026-09-28T08:55:59Z
nm0238635,Q6369607,,2026-09-28T08:55:59Z
nm0238841,Q1239298,Don_Mancini,2026-09-28T08:55:59Z
nm0238898,Q193357,Daphne_du_Maurier,2026-09-28T08:55:59Z
nm0239541,,,2026-09-28T08:55:59Z
nm0239575,Q3295400,Martin_Dubreuil,2026-09-28T08:55:59Z
nm0240239,Q963028,William_Duell,2026-09-28T08:55:59Z
nm0240783,,,2026-09-28T08:55:59Z
nm0241173,Q512818,Clark_Duke,2026-09-28T08:55:59Z
nm0241538,Q2856945,,2026-09-28T08:55:59Z
nm0242172,Q914130,David_Dundas_(musician),2026-09-28T08:55:59Z
nm0242491,Q368085,Andrew_Dunn_(cinematographer),2026-09-28T08:55:59Z
nm0243355,Q124389,Albert_Dupontel,2026-09-28T08:55:59Z
nm0243806,Q320084,Kevin_Durand,2026-09-28T08:55:59Z
nm0244349,,,2026-09-28T08:55:59Z
nm0244900,Q7285877,Rajatava_Dutta,2026-09-28T08:55:59Z
nm0245112,Q233347,Clea_DuVall,2026-09-28T08:55:59Z
nm0245653,Q51814,Dale_Dye,2026-09-28T08:55:59Z
nm0247590,,,2026-09-28T08:55:59Z
nm0247762,Q976575,Kyle_Eastwood,2026-09-28T08:55:59Z
nm0248121,,,2026-09-28T08:55:59Z
nm0248616,,,2026-09-28T08:55:59Z
nm0249378,Q6790449,Matthew_Edison,2026-09-28T08:55:59Z
nm0249661,Q1450835,,2026-09-28T08:55:59Z
nm0249921,Q22575670,,2026-09-28T08:55:59Z
nm0250659,Q630863,Christopher_Egan,2026-09-28T08:55:59Z
nm0251204,Q65625226,Corky_Ehlers,2026-09-28T08:55:59Z
nm0251382,Q21527063,,2026-09-28T08:55:59Z
nm0251416,Q2916769,Ehsaan_Noorani,2026-09-28T08:55:59Z
nm0251632,Q3379803,Philippe_Eidel,2026-09-28T08:55:59Z
nm0252478,Q237703,Kerstin_Ekman,2026-09-28T08:55:59Z
nm0252578,,,2026-09-28T08:55:59Z
nm0252770,Q5646909,Hanan_Tork,2026-09-28T08:55:59Z
nm0252850,Q12217151,,2026-09-28T08:55:59Z
nm0253486,Q938878,Jonathan_Elias,2026-09-28T08:55:59Z
nm0254069,,,2026-09-28T08:55:59Z
nm0254277,,,2026-09-28T08:55:59Z
nm0254398,,,2026-09-28T08:55:59Z
nm0254673,Q2807920,William_A._Elliott,2026-09-28T08:55:59Z
nm0255353,,,2026-09-28T08:55:59Z
nm0255573,Q425656,Michael_Elphick,2026-09-28T08:55:59Z
nm0256318,Q2184199,Lisa_Emery,2026-09-28T08:55:59Z
nm0256343,Q21280742,,2026-09-28T08:55:59Z
nm0256475,Q65115778,,2026-09-28T08:55:59Z
nm0257187,Q87930,Julie_Engelbrecht,2026-09-28T08:55:59Z
nm0257417,,,2026-09-28T08:55:59Z
nm0257934,Q11541790,Takaaki_Enoki,2026-09-28T08:55:59Z
nm0258414,Q19818904,,2026-09-28T08:55:59Z
nm0258673,Q382114,Mehmet_Ali_Erbil,2026-09-28T08:55:59Z
nm0258881,,,2026-09-28T08:55:59Z
nm0259445,Q59156611,,2026-09-28T08:55:59Z
nm0259472,Q4736145,Altan_Erkekli,2026-09-28T08:55:59Z
nm0260389,Q1685306,Jean-Yves_Escoffier,2026-09-28T08:55:59Z
nm0260675,Q15433295,John_Eskow,2026-09-28T08:55:59Z
nm0261124,Q11979225,,2026-09-28T08:55:59Z
nm0261695,Q3296435,María_Esteve,2026-09-28T08:55:59Z
nm0262909,,,2026-09-28T08:55:59Z
nm0263988,Q25291739,,2026-09-28T08:55:59Z
nm0264554,Q456668,Françoise_Fabian,2026-09-28T08:55:59Z
nm0264679,Q3167375,Jean-Marc_Fabre,2026-09-28T08:55:59Z
nm0265189,Q6375489,Kate_Fahy,2026-09-28T08:55:59Z
nm0265637,Q3856160,Michael_Fairman,2026-09-28T08:55:59Z
nm0265670,Q943589,Frankie_Faison,2026-09-28T08:55:59Z
nm0266113,Q108282586,,2026-09-28T08:55:59Z
nm0266236,,,2026-09-28T08:55:59Z
nm0267115,,,2026-09-28T08:55:59Z
nm0267789,,,2026-09-28T08:55:59Z
nm0267812,Q264840,Vera_Farmiga,2026-09-28T08:55:59Z
nm0268199,Q172035,Colin_Farrell,2026-09-28T08:55:59Z
nm0268297,Q2133840,Nicholas_Farrell,2026-09-28T08:55:59Z
nm0268356,Q22662878,,2026-09-28T08:55:59Z
nm0268647,,,2026-09-28T08:55:59Z
nm0269419,Q555241,Pierfrancesco_Favino,2026-09-28T08:55:59Z
nm0269463,Q295964,Jon_Favreau,2026-09-28T08:55:59Z
nm0270119,Q3838580,Luciano_Federico,2026-09-28T08:55:59Z
nm0270454,Q1294969,Kaja_Fehr,2026-09-28T08:55:59Z
nm0270549,Q42348248,Erik_Feig,2026-09-28T08:55:59Z
nm0270559,Q515161,Kevin_Feige,2026-09-28T08:55:59Z
nm0271076,Q6530443,Leslee_Feldman,2026-09-28T08:55:59Z
nm0271474,Q137426850,,2026-09-28T08:55:59Z
nm0271479,Q1351291,Eric_Fellner,2026-09-28T08:55:59Z
nm0271657,Q105682,Tom_Felton,2026-09-28T08:55:59Z
nm0272090,Q3525115,Thomas_Fenton,2026-09-28T08:55:59Z
nm0272401,Q72867,Craig_Ferguson,2026-09-28T08:55:59Z
nm0272471,Q6166609,Jay_Ferguson_(American_musician),2026-09-28T08:55:59Z
nm0273208,Q6172789,Álvaro_Fernández_Armero,2026-09-28T08:55:59Z
nm0273362,Q5658007,Adolfo_Fernández_(actor),2026-09-28T08:55:59Z
nm0273832,Q108107949,,2026-09-28T08:55:59Z
nm0274684,Q718338,Martin_Ferrero,2026-09-28T08:55:59Z
nm0275244,Q3827140,Larry_Fessenden,2026-09-28T08:55:59Z
nm0275417,Q1312914,Mark_Feuerstein,2026-09-28T08:55:59Z
nm0275736,Q6583300,,2026-09-28T08:55:59Z
nm0276059,Q7693189,Ted_Field,2026-09-28T08:55:59Z
nm0276169,Q1340923,Tom_Holland_(filmmaker),2026-09-28T08:55:59Z
nm0276405,Q106266755,,2026-09-28T08:55:59Z
nm0277124,,,2026-09-28T08:55:59Z
nm0278139,Q529470,Mali_Finn,2026-09-28T08:55:59Z
nm0278168,Q28002395,Sarah_Halley_Finn,2026-09-28T08:55:59Z
nm0278868,,,2026-09-28T08:55:59Z
nm0279651,Q16136044,Lucy_Fisher,2026-09-28T08:55:59Z
nm0280494,,,2026-09-28T08:55:59Z
nm0280959,Q3524247,,2026-09-28T08:55:59Z
nm0280999,,,2026-09-28T08:55:59Z
nm0281074,Q972469,Markus_Flanagan,2026-09-28T08:55:59Z
nm0281448,Q4491084,Kate_Fleetwood,2026-09-28T08:55:59Z
nm0282268,,,2026-09-28T08:55:59Z
nm0282463,Q879810,Bjørn_Floberg,2026-09-28T08:55:59Z
nm0282530,Q453822,Suzanne_Flon,2026-09-28T08:55:59Z
nm0283200,Q3196718,Kim_Flowers,2026-09-28T08:55:59Z
nm0283477,,,2026-09-28T08:55:59Z
nm0283809,,,2026-09-28T08:55:59Z
nm0283810,Q3501757,,2026-09-28T08:55:59Z
nm0284261,,,2026-09-28T08:55:59Z
nm0284272,Q8183923,,2026-09-28T08:55:59Z
nm0284608,Q7801028,Tien_Feng,2026-09-28T08:55:59Z
nm0284860,Q1392525,Stéphane_Fontaine,2026-09-28T08:55:59Z
nm0286247,Q3309650,Michel_Forget,2026-09-28T08:55:59Z
nm0286331,,,2026-09-28T08:55:59Z
nm0286782,,,2026-09-28T08:55:59Z
nm0287071,Q462343,Rosemary_Forsyth,2026-09-28T08:55:59Z
nm0287759,Q3017903,David_Foster_(film_producer),2026-09-28T08:55:59Z
nm0287898,Q551596,Jon_Foster,2026-09-28T08:55:59Z
nm0288260,Q7088895,Olwen_Fouéré,2026-09-28T08:55:59Z
nm0288911,,,2026-09-28T08:55:59Z
nm0289694,,,2026-09-28T08:55:59Z
nm0290050,Q525427,Massimo_Franciosa,2026-09-28T08:55:59Z
nm0290475,Q1239152,Don_Francks,2026-09-28T08:55:59Z
nm0290556,Q306403,James_Franco,2026-09-28T08:55:59Z
nm0291314,Q95846247,,2026-09-28T08:55:59Z
nm0292114,Q101580020,Duncan_Fraser_(actor),2026-09-28T08:55:59Z
nm0292132,Q17715100,Greig_Fraser,2026-09-28T08:55:59Z
nm0292250,,,2026-09-28T08:55:59Z
nm0293422,Q3156752,J._E._Freeman,2026-09-28T08:55:59Z
nm0294580,Q1349297,James_Frey,2026-09-28T08:55:59Z
nm0294969,,,2026-09-28T08:55:59Z
nm0295264,Q6288874,Josh_Friedman,2026-09-28T08:55:59Z
nm0295437,Q95932,Inka_Friedrich,2026-09-28T08:55:59Z
nm0296219,Q143223,Joanne_Froggatt,2026-09-28T08:55:59Z
nm0296243,,,2026-09-28T08:55:59Z
nm0296339,Q104155668,,2026-09-28T08:55:59Z
nm0296403,,,2026-09-28T08:55:59Z
nm0296534,Q935143,Lindsay_Frost,2026-09-28T08:55:59Z
nm0296594,Q451776,Catherine_Frot,2026-09-28T08:55:59Z
nm0296809,Q55374,Jan_Frycz,2026-09-28T08:55:59Z
nm0297149,Q873539,Jun_Fubuki,2026-09-28T08:55:59Z
nm0297229,Q1683907,Jason_Fuchs,2026-09-28T08:55:59Z
nm0297921,Q1324613,Rika_Fukami,2026-09-28T08:55:59Z
nm0298089,Q5112369,Christopher_Fulford,2026-09-28T08:55:59Z
nm0298282,Q1801799,Lance_Fuller,2026-09-28T08:55:59Z
nm0299228,Q917318,Tōru_Furuya,2026-09-28T08:55:59Z
nm0299479,Q63615593,,2026-09-28T08:55:59Z
nm0300166,Q62635771,,2026-09-28T08:55:59Z
nm0301157,Q515370,Diane_Gaidry,2026-09-28T08:55:59Z
nm0301168,,,2026-09-28T08:55:59Z
nm0301428,Q114065724,,2026-09-28T08:55:59Z
nm0301826,Q725773,Bob_Gale,2026-09-28T08:55:59Z
nm0303348,,,2026-09-28T08:55:59Z
nm0303922,Q17364425,Mercedes_Gamero,2026-09-28T08:55:59Z
nm0304265,Q3523308,Delhi_Ganesh,2026-09-28T08:55:59Z
nm0304708,Q5336671,Eddy_Ko,2026-09-28T08:55:59Z
nm0304840,Q5320087,Dániel_Garas,2026-09-28T08:55:59Z
nm0305309,,,2026-09-28T08:55:59Z
nm0305365,Q3335761,,2026-09-28T08:55:59Z
nm0307245,Q112464685,,2026-09-28T08:55:59Z
nm0307534,Q23305549,,2026-09-28T08:55:59Z
nm0307781,,,2026-09-28T08:55:59Z
nm0309369,Q2959173,,2026-09-28T08:55:59Z
nm0309373,,,2026-09-28T08:55:59Z
nm0309693,Q560286,Mark_Gatiss,2026-09-28T08:55:59Z
nm0310221,Q3595537,Gautami,2026-09-28T08:55:59Z
nm0310329,Q3573356,,2026-09-28T08:55:59Z
nm0310341,Q288187,Éric_Gautier,2026-09-28T08:55:59Z
nm0311469,Q2903222,Bill_Geddie,2026-09-28T08:55:59Z
nm0311508,Q5365602,Jeffrey_Lau,2026-09-28T08:55:59Z
nm0311696,Q20978716,,2026-09-28T08:55:59Z
nm0312064,Q440954,Anna_Geislerová,2026-09-28T08:55:59Z
nm0313531,Q16230635,Matthew_George,2026-09-28T08:55:59Z
nm0313885,Q1964826,Naomi_Geraghty,2026-09-28T08:55:59Z
nm0313962,Q114273719,,2026-09-28T08:55:59Z
nm0314514,Q261583,Lauren_German,2026-09-28T08:55:59Z
nm0314611,Q461643,Tygo_Gernandt,2026-09-28T08:55:59Z
nm0315023,Q2900809,,2026-09-28T08:55:59Z
nm0315767,Q1237265,Massimo_Ghini,2026-09-28T08:55:59Z
nm0315974,Q155124,Michael_Giacchino,2026-09-28T08:55:59Z
nm0316084,,,2026-09-28T08:55:59Z
nm0316774,Q24290033,,2026-09-28T08:55:59Z
nm0317218,Q188987,William_Gibson,2026-09-28T08:55:59Z
nm0318150,Q303891,Lewis_Gilbert,2026-09-28T08:55:59Z
nm0318429,Q2396324,David_Giler,2026-09-28T08:55:59Z
nm0318570,Q2959207,Charles_Gillibert,2026-09-28T08:55:59Z
nm0318617,,,2026-09-28T08:55:59Z
nm0318639,Q15794136,,2026-09-28T08:55:59Z
nm0318733,Q113351855,,2026-09-28T08:55:59Z
nm0318761,Q570641,Hugh_Gillin,2026-09-28T08:55:59Z
nm0319673,Q3181589,John_Gilroy_(film_editor),2026-09-28T08:55:59Z
nm0320234,Q18638563,Bruno_Gunn,2026-09-28T08:55:59Z
nm0320636,Q2896534,,2026-09-28T08:55:59Z
nm0322173,,,2026-09-28T08:55:59Z
nm0322785,Q6134691,James_Glickenhaus,2026-09-28T08:55:59Z
nm0322946,Q1382548,Yoram_Globus,2026-09-28T08:55:59Z
nm0322977,Q1564017,Nebojša_Glogovac,2026-09-28T08:55:59Z
nm0323276,Q94859409,,2026-09-28T08:55:59Z
nm0323886,Q3379934,Philippe_Godeau,2026-09-28T08:55:59Z
nm0323922,Q6297491,Joyce_Godenzi,2026-09-28T08:55:59Z
nm0324247,,,2026-09-28T08:55:59Z
nm0324788,Q1699526,Siena_Goines,2026-09-28T08:55:59Z
nm0324875,Q542003,Menahem_Golan,2026-09-28T08:55:59Z
nm0325219,Q22670554,,2026-09-28T08:55:59Z
nm0325221,Q1631684,Iddo_Goldberg,2026-09-28T08:55:59Z
nm0325229,Q3162937,Jason_Goldberg,2026-09-28T08:55:59Z
nm0325317,Q1300306,Stu_Goldberg,2026-09-28T08:55:59Z
nm0325358,Q719827,Mark_Goldblatt,2026-09-28T08:55:59Z
nm0325778,Q668292,Gary_Goldman_(screenwriter),2026-09-28T08:55:59Z
nm0325858,,,2026-09-28T08:55:59Z
nm0325903,,,2026-09-28T08:55:59Z
nm0326040,Q419454,Akiva_Goldsman,2026-09-28T08:55:59Z
nm0326092,Q3185966,,2026-09-28T08:55:59Z
nm0326252,Q136446518,,2026-09-28T08:55:59Z
nm0326558,Q1901515,,2026-09-28T08:55:59Z
nm0326632,,,2026-09-28T08:55:59Z
nm0328223,Q5923460,,2026-09-28T08:55:59Z
nm0328604,Q4143127,Milton_Gonçalves,2026-09-28T08:55:59Z
nm0329481,Q109522,Ginnifer_Goodwin,2026-09-28T08:55:59Z
nm0330077,Q1064570,Charles_Gordon_(producer),2026-09-28T08:55:59Z
nm0330371,Q240570,Kim_Gordon,2026-09-28T08:55:59Z
nm0330951,Q132098327,Stephanie_Gorin,2026-09-28T08:55:59Z
nm0331341,Q3514657,Tamara_Gorski,2026-09-28T08:55:59Z
nm0331683,Q3761612,Gherardo_Gossi,2026-09-28T08:55:59Z
nm0331956,Q1038375,Carl_Gottlieb,2026-09-28T08:55:59Z
nm0332148,Q28031320,,2026-09-28T08:55:59Z
nm0332184,Q622651,Alfred_Gough,2026-09-28T08:55:59Z
nm0332734,Q3516045,,2026-09-28T08:55:59Z
nm0332871,Q1992008,Govinda_(actor),2026-09-28T08:55:59Z
nm0333123,Q2965930,,2026-09-28T08:55:59Z
nm0333307,Q10394243,,2026-09-28T08:55:59Z
nm0333763,Q6304467,,2026-09-28T08:55:59Z
nm0333778,Q5997569,Ilene_Graff,2026-09-28T08:55:59Z
nm0333951,Q551838,C._J._Graham,2026-09-28T08:55:59Z
nm0334138,Q6253856,John_R._Graham_(composer),2026-09-28T08:55:59Z
nm0334436,,,2026-09-28T08:55:59Z
nm0334930,Q3379960,Philippe_Grandrieux,2026-09-28T08:55:59Z
nm0334931,,,2026-09-28T08:55:59Z
nm0335344,Q327938,David_Marshall_Grant,2026-09-28T08:55:59Z
nm0335400,Q24578364,,2026-09-28T08:55:59Z
nm0335494,Q17403058,Kate_Jennings_Grant,2026-09-28T08:55:59Z
nm0335519,Q230184,Lee_Grant,2026-09-28T08:55:59Z
nm0337157,Q5528158,,2026-09-28T08:55:59Z
nm0338323,Q3476283,,2026-09-28T08:55:59Z
nm0338418,,,2026-09-28T08:55:59Z
nm0338642,Q778812,Christopher_Greenbury,2026-09-28T08:55:59Z
nm0339391,Q2224360,Sarah_Greenwood,2026-09-28T08:55:59Z
nm0339460,Q236189,Judy_Greer,2026-09-28T08:55:59Z
nm0340518,,,2026-09-28T08:55:59Z
nm0340608,,,2026-09-28T08:55:59Z
nm0340864,Q95805,Frank_Griebe,2026-09-28T08:55:59Z
nm0341737,Q181140,Rachel_Griffiths,2026-09-28T08:55:59Z
nm0341743,Q314831,Richard_Griffiths,2026-09-28T08:55:59Z
nm0343312,,,2026-09-28T08:55:59Z
nm0344265,Q95878499,,2026-09-28T08:55:59Z
nm0344603,Q949296,Olivier_Gruner,2026-09-28T08:55:59Z
nm0345000,Q1133334,Cornelia_Gröschel,2026-09-28T08:55:59Z
nm0345022,Q22282321,,2026-09-28T08:55:59Z
nm0345491,Q3430819,Richard_Guay_(film_producer),2026-09-28T08:55:59Z
nm0345577,Q559529,Francesco_Guccini,2026-09-28T08:55:59Z
nm0345798,Q12228551,,2026-09-28T08:55:59Z
nm0346096,Q460095,Tonino_Guerra,2026-09-28T08:55:59Z
nm0346415,Q1984875,Nicholas_Guest,2026-09-28T08:55:59Z
nm0346595,Q3342658,Noel_Gugliemi,2026-09-28T08:55:59Z
nm0346676,,,2026-09-28T08:55:59Z
nm0347122,,,2026-09-28T08:55:59Z
nm0347384,Q22075469,Ed_Guiney,2026-09-28T08:55:59Z
nm0347775,Q9672807,,2026-09-28T08:55:59Z
nm0348123,Q6080778,,2026-09-28T08:55:59Z
nm0348246,Q5521064,Gunnam_Gangaraju,2026-09-28T08:55:59Z
nm0349076,Q16337807,Luis_Gustavo_(actor),2026-09-28T08:55:59Z
nm0349427,Q3391690,Emilio_Gutiérrez_Caba,2026-09-28T08:55:59Z
nm0350453,Q133313,Jake_Gyllenhaal,2026-09-28T08:55:59Z
nm0351352,Q5180179,Coşkun_Göğen,2026-09-28T08:55:59Z
nm0352032,Q381477,Kamal_Haasan,2026-09-28T08:55:59Z
nm0352057,,,2026-09-28T08:55:59Z
nm0352166,,,2026-09-28T08:55:59Z
nm0352524,Q392716,David_Hackl,2026-09-28T08:55:59Z
nm0353137,Q4757205,Andrew_Hafitz,2026-09-28T08:55:59Z
nm0353813,,,2026-09-28T08:55:59Z
nm0354653,Q11284673,Hakuryu_(actor),2026-09-28T08:55:59Z
nm0354948,,,2026-09-28T08:55:59Z
nm0355722,Q28065117,Jess_Hall,2026-09-28T08:55:59Z
nm0355915,,,2026-09-28T08:55:59Z
nm0356002,,,2026-09-28T08:55:59Z
nm0356017,Q230534,Rebecca_Hall,2026-09-28T08:55:59Z
nm0356515,Q19976771,,2026-09-28T08:55:59Z
nm0357212,Q50736961,,2026-09-28T08:55:59Z
nm0357269,Q2811976,,2026-09-28T08:55:59Z
nm0357319,Q11566163,,2026-09-28T08:55:59Z
nm0357835,Q17167553,Eddie_Hamilton,2026-09-28T08:55:59Z
nm0357861,Q21290522,,2026-09-28T08:55:59Z
nm0358006,Q96473768,,2026-09-28T08:55:59Z
nm0358316,Q313107,Jon_Hamm,2026-09-28T08:55:59Z
nm0358638,,,2026-09-28T08:55:59Z
nm0359168,Q584678,Keiko_Han,2026-09-28T08:55:59Z
nm0359845,Q3595806,A._K._Hangal,2026-09-28T08:55:59Z
nm0359880,Q2460693,Cochin_Haneefa,2026-09-28T08:55:59Z
nm0360067,Q487090,Daniel_P._Hanley,2026-09-28T08:55:59Z
nm0360346,Q16937698,Peter_Hannan_(cinematographer),2026-09-28T08:55:59Z
nm0360964,Q6558221,Lisa_M._Hansen,2026-09-28T08:55:59Z
nm0361719,,,2026-09-28T08:55:59Z
nm0362165,Q15102884,,2026-09-28T08:55:59Z
nm0362566,Q229598,Catherine_Hardwicke,2026-09-28T08:55:59Z
nm0362766,Q208026,Tom_Hardy,2026-09-28T08:55:59Z
nm0363259,Q509448,John_Harle,2026-09-28T08:55:59Z
nm0363390,,,2026-09-28T08:55:59Z
nm0363473,Q64138375,,2026-09-28T08:55:59Z
nm0363487,,,2026-09-28T08:55:59Z
nm0363736,Q350726,Gale_Harold,2026-09-28T08:55:59Z
nm0364429,Q105593342,,2026-09-28T08:55:59Z
nm0364890,Q1121589,Johnny_Harris_(actor),2026-09-28T08:55:59Z
nm0365281,Q234195,Rosemary_Harris,2026-09-28T08:55:59Z
nm0365623,Q24533163,,2026-09-28T08:55:59Z
nm0365988,Q62070952,,2026-09-28T08:55:59Z
nm0366363,Q16729686,John_Hart_(producer),2026-09-28T08:55:59Z
nm0367431,Q543124,Anthony_Harvey,2026-09-28T08:55:59Z
nm0368089,Q11284403,Isao_Hashizume,2026-09-28T08:55:59Z
nm0368142,Q7174572,Peter_Haskell,2026-09-28T08:55:59Z
nm0368248,Q78957,Paul_Haslinger,2026-09-28T08:55:59Z
nm0368601,,,2026-09-28T08:55:59Z
nm0369834,,,2026-09-28T08:55:59Z
nm0369954,Q237290,Keeley_Hawes,2026-09-28T08:55:59Z
nm0370181,,,2026-09-28T08:55:59Z
nm0370400,Q109657970,,2026-09-28T08:55:59Z
nm0370626,Q11533172,,2026-09-28T08:55:59Z
nm0370914,Q106375386,,2026-09-28T08:55:59Z
nm0371010,Q61770197,,2026-09-28T08:55:59Z
nm0371125,,,2026-09-28T08:55:59Z
nm0371675,,,2026-09-28T08:55:59Z
nm0372117,Q342962,Anthony_Head,2026-09-28T08:55:59Z
nm0372176,Q228789,Lena_Headey,2026-09-28T08:55:59Z
nm0372961,Q439163,Jessica_Hecht,2026-09-28T08:55:59Z
nm0373092,Q2965328,,2026-09-28T08:55:59Z
nm0373154,Q21280751,Rob_Hedden,2026-09-28T08:55:59Z
nm0374189,Q2544556,Alan_Heim,2026-09-28T08:55:59Z
nm0374829,Q5699288,Heikki_Hela,2026-09-28T08:55:59Z
nm0375370,Q7151229,Paul_Heller,2026-09-28T08:55:59Z
nm0375550,Q11888165,,2026-09-28T08:55:59Z
nm0375809,Q22102000,,2026-09-28T08:55:59Z
nm0375990,Q10989976,Mahmoud_Hemida,2026-09-28T08:55:59Z
nm0376365,,,2026-09-28T08:55:59Z
nm0376963,Q723745,Frank_Henenlotter,2026-09-28T08:55:59Z
nm0377609,Q17096644,,2026-09-28T08:55:59Z
nm0377839,Q5571391,Gloria_Henry,2026-09-28T08:55:59Z
nm0377844,Q528314,Guy_Henry_(actor),2026-09-28T08:55:59Z
nm0378194,Q2965332,Christian_Henson,2026-09-28T08:55:59Z
nm0378529,,,2026-09-28T08:55:59Z
nm0378764,,,2026-09-28T08:55:59Z
nm0378800,Q1390515,Richard_Herd,2026-09-28T08:55:59Z
nm0378929,Q1747632,,2026-09-28T08:55:59Z
nm0379179,Q1900142,Mark_Herman,2026-09-28T08:55:59Z
nm0379257,,,2026-09-28T08:55:59Z
nm0379408,Q47509269,Sandra_Hermida_Muñiz,2026-09-28T08:55:59Z
nm0379596,Q533655,Jay_Hernandez,2026-09-28T08:55:59Z
nm0379855,Q84617377,,2026-09-28T08:55:59Z
nm0380214,,,2026-09-28T08:55:59Z
nm0380244,,,2026-09-28T08:55:59Z
nm0380705,Q3445566,Rowdy_Herrington,2026-09-28T08:55:59Z
nm0380980,Q925604,Marshall_Herskovitz,2026-09-28T08:55:59Z
nm0381478,Q2480656,Jared_Hess,2026-09-28T08:55:59Z
nm0381483,,,2026-09-28T08:55:59Z
nm0381537,,,2026-09-28T08:55:59Z
nm0381675,,,2026-09-28T08:55:59Z
nm0381833,Q2642659,,2026-09-28T08:55:59Z
nm0381857,Q5079027,Charles_Heung,2026-09-28T08:55:59Z
nm0381858,Q6200362,Jimmy_Heung,2026-09-28T08:55:59Z
nm0382268,Q319986,David_Heyman,2026-09-28T08:55:59Z
nm0382781,Q1338012,Emma_E._Hickox,2026-09-28T08:55:59Z
nm0383213,Q10831887,Kari_Hietalahti,2026-09-28T08:55:59Z
nm0383396,Q433708,Jack_Higgins,2026-09-28T08:55:59Z
nm0384060,Q310515,Bernard_Hill,2026-09-28T08:55:59Z
nm0384528,Q484948,Mike_Hill_(film_editor),2026-09-28T08:55:59Z
nm0384900,,,2026-09-28T08:55:59Z
nm0385296,Q47899,Paris_Hilton,2026-09-28T08:55:59Z
nm0385644,Q272917,Cheryl_Hines,2026-09-28T08:55:59Z
nm0386420,Q4251272,Reona_Hirota,2026-09-28T08:55:59Z
nm0386504,Q6805567,Karl_T._Hirsch,2026-09-28T08:55:59Z
nm0386595,Q1174736,David_Hirschfelder,2026-09-28T08:55:59Z
nm0386664,Q11719741,,2026-09-28T08:55:59Z
nm0386752,Q49573,Aya_Hisakawa,2026-09-28T08:55:59Z
nm0386991,Q64009150,Rupert_Hitzig,2026-09-28T08:55:59Z
nm0387319,Q455691,Josie_Ho,2026-09-28T08:55:59Z
nm0387337,Q3099737,Leonard_Ho,2026-09-28T08:55:59Z
nm0387809,Q20991616,,2026-09-28T08:55:59Z
nm0387987,Q465134,Kane_Hodder,2026-09-28T08:55:59Z
nm0388198,Q491809,Mike_Hodges,2026-09-28T08:55:59Z
nm0388273,Q2546778,Joel_Hodgson,2026-09-28T08:55:59Z
nm0389285,Q23825119,Florian_Hoffmeister,2026-09-28T08:55:59Z
nm0390232,Q6766197,Marjean_Holden,2026-09-28T08:55:59Z
nm0390253,Q7174703,Peter_Holden,2026-09-28T08:55:59Z
nm0390576,Q31093856,,2026-09-28T08:55:59Z
nm0390822,Q3474451,Savage_Steve_Holland,2026-09-28T08:55:59Z
nm0391221,,,2026-09-28T08:55:59Z
nm0391291,,,2026-09-28T08:55:59Z
nm0391789,Q5225186,Darren_T._Holmes,2026-09-28T08:55:59Z
nm0391980,Q16221330,,2026-09-28T08:55:59Z
nm0393240,Q61057522,Hong_Kyung-pyo,2026-09-28T08:55:59Z
nm0393700,,,2026-09-28T08:55:59Z
nm0393922,Q24808680,Richard_Hoover_(set_designer),2026-09-28T08:55:59Z
nm0394119,Q63828590,,2026-09-28T08:55:59Z
nm0394564,Q8012508,William_Horberg,2026-09-28T08:55:59Z
nm0394852,,,2026-09-28T08:55:59Z
nm0394889,Q443757,Michelle_Horn,2026-09-28T08:55:59Z
nm0396554,Q101242273,Jan_Houllevigue,2026-09-28T08:55:59Z
nm0396924,Q232384,Carice_van_Houten,2026-09-28T08:55:59Z
nm0397171,Q229775,Bryce_Dallas_Howard,2026-09-28T08:55:59Z
nm0397208,Q2975646,,2026-09-28T08:55:59Z
nm0398861,Q121033123,,2026-09-28T08:55:59Z
nm0399003,Q704612,Huang_Jianxin,2026-09-28T08:55:59Z
nm0399069,Q121084068,,2026-09-28T08:55:59Z
nm0399590,Q2912708,Cooper_Huckabee,2026-09-28T08:55:59Z
nm0400223,Q217732,Neal_Huff,2026-09-28T08:55:59Z
nm0400291,Q7188573,Phyllis_Huffman,2026-09-28T08:55:59Z
nm0400486,Q4974114,Bronwen_Hughes,2026-09-28T08:55:59Z
nm0401727,Q490240,Alan_Hume,2026-09-28T08:55:59Z
nm0402116,Q3446800,Cemal_Hünal,2026-09-28T08:55:59Z
nm0403397,Q7488106,Shane_Hurlbut,2026-09-28T08:55:59Z
nm0404509,Q16226457,Jon_Hutman,2026-09-28T08:55:59Z
nm0404510,,,2026-09-28T08:55:59Z
nm0404806,Q2032606,Fedja_van_Huêt,2026-09-28T08:55:59Z
nm0404830,Q38054944,,2026-09-28T08:55:59Z
nm0405190,Q6755636,Marc_Hyman,2026-09-28T08:55:59Z
nm0406157,Q962106,Hümeyra,2026-09-28T08:55:59Z
nm0406772,Q2389243,,2026-09-28T08:55:59Z
nm0406969,,,2026-09-28T08:55:59Z
nm0407552,Q1369211,Kunihiko_Ikuhara,2026-09-28T08:55:59Z
nm0408371,Q7461024,Shafi_Inamdar,2026-09-28T08:55:59Z
nm0408389,Q12812309,Türker_İnanoğlu,2026-09-28T08:55:59Z
nm0408538,Q3836849,Lorenza_Indovina,2026-09-28T08:55:59Z
nm0408591,Q1272489,Ralph_Ineson,2026-09-28T08:55:59Z
nm0408636,Q376261,Angelo_Infanti,2026-09-28T08:55:59Z
nm0409790,Q764803,Honey_Irani,2026-09-28T08:55:59Z
nm0409997,Q544207,Cornell_Woolrich,2026-09-28T08:55:59Z
nm0410211,Q3898188,Paula_Irvine,2026-09-28T08:55:59Z
nm0410521,Q15453115,,2026-09-28T08:55:59Z
nm0410530,Q19963402,"Margot_Isaacs,_Marchioness_of_Reading",2026-09-28T08:55:59Z
nm0410539,Q3018136,David_Isaacs_(writer),2026-09-28T08:55:59Z
nm0410622,Q236826,Katharine_Isabelle,2026-09-28T08:55:59Z
nm0411539,Q7260123,Puneet_Issar,2026-09-28T08:55:59Z
nm0411731,Q254115,Robert_Ito,2026-09-28T08:55:59Z
nm0412353,,,2026-09-28T08:55:59Z
nm0412370,Q3641305,,2026-09-28T08:55:59Z
nm0412465,Q51577,James_Ivory,2026-09-28T08:55:59Z
nm0412588,Q52714247,Basil_Iwanyk,2026-09-28T08:55:59Z
nm0413520,,,2026-09-28T08:55:59Z
nm0413701,,,2026-09-28T08:55:59Z
nm0413778,Q6525425,Leonard_Jackson_(actor),2026-09-28T08:55:59Z
nm0414014,,,2026-09-28T08:55:59Z
nm0414173,Q2476263,Jacno,2026-09-28T08:55:59Z
nm0414820,Q3020642,,2026-09-28T08:55:59Z
nm0414910,Q7331477,Rick_Jacobson,2026-09-28T08:55:59Z
nm0414981,,,2026-09-28T08:55:59Z
nm0415139,,,2026-09-28T08:55:59Z
nm0415191,Q3573721,Yves_Jacques,2026-09-28T08:55:59Z
nm0415492,Q65116609,,2026-09-28T08:55:59Z
nm0415528,Q2556603,Madhur_Jaffrey,2026-09-28T08:55:59Z
nm0415833,Q19665816,Jainendra_Jain_(screenwriter),2026-09-28T08:55:59Z
nm0417301,Q6150645,Janagaraj,2026-09-28T08:55:59Z
nm0418450,Q240521,Agnès_Jaoui,2026-09-28T08:55:59Z
nm0419473,,,2026-09-28T08:55:59Z
nm0419605,Q28031393,,2026-09-28T08:55:59Z
nm0419633,Q1516734,Ricky_Jay,2026-09-28T08:55:59Z
nm0419677,Q6751173,Manoj_K._Jayan,2026-09-28T08:55:59Z
nm0419688,Q3522919,Jayaram,2026-09-28T08:55:59Z
nm0419741,Q3632820,Smita_Jaykar,2026-09-28T08:55:59Z
nm0420747,Q96223943,Jane_Jenkins,2026-09-28T08:55:59Z
nm0420893,Q333168,Karl_Jenkins,2026-09-28T08:55:59Z
nm0421087,Q275254,Lucinda_Jenney,2026-09-28T08:55:59Z
nm0421891,,,2026-09-28T08:55:59Z
nm0422319,Q15447543,James_Jeter,2026-09-28T08:55:59Z
nm0422638,Q716069,Jiang_Wen,2026-09-28T08:55:59Z
nm0422998,Q283371,Lucía_Jiménez,2026-09-28T08:55:59Z
nm0423158,Q66859142,,2026-09-28T08:55:59Z
nm0423280,Q3179426,Jo_Yeong-wook,2026-09-28T08:55:59Z
nm0424060,Q34436,Scarlett_Johansson,2026-09-28T08:55:59Z
nm0424101,Q22275256,,2026-09-28T08:55:59Z
nm0424103,Q468442,Karan_Johar,2026-09-28T08:55:59Z
nm0424453,Q21562906,,2026-09-28T08:55:59Z
nm0424559,Q1369157,Bart_Johnson,2026-09-28T08:55:59Z
nm0424594,Q4909622,Bill_Johnson_(filmmaker),2026-09-28T08:55:59Z
nm0424660,Q3644586,,2026-09-28T08:55:59Z
nm0424848,Q2315802,Dakota_Johnson,2026-09-28T08:55:59Z
nm0425168,,,2026-09-28T08:55:59Z
nm0425364,Q1688193,Jesse_V._Johnson,2026-09-28T08:55:59Z
nm0425741,Q1279758,Mark_Johnson_(producer),2026-09-28T08:55:59Z
nm0425904,Q3342659,Noel_Johnson,2026-09-28T08:55:59Z
nm0426157,Q1387828,Russell_Johnson,2026-09-28T08:55:59Z
nm0426206,Q7440928,Sean_Cw_Johnson,2026-09-28T08:55:59Z
nm0426665,Q16106999,John_Dennis_Johnston,2026-09-28T08:55:59Z
nm0427136,Q535127,Pierre_Jolivet,2026-09-28T08:55:59Z
nm0427456,Q4732769,Allison_Jones_(casting_director),2026-09-28T08:55:59Z
nm0427638,Q913846,Bridget_Jones_Nelson,2026-09-28T08:55:59Z
nm0428065,Q234447,Felicity_Jones,2026-09-28T08:55:59Z
nm0429069,Q540608,Rashida_Jones,2026-09-28T08:55:59Z
nm0429363,Q342419,Toby_Jones,2026-09-28T08:55:59Z
nm0429645,,,2026-09-28T08:55:59Z
nm0430107,Q3308007,Michael_B._Jordan,2026-09-28T08:55:59Z
nm0430801,Q6751136,Manohar_Shyam_Joshi,2026-09-28T08:55:59Z
nm0431259,Q432879,Dragan_Jovanović_(actor),2026-09-28T08:55:59Z
nm0432429,Q4022738,Jeon_Mi-seon,2026-09-28T08:55:59Z
nm0433339,Q3335584,Nancy_Juvonen,2026-09-28T08:55:59Z
nm0433922,Q1625382,Wi_Kuki_Kaa,2026-09-28T08:55:59Z
nm0434060,Q3380896,Mahmoud_Kabil,2026-09-28T08:55:59Z
nm0434430,Q12276472,,2026-09-28T08:55:59Z
nm0434716,Q7806869,Timo_Kahilainen,2026-09-28T08:55:59Z
nm0434883,Q692550,Michael_Kahn_(film_editor),2026-09-28T08:55:59Z
nm0436722,Q18638845,Jarosław_Kamiński_(film_editor),2026-09-28T08:55:59Z
nm0437093,,,2026-09-28T08:55:59Z
nm0437393,,,2026-09-28T08:55:59Z
nm0437580,Q310252,Takeshi_Kaneshiro,2026-09-28T08:55:59Z
nm0437630,Q837654,Law_Kar-ying,2026-09-28T08:55:59Z
nm0437840,,,2026-09-28T08:55:59Z
nm0438092,Q158558,Dimple_Kapadia,2026-09-28T08:55:59Z
nm0438266,,,2026-09-28T08:55:59Z
nm0438463,Q313956,Anil_Kapoor,2026-09-28T08:55:59Z
nm0438471,Q3630005,Ekta_Kapoor,2026-09-28T08:55:59Z
nm0438501,Q258820,Rishi_Kapoor,2026-09-28T08:55:59Z
nm0438506,Q7499788,Shobha_Kapoor,2026-09-28T08:55:59Z
nm0439308,Q20109435,,2026-09-28T08:55:59Z
nm0439563,Q20684315,Elizabeth_Karlsen,2026-09-28T08:55:59Z
nm0439635,Q96117907,,2026-09-28T08:55:59Z
nm0439767,Q1383621,Marin_Karmitz,2026-09-28T08:55:59Z
nm0439768,Q3336772,Nathanaël_Karmitz,2026-09-28T08:55:59Z
nm0439844,Q3530757,,2026-09-28T08:55:59Z
nm0440017,Q512541,Laura_Karpman,2026-09-28T08:55:59Z
nm0440171,Q5482904,,2026-09-28T08:55:59Z
nm0440259,,,2026-09-28T08:55:59Z
nm0440279,Q59678601,,2026-09-28T08:55:59Z
nm0440459,Q132058,Jonathan_Kasdan,2026-09-28T08:55:59Z
nm0440511,Q727988,Daniel_Kash,2026-09-28T08:55:59Z
nm0440604,Q2839609,Anurag_Kashyap,2026-09-28T08:55:59Z
nm0441030,Q6374806,Kasthuri_Shankar,2026-09-28T08:55:59Z
nm0441964,Q5370793,,2026-09-28T08:55:59Z
nm0442080,Q136447674,,2026-09-28T08:55:59Z
nm0442090,Q4829580,Avy_Kaufman,2026-09-28T08:55:59Z
nm0442479,Q3121114,Satish_Kaushik,2026-09-28T08:55:59Z
nm0442766,Q443712,Kenji_Kawai,2026-09-28T08:55:59Z
nm0443018,,,2026-09-28T08:55:59Z
nm0443478,Q2837727,Allan_Kayser,2026-09-28T08:55:59Z
nm0443582,Q187720,Nicholas_Kazan,2026-09-28T08:55:59Z
nm0444208,Q4767152,Anna_Keaveney,2026-09-28T08:55:59Z
nm0444534,,,2026-09-28T08:55:59Z
nm0444872,Q107392501,,2026-09-28T08:55:59Z
nm0445140,Q3616543,,2026-09-28T08:55:59Z
nm0445843,Q114681297,,2026-09-28T08:55:59Z
nm0446466,,,2026-09-28T08:55:59Z
nm0447513,Q7319715,,2026-09-28T08:55:59Z
nm0448223,Q11777492,,2026-09-28T08:55:59Z
nm0448457,,,2026-09-28T08:55:59Z
nm0448979,,,2026-09-28T08:55:59Z
nm0449201,,,2026-09-28T08:55:59Z
nm0449299,Q7801308,Tig_Notaro,2026-09-28T08:55:59Z
nm0449444,Q139426483,,2026-09-28T08:55:59Z
nm0450005,Q110864442,Myron_Kerstein,2026-09-28T08:55:59Z
nm0450267,,,2026-09-28T08:55:59Z
nm0450381,,,2026-09-28T08:55:59Z
nm0450975,Q558666,Konstantin_Khabensky,2026-09-28T08:55:59Z
nm0451127,Q4495278,,2026-09-28T08:55:59Z
nm0451272,Q6941353,Mushtaq_Khan,2026-09-28T08:55:59Z
nm0451379,Q421581,Akshaye_Khanna,2026-09-28T08:55:59Z
nm0451561,Q7396741,Sachin_Khedekar,2026-09-28T08:55:59Z
nm0451600,Q560163,Anupam_Kher,2026-09-28T08:55:59Z
nm0451787,Q951018,Darius_Khondji,2026-09-28T08:55:59Z
nm0451884,Q264276,Callie_Khouri,2026-09-28T08:55:59Z
nm0452021,Q13634088,Akash_Khurana,2026-09-28T08:55:59Z
nm0452102,Q55210,Abbas_Kiarostami,2026-09-28T08:55:59Z
nm0452123,Q1494809,Gary_B._Kibbe,2026-09-28T08:55:59Z
nm0452190,Q1264126,Gordan_Kičić,2026-09-28T08:55:59Z
nm0452839,Q11619841,,2026-09-28T08:55:59Z
nm0453312,,,2026-09-28T08:55:59Z
nm0453656,Q21005858,Kim_Sang-bum_(film_editor),2026-09-28T08:55:59Z
nm0453808,Q3807815,Jeffrey_L._Kimball,2026-09-28T08:55:59Z
nm0453994,Q4914,Jimmy_Kimmel,2026-09-28T08:55:59Z
nm0454117,Q1139697,Tae_Kimura,2026-09-28T08:55:59Z
nm0454560,,,2026-09-28T08:55:59Z
nm0455057,Q1909222,Matt_King_(comedian),2026-09-28T08:55:59Z
nm0455253,Q1167380,Sandy_King_(producer),2026-09-28T08:55:59Z
nm0455481,Q4567381,Karen_Kingsbury,2026-09-28T08:55:59Z
nm0456077,Q1562315,Güven_Kıraç,2026-09-28T08:55:59Z
nm0456158,Q311607,Jack_Kirby,2026-09-28T08:55:59Z
nm0456562,Q100332191,Tim_Kirk_(filmmaker),2026-09-28T08:55:59Z
nm0456587,Q116949623,,2026-09-28T08:55:59Z
nm0457410,Q7296641,Ravi_Kishan,2026-09-28T08:55:59Z
nm0458005,Q21914406,,2026-09-28T08:55:59Z
nm0458251,Q513632,Cédric_Klapisch,2026-09-28T08:55:59Z
nm0458648,Q87750585,,2026-09-28T08:55:59Z
nm0459705,Q5913891,,2026-09-28T08:55:59Z
nm0459732,Q5914012,Mårten_Klingberg,2026-09-28T08:55:59Z
nm0460008,,,2026-09-28T08:55:59Z
nm0460288,Q2064100,Vincent_Klyn,2026-09-28T08:55:59Z
nm0461149,Q139610,Zachary_Knighton,2026-09-28T08:55:59Z
nm0461306,Q11313,John_Knoll,2026-09-28T08:55:59Z
nm0461712,Q461300,Erik_Knudsen,2026-09-28T08:55:59Z
nm0461774,,,2026-09-28T08:55:59Z
nm0462723,,,2026-09-28T08:55:59Z
nm0462895,Q270178,David_Koepp,2026-09-28T08:55:59Z
nm0463056,,,2026-09-28T08:55:59Z
nm0463359,Q52274711,Abby_Kohn,2026-09-28T08:55:59Z
nm0463539,Q186606,Manisha_Koirala,2026-09-28T08:55:59Z
nm0463592,Q1197212,Kyoko_Koizumi,2026-09-28T08:55:59Z
nm0464595,,,2026-09-28T08:55:59Z
nm0465067,Q8014107,William_Kong,2026-09-28T08:55:59Z
nm0465503,Q531617,Louis_Koo,2026-09-28T08:55:59Z
nm0467451,Q1563233,Vuk_Kostić,2026-09-28T08:55:59Z
nm0467977,Q1564667,Oren_Koules,2026-09-28T08:55:59Z
nm0468048,Q17521763,,2026-09-28T08:55:59Z
nm0468637,Q118126291,,2026-09-28T08:55:59Z
nm0468746,Q435625,Koyuki,2026-09-28T08:55:59Z
nm0470981,Q57614,Thomas_Kretschmann,2026-09-28T08:55:59Z
nm0471447,Q3520429,Ramya_Krishnan,2026-09-28T08:55:59Z
nm0473218,Q110136,Christiane_Krüger,2026-09-28T08:55:59Z
nm0473997,,,2026-09-28T08:55:59Z
nm0474609,Q4818791,Atul_Kulkarni,2026-09-28T08:55:59Z
nm0474697,Q137855674,Cassandra_Kulukundis,2026-09-28T08:55:59Z
nm0474709,Q72979455,Robert_Kulzer,2026-09-28T08:55:59Z
nm0474871,Q7399797,P._Sai_Kumar,2026-09-28T08:55:59Z
nm0475070,Q6444215,Kunchan_(actor),2026-09-28T08:55:59Z
nm0475365,Q1992807,Nina_Kunzendorf,2026-09-28T08:55:59Z
nm0475625,Q1227937,Dirk_Kurbjuweit,2026-09-28T08:55:59Z
nm0475853,Q3273101,Yōsuke_Kuroda,2026-09-28T08:55:59Z
nm0475878,Q1060133,Hitomi_Kuroki,2026-09-28T08:55:59Z
nm0475905,Q53834,Kiyoshi_Kurosawa,2026-09-28T08:55:59Z
nm0477035,Q676051,Corey_Yuen,2026-09-28T08:55:59Z
nm0477099,Q8426451,Kwan_Shan,2026-09-28T08:55:59Z
nm0477129,Q1738629,Ken_Kwapis,2026-09-28T08:55:59Z
nm0477274,Q15895583,,2026-09-28T08:55:59Z
nm0477286,Q2076506,Peter_Kwong_(actor),2026-09-28T08:55:59Z
nm0479779,Q1346807,Patrick_Labyorteaux,2026-09-28T08:55:59Z
nm0479951,Q1381935,Ronald_Lacey,2026-09-28T08:55:59Z
nm0481568,Q3345399,Bappi_Lahiri,2026-09-28T08:55:59Z
nm0482559,Q19303440,,2026-09-28T08:55:59Z
nm0482580,Q724165,Lam_Ching-ying,2026-09-28T08:55:59Z
nm0482628,Q3110914,Gordon_Lam,2026-09-28T08:55:59Z
nm0482695,Q701940,Lam_Suet,2026-09-28T08:55:59Z
nm0482697,Q120442734,,2026-09-28T08:55:59Z
nm0482961,,,2026-09-28T08:55:59Z
nm0483678,Q27237388,,2026-09-28T08:55:59Z
nm0484023,Q3300994,,2026-09-28T08:55:59Z
nm0484123,Q19956396,David_Lancaster_(filmmaker),2026-09-28T08:55:59Z
nm0484504,Q7931899,Vincent_Landay,2026-09-28T08:55:59Z
nm0484970,Q11694880,,2026-09-28T08:55:59Z
nm0484981,Q511993,,2026-09-28T08:55:59Z
nm0485968,Q65116465,,2026-09-28T08:55:59Z
nm0486068,Q2838338,,2026-09-28T08:55:59Z
nm0486130,Q117846395,,2026-09-28T08:55:59Z
nm0486799,Q22946234,,2026-09-28T08:55:59Z
nm0487166,Q975410,Yorgos_Lanthimos,2026-09-28T08:55:59Z
nm0487254,Q1558999,Gérard_Lanvin,2026-09-28T08:55:59Z
nm0487884,Q65106,Alexandra_Maria_Lara,2026-09-28T08:55:59Z
nm0488095,Q1189169,Vincent_Laresca,2026-09-28T08:55:59Z
nm0489162,Q4569397,Chatarina_Larsson,2026-09-28T08:55:59Z
nm0490375,Q1175663,,2026-09-28T08:55:59Z
nm0490489,Q16766,Andy_Lau,2026-09-28T08:55:59Z
nm0490497,Q9299789,Billy_Lau,2026-09-28T08:55:59Z
nm0490513,Q707329,Sean_Lau,2026-09-28T08:55:59Z
nm0490521,Q712077,Damian_Lau,2026-09-28T08:55:59Z
nm0490707,,,2026-09-28T08:55:59Z
nm0491426,Q536623,Lucie_Laurier,2026-09-28T08:55:59Z
nm0491551,Q432892,Žarko_Laušević,2026-09-28T08:55:59Z
nm0491590,Q39972,Ed_Lauter,2026-09-28T08:55:59Z
nm0492249,Q1350195,Konstantin_Lavronenko,2026-09-28T08:55:59Z
nm0492396,Q2357659,Lo_Ta-yu,2026-09-28T08:55:59Z
nm0492909,Q1892718,Marc_Lawrence_(filmmaker),2026-09-28T08:55:59Z
nm0492923,,,2026-09-28T08:55:59Z
nm0493029,Q113459709,,2026-09-28T08:55:59Z
nm0493339,Q15851189,,2026-09-28T08:55:59Z
nm0494043,Q3142630,Hugues_Le_Bars,2026-09-28T08:55:59Z
nm0494264,,,2026-09-28T08:55:59Z
nm0494504,Q2851174,Anne_Le_Ny,2026-09-28T08:55:59Z
nm0494623,Q3063333,FM_Le_Sieur,2026-09-28T08:55:59Z
nm0496055,,,2026-09-28T08:55:59Z
nm0496129,,,2026-09-28T08:55:59Z
nm0497010,,,2026-09-28T08:55:59Z
nm0497231,Q11096663,,2026-09-28T08:55:59Z
nm0497631,Q491318,Lee_Jung-jae,2026-09-28T08:55:59Z
nm0497689,,,2026-09-28T08:55:59Z
nm0497952,,,2026-09-28T08:55:59Z
nm0498165,Q3441360,RonReaco_Lee,2026-09-28T08:55:59Z
nm0498241,Q4215779,Shawn_Lee_(actor),2026-09-28T08:55:59Z
nm0498278,Q181900,Stan_Lee,2026-09-28T08:55:59Z
nm0498449,Q974139,Will_Yun_Lee,2026-09-28T08:55:59Z
nm0499791,Q1364838,Fredric_Lehne,2026-09-28T08:55:59Z
nm0501168,Q3120048,Guillaume_Lemay-Thivierge,2026-09-28T08:55:59Z
nm0501256,Q259940,Valérie_Lemercier,2026-09-28T08:55:59Z
nm0501565,,,2026-09-28T08:55:59Z
nm0502351,Q3341084,Nicole_Marie_Lenz,2026-09-28T08:55:59Z
nm0502954,Q361290,John_R._Leonetti,2026-09-28T08:55:59Z
nm0502970,,,2026-09-28T08:55:59Z
nm0503182,Q119210291,,2026-09-28T08:55:59Z
nm0503548,Q1135790,Cory_Lerios,2026-09-28T08:55:59Z
nm0504320,Q591515,Anton_Lesser,2026-09-28T08:55:59Z
nm0504495,Q1532896,Mark_L._Lester,2026-09-28T08:55:59Z
nm0504899,Q700175,Tony_Leung_Ka-fai,2026-09-28T08:55:59Z
nm0505059,,,2026-09-28T08:55:59Z
nm0505230,Q503907,Jeremy_Leven,2026-09-28T08:55:59Z
nm0505485,Q153670,Primo_Levi,2026-09-28T08:55:59Z
nm0505867,Q3195057,Ken_Levine_(screenwriter),2026-09-28T08:55:59Z
nm0506075,,,2026-09-28T08:55:59Z
nm0506217,Q95668649,,2026-09-28T08:55:59Z
nm0506634,Q17127581,,2026-09-28T08:55:59Z
nm0506802,Q933562,Ben_Lewin,2026-09-28T08:55:59Z
nm0506991,Q139715507,,2026-09-28T08:55:59Z
nm0507010,Q110508677,,2026-09-28T08:55:59Z
nm0507161,Q24257011,Ellen_Lewis,2026-09-28T08:55:59Z
nm0507347,Q125179616,Jenny_Lewis_(casting_director),2026-09-28T08:55:59Z
nm0507913,Q3194132,Katia_Lewkowicz,2026-09-28T08:55:59Z
nm0508373,Q8982049,,2026-09-28T08:55:59Z
nm0508579,,,2026-09-28T08:55:59Z
nm0508732,Q617690,Matthew_Libatique,2026-09-28T08:55:59Z
nm0508988,,,2026-09-28T08:55:59Z
nm0509490,,,2026-09-28T08:55:59Z
nm0509870,Q563699,Luciano_Ligabue,2026-09-28T08:55:59Z
nm0510330,,,2026-09-28T08:55:59Z
nm0510935,Q11172674,,2026-09-28T08:55:59Z
nm0511186,Q95714308,,2026-09-28T08:55:59Z
nm0511859,Q76937268,,2026-09-28T08:55:59Z
nm0511979,Q709086,John_Lindley_(cinematographer),2026-09-28T08:55:59Z
nm0512328,,,2026-09-28T08:55:59Z
nm0512543,Q47012516,,2026-09-28T08:55:59Z
nm0513021,Q1366440,Mark_Linn-Baker,2026-09-28T08:55:59Z
nm0513373,,,2026-09-28T08:55:59Z
nm0514998,Q1142931,Ray_Lui,2026-09-28T08:55:59Z
nm0515123,Q712936,Eric_Lively,2026-09-28T08:55:59Z
nm0515128,Q900783,Jason_Lively,2026-09-28T08:55:59Z
nm0516056,,,2026-09-28T08:55:59Z
nm0516316,Q707282,Lo_Lieh,2026-09-28T08:55:59Z
nm0516319,Q701911,Lowell_Lo,2026-09-28T08:55:59Z
nm0517235,,,2026-09-28T08:55:59Z
nm0517506,Q267184,Annie_Ross,2026-09-28T08:55:59Z
nm0517589,Q384004,John_Logan_(writer),2026-09-28T08:55:59Z
nm0517844,Q4518,Alison_Lohman,2026-09-28T08:55:59Z
nm0518669,,,2026-09-28T08:55:59Z
nm0518715,Q1376690,Jason_London,2026-09-28T08:55:59Z
nm0518757,Q6832300,Michael_London,2026-09-28T08:55:59Z
nm0519434,Q1250139,Robert_Longo,2026-09-28T08:55:59Z
nm0519456,Q163263,Eva_Longoria,2026-09-28T08:55:59Z
nm0520064,Q73035,George_Lopez,2026-09-28T08:55:59Z
nm0520265,Q3788163,Rodrigo_Lopresti,2026-09-28T08:55:59Z
nm0520770,,,2026-09-28T08:55:59Z
nm0521051,Q3169522,Jean-Pierre_Lorit,2026-09-28T08:55:59Z
nm0521087,Q3760586,,2026-09-28T08:55:59Z
nm0521482,,,2026-09-28T08:55:59Z
nm0521858,Q7881233,Daniel_Louis,2026-09-28T08:55:59Z
nm0522454,Q169566,H._P._Lovecraft,2026-09-28T08:55:59Z
nm0523381,Q95701000,,2026-09-28T08:55:59Z
nm0523415,Q14145518,Loy_Mendonsa,2026-09-28T08:55:59Z
nm0524197,Q53651,Josh_Lucas,2026-09-28T08:55:59Z
nm0524528,Q620118,Fabrice_Luchini,2026-09-28T08:55:59Z
nm0525023,Q21714340,Karen_Ludwig_(actress),2026-09-28T08:55:59Z
nm0525601,Q609316,Keye_Luke,2026-09-28T08:55:59Z
nm0525921,Q254886,Joanna_Lumley,2026-09-28T08:55:59Z
nm0526019,Q313044,Diego_Luna,2026-09-28T08:55:59Z
nm0526695,Q6704261,Lung_Fong,2026-09-28T08:55:59Z
nm0526712,Q11180487,,2026-09-28T08:55:59Z
nm0526860,Q133302274,,2026-09-28T08:55:59Z
nm0526874,Q526580,Andy_Luotto,2026-09-28T08:55:59Z
nm0527095,,,2026-09-28T08:55:59Z
nm0528391,,,2026-09-28T08:55:59Z
nm0528485,,,2026-09-28T08:55:59Z
nm0529099,,,2026-09-28T08:55:59Z
nm0529591,Q746932,Pascal_Légitimus,2026-09-28T08:55:59Z
nm0530316,Q20100990,,2026-09-28T08:55:59Z
nm0531546,Q608022,Simon_MacCorkindale,2026-09-28T08:55:59Z
nm0531722,Q5525560,Gary_McDonald_(actor),2026-09-28T08:55:59Z
nm0531933,Q528276,Shauna_Macdonald_(Scottish_actress),2026-09-28T08:55:59Z
nm0532193,Q314954,Matthew_Macfadyen,2026-09-28T08:55:59Z
nm0532683,Q320651,Gabriel_Macht,2026-09-28T08:55:59Z
nm0532698,,,2026-09-28T08:55:59Z
nm0532866,,,2026-09-28T08:55:59Z
nm0533439,Q113669899,Amanda_Mackey,2026-09-28T08:55:59Z
nm0533564,Q3106623,Gillies_MacKinnon,2026-09-28T08:55:59Z
nm0534543,Q4216222,Marianne_Maddalena,2026-09-28T08:55:59Z
nm0534852,Q24053571,Nandu_Madhav,2026-09-28T08:55:59Z
nm0534858,Q3595617,Kavya_Madhavan,2026-09-28T08:55:59Z
nm0536582,Q106900514,Hugh_Maguire_(actor),2026-09-28T08:55:59Z
nm0536708,Q2049494,Shankar_Mahadevan,2026-09-28T08:55:59Z
nm0537892,Q119930103,Francine_Maisler,2026-09-28T08:55:59Z
nm0537977,Q55631017,Rabiranjan_Maitra,2026-09-28T08:55:59Z
nm0538532,Q55211,Mohsen_Makhmalbaf,2026-09-28T08:55:59Z
nm0538755,Q31183405,,2026-09-28T08:55:59Z
nm0539156,,,2026-09-28T08:55:59Z
nm0539482,Q2726627,Annet_Malherbe,2026-09-28T08:55:59Z
nm0539497,Q7155518,Pavan_Malhotra,2026-09-28T08:55:59Z
nm0540075,Q6196585,Jim_Mallon,2026-09-28T08:55:59Z
nm0541136,Q2369235,Pyotr_Mamonov,2026-09-28T08:55:59Z
nm0542062,Q6789004,Matt_Manfredi,2026-09-28T08:55:59Z
nm0542157,Q90693152,,2026-09-28T08:55:59Z
nm0542343,Q5957703,Kalabhavan_Mani,2026-09-28T08:55:59Z
nm0542493,Q16195217,Justin_Monjo,2026-09-28T08:55:59Z
nm0542498,Q3089275,Mahesh_Manjrekar,2026-09-28T08:55:59Z
nm0543383,Q237669,Taryn_Manning,2026-09-28T08:55:59Z
nm0543657,Q11149203,Paulina_Manov,2026-09-28T08:55:59Z
nm0543739,Q297232,Clint_Mansell,2026-09-28T08:55:59Z
nm0544718,Q231249,Kate_Mara,2026-09-28T08:55:59Z
nm0545838,Q2848242,André_Marcon,2026-09-28T08:55:59Z
nm0547713,Q114183330,,2026-09-28T08:55:59Z
nm0548257,Q1808004,Laurence_Mark,2026-09-28T08:55:59Z
nm0548664,Q299979,Olivera_Marković,2026-09-28T08:55:59Z
nm0548943,Q976609,Richard_Marks,2026-09-28T08:55:59Z
nm0549436,Q3784116,,2026-09-28T08:55:59Z
nm0549570,,,2026-09-28T08:55:59Z
nm0549686,Q95745840,,2026-09-28T08:55:59Z
nm0550371,Q45647,Eddie_Marsan,2026-09-28T08:55:59Z
nm0551185,,,2026-09-28T08:55:59Z
nm0551766,Q2375099,,2026-09-28T08:55:59Z
nm0552275,,,2026-09-28T08:55:59Z
nm0552455,,,2026-09-28T08:55:59Z
nm0553106,Q5978061,,2026-09-28T08:55:59Z
nm0555093,Q950998,Fele_Martínez,2026-09-28T08:55:59Z
nm0555424,Q95753759,,2026-09-28T08:55:59Z
nm0556343,Q1081714,Vladimir_Mashkov,2026-09-28T08:55:59Z
nm0556965,Q139439248,,2026-09-28T08:55:59Z
nm0557608,Q88387052,,2026-09-28T08:55:59Z
nm0557609,Q1052746,Valerio_Mastandrea,2026-09-28T08:55:59Z
nm0557780,,,2026-09-28T08:55:59Z
nm0557870,Q166318,Ruggero_Mastroianni,2026-09-28T08:55:59Z
nm0558577,Q325130,Richard_Matheson,2026-09-28T08:55:59Z
nm0558726,Q3063036,Thom_Mathews,2026-09-28T08:55:59Z
nm0559430,Q684967,Ryuhei_Matsuda,2026-09-28T08:55:59Z
nm0559613,Q11529633,,2026-09-28T08:55:59Z
nm0559664,Q9005667,Yuki_Matsushita_(actress),2026-09-28T08:55:59Z
nm0559804,Q2160178,,2026-09-28T08:55:59Z
nm0559879,Q720531,Charles_Matthau,2026-09-28T08:55:59Z
nm0559977,Q1157743,Dakin_Matthews,2026-09-28T08:55:59Z
nm0560412,Q5102894,André_Mattos,2026-09-28T08:55:59Z
nm0560864,Q7490149,Sharon_Maughan,2026-09-28T08:55:59Z
nm0560945,Q423597,Armistead_Maupin,2026-09-28T08:55:59Z
nm0560962,Q234807,Carmen_Maura,2026-09-28T08:55:59Z
nm0561033,,,2026-09-28T08:55:59Z
nm0561158,Q2975084,Claire_Maurier,2026-09-28T08:55:59Z
nm0561430,Q60922953,Yorgos_Mavropsaridis,2026-09-28T08:55:59Z
nm0562003,Q256402,Jodhi_May,2026-09-28T08:55:59Z
nm0562762,,,2026-09-28T08:55:59Z
nm0563604,Q100165768,,2026-09-28T08:55:59Z
nm0564109,,,2026-09-28T08:55:59Z
nm0564559,Q527022,Andy_Phillip,2026-09-28T08:55:59Z
nm0564586,Q1631868,,2026-09-28T08:55:59Z
nm0564760,,,2026-09-28T08:55:59Z
nm0564970,Q332530,Leo_McCarey,2026-09-28T08:55:59Z
nm0565056,,,2026-09-28T08:55:59Z
nm0565157,Q95733977,Jeanne_McCarthy,2026-09-28T08:55:59Z
nm0565366,Q191842,Jesse_McCartney,2026-09-28T08:55:59Z
nm0566699,Q7926158,Victor_Miller_(writer),2026-09-28T08:55:59Z
nm0567055,,,2026-09-28T08:55:59Z
nm0567332,Q113494186,,2026-09-28T08:55:59Z
nm0567720,,,2026-09-28T08:55:59Z
nm0568400,Q5982285,Ian_McElhinney,2026-09-28T08:55:59Z
nm0569000,Q1150547,Darren_McGavin,2026-09-28T08:55:59Z
nm0569651,Q6139343,James_McGowan_(actor),2026-09-28T08:55:59Z
nm0570570,Q552162,Tim_McInnerny,2026-09-28T08:55:59Z
nm0570615,Q1277934,John_McIntire,2026-09-28T08:55:59Z
nm0571353,,,2026-09-28T08:55:59Z
nm0571407,,,2026-09-28T08:55:59Z
nm0571549,Q635154,Julia_McKenzie,2026-09-28T08:55:59Z
nm0572261,Q7364157,Ron_McLarty,2026-09-28T08:55:59Z
nm0572951,Q730985,Tom_McLoughlin,2026-09-28T08:55:59Z
nm0574590,,,2026-09-28T08:55:59Z
nm0574803,Q95738593,,2026-09-28T08:55:59Z
nm0575468,Q456596,Elli_Medeiros,2026-09-28T08:55:59Z
nm0576751,Q18225361,,2026-09-28T08:55:59Z
nm0577293,,,2026-09-28T08:55:59Z
nm0577818,Q1819353,Beppie_Melissen,2026-09-28T08:55:59Z
nm0578080,Q4289700,Selton_Mello,2026-09-28T08:55:59Z
nm0578444,,,2026-09-28T08:55:59Z
nm0578538,Q546405,Mike_Melvoin,2026-09-28T08:55:59Z
nm0578853,Q816565,Ben_Mendelsohn,2026-09-28T08:55:59Z
nm0579148,Q808673,,2026-09-28T08:55:59Z
nm0579595,Q4717487,Alex_Menglet,2026-09-28T08:55:59Z
nm0579756,Q4907283,Biju_Menon,2026-09-28T08:55:59Z
nm0579766,Q7286243,Rajiv_Menon,2026-09-28T08:55:59Z
nm0579840,Q6069468,Irfan_Mensur,2026-09-28T08:55:59Z
nm0580101,Q983159,Kad_Merad,2026-09-28T08:55:59Z
nm0580255,,,2026-09-28T08:55:59Z
nm0580526,Q3856932,Micole_Mercurio,2026-09-28T08:55:59Z
nm0580679,Q6267278,Johnny_Meres,2026-09-28T08:55:59Z
nm0580944,Q6811319,Melanie_Merkosky,2026-09-28T08:55:59Z
nm0581016,,,2026-09-28T08:55:59Z
nm0581312,Q136812702,,2026-09-28T08:55:59Z
nm0582257,Q718366,Johnny_Messner_(actor),2026-09-28T08:55:59Z
nm0582529,,,2026-09-28T08:55:59Z
nm0582797,Q25848711,,2026-09-28T08:55:59Z
nm0583292,Q8312,Nicholas_Meyer,2026-09-28T08:55:59Z
nm0583681,Q3124178,,2026-09-28T08:55:59Z
nm0584483,,,2026-09-28T08:55:59Z
nm0584492,,,2026-09-28T08:55:59Z
nm0585737,Q10321344,,2026-09-28T08:55:59Z
nm0586568,Q294647,Mads_Mikkelsen,2026-09-28T08:55:59Z
nm0586994,Q359873,Andy_Milder,2026-09-28T08:55:59Z
nm0587692,Q1074029,Miles_Millar,2026-09-28T08:55:59Z
nm0588010,Q135206697,,2026-09-28T08:55:59Z
nm0588723,,,2026-09-28T08:55:59Z
nm0588777,Q943028,Larry_Miller_(comedian),2026-09-28T08:55:59Z
nm0588998,Q11778387,,2026-09-28T08:55:59Z
nm0590471,Q96196164,,2026-09-28T08:55:59Z
nm0592294,Q12279687,,2026-09-28T08:55:59Z
nm0592427,Q17679551,,2026-09-28T08:55:59Z
nm0592428,Q131929569,,2026-09-28T08:55:59Z
nm0592701,,,2026-09-28T08:55:59Z
nm0592734,Q62604865,Sara_Mishara,2026-09-28T08:55:59Z
nm0593262,Q64172378,,2026-09-28T08:55:59Z
nm0593911,Q1324264,Michie_Tomizawa,2026-09-28T08:55:59Z
nm0594016,,,2026-09-28T08:55:59Z
nm0594073,Q873908,Ken_Mitsuishi,2026-09-28T08:55:59Z
nm0594074,Q18735,Kotono_Mitsuishi,2026-09-28T08:55:59Z
nm0594226,Q1074429,Michael_Miu,2026-09-28T08:55:59Z
nm0594956,Q3092547,Félix_Moati,2026-09-28T08:55:59Z
nm0595277,,,2026-09-28T08:55:59Z
nm0595771,Q3697550,,2026-09-28T08:55:59Z
nm0595897,Q6893516,Mohan_(actor),2026-09-28T08:55:59Z
nm0596101,,,2026-09-28T08:55:59Z
nm0596112,,,2026-09-28T08:55:59Z
nm0596113,,,2026-09-28T08:55:59Z
nm0596520,Q1385337,Gerald_R._Molen,2026-09-28T08:55:59Z
nm0596588,Q3336638,Nathalie_Moliavko-Visotzky,2026-09-28T08:55:59Z
nm0596789,Q7360573,Rolando_Molina,2026-09-28T08:55:59Z
nm0597480,Q152165,Dominic_Monaghan,2026-09-28T08:55:59Z
nm0597493,Q3354503,Marjorie_Monaghan,2026-09-28T08:55:59Z
nm0598282,Q125504578,,2026-09-28T08:55:59Z
nm0598443,Q867434,Cinzia_Monreale,2026-09-28T08:55:59Z
nm0599573,Q6832874,Michael_Montes,2026-09-28T08:55:59Z
nm0599905,,,2026-09-28T08:55:59Z
nm0600837,Q1507925,,2026-09-28T08:55:59Z
nm0601954,Q72749573,,2026-09-28T08:55:59Z
nm0602772,,,2026-09-28T08:55:59Z
nm0602931,Q1933397,Michael_Moran_(music_producer),2026-09-28T08:55:59Z
nm0603090,Q542061,Laura_Morante,2026-09-28T08:55:59Z
nm0604349,Q78641,Tobias_Moretti,2026-09-28T08:55:59Z
nm0604784,Q313462,Joseph_Morgan_(actor),2026-09-28T08:55:59Z
nm0604948,Q948122,Peter_Morgan,2026-09-28T08:55:59Z
nm0605365,Q3359473,P._H._Moriarty,2026-09-28T08:55:59Z
nm0605668,Q11539195,Aiko_Morishita,2026-09-28T08:55:59Z
nm0605775,Q928022,Neal_H._Moritz,2026-09-28T08:55:59Z
nm0606210,,,2026-09-28T08:55:59Z
nm0606742,,,2026-09-28T08:55:59Z
nm0607325,Q529851,Temuera_Morrison,2026-09-28T08:55:59Z
nm0607504,Q1686347,Jeff_Morrow,2026-09-28T08:55:59Z
nm0608012,Q459007,Joe_Morton,2026-09-28T08:55:59Z
nm0608090,Q230190,Samantha_Morton,2026-09-28T08:55:59Z
nm0608405,Q862342,Bill_Moseley,2026-09-28T08:55:59Z
nm0609114,Q1279993,Ebon_Moss-Bachrach,2026-09-28T08:55:59Z
nm0609662,Q270146,Anna_Mouglalis,2026-09-28T08:55:59Z
nm0609706,Q7668653,T._S._B._K._Moulee,2026-09-28T08:55:59Z
nm0610459,Q316622,Stephen_Moyer,2026-09-28T08:55:59Z
nm0611064,,,2026-09-28T08:55:59Z
nm0611315,Q232621,Anita_Mui,2026-09-28T08:55:59Z
nm0611481,Q277422,Mukesh_(actor),2026-09-28T08:55:59Z
nm0611683,Q436829,Russell_Mulcahy,2026-09-28T08:55:59Z
nm0611983,Q26997122,April_Mullen,2026-09-28T08:55:59Z
nm0613240,Q7970400,Warren_Munson,2026-09-28T08:55:59Z
nm0614373,Q1701175,John_Murphy_(composer),2026-09-28T08:55:59Z
nm0614436,Q2594562,Kevin_Murphy_(actor),2026-09-28T08:55:59Z
nm0614526,Q492789,Michael_Murphy_(actor),2026-09-28T08:55:59Z
nm0614751,Q731619,Timothy_Patrick_Murphy,2026-09-28T08:55:59Z
nm0614861,,,2026-09-28T08:55:59Z
nm0616141,Q95875959,,2026-09-28T08:55:59Z
nm0617009,Q229156,Sophia_Myles,2026-09-28T08:55:59Z
nm0617031,Q16988853,,2026-09-28T08:55:59Z
nm0617407,Q10831873,Aleksi_Mäkelä_(director),2026-09-28T08:55:59Z
nm0617705,Q531208,Margaret_Ménégoz,2026-09-28T08:55:59Z
nm0617852,Q74258,Wotan_Wilke_Möhring,2026-09-28T08:55:59Z
nm0618574,Q2098106,Gijs_Naber,2026-09-28T08:55:59Z
nm0618918,Q464950,Nadira_(Indian_actress),2026-09-28T08:55:59Z
nm0619178,Q253900,Masami_Nagasawa,2026-09-28T08:55:59Z
nm0619309,Q1022530,Nagesh,2026-09-28T08:55:59Z
nm0619585,Q79072816,,2026-09-28T08:55:59Z
nm0619655,Q5105372,Chota_K._Naidu,2026-09-28T08:55:59Z
nm0620017,Q540366,Kazuya_Nakai,2026-09-28T08:55:59Z
nm0620243,Q7688362,Tatsuya_Nakamura,2026-09-28T08:55:59Z
nm0620378,Q533492,Hideo_Nakata,2026-09-28T08:55:59Z
nm0621829,Q47798932,Peter_Nashel,2026-09-28T08:55:59Z
nm0621937,Q3521977,Nassar_(actor),2026-09-28T08:55:59Z
nm0622897,Q1314113,Guillermo_Navarro,2026-09-28T08:55:59Z
nm0623783,Q1624891,Holly_Near,2026-09-28T08:55:59Z
nm0625054,,,2026-09-28T08:55:59Z
nm0625621,Q674380,Michael_J._Nelson,2026-09-28T08:55:59Z
nm0625985,Q4317001,Anastasiya_Nemolyaeva,2026-09-28T08:55:59Z
nm0626090,Q1066412,Jack_Neo,2026-09-28T08:55:59Z
nm0626161,Q10374159,Stepan_Nercessian,2026-09-28T08:55:59Z
nm0626512,Q95751503,,2026-09-28T08:55:59Z
nm0627589,,,2026-09-28T08:55:59Z
nm0628226,Q3376856,Peter_Newman_(film_producer),2026-09-28T08:55:59Z
nm0628304,Q4013055,Vincent_Newman,2026-09-28T08:55:59Z
nm0628420,Q11836448,Paula_Newsome,2026-09-28T08:55:59Z
nm0628601,Q229029,Thandiwe_Newton,2026-09-28T08:55:59Z
nm0628727,Q4891405,Berg_Ng,2026-09-28T08:55:59Z
nm0628779,Q21290544,,2026-09-28T08:55:59Z
nm0628806,Q707229,Ng_Man-tat,2026-09-28T08:55:59Z
nm0628955,Q312364,Haing_S._Ngor,2026-09-28T08:55:59Z
nm0629634,Q6483378,Lance_E._Nichols,2026-09-28T08:55:59Z
nm0629950,,,2026-09-28T08:55:59Z
nm0630313,,,2026-09-28T08:55:59Z
nm0630415,Q93439134,,2026-09-28T08:55:59Z
nm0631490,Q207179,Bill_Nighy,2026-09-28T08:55:59Z
nm0631506,Q5110839,Christina_Nigra,2026-09-28T08:55:59Z
nm0631636,,,2026-09-28T08:55:59Z
nm0632165,Q6009763,Bengt_Nilsson_(actor),2026-09-28T08:55:59Z
nm0632475,Q7541171,Slobodan_Ninković,2026-09-28T08:55:59Z
nm0633347,Q65195636,,2026-09-28T08:55:59Z
nm0633551,,,2026-09-28T08:55:59Z
nm0634282,Q442980,Jeanette_Nolan,2026-09-28T08:55:59Z
nm0636142,Q74071333,,2026-09-28T08:55:59Z
nm0636603,Q125697197,,2026-09-28T08:55:59Z
nm0637128,,,2026-09-28T08:55:59Z
nm0637497,Q1421616,Marti_Noxon,2026-09-28T08:55:59Z
nm0638485,,,2026-09-28T08:55:59Z
nm0638762,Q526886,Andy_Nyman,2026-09-28T08:55:59Z
nm0638910,Q287329,Lene_Nystrøm,2026-09-28T08:55:59Z
nm0639321,Q498430,Dan_O'Bannon,2026-09-28T08:55:59Z
nm0639385,Q727086,Hugh_O'Brian,2026-09-28T08:55:59Z
nm0639983,Q4961036,Brendan_O'Carroll,2026-09-28T08:55:59Z
nm0640129,,,2026-09-28T08:55:59Z
nm0640193,Q4758143,Andrew_O'Connor_(actor),2026-09-28T08:55:59Z
nm0640413,Q721195,Kevin_J._O'Connor_(actor),2026-09-28T08:55:59Z
nm0640572,Q100333164,,2026-09-28T08:55:59Z
nm0641610,Q549308,Matt_O'Leary,2026-09-28T08:55:59Z
nm0641713,Q4819161,Daragh_O'Malley,2026-09-28T08:55:59Z
nm0641859,Q18419761,Lochlann_Ó_Mearáin,2026-09-28T08:55:59Z
nm0642675,Q2741618,Milo_O'Shea,2026-09-28T08:55:59Z
nm0643479,,,2026-09-28T08:55:59Z
nm0643555,,,2026-09-28T08:55:59Z
nm0644283,Q2430416,Reinout_Oerlemans,2026-09-28T08:55:59Z
nm0644406,Q1985488,Nick_Offerman,2026-09-28T08:55:59Z
nm0644685,Q446055,Pascale_Ogier,2026-09-28T08:55:59Z
nm0644799,Q3046801,Nivek_Ogre,2026-09-28T08:55:59Z
nm0644858,Q139266869,,2026-09-28T08:55:59Z
nm0644897,Q40337,Sandra_Oh,2026-09-28T08:55:59Z
nm0645766,Q2256932,Satoko_Okudera,2026-09-28T08:55:59Z
nm0645785,Q3573137,Yuji_Okumoto,2026-09-28T08:55:59Z
nm0647634,Q234644,Elizabeth_Olsen,2026-09-28T08:55:59Z
nm0648249,Q309835,Timothy_Olyphant,2026-09-28T08:55:59Z
nm0648366,Q91351865,,2026-09-28T08:55:59Z
nm0648913,Q266804,Lupe_Ontiveros,2026-09-28T08:55:59Z
nm0649223,Q1396117,Jeannine_Oppewall,2026-09-28T08:55:59Z
nm0652965,,,2026-09-28T08:55:59Z
nm0653500,Q6169798,Jean-Paul_Ouellette,2026-09-28T08:55:59Z
nm0654365,Q3098600,Gary_Owens,2026-09-28T08:55:59Z
nm0654545,Q4971572,,2026-09-28T08:55:59Z
nm0655053,Q27870243,Sergio_Pablos,2026-09-28T08:55:59Z
nm0656065,,,2026-09-28T08:55:59Z
nm0656091,Q75521838,,2026-09-28T08:55:59Z
nm0656199,Q21094977,,2026-09-28T08:55:59Z
nm0656929,Q2050378,Josh_Pais,2026-09-28T08:55:59Z
nm0657794,,,2026-09-28T08:55:59Z
nm0658041,Q266626,Rossy_de_Palma,2026-09-28T08:55:59Z
nm0659233,Q3676086,Chunky_Panday,2026-09-28T08:55:59Z
nm0659235,Q5711029,Hemant_Pandey,2026-09-28T08:55:59Z
nm0659274,Q3679866,Claudia_Pandolfi,2026-09-28T08:55:59Z
nm0659325,Q2150333,,2026-09-28T08:55:59Z
nm0659373,Q4685264,Adrian_Pang,2026-09-28T08:55:59Z
nm0659388,Q113462878,,2026-09-28T08:55:59Z
nm0660661,Q1406715,,2026-09-28T08:55:59Z
nm0661238,Q4759336,Andrij_Parekh,2026-09-28T08:55:59Z
nm0661912,Q4586742,Nira_Park,2026-09-28T08:55:59Z
nm0662029,Q4707481,Alan_Parker_(musician),2026-09-28T08:55:59Z
nm0662160,Q5170422,Corey_Parker_(actor),2026-09-28T08:55:59Z
nm0662404,Q113990963,,2026-09-28T08:55:59Z
nm0662748,Q1971768,Walter_F._Parkes,2026-09-28T08:55:59Z
nm0663002,,,2026-09-28T08:55:59Z
nm0663401,,,2026-09-28T08:55:59Z
nm0663603,Q42329398,,2026-09-28T08:55:59Z
nm0664582,Q448929,Władysław_Pasikowski,2026-09-28T08:55:59Z
nm0664667,Q3547630,Uberto_Pasolini,2026-09-28T08:55:59Z
nm0665052,Q113773556,José_Pastor_(actor),2026-09-28T08:55:59Z
nm0665188,Q534821,Jonny_Pasvolsky,2026-09-28T08:55:59Z
nm0665235,Q230123,Elsa_Pataky,2026-09-28T08:55:59Z
nm0666155,,,2026-09-28T08:55:59Z
nm0666256,Q22069517,Jay_Patterson,2026-09-28T08:55:59Z
nm0666702,Q180029,Peter_Pau,2026-09-28T08:55:59Z
nm0667330,Q22089224,,2026-09-28T08:55:59Z
nm0669366,,,2026-09-28T08:55:59Z
nm0669629,Q888194,Bob_Peck,2026-09-28T08:55:59Z
nm0670447,Q2584326,Mary_Jo_Pehl,2026-09-28T08:55:59Z
nm0670893,Q7910998,Valentine_Pelka,2026-09-28T08:55:59Z
nm0671032,Q326444,Mark_Pellegrino,2026-09-28T08:55:59Z
nm0671518,,,2026-09-28T08:55:59Z
nm0671567,Q359488,Michael_Peña,2026-09-28T08:55:59Z
nm0671844,Q2865970,Artus_de_Penguern,2026-09-28T08:55:59Z
nm0672786,Q3479482,,2026-09-28T08:55:59Z
nm0673260,Q6757657,Marco_Perella,2026-09-28T08:55:59Z
nm0673824,Q9076216,Sergio_Peris-Mencheta,2026-09-28T08:55:59Z
nm0674816,Q460423,Claude_Perron,2026-09-28T08:55:59Z
nm0675294,Q121079582,,2026-09-28T08:55:59Z
nm0675478,Q6042462,Peter_Perski,2026-09-28T08:55:59Z
nm0675569,,,2026-09-28T08:55:59Z
nm0675608,Q515579,Jörgen_Persson_(cinematographer),2026-09-28T08:55:59Z
nm0675864,Q3830265,Leo_Pescarolo,2026-09-28T08:55:59Z
nm0676582,Q101114431,,2026-09-28T08:55:59Z
nm0676619,Q25288778,,2026-09-28T08:55:59Z
nm0677471,Q328503,Torkel_Petersson,2026-09-28T08:55:59Z
nm0677578,Q81478712,,2026-09-28T08:55:59Z
nm0677758,Q782043,Sandro_Petraglia,2026-09-28T08:55:59Z
nm0678261,Q12751107,Dragan_Petrović,2026-09-28T08:55:59Z
nm0679353,,,2026-09-28T08:55:59Z
nm0679826,Q1989592,Nigel_Phelps,2026-09-28T08:55:59Z
nm0681519,Q3897835,,2026-09-28T08:55:59Z
nm0681980,,,2026-09-28T08:55:59Z
nm0682030,Q234443,Jodi_Picoult,2026-09-28T08:55:59Z
nm0683477,Q6750290,Maniyanpilla_Raju,2026-09-28T08:55:59Z
nm0684500,Q38554,Dominique_Pinon,2026-09-28T08:55:59Z
nm0684534,,,2026-09-28T08:55:59Z
nm0685472,Q2474995,Joe_Piscopo,2026-09-28T08:55:59Z
nm0685639,Q2934814,Camila_Pitanga,2026-09-28T08:55:59Z
nm0685856,Q352540,Michael_Pitt,2026-09-28T08:55:59Z
nm0686014,Q26197473,,2026-09-28T08:55:59Z
nm0686225,,,2026-09-28T08:55:59Z
nm0686673,,,2026-09-28T08:55:59Z
nm0686879,,,2026-09-28T08:55:59Z
nm0687146,Q1138674,Jesse_Plemons,2026-09-28T08:55:59Z
nm0687321,Q1508079,George_Plimpton,2026-09-28T08:55:59Z
nm0687667,,,2026-09-28T08:55:59Z
nm0687914,Q1187592,Denis_Podalydès,2026-09-28T08:55:59Z
nm0688160,,,2026-09-28T08:55:59Z
nm0688264,Q2090275,Michael_Poghosyan,2026-09-28T08:55:59Z
nm0688939,,,2026-09-28T08:55:59Z
nm0689264,Q107603298,,2026-09-28T08:55:59Z
nm0689269,Q16117374,Vic_Polizos,2026-09-28T08:55:59Z
nm0689320,Q7197001,Piotr_Polk,2026-09-28T08:55:59Z
nm0689785,Q124161527,,2026-09-28T08:55:59Z
nm0690422,Q13022964,,2026-09-28T08:55:59Z
nm0690602,Q1893879,Marco_Pontecorvo,2026-09-28T08:55:59Z
nm0690798,Q7349411,Robert_Roy_Pool,2026-09-28T08:55:59Z
nm0690940,Q110272795,Hang_Sang_Poon,2026-09-28T08:55:59Z
nm0692586,Q7232984,Posani_Krishna_Murali,2026-09-28T08:55:59Z
nm0693085,Q4374732,Yuri_Poteyenko,2026-09-28T08:55:59Z
nm0693288,Q111549341,,2026-09-28T08:55:59Z
nm0693364,Q17417501,Tim_Potter,2026-09-28T08:55:59Z
nm0693956,Q6271402,Jon_Povill,2026-09-28T08:55:59Z
nm0694173,Q313540,John_Powell_(film_composer),2026-09-28T08:55:59Z
nm0694826,Q117864595,,2026-09-28T08:55:59Z
nm0694900,Q13121827,Savita_Prabhune,2026-09-28T08:55:59Z
nm0695177,Q1322453,Prakash_Raj,2026-09-28T08:55:59Z
nm0695252,Q3177812,A._Sreekar_Prasad,2026-09-28T08:55:59Z
nm0695286,Q3534190,Prashanth,2026-09-28T08:55:59Z
nm0695435,Q503706,Chris_Pratt,2026-09-28T08:55:59Z
nm0695609,Q235759,Ruth_Prawer_Jhabvala,2026-09-28T08:55:59Z
nm0696161,Q3113268,Graham_Preskett,2026-09-28T08:55:59Z
nm0697062,Q450245,Molly_Price,2026-09-28T08:55:59Z
nm0697572,Q7282265,Rafael_Primorac,2026-09-28T08:55:59Z
nm0697733,Q329456,William_Prince_(actor),2026-09-28T08:55:59Z
nm0697785,Q263095,Andrew_Prine,2026-09-28T08:55:59Z
nm0697960,Q16636958,Susan_Prior,2026-09-28T08:55:59Z
nm0698184,Q3115713,Priyadarshan,2026-09-28T08:55:59Z
nm0698271,Q3034759,Domenico_Procacci,2026-09-28T08:55:59Z
nm0698634,Q546822,Nina_Proll,2026-09-28T08:55:59Z
nm0698832,Q28370171,François_Protat,2026-09-28T08:55:59Z
nm0699386,,,2026-09-28T08:55:59Z
nm0699432,,,2026-09-28T08:55:59Z
nm0699971,Q20731373,,2026-09-28T08:55:59Z
nm0700216,,,2026-09-28T08:55:59Z
nm0700497,,,2026-09-28T08:55:59Z
nm0700687,Q3595522,Archana_Puran_Singh,2026-09-28T08:55:59Z
nm0700872,Q7261235,Puri_Jagannadh,2026-09-28T08:55:59Z
nm0700875,Q80309,Om_Puri,2026-09-28T08:55:59Z
nm0701077,Q109866589,Cynthia_Pusheck,2026-09-28T08:55:59Z
nm0702466,Q3219466,,2026-09-28T08:55:59Z
nm0702467,Q3311677,,2026-09-28T08:55:59Z
nm0702555,Q5405849,,2026-09-28T08:55:59Z
nm0703939,Q36195,Molly_C._Quinn,2026-09-28T08:55:59Z
nm0704909,Q364881,Trevor_Rabin,2026-09-28T08:55:59Z
nm0705892,Q1564857,Jovan_Radulović,2026-09-28T08:55:59Z
nm0706002,Q5301912,Douglas_Rae_(producer),2026-09-28T08:55:59Z
nm0707366,Q7285810,Rajasri_(writer),2026-09-28T08:55:59Z
nm0707492,Q15699627,,2026-09-28T08:55:59Z
nm0708503,Q4678511,Adal_Ramones,2026-09-28T08:55:59Z
nm0708620,Q139415215,,2026-09-28T08:55:59Z
nm0708948,,,2026-09-28T08:55:59Z
nm0709598,,,2026-09-28T08:55:59Z
nm0709944,Q2161556,Ida_Random,2026-09-28T08:55:59Z
nm0710388,Q584397,Martin_Ransohoff,2026-09-28T08:55:59Z
nm0710545,Q5331053,Easwari_Rao,2026-09-28T08:55:59Z
nm0710884,Q3018667,David_Rappaport,2026-09-28T08:55:59Z
nm0711741,Q4648138,A._M._Rathnam,2026-09-28T08:55:59Z
nm0711745,Q174648,Mani_Ratnam,2026-09-28T08:55:59Z
nm0711921,Q5694065,Heather_Rattray,2026-09-28T08:55:59Z
nm0711996,Q133562,Earl_Mac_Rauch,2026-09-28T08:55:59Z
nm0712433,Q7296669,Ravi_Teja,2026-09-28T08:55:59Z
nm0712546,Q3123705,Paresh_Rawal,2026-09-28T08:55:59Z
nm0712782,Q1086914,,2026-09-28T08:55:59Z
nm0712790,Q731628,Connie_Ray,2026-09-28T08:55:59Z
nm0712874,Q6216418,Johanna_Ray,2026-09-28T08:55:59Z
nm0713209,Q2390478,Bill_Raymond,2026-09-28T08:55:59Z
nm0714599,Q369201,Eric_Red,2026-09-28T08:55:59Z
nm0714778,Q7409253,Sameer_Reddy,2026-09-28T08:55:59Z
nm0716275,Q444429,Perrey_Reeves,2026-09-28T08:55:59Z
nm0716277,Q7182324,Phil_Reeves,2026-09-28T08:55:59Z
nm0716295,Q3476296,Scott_Reeves,2026-09-28T08:55:59Z
nm0717230,Q17167550,,2026-09-28T08:55:59Z
nm0717603,Q540456,Halina_Reijn,2026-09-28T08:55:59Z
nm0718567,,,2026-09-28T08:55:59Z
nm0719096,,,2026-09-28T08:55:59Z
nm0719265,Q65115586,,2026-09-28T08:55:59Z
nm0719320,Q6410007,Kimble_Rendall,2026-09-28T08:55:59Z
nm0719705,Q5146287,Colleen_Rennison,2026-09-28T08:55:59Z
nm0720176,,,2026-09-28T08:55:59Z
nm0720252,Q1395430,Himesh_Reshammiya,2026-09-28T08:55:59Z
nm0721469,Q1238309,Dominique_Reymond,2026-09-28T08:55:59Z
nm0721691,,,2026-09-28T08:55:59Z
nm0721707,Q95789207,Emer_Reynolds,2026-09-28T08:55:59Z
nm0722636,Q16455,John_Rhys-Davies,2026-09-28T08:55:59Z
nm0723365,Q4962360,Brett_Rice,2026-09-28T08:55:59Z
nm0723561,Q130314739,,2026-09-28T08:55:59Z
nm0723570,Q139418030,,2026-09-28T08:55:59Z
nm0724495,Q15955014,David_Richardson_(editor),2026-09-28T08:55:59Z
nm0724706,Q54359065,,2026-09-28T08:55:59Z
nm0724732,Q381285,Ralph_Richardson,2026-09-28T08:55:59Z
nm0725052,Q591205,Peter_Mark_Richman,2026-09-28T08:55:59Z
nm0725079,Q131866,Branscombe_Richmond,2026-09-28T08:55:59Z
nm0725104,Q17167552,George_Richmond_(cinematographer),2026-09-28T08:55:59Z
nm0725379,Q1300032,W._D._Richter,2026-09-28T08:55:59Z
nm0725444,,,2026-09-28T08:55:59Z
nm0725691,Q100994930,,2026-09-28T08:55:59Z
nm0725808,Q22662418,,2026-09-28T08:55:59Z
nm0726414,,,2026-09-28T08:55:59Z
nm0727789,Q5976933,Lisa_Rinzler,2026-09-28T08:55:59Z
nm0728411,Q3434296,Robbie_Rist,2026-09-28T08:55:59Z
nm0728476,Q176668,Lazar_Ristovski,2026-09-28T08:55:59Z
nm0728951,Q543832,J._Michael_Riva,2026-09-28T08:55:59Z
nm0730629,Q3023094,Denise_Robert,2026-09-28T08:55:59Z
nm0730932,Q322999,Chris_Roberts_(video_game_developer),2026-09-28T08:55:59Z
nm0731067,Q1331120,Eliza_Roberts_(actress),2026-09-28T08:55:59Z
nm0731506,,,2026-09-28T08:55:59Z
nm0731990,,,2026-09-28T08:55:59Z
nm0732199,Q1684853,,2026-09-28T08:55:59Z
nm0732222,Q2525146,Muriel_Robin,2026-09-28T08:55:59Z
nm0732367,Q506958,Andrew_Robinson_(actor),2026-09-28T08:55:59Z
nm0732376,,,2026-09-28T08:55:59Z
nm0732430,Q991798,Bruce_Robinson,2026-09-28T08:55:59Z
nm0733145,,,2026-09-28T08:55:59Z
nm0733250,Q65116207,Lucie_Robitaille,2026-09-28T08:55:59Z
nm0733500,Q2094939,Wayne_Robson,2026-09-28T08:55:59Z
nm0734236,Q325082,Charles_Rocket,2026-09-28T08:55:59Z
nm0734441,Q49016,Robert_Rodat,2026-09-28T08:55:59Z
nm0734472,Q191716,Gene_Roddenberry,2026-09-28T08:55:59Z
nm0734727,Q116998508,June_Rodgers,2026-09-28T08:55:59Z
nm0734890,,,2026-09-28T08:55:59Z
nm0735442,Q184219,Michelle_Rodriguez,2026-09-28T08:55:59Z
nm0736955,,,2026-09-28T08:55:59Z
nm0737200,,,2026-09-28T08:55:59Z
nm0738391,Q3085730,François_Rollin,2026-09-28T08:55:59Z
nm0738433,Q318509,Henry_Rollins,2026-09-28T08:55:59Z
nm0740115,,,2026-09-28T08:55:59Z
nm0740462,Q123688268,,2026-09-28T08:55:59Z
nm0741378,Q1773842,Felissa_Rose,2026-09-28T08:55:59Z
nm0741740,Q506048,William_Rose_(screenwriter),2026-09-28T08:55:59Z
nm0742475,Q2347669,Steven_Rosenblum,2026-09-28T08:55:59Z
nm0742575,Q131923944,,2026-09-28T08:55:59Z
nm0742708,Q25713877,,2026-09-28T08:55:59Z
nm0742906,,,2026-09-28T08:55:59Z
nm0742923,Q5963600,Kambiz_Roshanravan,2026-09-28T08:55:59Z
nm0742940,Q53050,Francesco_Rosi,2026-09-28T08:55:59Z
nm0743833,,,2026-09-28T08:55:59Z
nm0744523,Q7804195,Tim_Rossovich,2026-09-28T08:55:59Z
nm0744828,Q125630133,Donna_Arkoff_Roth,2026-09-28T08:55:59Z
nm0744907,,,2026-09-28T08:55:59Z
nm0745033,,,2026-09-28T08:55:59Z
nm0745247,Q7357051,Rodney_Rothman,2026-09-28T08:55:59Z
nm0745743,,,2026-09-28T08:55:59Z
nm0746392,,,2026-09-28T08:55:59Z
nm0747172,Q4396739,Ronit_Roy,2026-09-28T08:55:59Z
nm0747181,Q19895904,Sharmishta_Roy,2026-09-28T08:55:59Z
nm0747422,Q20031349,,2026-09-28T08:55:59Z
nm0747869,Q3959022,,2026-09-28T08:55:59Z
nm0748039,Q111941444,David_Rubin_(casting_director),2026-09-28T08:55:59Z
nm0748620,Q276525,Paul_Rudd,2026-09-28T08:55:59Z
nm0748973,Q236527,Maya_Rudolph,2026-09-28T08:55:59Z
nm0749593,Q74743864,Nacho_Ruiz_Capillas,2026-09-28T08:55:59Z
nm0750048,Q3972700,Stefano_Rulli,2026-09-28T08:55:59Z
nm0750451,Q7380410,Rupini,2026-09-28T08:55:59Z
nm0750787,Q66735839,,2026-09-28T08:55:59Z
nm0751085,Q1102002,Clive_Russell,2026-09-28T08:55:59Z
nm0751516,Q761466,Willy_Russell,2026-09-28T08:55:59Z
nm0751606,Q2391128,Daniel_Russo,2026-09-28T08:55:59Z
nm0752084,,,2026-09-28T08:55:59Z
nm0752412,,,2026-09-28T08:55:59Z
nm0752740,Q233707,Michelle_Ryan,2026-09-28T08:55:59Z
nm0752811,Q27057753,Robbie_Ryan_(cinematographer),2026-09-28T08:55:59Z
nm0753068,Q11690247,Christopher_Rydell,2026-09-28T08:55:59Z
nm0753546,Q21288280,,2026-09-28T08:55:59Z
nm0753737,Q741080,Jérémie_Renier,2026-09-28T08:55:59Z
nm0754969,,,2026-09-28T08:55:59Z
nm0755267,Q230335,Katee_Sackhoff,2026-09-28T08:55:59Z
nm0755308,Q6087806,Martin_Sacks,2026-09-28T08:55:59Z
nm0755652,Q3155029,Isabelle_Sadoyan,2026-09-28T08:55:59Z
nm0756100,,,2026-09-28T08:55:59Z
nm0757855,Q190162,Zoe_Saldaña,2026-09-28T08:55:59Z
nm0758094,Q30099256,,2026-09-28T08:55:59Z
nm0758313,Q3726049,,2026-09-28T08:55:59Z
nm0758687,Q9001535,Gustavo_Salmerón,2026-09-28T08:55:59Z
nm0760570,Q6090680,,2026-09-28T08:55:59Z
nm0760589,Q124445760,,2026-09-28T08:55:59Z
nm0761260,Q6556704,Francine_Sandberg,2026-09-28T08:55:59Z
nm0761296,Q34707975,,2026-09-28T08:55:59Z
nm0761455,Q107000803,,2026-09-28T08:55:59Z
nm0761498,Q201641,Chris_Sanders,2026-09-28T08:55:59Z
nm0761579,,,2026-09-28T08:55:59Z
nm0761697,Q2165739,Ronald_Sanders_(film_editor),2026-09-28T08:55:59Z
nm0762262,,,2026-09-28T08:55:59Z
nm0763928,Q294819,Rodrigo_Santoro,2026-09-28T08:55:59Z
nm0764316,Q2069891,Rajkumar_Santoshi,2026-09-28T08:55:59Z
nm0764552,,,2026-09-28T08:55:59Z
nm0764671,Q7818465,Tomasz_Sapryk,2026-09-28T08:55:59Z
nm0764841,Q95873469,,2026-09-28T08:55:59Z
nm0765450,,,2026-09-28T08:55:59Z
nm0765558,Q4977086,Inga_Sarri,2026-09-28T08:55:59Z
nm0765597,Q315099,Peter_Sarsgaard,2026-09-28T08:55:59Z
nm0766005,Q310322,Will_Sasso,2026-09-28T08:55:59Z
nm0766761,,,2026-09-28T08:55:59Z
nm0767628,Q469494,Sonja_Savić,2026-09-28T08:55:59Z
nm0767647,Q1333793,Harris_Savides,2026-09-28T08:55:59Z
nm0767817,Q40627514,Jill_Savitt,2026-09-28T08:55:59Z
nm0767929,Q7650956,Suzanne_Savoy,2026-09-28T08:55:59Z
nm0768208,,,2026-09-28T08:55:59Z
nm0768296,Q7489431,Sharat_Saxena,2026-09-28T08:55:59Z
nm0768603,Q2874948,,2026-09-28T08:55:59Z
nm0768817,Q1970454,Pietro_Scalia,2026-09-28T08:55:59Z
nm0769012,Q3108697,Glen_Scantlebury,2026-09-28T08:55:59Z
nm0769162,Q1406095,Ferdinando_Scarfiotti,2026-09-28T08:55:59Z
nm0769413,Q95913720,,2026-09-28T08:55:59Z
nm0771065,,,2026-09-28T08:55:59Z
nm0771493,Q355209,Richard_Schiff,2026-09-28T08:55:59Z
nm0771532,Q3298864,,2026-09-28T08:55:59Z
nm0772478,,,2026-09-28T08:55:59Z
nm0772704,Q40240,Kyle_Schmid,2026-09-28T08:55:59Z
nm0773389,Q3491039,,2026-09-28T08:55:59Z
nm0773685,Q1168250,Hervé_Schneid,2026-09-28T08:55:59Z
nm0773805,,,2026-09-28T08:55:59Z
nm0774111,,,2026-09-28T08:55:59Z
nm0774386,Q427019,Matthias_Schoenaerts,2026-09-28T08:55:59Z
nm0774847,Q6137655,James_L._Schoppe,2026-09-28T08:55:59Z
nm0776646,Q19018806,Martha_De_Laurentiis,2026-09-28T08:55:59Z
nm0777881,Q66867,Robert_Schwentke,2026-09-28T08:55:59Z
nm0778217,Q55959253,,2026-09-28T08:55:59Z
nm0778568,Q273803,Édith_Scob,2026-09-28T08:55:59Z
nm0779399,Q3810993,Judith_Scott_(American_actress),2026-09-28T08:55:59Z
nm0779549,Q236394,Martha_Scott,2026-09-28T08:55:59Z
nm0780098,Q3441794,Ronnie_Screwvala,2026-09-28T08:55:59Z
nm0780133,Q544618,Angus_Scrimm,2026-09-28T08:55:59Z
nm0782627,Q1760206,Trond_Espen_Seim,2026-09-28T08:55:59Z
nm0783203,Q6771509,Markus_Selin,2026-09-28T08:55:59Z
nm0783559,,,2026-09-28T08:55:59Z
nm0783620,Q1906396,Mary_Selway,2026-09-28T08:55:59Z
nm0783669,,,2026-09-28T08:55:59Z
nm0783896,Q113675794,,2026-09-28T08:55:59Z
nm0783907,,,2026-09-28T08:55:59Z
nm0784358,Q1139702,Akira_Senju,2026-09-28T08:55:59Z
nm0784599,,,2026-09-28T08:55:59Z
nm0784884,Q434291,Rade_Šerbedžija,2026-09-28T08:55:59Z
nm0785277,Q6173042,Pepe_Serna,2026-09-28T08:55:59Z
nm0785381,Q707484,Eduardo_Serra,2026-09-28T08:55:59Z
nm0785385,Q63987,Éric_Serra,2026-09-28T08:55:59Z
nm0785684,Q463255,Coline_Serreau,2026-09-28T08:55:59Z
nm0786059,Q1190085,Asaka_Seto,2026-09-28T08:55:59Z
nm0786411,Q139577821,,2026-09-28T08:55:59Z
nm0786639,Q28498,Brendan_Sexton_III,2026-09-28T08:55:59Z
nm0786732,Q15839773,,2026-09-28T08:55:59Z
nm0787187,Q720553,Glenn_Shadix,2026-09-28T08:55:59Z
nm0787212,,,2026-09-28T08:55:59Z
nm0787420,,,2026-09-28T08:55:59Z
nm0787462,Q469945,Naseeruddin_Shah,2026-09-28T08:55:59Z
nm0787631,Q3519840,Shakeela,2026-09-28T08:55:59Z
nm0787687,Q6789317,Matt_Shakman,2026-09-28T08:55:59Z
nm0787834,Q13409484,Michael_Shamberg,2026-09-28T08:55:59Z
nm0787836,,,2026-09-28T08:55:59Z
nm0788009,Q1374481,Garry_Shandling,2026-09-28T08:55:59Z
nm0788202,Q350903,Adam_Shankman,2026-09-28T08:55:59Z
nm0788556,,,2026-09-28T08:55:59Z
nm0788640,Q1513322,Theodore_Shapiro,2026-09-28T08:55:59Z
nm0788886,Q6749421,Mani_Sharma,2026-09-28T08:55:59Z
nm0788889,Q72983778,Mukul_Sharma,2026-09-28T08:55:59Z
nm0788903,Q7286088,Rajesh_Sharma_(actor),2026-09-28T08:55:59Z
nm0789054,Q1640718,Ian_Sharp,2026-09-28T08:55:59Z
nm0789573,,,2026-09-28T08:55:59Z
nm0789657,,,2026-09-28T08:55:59Z
nm0789716,Q73612,Fiona_Shaw,2026-09-28T08:55:59Z
nm0789877,,,2026-09-28T08:55:59Z
nm0789966,Q9353074,,2026-09-28T08:55:59Z
nm0790688,Q298276,Michael_Sheen,2026-09-28T08:55:59Z
nm0791487,Q7139888,Parry_Shen,2026-09-28T08:55:59Z
nm0791803,Q6257591,John_Shepherd_(actor),2026-09-28T08:55:59Z
nm0791847,Q15962220,Richard_Shepherd_(producer),2026-09-28T08:55:59Z
nm0791898,Q522990,Tiffany_Shepis,2026-09-28T08:55:59Z
nm0791942,Q129167480,,2026-09-28T08:55:59Z
nm0792156,Q936507,Dave_Sheridan_(actor),2026-09-28T08:55:59Z
nm0792290,,,2026-09-28T08:55:59Z
nm0792512,,,2026-09-28T08:55:59Z
nm0792911,Q983043,Suniel_Shetty,2026-09-28T08:55:59Z
nm0793008,Q7497431,Shing_Fui-On,2026-09-28T08:55:59Z
nm0793689,,,2026-09-28T08:55:59Z
nm0793710,,,2026-09-28T08:55:59Z
nm0793844,Q9026264,M._S._Shinde,2026-09-28T08:55:59Z
nm0793851,Q7429093,Sayaji_Shinde,2026-09-28T08:55:59Z
nm0793868,,,2026-09-28T08:55:59Z
nm0793987,Q1324522,Emi_Shinohara,2026-09-28T08:55:59Z
nm0794687,Q686172,William_Shockley_(actor),2026-09-28T08:55:59Z
nm0794882,Q124823276,Susan_Shopmaker,2026-09-28T08:55:59Z
nm0795340,Q22582327,,2026-09-28T08:55:59Z
nm0795438,,,2026-09-28T08:55:59Z
nm0795517,Q233859,Shu_Qi,2026-09-28T08:55:59Z
nm0795953,Q3056094,Ronald_Shusett,2026-09-28T08:55:59Z
nm0796564,,,2026-09-28T08:55:59Z
nm0797451,Q3482118,Sigurjón_Sighvatsson,2026-09-28T08:55:59Z
nm0798628,Q11861914,Heikki_Silvennoinen,2026-09-28T08:55:59Z
nm0798872,,,2026-09-28T08:55:59Z
nm0798889,Q1035260,Cara_Silverman,2026-09-28T08:55:59Z
nm0798971,Q229013,Sarah_Silverman,2026-09-28T08:55:59Z
nm0799050,Q1408810,Marc_Silverstein,2026-09-28T08:55:59Z
nm0799243,Q17402984,Desmond_Sim,2026-09-28T08:55:59Z
nm0799442,Q128790,Georges_Simenon,2026-09-28T08:55:59Z
nm0799777,Q150482,J._K._Simmons,2026-09-28T08:55:59Z
nm0800097,Q5113241,Christopher_Simon_(actor),2026-09-28T08:55:59Z
nm0800389,,,2026-09-28T08:55:59Z
nm0800896,,,2026-09-28T08:55:59Z
nm0801870,Q3495195,Singeetham_Srinivasa_Rao,2026-09-28T08:55:59Z
nm0802012,,,2026-09-28T08:55:59Z
nm0802240,Q2344606,Sukhwinder_Singh,2026-09-28T08:55:59Z
nm0802688,Q355899,G._P._Sippy,2026-09-28T08:55:59Z
nm0802693,Q1386330,Ramesh_Sippy,2026-09-28T08:55:59Z
nm0803308,Q1372732,Maggie_Shiu,2026-09-28T08:55:59Z
nm0803765,Q1689283,Jimmie_F._Skaggs,2026-09-28T08:55:59Z
nm0805930,Q481954,Amy_Sloan,2026-09-28T08:55:59Z
nm0807685,,,2026-09-28T08:55:59Z
nm0809059,Q1811998,Lee_Smith_(film_editor),2026-09-28T08:55:59Z
nm0809095,Q471068,Lewis_Smith_(actor),2026-09-28T08:55:59Z
nm0810379,Q228891,Yeardley_Smith,2026-09-28T08:55:59Z
nm0810661,Q7306695,Reed_Smoot_(cinematographer),2026-09-28T08:55:59Z
nm0810738,Q269762,Kasia_Smutniak,2026-09-28T08:55:59Z
nm0810929,Q101242258,,2026-09-28T08:55:59Z
nm0811056,Q48796327,Peter_Snell_(producer),2026-09-28T08:55:59Z
nm0811373,,,2026-09-28T08:55:59Z
nm0812073,Q17325002,,2026-09-28T08:55:59Z
nm0813298,Q2801159,Bruce_Solomon,2026-09-28T08:55:59Z
nm0813812,Q130447,Ian_Somerhalder,2026-09-28T08:55:59Z
nm0814716,Q6047481,Ömer_Faruk_Sorak,2026-09-28T08:55:59Z
nm0815638,Q1253494,Zdravko_Šotra,2026-09-28T08:55:59Z
nm0815970,,,2026-09-28T08:55:59Z
nm0816030,Q468236,Renée_Soutendijk,2026-09-28T08:55:59Z
nm0816170,,,2026-09-28T08:55:59Z
nm0816319,Q65195620,,2026-09-28T08:55:59Z
nm0816320,,,2026-09-28T08:55:59Z
nm0816508,Q60452612,Meadow_Williams,2026-09-28T08:55:59Z
nm0816667,,,2026-09-28T08:55:59Z
nm0817387,,,2026-09-28T08:55:59Z
nm0817508,Q3109371,,2026-09-28T08:55:59Z
nm0817844,Q321131,Abigail_Spencer,2026-09-28T08:55:59Z
nm0817881,Q221074,Bud_Spencer,2026-09-28T08:55:59Z
nm0818285,Q22670428,,2026-09-28T08:55:59Z
nm0818304,Q4755284,Andrea_Sperling,2026-09-28T08:55:59Z
nm0819850,Q11330972,Cole_Sprouse,2026-09-28T08:55:59Z
nm0820240,Q7586371,Srihari,2026-09-28T08:55:59Z
nm0820269,Q7117166,P._C._Sreeram,2026-09-28T08:55:59Z
nm0820286,Q547900,Srividya,2026-09-28T08:55:59Z
nm0820562,Q95210014,,2026-09-28T08:55:59Z
nm0820866,Q924430,Gunnar_Staalesen,2026-09-28T08:55:59Z
nm0820987,Q2405781,Terry_Stacey,2026-09-28T08:55:59Z
nm0821673,Q4439256,,2026-09-28T08:55:59Z
nm0822190,,,2026-09-28T08:55:59Z
nm0823015,Q452063,Darren_Star,2026-09-28T08:55:59Z
nm0823096,,,2026-09-28T08:55:59Z
nm0824102,Q440728,Alison_Steadman,2026-09-28T08:55:59Z
nm0824175,,,2026-09-28T08:55:59Z
nm0826091,Q96441,Andreas_Steinhöfel,2026-09-28T08:55:59Z
nm0826642,Q53052,Steno_(director),2026-09-28T08:55:59Z
nm0827291,Q6768396,Mark_Kinsey_Stephenson,2026-09-28T08:55:59Z
nm0827869,Q2063318,Tom_Stern_(cinematographer),2026-09-28T08:55:59Z
nm0828099,Q7147685,Patrick_Stettner,2026-09-28T08:55:59Z
nm0828412,,,2026-09-28T08:55:59Z
nm0829012,,,2026-09-28T08:55:59Z
nm0829018,,,2026-09-28T08:55:59Z
nm0829330,Q507861,Donald_Ogden_Stewart,2026-09-28T08:55:59Z
nm0830371,Q954363,Slavko_Štimac,2026-09-28T08:55:59Z
nm0831098,Q15270277,Erwin_Stoff,2026-09-28T08:55:59Z
nm0831206,Q12957129,Feđa_Stojanović,2026-09-28T08:55:59Z
nm0831515,Q1609972,John_Stoll,2026-09-28T08:55:59Z
nm0832114,Q7292453,Randy_Stone,2026-09-28T08:55:59Z
nm0832262,,,2026-09-28T08:55:59Z
nm0833029,Q98210713,,2026-09-28T08:55:59Z
nm0834362,Q1176760,David_Strickland,2026-09-28T08:55:59Z
nm0835016,Q312712,Mark_Strong,2026-09-28T08:55:59Z
nm0835192,Q22828907,,2026-09-28T08:55:59Z
nm0835959,Q7437329,Scott_Stuber,2026-09-28T08:55:59Z
nm0837189,Q13011628,Sudha_(actress),2026-09-28T08:55:59Z
nm0837452,Q4261480,Shun_Sugata,2026-09-28T08:55:59Z
nm0837471,Q23071438,Jhamu_Sughand,2026-09-28T08:55:59Z
nm0837644,Q17110225,,2026-09-28T08:55:59Z
nm0837784,Q60917,Barbara_Sukowa,2026-09-28T08:55:59Z
nm0837917,Q119853890,,2026-09-28T08:55:59Z
nm0838198,Q3195793,Kevin_Rodney_Sullivan,2026-09-28T08:55:59Z
nm0838944,Q3357465,Sun_Honglei,2026-09-28T08:55:59Z
nm0839008,Q2634011,,2026-09-28T08:55:59Z
nm0839232,,,2026-09-28T08:55:59Z
nm0840002,Q6069265,Irene_Sutcliffe,2026-09-28T08:55:59Z
nm0840412,Q113305609,,2026-09-28T08:55:59Z
nm0840430,Q4446836,Olga_Sutulova,2026-09-28T08:55:59Z
nm0841552,Q258005,Arvind_Swamy,2026-09-28T08:55:59Z
nm0843123,Q2653310,Anthea_Sylbert,2026-09-28T08:55:59Z
nm0843199,Q106514827,,2026-09-28T08:55:59Z
nm0843401,Q291443,Sylvia_Syms,2026-09-28T08:55:59Z
nm0844074,,,2026-09-28T08:55:59Z
nm0844360,,,2026-09-28T08:55:59Z
nm0844435,Q375191,László_Szabó_(actor),2026-09-28T08:55:59Z
nm0845337,Q5493415,François_Séguin,2026-09-28T08:55:59Z
nm0845803,,,2026-09-28T08:55:59Z
nm0845830,Q11871564,,2026-09-28T08:55:59Z
nm0846480,Q381799,Cary-Hiroyuki_Tagawa,2026-09-28T08:55:59Z
nm0846699,Q56161928,,2026-09-28T08:55:59Z
nm0847258,Q95846667,,2026-09-28T08:55:59Z
nm0847416,Q2623237,Yasuhiro_Takato,2026-09-28T08:55:59Z
nm0847487,Q561449,Shinji_Takeda,2026-09-28T08:55:59Z
nm0847603,Q229724,Naoko_Takeuchi,2026-09-28T08:55:59Z
nm0848308,Q3528409,Tiku_Talsania,2026-09-28T08:55:59Z
nm0848554,Q231128,Amber_Tamblyn,2026-09-28T08:55:59Z
nm0848894,Q16832263,Selena_Tan,2026-09-28T08:55:59Z
nm0849028,Q241771,Mayumi_Tanaka,2026-09-28T08:55:59Z
nm0849048,Q2454564,Professor_Tanaka,2026-09-28T08:55:59Z
nm0849222,Q9045427,,2026-09-28T08:55:59Z
nm0849282,Q11290365,,2026-09-28T08:55:59Z
nm0851281,Q2610341,Patrick_Tatopoulos,2026-09-28T08:55:59Z
nm0853321,Q25898366,Wally_Taylor_(actor),2026-09-28T08:55:59Z
nm0855035,Q527862,Andy_Tennant,2026-09-28T08:55:59Z
nm0855188,Q301846,Kevin_Tent,2026-09-28T08:55:59Z
nm0855657,Q6525785,Leonard_Termo,2026-09-28T08:55:59Z
nm0856500,Q242526,Sylvie_Testud,2026-09-28T08:55:59Z
nm0857068,Q3763990,Thota_Tharani,2026-09-28T08:55:59Z
nm0857620,Q316596,Justin_Theroux,2026-09-28T08:55:59Z
nm0857840,,,2026-09-28T08:55:59Z
nm0858048,Q180491,Mélanie_Thierry,2026-09-28T08:55:59Z
nm0859499,Q16886101,Scott_Thomas_(director),2026-09-28T08:55:59Z
nm0859625,,,2026-09-28T08:55:59Z
nm0859702,Q1022511,C._J._Thomason,2026-09-28T08:55:59Z
nm0859772,Q2434326,Tim_Thomerson,2026-09-28T08:55:59Z
nm0859985,Q2966653,Christopher_Thompson_(actor),2026-09-28T08:55:59Z
nm0860019,Q374760,Danièle_Thompson,2026-09-28T08:55:59Z
nm0860947,Q382210,Ulrich_Thomsen,2026-09-28T08:55:59Z
nm0861332,Q3640005,,2026-09-28T08:55:59Z
nm0861361,Q444417,Callie_Thorne,2026-09-28T08:55:59Z
nm0862094,Q7420668,Santosh_Thundiyil,2026-09-28T08:55:59Z
nm0862432,Q3560782,Virginie_Thévenet,2026-09-28T08:55:59Z
nm0863171,Q8054364,Yogendra_Tikku,2026-09-28T08:55:59Z
nm0863208,Q3229155,Leif_Tilden,2026-09-28T08:55:59Z
nm0863397,Q93592579,,2026-09-28T08:55:59Z
nm0863787,Q124551,Sabine_Timoteo,2026-09-28T08:55:59Z
nm0864091,Q16886142,John_Tintori,2026-09-28T08:55:59Z
nm0864276,Q7809275,Tirru,2026-09-28T08:55:59Z
nm0864775,Q470104,Johnnie_To,2026-09-28T08:55:59Z
nm0864841,Q28113086,Ethan_Tobman,2026-09-28T08:55:59Z
nm0865404,,,2026-09-28T08:55:59Z
nm0865647,Q6771086,Markku_Toikka,2026-09-28T08:55:59Z
nm0865847,Q372921,Peter_Tolan,2026-09-28T08:55:59Z
nm0865858,Q7522247,Sindhu_Tolani,2026-09-28T08:55:59Z
nm0866062,Q1723417,Michael_Tolkin,2026-09-28T08:55:59Z
nm0866250,Q4459998,,2026-09-28T08:55:59Z
nm0866742,Q3976778,Sukehiro_Tomita,2026-09-28T08:55:59Z
nm0867262,Q185783,Stanley_Tong,2026-09-28T08:55:59Z
nm0867504,Q17141834,Tucker_Tooley,2026-09-28T08:55:59Z
nm0867597,Q1089001,Jannick_Top,2026-09-28T08:55:59Z
nm0867768,Q28536181,Jenno_Topping,2026-09-28T08:55:59Z
nm0867792,Q62023191,,2026-09-28T08:55:59Z
nm0868128,Q966979,David_Torn,2026-09-28T08:55:59Z
nm0869290,Q6093188,Erdal_Tosun,2026-09-28T08:55:59Z
nm0869379,Q782204,Salvatore_Totino,2026-09-28T08:55:59Z
nm0869649,Q16029001,,2026-09-28T08:55:59Z
nm0869935,Q707869,Harry_Alan_Towers,2026-09-28T08:55:59Z
nm0870777,Q7562588,Sonya_Sones,2026-09-28T08:55:59Z
nm0872689,Q472419,Leopoldo_Trieste,2026-09-28T08:55:59Z
nm0873560,Q1356550,,2026-09-28T08:55:59Z
nm0874100,Q63381306,Guerdon_Trueblood,2026-09-28T08:55:59Z
nm0874119,Q2063603,Paula_Trueman,2026-09-28T08:55:59Z
nm0874261,Q3935521,,2026-09-28T08:55:59Z
nm0874351,Q95225649,,2026-09-28T08:55:59Z
nm0874984,,,2026-09-28T08:55:59Z
nm0875590,,,2026-09-28T08:55:59Z
nm0875710,Q6660318,Liz_Tuccillo,2026-09-28T08:55:59Z
nm0875950,,,2026-09-28T08:55:59Z
nm0876138,Q349350,Alan_Tudyk,2026-09-28T08:55:59Z
nm0876392,Q57608698,,2026-09-28T08:55:59Z
nm0876602,,,2026-09-28T08:55:59Z
nm0876700,Q3568675,William_H._Tuntke,2026-09-28T08:55:59Z
nm0877048,Q109611865,,2026-09-28T08:55:59Z
nm0877274,Q370417,Lawrence_Turman,2026-09-28T08:55:59Z
nm0877879,,,2026-09-28T08:55:59Z
nm0879186,Q1189410,Richard_Tyson,2026-09-28T08:55:59Z
nm0879534,,,2026-09-28T08:55:59Z
nm0879828,,,2026-09-28T08:55:59Z
nm0879960,Q3049564,Ekachai_Uekrongtham,2026-09-28T08:55:59Z
nm0880036,Q95899931,Harry_J._Ufland,2026-09-28T08:55:59Z
nm0880040,,,2026-09-28T08:55:59Z
nm0880387,Q63974810,,2026-09-28T08:55:59Z
nm0880839,Q634280,Shigeru_Umebayashi,2026-09-28T08:55:59Z
nm0881728,,,2026-09-28T08:55:59Z
nm0882119,Q17010982,Suresh_Urs,2026-09-28T08:55:59Z
nm0882219,Q277992,Urvashi_(actress),2026-09-28T08:55:59Z
nm0882853,Q240658,Brenda_Vaccaro,2026-09-28T08:55:59Z
nm0883007,Q1609167,Christian_Vadim,2026-09-28T08:55:59Z
nm0883603,Q1176945,David_Valdes,2026-09-28T08:55:59Z
nm0885673,Q29932560,,2026-09-28T08:55:59Z
nm0885894,,,2026-09-28T08:55:59Z
nm0885992,Q2069149,Matthijs_van_de_Sande_Bakhuyzen,2026-09-28T08:55:59Z
nm0886156,Q36475358,,2026-09-28T08:55:59Z
nm0887144,Q461290,Brian_Van_Holt,2026-09-28T08:55:59Z
nm0887174,Q1001362,Buddy_Van_Horn,2026-09-28T08:55:59Z
nm0887227,Q514003,Hoyte_van_Hoytema,2026-09-28T08:55:59Z
nm0888991,,,2026-09-28T08:55:59Z
nm0889090,Q3814854,,2026-09-28T08:55:59Z
nm0890055,Q463585,Indira_Varma,2026-09-28T08:55:59Z
nm0891092,Q930691,Peter_Vaughan,2026-09-28T08:55:59Z
nm0891216,Q2593,Matthew_Vaughn,2026-09-28T08:55:59Z
nm0891786,Q152555,Alexa_PenaVega,2026-09-28T08:55:59Z
nm0892551,Q2444480,Vlasta_Velisavljević,2026-09-28T08:55:59Z
nm0892799,Q16629559,,2026-09-28T08:55:59Z
nm0893120,Q2528786,Lenny_Venito,2026-09-28T08:55:59Z
nm0893128,Q6428713,Kona_Venkat,2026-09-28T08:55:59Z
nm0893142,Q5208551,Venkatesh_(actor),2026-09-28T08:55:59Z
nm0893257,Q83733,Milo_Ventimiglia,2026-09-28T08:55:59Z
nm0893449,Q12072044,Nedumudi_Venu,2026-09-28T08:55:59Z
nm0893659,Q295463,Gore_Verbinski,2026-09-28T08:55:59Z
nm0893845,Q23760948,Julia_Verdin,2026-09-28T08:55:59Z
nm0894173,Q683288,Sylvie_Verheyde,2026-09-28T08:55:59Z
nm0894350,Q115803711,Sanjay_Verma,2026-09-28T08:55:59Z
nm0894611,,,2026-09-28T08:55:59Z
nm0894683,,,2026-09-28T08:55:59Z
nm0895583,,,2026-09-28T08:55:59Z
nm0896573,Q3595438,Ashish_Vidyarthi,2026-09-28T08:55:59Z
nm0896697,Q2640194,Susana_Vieira,2026-09-28T08:55:59Z
nm0897168,Q16991237,,2026-09-28T08:55:59Z
nm0897201,Q528496,C._Joseph_Vijay,2026-09-28T08:55:59Z
nm0897400,Q535998,Tracy_Vilar,2026-09-28T08:55:59Z
nm0898653,Q3144876,Hélène_Vincent,2026-09-28T08:55:59Z
nm0899476,Q513212,Ville_Virtanen_(actor),2026-09-28T08:55:59Z
nm0899489,Q28065355,,2026-09-28T08:55:59Z
nm0899958,Q1460401,,2026-09-28T08:55:59Z
nm0900067,Q22574479,,2026-09-28T08:55:59Z
nm0900116,Q95686579,,2026-09-28T08:55:59Z
nm0900266,Q312783,Vivek_(actor),2026-09-28T08:55:59Z
nm0900516,Q16082212,,2026-09-28T08:55:59Z
nm0900710,Q2378031,Bram_van_der_Vlugt,2026-09-28T08:55:59Z
nm0901822,Q131754571,,2026-09-28T08:55:59Z
nm0903423,Q6986935,Neeraj_Vora,2026-09-28T08:55:59Z
nm0903838,Q55760020,Alexander_Voulgaris,2026-09-28T08:55:59Z
nm0903964,Q3311095,Michel_Voïta,2026-09-28T08:55:59Z
nm0904016,,,2026-09-28T08:55:59Z
nm0904354,Q25461433,,2026-09-28T08:55:59Z
nm0904967,Q235359,Lauren_Vélez,2026-09-28T08:55:59Z
nm0904988,,,2026-09-28T08:55:59Z
nm0905343,Q4759560,Andrucha_Waddington,2026-09-28T08:55:59Z
nm0905554,Q1354565,Julian_Wadham,2026-09-28T08:55:59Z
nm0905592,Q3176610,Jeff_Wadlow,2026-09-28T08:55:59Z
nm0905603,,,2026-09-28T08:55:59Z
nm0905619,,,2026-09-28T08:55:59Z
nm0905777,Q2826948,Agnieszka_Wagner,2026-09-28T08:55:59Z
nm0905833,Q1082213,Christian_Wagner,2026-09-28T08:55:59Z
nm0906339,Q441462,Heather_Wahlquist,2026-09-28T08:55:59Z
nm0906413,Q616410,Wai_Ka-fai,2026-09-28T08:55:59Z
nm0906617,Q3237653,,2026-09-28T08:55:59Z
nm0906640,Q2380339,Thomas_G._Waites,2026-09-28T08:55:59Z
nm0906722,Q2719755,Wakana_Yamazaki,2026-09-28T08:55:59Z
nm0907804,,,2026-09-28T08:55:59Z
nm0907970,Q515837,Lesley_Walker,2026-09-28T08:55:59Z
nm0908420,Q6230094,,2026-09-28T08:55:59Z
nm0908436,Q6277118,Jordan_Wall,2026-09-28T08:55:59Z
nm0910241,Q27734260,,2026-09-28T08:55:59Z
nm0910996,Q1966670,Nathan_Wang,2026-09-28T08:55:59Z
nm0911042,Q9066490,Wang_Toon,2026-09-28T08:55:59Z
nm0911094,Q7967741,Wang_Yu_(filmmaker),2026-09-28T08:55:59Z
nm0911517,Q55610523,Edmund_Ward_(screenwriter),2026-09-28T08:55:59Z
nm0911910,Q726024,Vincent_Ward_(director),2026-09-28T08:55:59Z
nm0911979,Q64620950,,2026-09-28T08:55:59Z
nm0912046,,,2026-09-28T08:55:59Z
nm0912334,Q1933451,Alex_van_Warmerdam,2026-09-28T08:55:59Z
nm0912337,Q2497109,,2026-09-28T08:55:59Z
nm0913052,,,2026-09-28T08:55:59Z
nm0913149,Q15807387,,2026-09-28T08:55:59Z
nm0913150,,,2026-09-28T08:55:59Z
nm0913797,Q2469336,Gedde_Watanabe,2026-09-28T08:55:59Z
nm0914223,Q66764426,Myk_Watford,2026-09-28T08:55:59Z
nm0914291,Q24991784,,2026-09-28T08:55:59Z
nm0915918,,,2026-09-28T08:55:59Z
nm0916050,Q509117,Chloe_Webb,2026-09-28T08:55:59Z
nm0916617,Q621522,Jake_Weber,2026-09-28T08:55:59Z
nm0916871,Q19559065,Derek_Webster_(actor),2026-09-28T08:55:59Z
nm0917208,Q5181581,Craig_Wedren,2026-09-28T08:55:59Z
nm0917942,Q283847,,2026-09-28T08:55:59Z
nm0918463,Q16886489,Paula_Weinstein,2026-09-28T08:55:59Z
nm0919173,,,2026-09-28T08:55:59Z
nm0919311,Q132459156,,2026-09-28T08:55:59Z
nm0919328,,,2026-09-28T08:55:59Z
nm0919363,Q238638,Chris_Weitz,2026-09-28T08:55:59Z
nm0920382,,,2026-09-28T08:55:59Z
nm0920460,Q972991,Vernon_Wells_(actor),2026-09-28T08:55:59Z
nm0921031,Q6235805,,2026-09-28T08:55:59Z
nm0921135,Q7331851,Rick_Wentworth,2026-09-28T08:55:59Z
nm0921202,Q77581,Fritz_Wepper,2026-09-28T08:55:59Z
nm0922342,Q239415,Shane_West,2026-09-28T08:55:59Z
nm0922359,Q23014454,Tegan_West,2026-09-28T08:55:59Z
nm0922709,Q106435203,,2026-09-28T08:55:59Z
nm0922927,Q289931,Celia_Weston,2026-09-28T08:55:59Z
nm0923529,Q706659,Justin_Whalin,2026-09-28T08:55:59Z
nm0923668,Q4925053,,2026-09-28T08:55:59Z
nm0923736,Q298025,Joss_Whedon,2026-09-28T08:55:59Z
nm0924275,Q24037254,,2026-09-28T08:55:59Z
nm0924385,Q4913459,Billy_White_Acre,2026-09-28T08:55:59Z
nm0925234,Q1378351,Mike_White_(filmmaker),2026-09-28T08:55:59Z
nm0925943,Q472746,Mitchell_Whitfield,2026-09-28T08:55:59Z
nm0926114,Q6193100,Jill_Whitlow,2026-09-28T08:55:59Z
nm0926824,Q1252563,Douglas_Wick,2026-09-28T08:55:59Z
nm0927341,Q21006464,,2026-09-28T08:55:59Z
nm0929489,Q211322,Tom_Wilkinson,2026-09-28T08:55:59Z
nm0929571,Q15454200,Stefan_Will,2026-09-28T08:55:59Z
nm0930724,Q3125902,Hal_Williams,2026-09-28T08:55:59Z
nm0931105,,,2026-09-28T08:55:59Z
nm0931324,Q921518,Michael_K._Williams,2026-09-28T08:55:59Z
nm0931899,Q109981359,,2026-09-28T08:55:59Z
nm0932074,Q15292843,Kate_Williamson,2026-09-28T08:55:59Z
nm0933128,,,2026-09-28T08:55:59Z
nm0933213,Q1708464,Colin_Wilson_(film_producer),2026-09-28T08:55:59Z
nm0933310,Q958077,Don_Wilson_(kickboxer),2026-09-28T08:55:59Z
nm0933361,Q944952,Elizabeth_Wilson,2026-09-28T08:55:59Z
nm0934008,Q4356358,Reno_Wilson,2026-09-28T08:55:59Z
nm0934483,Q165760,Kurt_Wimmer,2026-09-28T08:55:59Z
nm0935060,Q24951410,David_Wingo,2026-09-28T08:55:59Z
nm0935653,Q310932,Ray_Winstone,2026-09-28T08:55:59Z
nm0936151,Q54198508,,2026-09-28T08:55:59Z
nm0936482,Q336099,Len_Wiseman,2026-09-28T08:55:59Z
nm0936970,,,2026-09-28T08:55:59Z
nm0937186,,,2026-09-28T08:55:59Z
nm0937321,Q6167359,,2026-09-28T08:55:59Z
nm0937714,Q23887117,,2026-09-28T08:55:59Z
nm0937793,Q20978607,Jasper_Wolf,2026-09-28T08:55:59Z
nm0937800,Q1505180,,2026-09-28T08:55:59Z
nm0938276,,,2026-09-28T08:55:59Z
nm0938893,Q381561,Anthony_Wong,2026-09-28T08:55:59Z
nm0938939,Q2865389,Arthur_Wong,2026-09-28T08:55:59Z
nm0938944,Q4256063,Barry_Wong,2026-09-28T08:55:59Z
nm0938967,Q122828671,,2026-09-28T08:55:59Z
nm0939059,Q1140128,Felix_Wong,2026-09-28T08:55:59Z
nm0939147,Q707336,Wong_Jing,2026-09-28T08:55:59Z
nm0939153,Q431486,Joey_Wong,2026-09-28T08:55:59Z
nm0939182,Q55431,Wong_Kar-wai,2026-09-28T08:55:59Z
nm0939623,Q1138711,Craig_Wood_(film_editor),2026-09-28T08:55:59Z
nm0939873,,,2026-09-28T08:55:59Z
nm0940158,Q1139685,Bokeem_Woodbine,2026-09-28T08:55:59Z
nm0940362,Q231058,Shailene_Woodley,2026-09-28T08:55:59Z
nm0940974,Q595627,Peter_Woodward,2026-09-28T08:55:59Z
nm0941533,,,2026-09-28T08:55:59Z
nm0941810,,,2026-09-28T08:55:59Z
nm0942510,Q2704409,John_Wright_(film_editor),2026-09-28T08:55:59Z
nm0942742,,,2026-09-28T08:55:59Z
nm0943031,Q27055366,,2026-09-28T08:55:59Z
nm0943079,Q277193,Daniel_Wu,2026-09-28T08:55:59Z
nm0943138,Q851018,Wu_Ma,2026-09-28T08:55:59Z
nm0943796,,,2026-09-28T08:55:59Z
nm0944192,Q4990765,Rakel_Wärmländer,2026-09-28T08:55:59Z
nm0944543,Q291565,Mariana_Ximenes,2026-09-28T08:55:59Z
nm0944908,Q11391343,,2026-09-28T08:55:59Z
nm0945131,Q975146,Koji_Yakusho,2026-09-28T08:55:59Z
nm0945189,Q667260,Simon_Yam,2026-09-28T08:55:59Z
nm0946134,,,2026-09-28T08:55:59Z
nm0946872,Q122711470,,2026-09-28T08:55:59Z
nm0946875,Q3134110,Herman_Yau,2026-09-28T08:55:59Z
nm0947447,Q311723,Donnie_Yen,2026-09-28T08:55:59Z
nm0947934,,,2026-09-28T08:55:59Z
nm0947994,Q6100051,,2026-09-28T08:55:59Z
nm0948636,Q3569553,Wladimir_Yordanoff,2026-09-28T08:55:59Z
nm0948723,Q272770,Kathleen_York,2026-09-28T08:55:59Z
nm0948913,Q11414048,,2026-09-28T08:55:59Z
nm0948988,,,2026-09-28T08:55:59Z
nm0949477,Q273137,Dey_Young,2026-09-28T08:55:59Z
nm0949558,Q5526217,Gary_Young_(screenwriter),2026-09-28T08:55:59Z
nm0949676,Q6175301,Jeff_Yang,2026-09-28T08:55:59Z
nm0949683,Q16208181,Jennifer_Young,2026-09-28T08:55:59Z
nm0950510,Q495407,Yoo_Jun-sang,2026-09-28T08:55:59Z
nm0950707,Q319364,Yuen_Biao,2026-09-28T08:55:59Z
nm0951135,,,2026-09-28T08:55:59Z
nm0952232,Q4790555,Arif_Zakaria,2026-09-28T08:55:59Z
nm0952918,Q5248532,Debra_Zane,2026-09-28T08:55:59Z
nm0952944,Q352395,Geoff_Zanelli,2026-09-28T08:55:59Z
nm0954023,Q4190071,Terrance_Zdunich,2026-09-28T08:55:59Z
nm0954034,Q1789204,Kristi_Zea,2026-09-28T08:55:59Z
nm0954099,Q5252708,Dejan_Zečević,2026-09-28T08:55:59Z
nm0955602,,,2026-09-28T08:55:59Z
nm0955815,Q4417793,Mimi_Chu,2026-09-28T08:55:59Z
nm0955959,Q3939238,,2026-09-28T08:55:59Z
nm0956268,Q3413417,Chip_Zien,2026-09-28T08:55:59Z
nm0956374,Q302943,Aaron_Zigman,2026-09-28T08:55:59Z
nm0956699,Q373303,Don_Zimmerman_(film_editor),2026-09-28T08:55:59Z
nm0956710,Q125454910,,2026-09-28T08:55:59Z
nm0956717,Q5739694,Herman_F._Zimmerman,2026-09-28T08:55:59Z
nm0956722,Q87463859,,2026-09-28T08:55:59Z
nm0957197,Q3696475,Craig_Zisk,2026-09-28T08:55:59Z
nm0957831,,,2026-09-28T08:55:59Z
nm0958641,Q1351765,Eric_Zumbrunnen,2026-09-28T08:55:59Z
nm0958861,Q6317475,Raj_Zutshi,2026-09-28T08:55:59Z
nm0958877,,,2026-09-28T08:55:59Z
nm0958989,,,2026-09-28T08:55:59Z
nm0959128,Q1431169,,2026-09-28T08:55:59Z
nm0960276,Q6271813,Jon_Øigarden,2026-09-28T08:55:59Z
nm0960946,Q5212436,Damien_Garvey,2026-09-28T08:55:59Z
nm0961221,Q12760102,,2026-09-28T08:55:59Z
nm0963359,Q32661,Jane_Goldman,2026-09-28T08:55:59Z
nm0969228,,,2026-09-28T08:55:59Z
nm0969994,Q132459160,,2026-09-28T08:55:59Z
nm0972168,,,2026-09-28T08:55:59Z
nm0973177,Q704395,Kyle_Gallner,2026-09-28T08:55:59Z
nm0973991,Q20974106,Pippa_Winslow,2026-09-28T08:55:59Z
nm0990095,Q14855300,,2026-09-28T08:55:59Z
nm0991459,Q149074,Rambo_Amadeus,2026-09-28T08:55:59Z
nm0996458,,,2026-09-28T08:55:59Z
nm0996625,Q3595538,Charmy_Kaur,2026-09-28T08:55:59Z
nm0996806,Q27892398,,2026-09-28T08:55:59Z
nm0998044,Q3520670,Sneha_(actress),2026-09-28T08:55:59Z
nm0998976,Q7327471,Richard_Low,2026-09-28T08:55:59Z
nm0999124,,,2026-09-28T08:55:59Z
nm0999415,Q64859818,,2026-09-28T08:55:59Z
nm1001612,,,2026-09-28T08:55:59Z
nm1001631,,,2026-09-28T08:55:59Z
nm10024682,,,2026-09-28T08:55:59Z
nm1002627,Q1364264,Nicolas_Cazalé,2026-09-28T08:55:59Z
nm1002641,Q317761,Dominic_Cooper,2026-09-28T08:55:59Z
nm1002664,Q514092,Michael_Eklund,2026-09-28T08:55:59Z
nm10033951,Q99263775,Sreeleela,2026-09-28T08:55:59Z
nm1004065,,,2026-09-28T08:55:59Z
nm1005481,Q10325418,,2026-09-28T08:55:59Z
nm1006822,,,2026-09-28T08:55:59Z
nm1007247,Q22344625,,2026-09-28T08:55:59Z
nm1007810,,,2026-09-28T08:55:59Z
nm1008146,Q238020,Skin_(musician),2026-09-28T08:55:59Z
nm1008574,,,2026-09-28T08:55:59Z
nm10088250,,,2026-09-28T08:55:59Z
nm10088612,,,2026-09-28T08:55:59Z
nm10097013,Q128777639,,2026-09-28T08:55:59Z
nm1010170,Q22344627,,2026-09-28T08:55:59Z
nm1011796,Q95707354,,2026-09-28T08:55:59Z
nm1011851,Q6093274,,2026-09-28T08:55:59Z
nm10120019,Q110102496,,2026-09-28T08:55:59Z
nm10120056,,,2026-09-28T08:55:59Z
nm1012515,Q5092256,Cherrie_Ying,2026-09-28T08:55:59Z
nm1012534,Q4120263,Mona_Zaki,2026-09-28T08:55:59Z
nm10129660,,,2026-09-28T08:55:59Z
nm1013476,Q131914680,Samantha_Quan,2026-09-28T08:55:59Z
nm1013812,Q455635,Rachel_Grant,2026-09-28T08:55:59Z
nm1014034,,,2026-09-28T08:55:59Z
nm10140375,Q76823156,Irene_Ferreiro,2026-09-28T08:55:59Z
nm1014041,,,2026-09-28T08:55:59Z
nm1014196,Q727416,Juan_José_Millás,2026-09-28T08:55:59Z
nm1014201,Q7320469,Rhett_Reese,2026-09-28T08:55:59Z
nm1015470,Q6712592,M._G._Radhakrishnan,2026-09-28T08:55:59Z
nm10165979,,,2026-09-28T08:55:59Z
nm1016768,,,2026-09-28T08:55:59Z
nm1017032,Q64823133,,2026-09-28T08:55:59Z
nm1017334,Q234434,Juno_Temple,2026-09-28T08:55:59Z
nm1017488,Q22074016,Charles_Randolph,2026-09-28T08:55:59Z
nm1017500,Q12605698,,2026-09-28T08:55:59Z
nm1018426,Q1059776,Gonzalo_López-Gallego,2026-09-28T08:55:59Z
nm1019748,Q9334057,,2026-09-28T08:55:59Z
nm1019751,Q769872,Evan_Ellingson,2026-09-28T08:55:59Z
nm10207998,Q93206171,Julio_Peña_Fernández,2026-09-28T08:55:59Z
nm1021163,Q3116180,Greg_Behrendt,2026-09-28T08:55:59Z
nm1021806,Q3440692,,2026-09-28T08:55:59Z
nm10222635,Q60679665,Kim_Hye-yoon,2026-09-28T08:55:59Z
nm1022277,Q120441767,,2026-09-28T08:55:59Z
nm10224527,Q106018204,Lucía_Veiga,2026-09-28T08:55:59Z
nm10258882,Q107262442,,2026-09-28T08:55:59Z
nm1026102,Q1161422,,2026-09-28T08:55:59Z
nm1026185,Q91630306,,2026-09-28T08:55:59Z
nm1026557,Q23760776,Raju_Singh,2026-09-28T08:55:59Z
nm1027228,Q64362013,,2026-09-28T08:55:59Z
nm10273610,Q87746050,Claudia_Salas,2026-09-28T08:55:59Z
nm1027719,Q590853,Farhan_Akhtar,2026-09-28T08:55:59Z
nm10298333,,,2026-09-28T08:55:59Z
nm10299039,,,2026-09-28T08:55:59Z
nm1031048,,,2026-09-28T08:55:59Z
nm1031246,Q361727,Lucky_McKee,2026-09-28T08:55:59Z
nm1031648,Q128348660,,2026-09-28T08:55:59Z
nm1032567,Q26173,Pablo_Schreiber,2026-09-28T08:55:59Z
nm1032700,Q7336726,Ritesh_Sidhwani,2026-09-28T08:55:59Z
nm1032754,Q5108075,Chris_Sivertson,2026-09-28T08:55:59Z
nm1032853,Q4354478,Jason_Spisak,2026-09-28T08:55:59Z
nm10328865,Q135285595,,2026-09-28T08:55:59Z
nm1033413,,,2026-09-28T08:55:59Z
nm1034172,Q31094582,,2026-09-28T08:55:59Z
nm10343541,,,2026-09-28T08:55:59Z
nm10364361,,,2026-09-28T08:55:59Z
nm10364362,,,2026-09-28T08:55:59Z
nm10364363,,,2026-09-28T08:55:59Z
nm1036889,,,2026-09-28T08:55:59Z
nm1037158,Q22115225,,2026-09-28T08:55:59Z
nm1037342,Q80638711,,2026-09-28T08:55:59Z
nm1039470,,,2026-09-28T08:55:59Z
nm1041247,,,2026-09-28T08:55:59Z
nm1041285,Q7176515,Peter_Raeburn,2026-09-28T08:55:59Z
nm1041999,Q11264845,Yoo_Hae-jin,2026-09-28T08:55:59Z
nm10428618,,,2026-09-28T08:55:59Z
nm1042939,Q3295541,Martin_Matte,2026-09-28T08:55:59Z
nm1044881,Q64892720,,2026-09-28T08:55:59Z
nm10459559,Q96574321,Chakrapani_Ananda,2026-09-28T08:55:59Z
nm1047226,,,2026-09-28T08:55:59Z
nm1047732,Q64138327,,2026-09-28T08:55:59Z
nm1047812,,,2026-09-28T08:55:59Z
nm1048430,,,2026-09-28T08:55:59Z
nm10487354,,,2026-09-28T08:55:59Z
nm1049234,Q624683,Son_Hyun-joo,2026-09-28T08:55:59Z
nm10494071,,,2026-09-28T08:55:59Z
nm1050136,,,2026-09-28T08:55:59Z
nm10509452,,,2026-09-28T08:55:59Z
nm10512214,Q107387595,Lea_Myren,2026-09-28T08:55:59Z
nm10514265,,,2026-09-28T08:55:59Z
nm10520267,,,2026-09-28T08:55:59Z
nm1052596,Q4166476,Mohamed_Henedi,2026-09-28T08:55:59Z
nm10538218,Q115102432,Rosy_McEwen,2026-09-28T08:55:59Z
nm1053847,,,2026-09-28T08:55:59Z
nm10543177,,,2026-09-28T08:55:59Z
nm10543719,,,2026-09-28T08:55:59Z
nm10553116,,,2026-09-28T08:55:59Z
nm10559174,,,2026-09-28T08:55:59Z
nm1056425,Q3496304,Rajpal_Yadav,2026-09-28T08:55:59Z
nm10573778,,,2026-09-28T08:55:59Z
nm10575553,,,2026-09-28T08:55:59Z
nm10575559,,,2026-09-28T08:55:59Z
nm10575562,,,2026-09-28T08:55:59Z
nm10575566,,,2026-09-28T08:55:59Z
nm10575568,,,2026-09-28T08:55:59Z
nm10575577,,,2026-09-28T08:55:59Z
nm10575578,Q48879045,,2026-09-28T08:55:59Z
nm1057727,Q16195429,Roy_Boulter,2026-09-28T08:55:59Z
nm10578851,,,2026-09-28T08:55:59Z
nm10578895,Q106252067,Kaan_Lativan,2026-09-28T08:55:59Z
nm1058318,,,2026-09-28T08:55:59Z
nm1058561,Q48825769,Mak_Chun_Hung,2026-09-28T08:55:59Z
nm1058565,Q491333,Hwang_Jung-min,2026-09-28T08:55:59Z
nm1058909,,,2026-09-28T08:55:59Z
nm1059001,Q21280657,,2026-09-28T08:55:59Z
nm1059118,Q4822814,Aykut_Oray,2026-09-28T08:55:59Z
nm10604736,,,2026-09-28T08:55:59Z
nm10606356,,,2026-09-28T08:55:59Z
nm1060930,Q15732459,Brandon_Trost,2026-09-28T08:55:59Z
nm10609388,,,2026-09-28T08:55:59Z
nm10618683,,,2026-09-28T08:55:59Z
nm1062569,Q10376340,,2026-09-28T08:55:59Z
nm1063517,Q271986,Kathryn_Hahn,2026-09-28T08:55:59Z
nm1063878,,,2026-09-28T08:55:59Z
nm10647388,,,2026-09-28T08:55:59Z
nm10647389,,,2026-09-28T08:55:59Z
nm1065229,Q219402,America_Ferrera,2026-09-28T08:55:59Z
nm10654486,,,2026-09-28T08:55:59Z
nm10657454,Q123583265,Mia_Isaac,2026-09-28T08:55:59Z
nm10669404,,,2026-09-28T08:55:59Z
nm1068777,Q4101468,Genevieve_Buechner,2026-09-28T08:55:59Z
nm1069013,Q3641993,,2026-09-28T08:55:59Z
nm1069587,Q18615969,Darshan_Kumar,2026-09-28T08:55:59Z
nm1069826,Q3536381,Gautham_Vasudev_Menon,2026-09-28T08:55:59Z
nm10701693,Q106797916,,2026-09-28T08:55:59Z
nm1070494,Q1343721,Satoshi_Tsumabuki,2026-09-28T08:55:59Z
nm10708586,,,2026-09-28T08:55:59Z
nm1071670,,,2026-09-28T08:55:59Z
nm10731413,,,2026-09-28T08:55:59Z
nm10735829,,,2026-09-28T08:55:59Z
nm10746248,,,2026-09-28T08:55:59Z
nm10751817,,,2026-09-28T08:55:59Z
nm1075939,Q15783655,,2026-09-28T08:55:59Z
nm1078045,Q6093570,Goncagül_Sunar,2026-09-28T08:55:59Z
nm1078479,Q44437,John_Cena,2026-09-28T08:55:59Z
nm1078949,Q124843680,Sara_Kay,2026-09-28T08:55:59Z
nm1081171,,,2026-09-28T08:55:59Z
nm1082665,Q1555111,,2026-09-28T08:55:59Z
nm1084399,Q5982905,Luis_Bermejo_(actor),2026-09-28T08:55:59Z
nm1085081,Q18221580,,2026-09-28T08:55:59Z
nm1085861,Q483621,Kwon_Sang-woo,2026-09-28T08:55:59Z
nm1086913,Q546014,Aşkın_Nur_Yengi,2026-09-28T08:55:59Z
nm1086949,Q83940019,,2026-09-28T08:55:59Z
nm10878270,Q125151384,,2026-09-28T08:55:59Z
nm1088493,Q6108223,Ricardo_Gómez_(actor),2026-09-28T08:55:59Z
nm1089063,Q12873960,,2026-09-28T08:55:59Z
nm1089736,Q7811331,Toa_Fraser,2026-09-28T08:55:59Z
nm1089952,Q28041997,,2026-09-28T08:55:59Z
nm10914110,Q124354137,,2026-09-28T08:55:59Z
nm1091578,Q95672976,,2026-09-28T08:55:59Z
nm1092227,Q193458,Sienna_Miller,2026-09-28T08:55:59Z
nm10926671,,,2026-09-28T08:55:59Z
nm10928176,,,2026-09-28T08:55:59Z
nm1093324,,,2026-09-28T08:55:59Z
nm1093387,,,2026-09-28T08:55:59Z
nm1093951,Q45923,Aaron_Taylor-Johnson,2026-09-28T08:55:59Z
nm1094137,Q60489296,Molly_Gordon,2026-09-28T08:55:59Z
nm1094495,Q21292824,,2026-09-28T08:55:59Z
nm10959015,,,2026-09-28T08:55:59Z
nm10973506,Q119506541,,2026-09-28T08:55:59Z
nm10974534,,,2026-09-28T08:55:59Z
nm1097510,Q28054662,,2026-09-28T08:55:59Z
nm10977100,,,2026-09-28T08:55:59Z
nm1098493,Q2745616,Rawson_Marshall_Thurber,2026-09-28T08:55:59Z
nm10987680,,,2026-09-28T08:55:59Z
nm10990268,,,2026-09-28T08:55:59Z
nm1099225,Q114811123,,2026-09-28T08:55:59Z
nm1100123,Q20016589,,2026-09-28T08:55:59Z
nm11003557,,,2026-09-28T08:55:59Z
nm1100839,Q236996,Sofia_Vassilieva,2026-09-28T08:55:59Z
nm1101802,Q24302023,,2026-09-28T08:55:59Z
nm1101898,Q48760275,,2026-09-28T08:55:59Z
nm1102932,Q136295238,,2026-09-28T08:55:59Z
nm1103121,Q11957305,Alexander_Eik,2026-09-28T08:55:59Z
nm1103466,Q16747326,Andrew_Lowe_(producer),2026-09-28T08:55:59Z
nm1104057,Q4679027,Adam_F._Goldberg,2026-09-28T08:55:59Z
nm1104170,Q6176278,Jeffrey_Sharp,2026-09-28T08:55:59Z
nm1104360,,,2026-09-28T08:55:59Z
nm1105365,,,2026-09-28T08:55:59Z
nm1105443,Q2531272,Chantal_Janzen,2026-09-28T08:55:59Z
nm1106058,Q15697622,Sudhir_Pandey,2026-09-28T08:55:59Z
nm11064993,,,2026-09-28T08:55:59Z
nm1106651,,,2026-09-28T08:55:59Z
nm1107594,Q122739066,,2026-09-28T08:55:59Z
nm11089100,,,2026-09-28T08:55:59Z
nm1110573,Q3595283,Vinaya_Prasad,2026-09-28T08:55:59Z
nm1111968,Q237690,Alexa_Davalos,2026-09-28T08:55:59Z
nm1113400,Q42418011,,2026-09-28T08:55:59Z
nm11134848,Q11616308,Shion_Wakayama,2026-09-28T08:55:59Z
nm1113550,Q201418,Abigail_Breslin,2026-09-28T08:55:59Z
nm1113851,Q4170325,Stanislav_Duzhnikov,2026-09-28T08:55:59Z
nm11139808,,,2026-09-28T08:55:59Z
nm11151144,,,2026-09-28T08:55:59Z
nm1116660,Q7154302,Paul_Wernick,2026-09-28T08:55:59Z
nm1117076,Q7331559,Rick_López,2026-09-28T08:55:59Z
nm1117705,Q5070355,Chan_Pui_Yin,2026-09-28T08:55:59Z
nm1117726,Q112076874,,2026-09-28T08:55:59Z
nm1118415,Q5925650,Huang_Po_Ju,2026-09-28T08:55:59Z
nm11186732,,,2026-09-28T08:55:59Z
nm1120013,,,2026-09-28T08:55:59Z
nm1120062,Q9069629,Xiang_Yun,2026-09-28T08:55:59Z
nm1120101,,,2026-09-28T08:55:59Z
nm1120162,Q6289619,Joshua_Ang,2026-09-28T08:55:59Z
nm11203267,Q57915902,Meenakshi_Chaudhary,2026-09-28T08:55:59Z
nm1120624,,,2026-09-28T08:55:59Z
nm1121768,,,2026-09-28T08:55:59Z
nm1121807,Q6092004,Ayda_Aksel,2026-09-28T08:55:59Z
nm1121870,Q2087610,Mahesh_Babu,2026-09-28T08:55:59Z
nm11223939,,,2026-09-28T08:55:59Z
nm1124802,Q42887461,Laurie_Rose_(cinematographer),2026-09-28T08:55:59Z
nm1125005,,,2026-09-28T08:55:59Z
nm1125053,Q95751866,,2026-09-28T08:55:59Z
nm11251166,,,2026-09-28T08:55:59Z
nm11251167,,,2026-09-28T08:55:59Z
nm11271814,,,2026-09-28T08:55:59Z
nm1128766,Q6780778,Mary_Stockley,2026-09-28T08:55:59Z
nm1129408,Q7929277,Vijayan_(actor),2026-09-28T08:55:59Z
nm1130687,,,2026-09-28T08:55:59Z
nm1133372,,,2026-09-28T08:55:59Z
nm1134774,,,2026-09-28T08:55:59Z
nm11348699,Q97339678,,2026-09-28T08:55:59Z
nm1134945,Q6257003,John_Schwab,2026-09-28T08:55:59Z
nm1135423,Q518770,Darren_Lynn_Bousman,2026-09-28T08:55:59Z
nm11367690,,,2026-09-28T08:55:59Z
nm1137264,Q3771984,Glenn_McQuaid,2026-09-28T08:55:59Z
nm11379138,,,2026-09-28T08:55:59Z
nm1138368,,,2026-09-28T08:55:59Z
nm1138568,Q3591401,Éric_Vuillard,2026-09-28T08:55:59Z
nm1139090,,,2026-09-28T08:55:59Z
nm1140089,Q64547413,,2026-09-28T08:55:59Z
nm1140300,Q258071,Jessica_Lucas,2026-09-28T08:55:59Z
nm1140492,Q22692663,,2026-09-28T08:55:59Z
nm1141209,,,2026-09-28T08:55:59Z
nm11421137,Q20944775,Gong_Min-jeung,2026-09-28T08:55:59Z
nm1142688,Q1361274,,2026-09-28T08:55:59Z
nm11432333,,,2026-09-28T08:55:59Z
nm1145570,Q743793,John_Erik_Kaada,2026-09-28T08:55:59Z
nm1145840,Q88099588,,2026-09-28T08:55:59Z
nm1146243,Q3011880,Teddy_Sears,2026-09-28T08:55:59Z
nm1147284,Q77162844,,2026-09-28T08:55:59Z
nm1147677,Q292958,Amrita_Arora,2026-09-28T08:55:59Z
nm1149785,Q64573649,,2026-09-28T08:55:59Z
nm1150863,Q63111589,Sarah_Schechter_(producer),2026-09-28T08:55:59Z
nm1154632,Q608628,Lorne_Balfe,2026-09-28T08:55:59Z
nm1155055,Q76866520,,2026-09-28T08:55:59Z
nm1155080,,,2026-09-28T08:55:59Z
nm1157324,Q709135,Karena_Lam,2026-09-28T08:55:59Z
nm1157358,Q229112,Michelle_Monaghan,2026-09-28T08:55:59Z
nm1159052,,,2026-09-28T08:55:59Z
nm11592668,,,2026-09-28T08:55:59Z
nm1160306,Q12872338,Aris_Servetalis,2026-09-28T08:55:59Z
nm11608422,,,2026-09-28T08:55:59Z
nm1161493,,,2026-09-28T08:55:59Z
nm11620333,,,2026-09-28T08:55:59Z
nm1164138,,,2026-09-28T08:55:59Z
nm1164744,Q95782327,,2026-09-28T08:55:59Z
nm1164755,Q935646,Xavier_Gens,2026-09-28T08:55:59Z
nm1167083,Q2659353,Augustus_Prew,2026-09-28T08:55:59Z
nm1167123,Q3306578,Qi_Yuwu,2026-09-28T08:55:59Z
nm11689404,,,2026-09-28T08:55:59Z
nm1171090,Q114680223,,2026-09-28T08:55:59Z
nm11711534,,,2026-09-28T08:55:59Z
nm11713137,Q109265448,,2026-09-28T08:55:59Z
nm1172285,Q3130357,Martha_Higareda,2026-09-28T08:55:59Z
nm1173067,,,2026-09-28T08:55:59Z
nm11750451,,,2026-09-28T08:55:59Z
nm11754750,Q128794167,,2026-09-28T08:55:59Z
nm1176400,Q6697390,Lucinda_Raikes,2026-09-28T08:55:59Z
nm1177228,Q2434174,Tim_Oliver_Schultz,2026-09-28T08:55:59Z
nm1178125,,,2026-09-28T08:55:59Z
nm11782362,,,2026-09-28T08:55:59Z
nm1178434,Q860068,Mike_Einziger,2026-09-28T08:55:59Z
nm1179580,Q953450,Seu_Jorge,2026-09-28T08:55:59Z
nm11799960,,,2026-09-28T08:55:59Z
nm11799963,,,2026-09-28T08:55:59Z
nm11799965,,,2026-09-28T08:55:59Z
nm1180694,Q16105546,Panchu_Arunachalam,2026-09-28T08:55:59Z
nm11807165,,,2026-09-28T08:55:59Z
nm11813683,Q134723207,Fūga_Yamashiro,2026-09-28T08:55:59Z
nm1182024,,,2026-09-28T08:55:59Z
nm1182352,Q117860833,,2026-09-28T08:55:59Z
nm11824788,Q17403471,Park_Subin,2026-09-28T08:55:59Z
nm11829998,,,2026-09-28T08:55:59Z
nm11830006,,,2026-09-28T08:55:59Z
nm1185422,,,2026-09-28T08:55:59Z
nm11864914,,,2026-09-28T08:55:59Z
nm11870936,Q64486997,,2026-09-28T08:55:59Z
nm11894037,,,2026-09-28T08:55:59Z
nm1189762,Q5225529,Darshan_Jariwala,2026-09-28T08:55:59Z
nm1190372,Q5183212,Crazy_Mohan,2026-09-28T08:55:59Z
nm1190757,,,2026-09-28T08:55:59Z
nm1193100,,,2026-09-28T08:55:59Z
nm1193571,Q11019088,Salah_Abdallah,2026-09-28T08:55:59Z
nm1196042,Q3523638,Devi_Sri_Prasad,2026-09-28T08:55:59Z
nm1196155,,,2026-09-28T08:55:59Z
nm1197031,,,2026-09-28T08:55:59Z
nm1197230,Q6134542,James_Gaylyn,2026-09-28T08:55:59Z
nm1197640,,,2026-09-28T08:55:59Z
nm1197689,Q70003,Sandra_Hüller,2026-09-28T08:55:59Z
nm1197737,Q275932,Carmen_Machi,2026-09-28T08:55:59Z
nm1197989,Q109679896,,2026-09-28T08:55:59Z
nm1198628,Q3536811,Sunil_(actor),2026-09-28T08:55:59Z
nm11989089,Q105706079,,2026-09-28T08:55:59Z
nm1200153,Q28865017,,2026-09-28T08:55:59Z
nm1200240,,,2026-09-28T08:55:59Z
nm1201852,Q4569472,Tobias_Aspelin,2026-09-28T08:55:59Z
nm1202823,Q16893047,,2026-09-28T08:55:59Z
nm12064502,,,2026-09-28T08:55:59Z
nm1208167,Q57118,Diane_Kruger,2026-09-28T08:55:59Z
nm1209191,Q12966837,,2026-09-28T08:55:59Z
nm12092085,,,2026-09-28T08:55:59Z
nm1209923,Q1192204,Ryō_Hirohashi,2026-09-28T08:55:59Z
nm1210703,,,2026-09-28T08:55:59Z
nm1211132,Q4944362,,2026-09-28T08:55:59Z
nm1211488,Q233237,Lynn_Collins,2026-09-28T08:55:59Z
nm1212803,,,2026-09-28T08:55:59Z
nm12130636,,,2026-09-28T08:55:59Z
nm1213504,,,2026-09-28T08:55:59Z
nm1213989,,,2026-09-28T08:55:59Z
nm1214281,,,2026-09-28T08:55:59Z
nm12154661,Q136650041,,2026-09-28T08:55:59Z
nm12154662,,,2026-09-28T08:55:59Z
nm12155509,,,2026-09-28T08:55:59Z
nm12156111,,,2026-09-28T08:55:59Z
nm12156648,Q55524412,,2026-09-28T08:55:59Z
nm1215909,,,2026-09-28T08:55:59Z
nm1216826,Q1383160,Igor_Jijikine,2026-09-28T08:55:59Z
nm1216911,Q108613182,,2026-09-28T08:55:59Z
nm1218624,,,2026-09-28T08:55:59Z
nm12189220,,,2026-09-28T08:55:59Z
nm1220246,Q3429883,Bala_(director),2026-09-28T08:55:59Z
nm1220329,,,2026-09-28T08:55:59Z
nm1221047,Q6382703,Keegan-Michael_Key,2026-09-28T08:55:59Z
nm12214041,,,2026-09-28T08:55:59Z
nm1221759,Q11766094,,2026-09-28T08:55:59Z
nm12228947,,,2026-09-28T08:55:59Z
nm1224078,Q6504182,Lawrence_Inglee,2026-09-28T08:55:59Z
nm1224082,Q834338,Boman_Irani,2026-09-28T08:55:59Z
nm1224429,Q26703015,Nitya_Mehra,2026-09-28T08:55:59Z
nm1224445,Q3124942,Salim–Sulaiman,2026-09-28T08:55:59Z
nm1226448,Q3494299,Neha_Dhupia,2026-09-28T08:55:59Z
nm1226506,Q131341208,,2026-09-28T08:55:59Z
nm1227152,,,2026-09-28T08:55:59Z
nm12273420,,,2026-09-28T08:55:59Z
nm1227484,Q26904302,,2026-09-28T08:55:59Z
nm12281283,,,2026-09-28T08:55:59Z
nm1228655,,,2026-09-28T08:55:59Z
nm12299201,,,2026-09-28T08:55:59Z
nm1229940,Q9550,Katrina_Kaif,2026-09-28T08:55:59Z
nm1229951,Q3292625,Marie_Kremer,2026-09-28T08:55:59Z
nm1230484,,,2026-09-28T08:55:59Z
nm1231899,Q158957,Priyanka_Chopra,2026-09-28T08:55:59Z
nm1232058,,,2026-09-28T08:55:59Z
nm12322331,,,2026-09-28T08:55:59Z
nm1234298,Q272014,Konkona_Sen_Sharma,2026-09-28T08:55:59Z
nm1235052,Q1894154,Eva_van_de_Wijdeven,2026-09-28T08:55:59Z
nm12350612,,,2026-09-28T08:55:59Z
nm1235467,,,2026-09-28T08:55:59Z
nm1235592,Q5693737,Heather_Beers,2026-09-28T08:55:59Z
nm1235719,Q95210881,,2026-09-28T08:55:59Z
nm1236357,Q17414786,Sethu_Sriram,2026-09-28T08:55:59Z
nm12375364,,,2026-09-28T08:55:59Z
nm1237586,,,2026-09-28T08:55:59Z
nm12378183,,,2026-09-28T08:55:59Z
nm12381967,,,2026-09-28T08:55:59Z
nm1238286,Q7640329,Sunil_Manchanda,2026-09-28T08:55:59Z
nm1239185,,,2026-09-28T08:55:59Z
nm1239252,,,2026-09-28T08:55:59Z
nm1239813,Q4275628,Allie_MacDonald,2026-09-28T08:55:59Z
nm1240710,,,2026-09-28T08:55:59Z
nm1241555,Q6203255,Jitendra_Joshi,2026-09-28T08:55:59Z
nm1241589,Q7423871,Sarfraz_Khan_(actor),2026-09-28T08:55:59Z
nm1241838,,,2026-09-28T08:55:59Z
nm12433556,,,2026-09-28T08:55:59Z
nm1243731,Q22813458,Shekhar_Ravjiani,2026-09-28T08:55:59Z
nm12437884,,,2026-09-28T08:55:59Z
nm12438631,,,2026-09-28T08:55:59Z
nm1244249,,,2026-09-28T08:55:59Z
nm12456405,,,2026-09-28T08:55:59Z
nm1247462,Q966124,Christopher_Smith_(director),2026-09-28T08:55:59Z
nm12475542,,,2026-09-28T08:55:59Z
nm12475543,,,2026-09-28T08:55:59Z
nm1248285,Q102074429,Magdalena_Górka,2026-09-28T08:55:59Z
nm12494183,Q107182802,Clara_Galle,2026-09-28T08:55:59Z
nm12494184,Q114343283,,2026-09-28T08:55:59Z
nm12494185,Q115035653,,2026-09-28T08:55:59Z
nm12498583,,,2026-09-28T08:55:59Z
nm12501094,Q137438140,,2026-09-28T08:55:59Z
nm12509098,,,2026-09-28T08:55:59Z
nm12509100,,,2026-09-28T08:55:59Z
nm12509101,,,2026-09-28T08:55:59Z
nm12509106,,,2026-09-28T08:55:59Z
nm12509112,,,2026-09-28T08:55:59Z
nm12509114,,,2026-09-28T08:55:59Z
nm12509116,,,2026-09-28T08:55:59Z
nm12509119,,,2026-09-28T08:55:59Z
nm1252883,,,2026-09-28T08:55:59Z
nm1253386,Q30319358,,2026-09-28T08:55:59Z
nm1256292,Q4935205,Bobby_Johnston,2026-09-28T08:55:59Z
nm1257110,,,2026-09-28T08:55:59Z
nm1258384,Q106082228,,2026-09-28T08:55:59Z
nm1258970,Q296609,Russell_Brand,2026-09-28T08:55:59Z
nm1259084,Q12445334,Manoj_Joshi_(actor),2026-09-28T08:55:59Z
nm1259124,Q404251,,2026-09-28T08:55:59Z
nm1260769,,,2026-09-28T08:55:59Z
nm12608830,Q124499794,,2026-09-28T08:55:59Z
nm12623975,,,2026-09-28T08:55:59Z
nm1262626,Q106816033,,2026-09-28T08:55:59Z
nm12638950,Q135286139,,2026-09-28T08:55:59Z
nm1263939,Q230461,Danielle_Panabaker,2026-09-28T08:55:59Z
nm1265212,,,2026-09-28T08:55:59Z
nm1265802,Q1190319,Josh_Gad,2026-09-28T08:55:59Z
nm1265901,Q6146954,,2026-09-28T08:55:59Z
nm1266267,Q18888484,Ben_Kutchins,2026-09-28T08:55:59Z
nm12676704,Q110253170,Brittney_Rodriguez,2026-09-28T08:55:59Z
nm1267703,Q16098478,,2026-09-28T08:55:59Z
nm12679853,,,2026-09-28T08:55:59Z
nm1268669,,,2026-09-28T08:55:59Z
nm1268885,Q12754925,,2026-09-28T08:55:59Z
nm1269941,,,2026-09-28T08:55:59Z
nm1269950,,,2026-09-28T08:55:59Z
nm1270495,,,2026-09-28T08:55:59Z
nm12705718,,,2026-09-28T08:55:59Z
nm1270585,Q55633314,Skip_Williamson_(producer),2026-09-28T08:55:59Z
nm1270715,Q62663570,,2026-09-28T08:55:59Z
nm1272540,Q553338,Omar_Metwally,2026-09-28T08:55:59Z
nm12727423,Q105397423,Nevenka_Fernández,2026-09-28T08:55:59Z
nm12728423,,,2026-09-28T08:55:59Z
nm1272851,,,2026-09-28T08:55:59Z
nm1273063,,,2026-09-28T08:55:59Z
nm1273488,,,2026-09-28T08:55:59Z
nm12737026,,,2026-09-28T08:55:59Z
nm1273830,,,2026-09-28T08:55:59Z
nm1277293,,,2026-09-28T08:55:59Z
nm12772960,Q122937440,,2026-09-28T08:55:59Z
nm1277705,Q17495961,Uday_Tikekar,2026-09-28T08:55:59Z
nm1278335,Q2440192,Leo_Alkemade,2026-09-28T08:55:59Z
nm12802727,,,2026-09-28T08:55:59Z
nm12828686,,,2026-09-28T08:55:59Z
nm1285142,,,2026-09-28T08:55:59Z
nm1285540,Q6385651,Kellee_Stewart,2026-09-28T08:55:59Z
nm1287677,Q5359047,Elena_Kong,2026-09-28T08:55:59Z
nm12878952,,,2026-09-28T08:55:59Z
nm1288150,Q6110147,Jabez_Olssen,2026-09-28T08:55:59Z
nm1294189,,,2026-09-28T08:55:59Z
nm12953205,Q115474775,Mark_Eydelshteyn,2026-09-28T08:55:59Z
nm1295721,Q510002,Alice_de_Lencquesaing,2026-09-28T08:55:59Z
nm1296554,Q2895597,Ben_Wheatley,2026-09-28T08:55:59Z
nm1296572,,,2026-09-28T08:55:59Z
nm1296796,Q6451980,Kyoko_Inoue,2026-09-28T08:55:59Z
nm1297015,Q147077,Emma_Stone,2026-09-28T08:55:59Z
nm12970572,,,2026-09-28T08:55:59Z
nm1300303,Q536524,Svetlana_Khodchenkova,2026-09-28T08:55:59Z
nm1300851,Q6354970,Kalyani_Malik,2026-09-28T08:55:59Z
nm1300956,,,2026-09-28T08:55:59Z
nm1302330,Q6937290,Murali_Sharma,2026-09-28T08:55:59Z
nm1302612,Q6092817,,2026-09-28T08:55:59Z
nm1304911,,,2026-09-28T08:55:59Z
nm13063807,,,2026-09-28T08:55:59Z
nm13075012,,,2026-09-28T08:55:59Z
nm1308410,,,2026-09-28T08:55:59Z
nm13085047,,,2026-09-28T08:55:59Z
nm13094937,,,2026-09-28T08:55:59Z
nm13102057,Q21064132,Adar_Poonawalla,2026-09-28T08:55:59Z
nm1310563,Q25171315,,2026-09-28T08:55:59Z
nm1310911,,,2026-09-28T08:55:59Z
nm1312191,Q3959629,Shirō_Saitō,2026-09-28T08:55:59Z
nm1312197,Q136487763,,2026-09-28T08:55:59Z
nm1312318,Q3275591,,2026-09-28T08:55:59Z
nm1314324,,,2026-09-28T08:55:59Z
nm1315834,Q116178888,,2026-09-28T08:55:59Z
nm13164073,,,2026-09-28T08:55:59Z
nm1316767,Q24057,Dallas_Roberts,2026-09-28T08:55:59Z
nm1318596,Q439315,Jemaine_Clement,2026-09-28T08:55:59Z
nm1318670,Q9369646,Vishal_Dadlani,2026-09-28T08:55:59Z
nm1319947,,,2026-09-28T08:55:59Z
nm13201435,,,2026-09-28T08:55:59Z
nm1320422,,,2026-09-28T08:55:59Z
nm1320600,Q5796159,,2026-09-28T08:55:59Z
nm1320617,Q1747643,,2026-09-28T08:55:59Z
nm1320827,Q7291588,Randall_Park,2026-09-28T08:55:59Z
nm1321860,,,2026-09-28T08:55:59Z
nm13222819,,,2026-09-28T08:55:59Z
nm13223742,,,2026-09-28T08:55:59Z
nm1324960,,,2026-09-28T08:55:59Z
nm1325419,Q231382,Kristen_Wiig,2026-09-28T08:55:59Z
nm13260054,,,2026-09-28T08:55:59Z
nm1326372,,,2026-09-28T08:55:59Z
nm13264725,,,2026-09-28T08:55:59Z
nm1326535,Q7639214,Sundar_C,2026-09-28T08:55:59Z
nm1326842,Q1425218,Jakob_M._Erwa,2026-09-28T08:55:59Z
nm1327244,Q20551597,,2026-09-28T08:55:59Z
nm1327281,Q23916773,Frida_Kempff,2026-09-28T08:55:59Z
nm1328152,Q292943,Shriya_Saran,2026-09-28T08:55:59Z
nm1328521,,,2026-09-28T08:55:59Z
nm1329898,,,2026-09-28T08:55:59Z
nm1331055,Q81558118,,2026-09-28T08:55:59Z
nm1331851,Q423141,,2026-09-28T08:55:59Z
nm1331897,Q16222341,Nandini_Singh,2026-09-28T08:55:59Z
nm13321105,,,2026-09-28T08:55:59Z
nm13321106,,,2026-09-28T08:55:59Z
nm13321107,,,2026-09-28T08:55:59Z
nm13323464,,,2026-09-28T08:55:59Z
nm1333010,,,2026-09-28T08:55:59Z
nm1335238,Q439563,Yelena_Panova_(actress),2026-09-28T08:55:59Z
nm1335387,Q3595178,Prithviraj_Sukumaran,2026-09-28T08:55:59Z
nm1335996,Q1779957,Ane_Dahl_Torp,2026-09-28T08:55:59Z
nm1336722,Q20090576,Denzil_Smith,2026-09-28T08:55:59Z
nm1337123,Q9340653,Yuan_Li,2026-09-28T08:55:59Z
nm13376619,,,2026-09-28T08:55:59Z
nm1338428,,,2026-09-28T08:55:59Z
nm1338587,Q3633978,Pritam,2026-09-28T08:55:59Z
nm1339147,,,2026-09-28T08:55:59Z
nm1339233,,,2026-09-28T08:55:59Z
nm1340084,Q120310128,Shamir_Tandon,2026-09-28T08:55:59Z
nm1340178,Q4766110,Ankur_Vikal,2026-09-28T08:55:59Z
nm1340738,Q6187254,Jessica_Harmon,2026-09-28T08:55:59Z
nm1340851,Q55334310,,2026-09-28T08:55:59Z
nm1341114,,,2026-09-28T08:55:59Z
nm13422566,,,2026-09-28T08:55:59Z
nm1342398,Q3061565,Evgueni_Galperine,2026-09-28T08:55:59Z
nm13442217,,,2026-09-28T08:55:59Z
nm13445593,,,2026-09-28T08:55:59Z
nm13456350,,,2026-09-28T08:55:59Z
nm1346713,Q3621855,Paco_León,2026-09-28T08:55:59Z
nm13469918,,,2026-09-28T08:55:59Z
nm13479561,,,2026-09-28T08:55:59Z
nm1348210,Q2570,John_Romita_Jr.,2026-09-28T08:55:59Z
nm1349944,Q97345262,,2026-09-28T08:55:59Z
nm1350569,Q5673802,Harsha_Vardhan,2026-09-28T08:55:59Z
nm1351446,Q114008582,,2026-09-28T08:55:59Z
nm1352172,Q7906291,V._V._Vinayak,2026-09-28T08:55:59Z
nm13543587,,,2026-09-28T08:55:59Z
nm1354659,,,2026-09-28T08:55:59Z
nm1354965,Q113581773,,2026-09-28T08:55:59Z
nm1356951,Q2836677,Alice_Winocour,2026-09-28T08:55:59Z
nm13570770,,,2026-09-28T08:55:59Z
nm1365652,,,2026-09-28T08:55:59Z
nm1365747,,,2026-09-28T08:55:59Z
nm13660940,,,2026-09-28T08:55:59Z
nm1366165,Q62023193,,2026-09-28T08:55:59Z
nm1367490,Q4281880,Bruna_Marquezine,2026-09-28T08:55:59Z
nm1367681,Q483575,Oh_Dal-su,2026-09-28T08:55:59Z
nm1369115,,,2026-09-28T08:55:59Z
nm1369375,,,2026-09-28T08:55:59Z
nm1371115,Q616867,Kim_Seo-hyung,2026-09-28T08:55:59Z
nm1371243,Q16731352,Lee_Mo-gae,2026-09-28T08:55:59Z
nm13721035,,,2026-09-28T08:55:59Z
nm13722313,,,2026-09-28T08:55:59Z
nm1372258,Q4147975,Hrant_Tokhatyan,2026-09-28T08:55:59Z
nm1372788,Q319491,Shahid_Kapoor,2026-09-28T08:55:59Z
nm1372796,Q486836,Kim_Sung-soo_(actor),2026-09-28T08:55:59Z
nm1374980,Q45229,Zac_Efron,2026-09-28T08:55:59Z
nm1376345,Q3494527,San'yūtei_Enchō,2026-09-28T08:55:59Z
nm1376405,,,2026-09-28T08:55:59Z
nm13791604,,,2026-09-28T08:55:59Z
nm1380146,Q100715822,,2026-09-28T08:55:59Z
nm13805076,,,2026-09-28T08:55:59Z
nm1381758,Q112919420,,2026-09-28T08:55:59Z
nm1382130,,,2026-09-28T08:55:59Z
nm1383229,,,2026-09-28T08:55:59Z
nm1384267,Q1173861,David_Buckley,2026-09-28T08:55:59Z
nm1384413,Q7425841,Saswata_Chatterjee,2026-09-28T08:55:59Z
nm13847389,,,2026-09-28T08:55:59Z
nm1385118,Q16200381,Pijush_Ganguly,2026-09-28T08:55:59Z
nm1385304,Q8080207,İsmail_Hacıoğlu,2026-09-28T08:55:59Z
nm1385635,,,2026-09-28T08:55:59Z
nm1385954,Q136350406,,2026-09-28T08:55:59Z
nm13863871,,,2026-09-28T08:55:59Z
nm13869877,,,2026-09-28T08:55:59Z
nm1387379,Q7340551,Rob_Simonsen,2026-09-28T08:55:59Z
nm1389854,,,2026-09-28T08:55:59Z
nm1390149,,,2026-09-28T08:55:59Z
nm13901514,Q125202571,,2026-09-28T08:55:59Z
nm1391608,,,2026-09-28T08:55:59Z
nm1391768,,,2026-09-28T08:55:59Z
nm13918356,,,2026-09-28T08:55:59Z
nm1392447,,,2026-09-28T08:55:59Z
nm1392550,,,2026-09-28T08:55:59Z
nm1392998,,,2026-09-28T08:55:59Z
nm13935022,,,2026-09-28T08:55:59Z
nm1393816,,,2026-09-28T08:55:59Z
nm1394034,,,2026-09-28T08:55:59Z
nm1394347,,,2026-09-28T08:55:59Z
nm1394716,Q7273570,R._D._Rajasekhar,2026-09-28T08:55:59Z
nm1394752,,,2026-09-28T08:55:59Z
nm13955174,,,2026-09-28T08:55:59Z
nm1395546,,,2026-09-28T08:55:59Z
nm1395667,,,2026-09-28T08:55:59Z
nm1396362,,,2026-09-28T08:55:59Z
nm13982401,,,2026-09-28T08:55:59Z
nm1398610,,,2026-09-28T08:55:59Z
nm13995521,,,2026-09-28T08:55:59Z
nm13998046,,,2026-09-28T08:55:59Z
nm1402325,,,2026-09-28T08:55:59Z
nm14035465,,,2026-09-28T08:55:59Z
nm14035466,,,2026-09-28T08:55:59Z
nm14035467,,,2026-09-28T08:55:59Z
nm1404741,Q89485517,,2026-09-28T08:55:59Z
nm1404824,Q242792,Laura_Marano,2026-09-28T08:55:59Z
nm1404825,Q267119,Vanessa_Marano,2026-09-28T08:55:59Z
nm14061675,,,2026-09-28T08:55:59Z
nm1406216,,,2026-09-28T08:55:59Z
nm1406657,Q61409477,,2026-09-28T08:55:59Z
nm1407237,,,2026-09-28T08:55:59Z
nm1409857,Q21290622,Rodrigo_Balart,2026-09-28T08:55:59Z
nm1410318,Q5474119,Omar_Chaparro,2026-09-28T08:55:59Z
nm14130824,,,2026-09-28T08:55:59Z
nm14134559,,,2026-09-28T08:55:59Z
nm1413730,,,2026-09-28T08:55:59Z
nm14146234,,,2026-09-28T08:55:59Z
nm1415801,Q3177537,Jerusha_Hess,2026-09-28T08:55:59Z
nm1416134,,,2026-09-28T08:55:59Z
nm1416675,,,2026-09-28T08:55:59Z
nm14168047,,,2026-09-28T08:55:59Z
nm1418096,Q21593058,Samantha_Sloyan,2026-09-28T08:55:59Z
nm14185299,,,2026-09-28T08:55:59Z
nm14185300,,,2026-09-28T08:55:59Z
nm14185301,,,2026-09-28T08:55:59Z
nm1419300,Q7561685,Sonia_Agarwal,2026-09-28T08:55:59Z
nm1421119,Q99391778,,2026-09-28T08:55:59Z
nm1421683,Q117862530,Santhakumar,2026-09-28T08:55:59Z
nm1421754,Q7448862,Selvaraghavan,2026-09-28T08:55:59Z
nm1421776,Q1387724,Yuvan_Shankar_Raja,2026-09-28T08:55:59Z
nm14231463,,,2026-09-28T08:55:59Z
nm1424524,Q738852,Joe_Casey,2026-09-28T08:55:59Z
nm1425155,Q6382099,Keagan_Kang,2026-09-28T08:55:59Z
nm1425586,Q7498978,Shirshendu_Mukhopadhyay,2026-09-28T08:55:59Z
nm1425628,,,2026-09-28T08:55:59Z
nm1427345,,,2026-09-28T08:55:59Z
nm1427978,,,2026-09-28T08:55:59Z
nm1428293,Q25999506,Pawan_Chopra,2026-09-28T08:55:59Z
nm1428429,,,2026-09-28T08:55:59Z
nm1430139,Q11588051,,2026-09-28T08:55:59Z
nm1430888,,,2026-09-28T08:55:59Z
nm1430969,Q4802105,Arun_Kumar_Aravind,2026-09-28T08:55:59Z
nm1431138,,,2026-09-28T08:55:59Z
nm1431644,Q12250809,Wahid_Hamed,2026-09-28T08:55:59Z
nm1431656,Q3053437,Emraan_Hashmi,2026-09-28T08:55:59Z
nm1432578,Q15076791,Shammi_Thilakan,2026-09-28T08:55:59Z
nm14330474,,,2026-09-28T08:55:59Z
nm1433435,,,2026-09-28T08:55:59Z
nm1433654,Q6396137,Kevin_Delaney,2026-09-28T08:55:59Z
nm1434016,Q73862837,,2026-09-28T08:55:59Z
nm1434439,Q22344626,,2026-09-28T08:55:59Z
nm1434647,Q107382686,,2026-09-28T08:55:59Z
nm1435316,Q3453769,,2026-09-28T08:55:59Z
nm1436693,Q1282992,A._R._Murugadoss,2026-09-28T08:55:59Z
nm1440657,,,2026-09-28T08:55:59Z
nm1441985,,,2026-09-28T08:55:59Z
nm1442840,Q12397549,,2026-09-28T08:55:59Z
nm1444110,Q124828026,Ben_LeClair,2026-09-28T08:55:59Z
nm1444462,Q953841,Richard_Brooks_(actor),2026-09-28T08:55:59Z
nm1448869,Q855659,Fernanda_Castillo,2026-09-28T08:55:59Z
nm14498005,,,2026-09-28T08:55:59Z
nm1450336,,,2026-09-28T08:55:59Z
nm14508609,,,2026-09-28T08:55:59Z
nm1451927,Q2059330,Paul_Doucette,2026-09-28T08:55:59Z
nm1451951,Q526677,Sébastien_Foucan,2026-09-28T08:55:59Z
nm1454821,Q38402809,,2026-09-28T08:55:59Z
nm1457753,Q50376479,,2026-09-28T08:55:59Z
nm1459445,Q28830360,,2026-09-28T08:55:59Z
nm1459645,,,2026-09-28T08:55:59Z
nm1459905,Q28830358,,2026-09-28T08:55:59Z
nm14599320,Q130626878,,2026-09-28T08:55:59Z
nm14602627,,,2026-09-28T08:55:59Z
nm1460610,,,2026-09-28T08:55:59Z
nm1463981,Q272718,Çağan_Irmak,2026-09-28T08:55:59Z
nm14642335,,,2026-09-28T08:55:59Z
nm1466826,Q111734848,,2026-09-28T08:55:59Z
nm14677629,,,2026-09-28T08:55:59Z
nm1469236,Q7088045,Olivia_Colman,2026-09-28T08:55:59Z
nm1470683,Q3666680,Charlie_Saxton,2026-09-28T08:55:59Z
nm14708124,,,2026-09-28T08:55:59Z
nm1470993,Q7436761,Scott_Mann_(filmmaker),2026-09-28T08:55:59Z
nm1472197,Q16198139,Manish_Chaudhari,2026-09-28T08:55:59Z
nm1474596,Q18205135,Anuvab_Pal,2026-09-28T08:55:59Z
nm1475013,,,2026-09-28T08:55:59Z
nm1475917,,,2026-09-28T08:55:59Z
nm1476252,Q7611807,Steve_Arbuckle,2026-09-28T08:55:59Z
nm14776900,,,2026-09-28T08:55:59Z
nm1480430,Q458863,,2026-09-28T08:55:59Z
nm1480555,Q48618,Arjan_Bajwa,2026-09-28T08:55:59Z
nm1480916,Q112352,Bora_Dağtekin,2026-09-28T08:55:59Z
nm1481660,Q6016132,Mikel_Lejarza_(producer),2026-09-28T08:55:59Z
nm1482178,,,2026-09-28T08:55:59Z
nm1482301,Q3191061,Jérôme_Seydoux,2026-09-28T08:55:59Z
nm1483948,Q7230387,Porscha_Coleman,2026-09-28T08:55:59Z
nm1486239,,,2026-09-28T08:55:59Z
nm14870845,,,2026-09-28T08:55:59Z
nm1487493,Q5181200,Craig_McConnell,2026-09-28T08:55:59Z
nm1487606,,,2026-09-28T08:55:59Z
nm1488027,Q1052932,Celine_Rattray,2026-09-28T08:55:59Z
nm14888658,,,2026-09-28T08:55:59Z
nm1490813,Q23059985,,2026-09-28T08:55:59Z
nm1490961,Q3900911,,2026-09-28T08:55:59Z
nm1491927,Q62023161,,2026-09-28T08:55:59Z
nm1492569,Q116973488,,2026-09-28T08:55:59Z
nm1492784,Q1279082,Devon_Gearhart,2026-09-28T08:55:59Z
nm14930772,Q120896583,Jerskin_Fendrix,2026-09-28T08:55:59Z
nm1493287,,,2026-09-28T08:55:59Z
nm1494168,Q553895,Angela_Sarafyan,2026-09-28T08:55:59Z
nm1495175,Q6316997,Justice_Leak,2026-09-28T08:55:59Z
nm14981552,,,2026-09-28T08:55:59Z
nm1498467,Q6350742,Kalasala_Babu,2026-09-28T08:55:59Z
nm1498772,Q124618334,,2026-09-28T08:55:59Z
nm1499971,,,2026-09-28T08:55:59Z
nm1499974,,,2026-09-28T08:55:59Z
nm15004079,,,2026-09-28T08:55:59Z
nm15005139,,,2026-09-28T08:55:59Z
nm1502425,Q7422640,Sarah_Niles,2026-09-28T08:55:59Z
nm1504478,,,2026-09-28T08:55:59Z
nm15089240,,,2026-09-28T08:55:59Z
nm1509816,,,2026-09-28T08:55:59Z
nm15124715,,,2026-09-28T08:55:59Z
nm1513037,,,2026-09-28T08:55:59Z
nm15136253,,,2026-09-28T08:55:59Z
nm1514763,Q4746313,Amin_Joseph,2026-09-28T08:55:59Z
nm15192292,,,2026-09-28T08:55:59Z
nm15192296,,,2026-09-28T08:55:59Z
nm1519666,Q28288,Eddie_Redmayne,2026-09-28T08:55:59Z
nm1520505,,,2026-09-28T08:55:59Z
nm15206519,,,2026-09-28T08:55:59Z
nm1521381,Q2748319,Nayanthara,2026-09-28T08:55:59Z
nm1525948,Q2231922,Ashton_Holmes,2026-09-28T08:55:59Z
nm1526214,Q23887819,Tyler_Ross,2026-09-28T08:55:59Z
nm1527417,,,2026-09-28T08:55:59Z
nm1530422,Q1772954,Steve_Barker_(film_director),2026-09-28T08:55:59Z
nm15315024,,,2026-09-28T08:55:59Z
nm1531547,Q52151604,Gopal_Datt,2026-09-28T08:55:59Z
nm1534553,Q56533074,Kim_Tae-seong_(composer),2026-09-28T08:55:59Z
nm1539281,,,2026-09-28T08:55:59Z
nm1539961,,,2026-09-28T08:55:59Z
nm1540836,Q130378773,,2026-09-28T08:55:59Z
nm15414650,Q132459161,,2026-09-28T08:55:59Z
nm1541912,Q9053477,Lung_Shao-hua,2026-09-28T08:55:59Z
nm1545611,Q13499550,Michael_Costigan_(film_producer),2026-09-28T08:55:59Z
nm1546187,,,2026-09-28T08:55:59Z
nm1546300,Q1342932,Diego_Boneta,2026-09-28T08:55:59Z
nm1547925,Q1015952,Poj_Arnon,2026-09-28T08:55:59Z
nm1550921,,,2026-09-28T08:55:59Z
nm15518875,,,2026-09-28T08:55:59Z
nm1552206,,,2026-09-28T08:55:59Z
nm1552532,,,2026-09-28T08:55:59Z
nm1552841,Q21283243,,2026-09-28T08:55:59Z
nm1553080,Q879361,Bjarne_Mädel,2026-09-28T08:55:59Z
nm15531321,Q111113986,Yukinobu_Tatsu,2026-09-28T08:55:59Z
nm15559731,,,2026-09-28T08:55:59Z
nm1557652,Q4978000,Bruce_McNall,2026-09-28T08:55:59Z
nm1559763,,,2026-09-28T08:55:59Z
nm1559944,Q68237830,,2026-09-28T08:55:59Z
nm1560551,Q109705542,,2026-09-28T08:55:59Z
nm1560956,,,2026-09-28T08:55:59Z
nm15626250,,,2026-09-28T08:55:59Z
nm1564069,Q130729895,,2026-09-28T08:55:59Z
nm15652215,,,2026-09-28T08:55:59Z
nm15667524,Q11446068,,2026-09-28T08:55:59Z
nm1566893,Q122904169,,2026-09-28T08:55:59Z
nm1568319,Q16238665,Kannan_Iyer,2026-09-28T08:55:59Z
nm1568411,Q7500198,Shola_Adewusi,2026-09-28T08:55:59Z
nm1568779,Q12597774,Baek_Bong-ki,2026-09-28T08:55:59Z
nm15687938,,,2026-09-28T08:55:59Z
nm1570770,Q16243934,Pierre_Even_(producer),2026-09-28T08:55:59Z
nm1573097,Q25491338,,2026-09-28T08:55:59Z
nm1575364,,,2026-09-28T08:55:59Z
nm1577095,Q113581774,,2026-09-28T08:55:59Z
nm1580957,Q17284894,B._J._Britt,2026-09-28T08:55:59Z
nm1581597,Q79363479,Bess_Rous,2026-09-28T08:55:59Z
nm15817199,,,2026-09-28T08:55:59Z
nm1585815,,,2026-09-28T08:55:59Z
nm1595095,Q4967419,,2026-09-28T08:55:59Z
nm1596350,Q2995800,Nawazuddin_Siddiqui,2026-09-28T08:55:59Z
nm15966012,,,2026-09-28T08:55:59Z
nm1597002,Q12247634,Nadia_Al-Gindi,2026-09-28T08:55:59Z
nm1597260,Q469579,Mircea_Monroe,2026-09-28T08:55:59Z
nm1597653,,,2026-09-28T08:55:59Z
nm1600160,Q34755762,,2026-09-28T08:55:59Z
nm1601674,,,2026-09-28T08:55:59Z
nm16039197,,,2026-09-28T08:55:59Z
nm16040482,,,2026-09-28T08:55:59Z
nm16091006,,,2026-09-28T08:55:59Z
nm1615610,Q4730790,Allan_Loeb,2026-09-28T08:55:59Z
nm1615964,Q4961066,,2026-09-28T08:55:59Z
nm1617265,Q6187073,Yannis_Stankoglou,2026-09-28T08:55:59Z
nm1617375,Q59610636,,2026-09-28T08:55:59Z
nm1617691,,,2026-09-28T08:55:59Z
nm1617784,,,2026-09-28T08:55:59Z
nm1617856,,,2026-09-28T08:55:59Z
nm1617876,,,2026-09-28T08:55:59Z
nm1618065,Q111607556,,2026-09-28T08:55:59Z
nm1619929,Q95210671,,2026-09-28T08:55:59Z
nm1622257,,,2026-09-28T08:55:59Z
nm1622771,,,2026-09-28T08:55:59Z
nm16237139,,,2026-09-28T08:55:59Z
nm1626539,Q20090160,Ana_Asensio,2026-09-28T08:55:59Z
nm1626825,Q6426952,Kola_Bhaskar,2026-09-28T08:55:59Z
nm16275262,Q132459162,Anton_Bitter,2026-09-28T08:55:59Z
nm1628660,Q110968753,,2026-09-28T08:55:59Z
nm1631269,Q4509,Chloë_Grace_Moretz,2026-09-28T08:55:59Z
nm1631516,,,2026-09-28T08:55:59Z
nm1633672,Q47494168,Jonathan_Amos,2026-09-28T08:55:59Z
nm1635458,,,2026-09-28T08:55:59Z
nm1638941,,,2026-09-28T08:55:59Z
nm1640159,,,2026-09-28T08:55:59Z
nm1640468,Q7781455,Theo_Green,2026-09-28T08:55:59Z
nm1640476,Q3169780,,2026-09-28T08:55:59Z
nm1640523,Q3194202,Katrina_Begin,2026-09-28T08:55:59Z
nm1641117,Q295592,Alex_Pettyfer,2026-09-28T08:55:59Z
nm1642186,,,2026-09-28T08:55:59Z
nm16431994,,,2026-09-28T08:55:59Z
nm1644311,Q28672536,Sławomir_(musician),2026-09-28T08:55:59Z
nm16448855,,,2026-09-28T08:55:59Z
nm1646297,,,2026-09-28T08:55:59Z
nm1650324,Q12240415,Mohamed_Hefzy,2026-09-28T08:55:59Z
nm16513575,,,2026-09-28T08:55:59Z
nm1653021,,,2026-09-28T08:55:59Z
nm1653263,,,2026-09-28T08:55:59Z
nm1653635,,,2026-09-28T08:55:59Z
nm16546335,,,2026-09-28T08:55:59Z
nm1655205,Q42890923,,2026-09-28T08:55:59Z
nm1655234,Q112048,Sergei_Puskepalis,2026-09-28T08:55:59Z
nm1656122,,,2026-09-28T08:55:59Z
nm16580075,,,2026-09-28T08:55:59Z
nm16585093,,,2026-09-28T08:55:59Z
nm16585094,,,2026-09-28T08:55:59Z
nm1658935,Q1190693,Jack_Huston,2026-09-28T08:55:59Z
nm1659569,,,2026-09-28T08:55:59Z
nm1663205,Q512353,Sharlto_Copley,2026-09-28T08:55:59Z
nm1666528,,,2026-09-28T08:55:59Z
nm1669356,,,2026-09-28T08:55:59Z
nm1669761,,,2026-09-28T08:55:59Z
nm1670029,Q314659,Rupert_Friend,2026-09-28T08:55:59Z
nm1672246,Q545634,Jorma_Taccone,2026-09-28T08:55:59Z
nm1672572,Q131463369,,2026-09-28T08:55:59Z
nm16740251,,,2026-09-28T08:55:59Z
nm1675175,,,2026-09-28T08:55:59Z
nm1675246,Q4275805,Aleksei_Maklakov,2026-09-28T08:55:59Z
nm1675531,Q141208491,,2026-09-28T08:55:59Z
nm1676221,Q314640,Andy_Samberg,2026-09-28T08:55:59Z
nm1676223,Q419466,Akiva_Schaffer,2026-09-28T08:55:59Z
nm1677206,,,2026-09-28T08:55:59Z
nm1677840,,,2026-09-28T08:55:59Z
nm1677976,Q6437373,S._Krishna,2026-09-28T08:55:59Z
nm1678814,Q11614348,Eiichiro_Funakoshi,2026-09-28T08:55:59Z
nm1679342,,,2026-09-28T08:55:59Z
nm1679934,Q229347,Nana_Mizuki,2026-09-28T08:55:59Z
nm1684744,Q3177067,Jennifer_Holland,2026-09-28T08:55:59Z
nm1686536,Q23978733,Sarah_Power,2026-09-28T08:55:59Z
nm1688033,Q16730660,Kavithalayaa_Krishnan,2026-09-28T08:55:59Z
nm16887975,,,2026-09-28T08:55:59Z
nm1689638,Q6749787,Manini_De,2026-09-28T08:55:59Z
nm1693690,Q64678870,,2026-09-28T08:55:59Z
nm1694524,Q3498996,N._T._Rama_Rao_Jr.,2026-09-28T08:55:59Z
nm1697112,Q808769,Adam_Green_(filmmaker),2026-09-28T08:55:59Z
nm1699148,Q7854884,Turgay_Tanülkü,2026-09-28T08:55:59Z
nm1699212,Q6038591,,2026-09-28T08:55:59Z
nm1699770,,,2026-09-28T08:55:59Z
nm1700105,Q64690287,,2026-09-28T08:55:59Z
nm1700114,,,2026-09-28T08:55:59Z
nm1701139,Q20675951,Will_Barratt,2026-09-28T08:55:59Z
nm1701437,,,2026-09-28T08:55:59Z
nm1701930,Q7403110,Sakthi_Saravanan,2026-09-28T08:55:59Z
nm1702283,Q85974859,,2026-09-28T08:55:59Z
nm17036063,,,2026-09-28T08:55:59Z
nm17036067,,,2026-09-28T08:55:59Z
nm1706468,,,2026-09-28T08:55:59Z
nm1706767,Q313388,Jonah_Hill,2026-09-28T08:55:59Z
nm1707265,,,2026-09-28T08:55:59Z
nm1708547,Q19853147,Wang_Deshun,2026-09-28T08:55:59Z
nm1709264,Q963032,David_Callaham,2026-09-28T08:55:59Z
nm1713653,Q318485,Rain_(entertainer),2026-09-28T08:55:59Z
nm1715297,Q511255,Penny_Drake,2026-09-28T08:55:59Z
nm1718060,,,2026-09-28T08:55:59Z
nm17203125,Q134435001,,2026-09-28T08:55:59Z
nm1720736,,,2026-09-28T08:55:59Z
nm1723252,Q66301172,,2026-09-28T08:55:59Z
nm1725514,,,2026-09-28T08:55:59Z
nm1726978,Q6083129,,2026-09-28T08:55:59Z
nm1727456,Q6086624,Gözde_Kansu,2026-09-28T08:55:59Z
nm1728514,Q515080,Cara_Horgan,2026-09-28T08:55:59Z
nm1728748,Q9368652,,2026-09-28T08:55:59Z
nm1729395,Q99402763,,2026-09-28T08:55:59Z
nm1729428,Q5526151,Gary_Whitta,2026-09-28T08:55:59Z
nm1730201,,,2026-09-28T08:55:59Z
nm1730299,,,2026-09-28T08:55:59Z
nm17314263,,,2026-09-28T08:55:59Z
nm1732519,Q624208,Lee_Ha-na,2026-09-28T08:55:59Z
nm1732890,,,2026-09-28T08:55:59Z
nm1733130,,,2026-09-28T08:55:59Z
nm1733195,,,2026-09-28T08:55:59Z
nm17349162,,,2026-09-28T08:55:59Z
nm1735048,Q253401,Tuba_Büyüküstün,2026-09-28T08:55:59Z
nm1736914,,,2026-09-28T08:55:59Z
nm1736979,Q5495033,,2026-09-28T08:55:59Z
nm1738580,,,2026-09-28T08:55:59Z
nm1738698,Q10316693,Laís_Bodanzky,2026-09-28T08:55:59Z
nm1738801,Q17046451,,2026-09-28T08:55:59Z
nm1738823,Q722100,Ozan_Çolakoğlu,2026-09-28T08:55:59Z
nm1738875,,,2026-09-28T08:55:59Z
nm1739317,Q64957704,,2026-09-28T08:55:59Z
nm17408921,,,2026-09-28T08:55:59Z
nm1741757,,,2026-09-28T08:55:59Z
nm1741828,Q101528626,,2026-09-28T08:55:59Z
nm1742464,,,2026-09-28T08:55:59Z
nm1742465,,,2026-09-28T08:55:59Z
nm1742636,,,2026-09-28T08:55:59Z
nm17429923,,,2026-09-28T08:55:59Z
nm1743692,Q2320412,,2026-09-28T08:55:59Z
nm1743822,,,2026-09-28T08:55:59Z
nm1745488,,,2026-09-28T08:55:59Z
nm1745524,,,2026-09-28T08:55:59Z
nm1747924,Q973472,Jim_Parrack,2026-09-28T08:55:59Z
nm1751245,Q4739558,Amanda_Billing,2026-09-28T08:55:59Z
nm1753428,,,2026-09-28T08:55:59Z
nm1754541,Q6074275,,2026-09-28T08:55:59Z
nm1755854,Q83512995,,2026-09-28T08:55:59Z
nm1757929,,,2026-09-28T08:55:59Z
nm1759786,Q12813076,,2026-09-28T08:55:59Z
nm1759824,Q26234865,,2026-09-28T08:55:59Z
nm1760623,Q19060385,,2026-09-28T08:55:59Z
nm1764351,Q262454,Nicky_Whelan,2026-09-28T08:55:59Z
nm1767524,,,2026-09-28T08:55:59Z
nm1767581,,,2026-09-28T08:55:59Z
nm1767726,Q17279225,Amanda_Clayton,2026-09-28T08:55:59Z
nm1768846,,,2026-09-28T08:55:59Z
nm1770848,Q3014404,Daniel_Manche,2026-09-28T08:55:59Z
nm1771469,,,2026-09-28T08:55:59Z
nm1773400,Q625393,Moon_Jeong-hee,2026-09-28T08:55:59Z
nm1773843,Q5353668,,2026-09-28T08:55:59Z
nm1780337,Q6061158,Gökhan_Tiryaki,2026-09-28T08:55:59Z
nm1780517,Q18009820,,2026-09-28T08:55:59Z
nm1782299,Q237012,Imogen_Poots,2026-09-28T08:55:59Z
nm1782770,,,2026-09-28T08:55:59Z
nm1783713,Q19667738,Bradley_King_(filmmaker),2026-09-28T08:55:59Z
nm1786125,,,2026-09-28T08:55:59Z
nm17870785,,,2026-09-28T08:55:59Z
nm1789263,Q106432511,,2026-09-28T08:55:59Z
nm1789723,,,2026-09-28T08:55:59Z
nm1789970,Q353159,Addison_Timlin,2026-09-28T08:55:59Z
nm17917967,,,2026-09-28T08:55:59Z
nm1791881,,,2026-09-28T08:55:59Z
nm1792396,Q26884090,,2026-09-28T08:55:59Z
nm17927076,,,2026-09-28T08:55:59Z
nm17932223,,,2026-09-28T08:55:59Z
nm1794432,Q4078155,Aleksey_Bardukov,2026-09-28T08:55:59Z
nm1794642,,,2026-09-28T08:55:59Z
nm1794888,Q9017379,,2026-09-28T08:55:59Z
nm1795989,Q776957,Leo_Howard,2026-09-28T08:55:59Z
nm1796156,Q26828243,,2026-09-28T08:55:59Z
nm1796390,Q7296637,"Ravi_Krishna_(actor,_born_1983)",2026-09-28T08:55:59Z
nm1797032,Q66817778,,2026-09-28T08:55:59Z
nm1798902,Q23542574,Devi_Ajith,2026-09-28T08:55:59Z
nm1799153,,,2026-09-28T08:55:59Z
nm17998404,,,2026-09-28T08:55:59Z
nm1800111,Q1323467,Mao_Inoue,2026-09-28T08:55:59Z
nm1801800,Q271065,Sharni_Vinson,2026-09-28T08:55:59Z
nm1802259,,,2026-09-28T08:55:59Z
nm1802377,,,2026-09-28T08:55:59Z
nm1802964,,,2026-09-28T08:55:59Z
nm1804168,Q58212508,,2026-09-28T08:55:59Z
nm1805444,,,2026-09-28T08:55:59Z
nm1814056,,,2026-09-28T08:55:59Z
nm1817887,Q440348,Christa_Théret,2026-09-28T08:55:59Z
nm1818121,Q6037155,Nacho_García_Velilla,2026-09-28T08:55:59Z
nm1818256,,,2026-09-28T08:55:59Z
nm1819990,Q63315511,Jessica_Elbaum,2026-09-28T08:55:59Z
nm1822342,Q7898243,Upendra_Limaye,2026-09-28T08:55:59Z
nm18295774,,,2026-09-28T08:55:59Z
nm1831639,,,2026-09-28T08:55:59Z
nm1831976,Q381036,Jake_Abel,2026-09-28T08:55:59Z
nm1834530,Q72969485,Kevin_Turen,2026-09-28T08:55:59Z
nm1834737,Q67080159,,2026-09-28T08:55:59Z
nm1834891,Q6748387,Maneesh_Sharma,2026-09-28T08:55:59Z
nm1836376,Q18693035,,2026-09-28T08:55:59Z
nm1841348,Q58608,Arcade_Fire,2026-09-28T08:55:59Z
nm1842419,,,2026-09-28T08:55:59Z
nm1843550,,,2026-09-28T08:55:59Z
nm1843554,,,2026-09-28T08:55:59Z
nm1848950,,,2026-09-28T08:55:59Z
nm1850507,Q55063679,Pawel_Pogorzelski,2026-09-28T08:55:59Z
nm1852658,,,2026-09-28T08:55:59Z
nm1853240,Q117071423,,2026-09-28T08:55:59Z
nm1853865,Q1521600,Matthew_Margeson,2026-09-28T08:55:59Z
nm1854664,Q28819579,Jermaine_Fowler,2026-09-28T08:55:59Z
nm1855335,,,2026-09-28T08:55:59Z
nm1856080,Q6096153,,2026-09-28T08:55:59Z
nm1857335,,,2026-09-28T08:55:59Z
nm1857354,Q23565521,,2026-09-28T08:55:59Z
nm1857623,,,2026-09-28T08:55:59Z
nm1859475,Q266231,Omid_Abtahi,2026-09-28T08:55:59Z
nm1862104,Q9144583,,2026-09-28T08:55:59Z
nm1862815,Q3524112,Venkat_Prabhu,2026-09-28T08:55:59Z
nm1865011,Q4765768,Anjana_Sukhani,2026-09-28T08:55:59Z
nm1869349,Q2803266,Thelma_Buabeng,2026-09-28T08:55:59Z
nm1871313,Q25229879,,2026-09-28T08:55:59Z
nm1871951,Q2671216,Leïla_Bekhti,2026-09-28T08:55:59Z
nm1872698,Q228792,Dianna_Agron,2026-09-28T08:55:59Z
nm1876303,,,2026-09-28T08:55:59Z
nm1876440,Q6074287,,2026-09-28T08:55:59Z
nm1879213,,,2026-09-28T08:55:59Z
nm1880510,Q1154232,Atsuko_Maeda,2026-09-28T08:55:59Z
nm1880888,Q242550,Olivia_Thirlby,2026-09-28T08:55:59Z
nm1882152,Q350732,Xavier_Samuel,2026-09-28T08:55:59Z
nm1882929,Q271125,Liana_Liberato,2026-09-28T08:55:59Z
nm1883139,,,2026-09-28T08:55:59Z
nm1883318,Q901655,Jiiva,2026-09-28T08:55:59Z
nm18865278,,,2026-09-28T08:55:59Z
nm1886602,Q267330,Miles_Teller,2026-09-28T08:55:59Z
nm1887138,Q3319134,Mohit_Suri,2026-09-28T08:55:59Z
nm1889547,Q117859180,,2026-09-28T08:55:59Z
nm1890304,,,2026-09-28T08:55:59Z
nm1890589,Q21176119,,2026-09-28T08:55:59Z
nm1894520,Q7844679,Trivikram_Srinivas,2026-09-28T08:55:59Z
nm1895871,,,2026-09-28T08:55:59Z
nm1896588,,,2026-09-28T08:55:59Z
nm1897746,,,2026-09-28T08:55:59Z
nm1898680,,,2026-09-28T08:55:59Z
nm1903054,Q47465767,Allison_Shearmur,2026-09-28T08:55:59Z
nm1905310,Q6175315,Jeff_Zimbalist,2026-09-28T08:55:59Z
nm1909620,Q17439705,Ginge_Anvik,2026-09-28T08:55:59Z
nm1911188,,,2026-09-28T08:55:59Z
nm1911240,Q20978719,,2026-09-28T08:55:59Z
nm1913734,Q228766,Rooney_Mara,2026-09-28T08:55:59Z
nm1915955,,,2026-09-28T08:55:59Z
nm1918040,,,2026-09-28T08:55:59Z
nm1918446,Q27733967,Amitabh_Shukla,2026-09-28T08:55:59Z
nm1919048,Q4805752,Ashok_Kumar_(Telugu_actor),2026-09-28T08:55:59Z
nm1919240,Q16167620,,2026-09-28T08:55:59Z
nm1919605,,,2026-09-28T08:55:59Z
nm1920568,Q6894205,Mohit_Chadda,2026-09-28T08:55:59Z
nm1922104,Q6323469,K._K._Senthil_Kumar,2026-09-28T08:55:59Z
nm1923369,Q5071307,Chandra_Sekhar_Yeleti,2026-09-28T08:55:59Z
nm1923803,Q3591012,Éric_Bruneau,2026-09-28T08:55:59Z
nm1924121,,,2026-09-28T08:55:59Z
nm1924625,,,2026-09-28T08:55:59Z
nm1924628,,,2026-09-28T08:55:59Z
nm1925026,Q66091605,,2026-09-28T08:55:59Z
nm1927347,,,2026-09-28T08:55:59Z
nm1928737,,,2026-09-28T08:55:59Z
nm1933765,,,2026-09-28T08:55:59Z
nm1935952,Q108956,Jördis_Triebel,2026-09-28T08:55:59Z
nm1936347,Q12587235,"Kim_Dong-won_(director,_born_1962)",2026-09-28T08:55:59Z
nm1937563,,,2026-09-28T08:55:59Z
nm1942197,Q21292833,Javier_Gullón,2026-09-28T08:55:59Z
nm1942975,Q3523373,Andrea_Jeremiah,2026-09-28T08:55:59Z
nm1944198,Q7636941,Suman_Setty,2026-09-28T08:55:59Z
nm1948103,Q6303995,Jussi_Vatanen,2026-09-28T08:55:59Z
nm1951127,Q901649,Arya_(actor),2026-09-28T08:55:59Z
nm1951721,Q3837932,Lu_Parker,2026-09-28T08:55:59Z
nm1951858,Q113677603,,2026-09-28T08:55:59Z
nm1954240,Q234516,Teresa_Palmer,2026-09-28T08:55:59Z
nm1954446,Q6408653,Kim_Go-eun,2026-09-28T08:55:59Z
nm1955257,Q1806191,Lars_Eidinger,2026-09-28T08:55:59Z
nm1957593,Q3358733,Emil_Almén,2026-09-28T08:55:59Z
nm1959127,Q4374664,,2026-09-28T08:55:59Z
nm1959192,Q4264563,Sergey_Loban,2026-09-28T08:55:59Z
nm1961264,Q278761,Rajeevan,2026-09-28T08:55:59Z
nm1962272,Q46683,Santhanam_(actor),2026-09-28T08:55:59Z
nm1963755,Q26213700,,2026-09-28T08:55:59Z
nm1963897,,,2026-09-28T08:55:59Z
nm1964923,Q5636770,Habib_Faisal,2026-09-28T08:55:59Z
nm1965828,Q6988823,Neil_Kopp,2026-09-28T08:55:59Z
nm1966322,Q85532795,Gris_Jordana,2026-09-28T08:55:59Z
nm1967417,Q5954012,,2026-09-28T08:55:59Z
nm1968069,Q111519489,,2026-09-28T08:55:59Z
nm1970746,Q137636256,,2026-09-28T08:55:59Z
nm1973308,Q21292827,,2026-09-28T08:55:59Z
nm1978079,Q53516476,Brian_Quinn_(comedian),2026-09-28T08:55:59Z
nm1978095,,,2026-09-28T08:55:59Z
nm1981344,Q95805757,,2026-09-28T08:55:59Z
nm1981533,Q491625,Seo_Ji-hye,2026-09-28T08:55:59Z
nm1981744,Q6694102,Cha_Ye-ryun,2026-09-28T08:55:59Z
nm1981893,Q1861917,Riz_Ahmed,2026-09-28T08:55:59Z
nm1982607,Q456609,Kim_Ok-vin,2026-09-28T08:55:59Z
nm1983779,,,2026-09-28T08:55:59Z
nm1984001,Q7200233,,2026-09-28T08:55:59Z
nm1985797,,,2026-09-28T08:55:59Z
nm1987231,Q24817484,,2026-09-28T08:55:59Z
nm1988202,Q5541225,George_Kallis,2026-09-28T08:55:59Z
nm1989400,,,2026-09-28T08:55:59Z
nm1990642,Q30318598,,2026-09-28T08:55:59Z
nm1993322,Q2063309,Timo_Vuorensola,2026-09-28T08:55:59Z
nm1996344,Q5134080,Clinton_Cerejo,2026-09-28T08:55:59Z
nm1998668,,,2026-09-28T08:55:59Z
nm2001517,Q1913731,Max_von_der_Groeben,2026-09-28T08:55:59Z
nm2004109,Q21290606,,2026-09-28T08:55:59Z
nm2004248,Q8970961,,2026-09-28T08:55:59Z
nm2005850,,,2026-09-28T08:55:59Z
nm2005915,Q58198520,,2026-09-28T08:55:59Z
nm2006683,,,2026-09-28T08:55:59Z
nm2011723,Q9134836,,2026-09-28T08:55:59Z
nm2014973,Q17033651,,2026-09-28T08:55:59Z
nm2022987,Q16214855,Gopimohan,2026-09-28T08:55:59Z
nm2029106,Q5066158,Chad_Archibald,2026-09-28T08:55:59Z
nm2031400,,,2026-09-28T08:55:59Z
nm2033909,,,2026-09-28T08:55:59Z
nm2034662,,,2026-09-28T08:55:59Z
nm2035353,,,2026-09-28T08:55:59Z
nm2037987,,,2026-09-28T08:55:59Z
nm2039562,,,2026-09-28T08:55:59Z
nm2042422,,,2026-09-28T08:55:59Z
nm2042837,,,2026-09-28T08:55:59Z
nm2045250,Q63431971,Renuka_Jeyapalan,2026-09-28T08:55:59Z
nm2046077,,,2026-09-28T08:55:59Z
nm2046639,,,2026-09-28T08:55:59Z
nm2047170,Q5374888,Emun_Elliott,2026-09-28T08:55:59Z
nm2047699,Q2020663,,2026-09-28T08:55:59Z
nm2050098,,,2026-09-28T08:55:59Z
nm2050714,,,2026-09-28T08:55:59Z
nm2055008,Q4838101,Baburaj_(actor),2026-09-28T08:55:59Z
nm2056348,,,2026-09-28T08:55:59Z
nm2058848,,,2026-09-28T08:55:59Z
nm2059792,,,2026-09-28T08:55:59Z
nm2063982,Q598304,Antonia_Campbell-Hughes,2026-09-28T08:55:59Z
nm2064412,Q926420,Robbie_Amell,2026-09-28T08:55:59Z
nm2066239,,,2026-09-28T08:55:59Z
nm2066703,Q6588168,Arad_Sawat,2026-09-28T08:55:59Z
nm2066870,,,2026-09-28T08:55:59Z
nm2070278,,,2026-09-28T08:55:59Z
nm2071705,Q6093092,Mehmet_Usta,2026-09-28T08:55:59Z
nm2072286,Q6500344,Lauren_Pritchard_(actress),2026-09-28T08:55:59Z
nm2073075,,,2026-09-28T08:55:59Z
nm2073234,Q5445203,Feroz_Abbas_Khan,2026-09-28T08:55:59Z
nm2074421,Q114080321,,2026-09-28T08:55:59Z
nm2074951,Q63042437,,2026-09-28T08:55:59Z
nm2078303,,,2026-09-28T08:55:59Z
nm2079681,Q268076,Morgan_Lily,2026-09-28T08:55:59Z
nm2082813,Q100715819,,2026-09-28T08:55:59Z
nm2084329,Q3121404,,2026-09-28T08:55:59Z
nm2086398,,,2026-09-28T08:55:59Z
nm2086668,Q114080314,,2026-09-28T08:55:59Z
nm2088340,,,2026-09-28T08:55:59Z
nm2089884,Q1394456,Lincoln_Lewis,2026-09-28T08:55:59Z
nm2092839,Q2543,Mark_Millar,2026-09-28T08:55:59Z
nm2093066,,,2026-09-28T08:55:59Z
nm2098642,,,2026-09-28T08:55:59Z
nm2099473,,,2026-09-28T08:55:59Z
nm2100081,Q185723,Phoebe_Tonkin,2026-09-28T08:55:59Z
nm2101048,,,2026-09-28T08:55:59Z
nm2101751,Q4777994,Anvita_Dutt,2026-09-28T08:55:59Z
nm2102665,Q133459903,,2026-09-28T08:55:59Z
nm2104234,Q80069610,,2026-09-28T08:55:59Z
nm2104637,,,2026-09-28T08:55:59Z
nm2105961,,,2026-09-28T08:55:59Z
nm2112742,,,2026-09-28T08:55:59Z
nm2113074,Q11382458,,2026-09-28T08:55:59Z
nm2113645,Q3302578,Maxime_Giroux,2026-09-28T08:55:59Z
nm2113653,Q2114235,Richard_Harmon,2026-09-28T08:55:59Z
nm2115236,Q6812586,Melis_Birkan,2026-09-28T08:55:59Z
nm2118175,,,2026-09-28T08:55:59Z
nm2118923,Q65682517,,2026-09-28T08:55:59Z
nm2118985,,,2026-09-28T08:55:59Z
nm2125021,,,2026-09-28T08:55:59Z
nm2125359,,,2026-09-28T08:55:59Z
nm2128541,Q100741978,,2026-09-28T08:55:59Z
nm2134910,Q130272151,,2026-09-28T08:55:59Z
nm2138633,,,2026-09-28T08:55:59Z
nm2140528,Q135911606,,2026-09-28T08:55:59Z
nm2147526,Q3595129,Asrani,2026-09-28T08:55:59Z
nm2148914,,,2026-09-28T08:55:59Z
nm2152695,,,2026-09-28T08:55:59Z
nm2156780,Q2738434,Loes_Haverkort,2026-09-28T08:55:59Z
nm2164653,,,2026-09-28T08:55:59Z
nm2167957,Q2058704,Paul_Anderson_(actor),2026-09-28T08:55:59Z
nm2168221,Q6147389,Jamie_Reidy,2026-09-28T08:55:59Z
nm2172995,,,2026-09-28T08:55:59Z
nm2180936,,,2026-09-28T08:55:59Z
nm2182337,,,2026-09-28T08:55:59Z
nm2185413,,,2026-09-28T08:55:59Z
nm2186074,,,2026-09-28T08:55:59Z
nm2186865,Q38195662,Hong_Chau,2026-09-28T08:55:59Z
nm2188866,Q113139176,,2026-09-28T08:55:59Z
nm2190638,,,2026-09-28T08:55:59Z
nm2190814,,,2026-09-28T08:55:59Z
nm2193672,,,2026-09-28T08:55:59Z
nm2203012,,,2026-09-28T08:55:59Z
nm2205956,Q63615228,,2026-09-28T08:55:59Z
nm2206668,,,2026-09-28T08:55:59Z
nm2210329,Q26721187,Gareth_Reeves,2026-09-28T08:55:59Z
nm2212543,,,2026-09-28T08:55:59Z
nm2216880,Q17031109,,2026-09-28T08:55:59Z
nm2217601,Q503938,Andrew_Buchan,2026-09-28T08:55:59Z
nm2218406,Q15926283,,2026-09-28T08:55:59Z
nm2218801,,,2026-09-28T08:55:59Z
nm2219212,,,2026-09-28T08:55:59Z
nm2221090,,,2026-09-28T08:55:59Z
nm2221759,,,2026-09-28T08:55:59Z
nm2224524,Q106688954,,2026-09-28T08:55:59Z
nm2227608,Q1714052,Lucas_Vidal,2026-09-28T08:55:59Z
nm2236210,,,2026-09-28T08:55:59Z
nm2239394,,,2026-09-28T08:55:59Z
nm2250929,Q19463601,Maria_Ekerhovd,2026-09-28T08:55:59Z
nm2251999,Q4368054,,2026-09-28T08:55:59Z
nm2252942,,,2026-09-28T08:55:59Z
nm2253190,,,2026-09-28T08:55:59Z
nm2253409,Q90390656,,2026-09-28T08:55:59Z
nm2255973,Q1239933,Donald_Glover,2026-09-28T08:55:59Z
nm2257426,Q56241842,,2026-09-28T08:55:59Z
nm2258025,,,2026-09-28T08:55:59Z
nm2258824,,,2026-09-28T08:55:59Z
nm2265077,,,2026-09-28T08:55:59Z
nm2267975,,,2026-09-28T08:55:59Z
nm2268587,,,2026-09-28T08:55:59Z
nm2270408,Q1985994,,2026-09-28T08:55:59Z
nm2273444,Q1356888,Henry_Jackman,2026-09-28T08:55:59Z
nm2274512,Q135222066,,2026-09-28T08:55:59Z
nm2282967,Q65473226,,2026-09-28T08:55:59Z
nm2284226,Q16216857,Bradford_Young,2026-09-28T08:55:59Z
nm2284889,Q230782,Nikki_Blonsky,2026-09-28T08:55:59Z
nm2286188,Q6752284,Manu_Rishi,2026-09-28T08:55:59Z
nm2288528,,,2026-09-28T08:55:59Z
nm2294397,,,2026-09-28T08:55:59Z
nm2298359,Q3667483,Chiara_Gensini,2026-09-28T08:55:59Z
nm2303301,,,2026-09-28T08:55:59Z
nm2308745,,,2026-09-28T08:55:59Z
nm2309517,Q374273,Armie_Hammer,2026-09-28T08:55:59Z
nm2310461,Q17495881,Shafi_(actor),2026-09-28T08:55:59Z
nm2312458,Q63315552,,2026-09-28T08:55:59Z
nm2315739,,,2026-09-28T08:55:59Z
nm2316016,Q1026528,Katia_Winter,2026-09-28T08:55:59Z
nm2320774,Q116555294,,2026-09-28T08:55:59Z
nm2326919,,,2026-09-28T08:55:59Z
nm2334246,,,2026-09-28T08:55:59Z
nm2335335,Q120990261,,2026-09-28T08:55:59Z
nm2339680,Q7027598,Nick_Nevern,2026-09-28T08:55:59Z
nm2342578,Q2629672,Kate_French,2026-09-28T08:55:59Z
nm2343058,,,2026-09-28T08:55:59Z
nm2344792,,,2026-09-28T08:55:59Z
nm2346035,Q5276640,Dil_Raju,2026-09-28T08:55:59Z
nm2346665,Q13117177,Chinmay_Mandlekar,2026-09-28T08:55:59Z
nm2347196,Q7631744,Subodh_Bhave,2026-09-28T08:55:59Z
nm2349726,Q552090,Rico_Rodriguez_(actor),2026-09-28T08:55:59Z
nm2349733,Q27624466,,2026-09-28T08:55:59Z
nm2350618,,,2026-09-28T08:55:59Z
nm2351472,,,2026-09-28T08:55:59Z
nm2353045,Q66817768,,2026-09-28T08:55:59Z
nm2353152,,,2026-09-28T08:55:59Z
nm2353862,Q245075,Dev_Patel,2026-09-28T08:55:59Z
nm2353863,Q12850341,,2026-09-28T08:55:59Z
nm2353871,,,2026-09-28T08:55:59Z
nm2356531,,,2026-09-28T08:55:59Z
nm2356963,Q16240326,Bea_Miller,2026-09-28T08:55:59Z
nm2358356,Q7425088,Sasha_Jackson,2026-09-28T08:55:59Z
nm2361914,Q20978711,,2026-09-28T08:55:59Z
nm2361978,,,2026-09-28T08:55:59Z
nm2367991,Q6756484,Marcelo_Adnet,2026-09-28T08:55:59Z
nm2368109,,,2026-09-28T08:55:59Z
nm2369774,,,2026-09-28T08:55:59Z
nm2371460,Q95791430,,2026-09-28T08:55:59Z
nm2375283,,,2026-09-28T08:55:59Z
nm2376380,,,2026-09-28T08:55:59Z
nm2376956,,,2026-09-28T08:55:59Z
nm2377978,,,2026-09-28T08:55:59Z
nm2378976,Q113197813,Ulf_Stenberg,2026-09-28T08:55:59Z
nm2380274,Q114662177,,2026-09-28T08:55:59Z
nm2380904,Q12508603,,2026-09-28T08:55:59Z
nm2384954,Q24765413,Azie_Tesfai,2026-09-28T08:55:59Z
nm2390228,,,2026-09-28T08:55:59Z
nm2391187,,,2026-09-28T08:55:59Z
nm2391552,Q664001,Nobuhiro_Doi,2026-09-28T08:55:59Z
nm2392852,Q716527,Jon_Kortajarena,2026-09-28T08:55:59Z
nm2395586,Q440956,Christopher_Mintz-Plasse,2026-09-28T08:55:59Z
nm2397300,Q3663586,Catherine_Steadman,2026-09-28T08:55:59Z
nm2399297,,,2026-09-28T08:55:59Z
nm2403277,Q1189113,Alden_Ehrenreich,2026-09-28T08:55:59Z
nm2403367,Q15149303,,2026-09-28T08:55:59Z
nm2403746,Q117755853,,2026-09-28T08:55:59Z
nm2404077,Q102348017,,2026-09-28T08:55:59Z
nm2406890,Q115258171,,2026-09-28T08:55:59Z
nm2410400,Q13439232,Kim_Kwang-kyu_(actor),2026-09-28T08:55:59Z
nm2410557,Q106920272,Akarsh_Khurana,2026-09-28T08:55:59Z
nm2411120,Q18202472,Sylvain_Corbeil,2026-09-28T08:55:59Z
nm2412082,,,2026-09-28T08:55:59Z
nm2412706,Q6090244,,2026-09-28T08:55:59Z
nm2414711,Q121141192,,2026-09-28T08:55:59Z
nm2415304,,,2026-09-28T08:55:59Z
nm2415610,,,2026-09-28T08:55:59Z
nm2415918,Q15072191,Anton_Megerdichev,2026-09-28T08:55:59Z
nm2417960,Q66417348,Fayssal_Bazzi,2026-09-28T08:55:59Z
nm2419994,Q16730201,Zoe_Jarman,2026-09-28T08:55:59Z
nm2420471,Q4330970,,2026-09-28T08:55:59Z
nm2424044,Q106772409,,2026-09-28T08:55:59Z
nm2429593,Q57297814,,2026-09-28T08:55:59Z
nm2433603,,,2026-09-28T08:55:59Z
nm2434196,Q253702,Rainie_Yang,2026-09-28T08:55:59Z
nm2435579,Q22117228,,2026-09-28T08:55:59Z
nm2436145,Q4345375,,2026-09-28T08:55:59Z
nm2441005,Q2527370,,2026-09-28T08:55:59Z
nm2441568,Q19629709,Alexandre_Laferrière,2026-09-28T08:55:59Z
nm2441763,Q456616,Cressida_Cowell,2026-09-28T08:55:59Z
nm2442244,,,2026-09-28T08:55:59Z
nm2449744,Q5592616,Graham_Abbey,2026-09-28T08:55:59Z
nm2450622,Q6990700,Nelson_Quan,2026-09-28T08:55:59Z
nm2452692,,,2026-09-28T08:55:59Z
nm2453360,,,2026-09-28T08:55:59Z
nm2453858,,,2026-09-28T08:55:59Z
nm2457295,Q81723484,,2026-09-28T08:55:59Z
nm2458358,,,2026-09-28T08:55:59Z
nm2459088,Q69463422,Sanyukta_Kaza,2026-09-28T08:55:59Z
nm2459486,,,2026-09-28T08:55:59Z
nm2460535,,,2026-09-28T08:55:59Z
nm2460614,Q20233652,,2026-09-28T08:55:59Z
nm2461009,,,2026-09-28T08:55:59Z
nm2462004,Q1345336,Nobuhiko_Okamoto,2026-09-28T08:55:59Z
nm2463374,Q4246350,,2026-09-28T08:55:59Z
nm2465399,Q57584646,Sabumon_Abdusamad,2026-09-28T08:55:59Z
nm2468967,Q6287481,Joseph_Trapanese,2026-09-28T08:55:59Z
nm2469515,,,2026-09-28T08:55:59Z
nm2469558,Q14950374,Biju_Kuttan,2026-09-28T08:55:59Z
nm2470148,,,2026-09-28T08:55:59Z
nm2473320,,,2026-09-28T08:55:59Z
nm2473389,,,2026-09-28T08:55:59Z
nm2477197,Q372533,John_Boyne,2026-09-28T08:55:59Z
nm2481453,,,2026-09-28T08:55:59Z
nm2481725,Q4538741,Hadas_Yaron,2026-09-28T08:55:59Z
nm2482939,Q65473087,,2026-09-28T08:55:59Z
nm2483129,,,2026-09-28T08:55:59Z
nm2486220,Q6751197,Manoj_Tiwari_(Delhi_politician),2026-09-28T08:55:59Z
nm2486268,Q3588340,,2026-09-28T08:55:59Z
nm2486605,,,2026-09-28T08:55:59Z
nm2488485,Q107737069,,2026-09-28T08:55:59Z
nm2492359,Q5086117,Charlotte_Ritchie,2026-09-28T08:55:59Z
nm2496992,Q4699624,Ajay_(actor),2026-09-28T08:55:59Z
nm2498855,Q105967595,Yorgos_Lamprinos,2026-09-28T08:55:59Z
nm2500372,Q1757977,,2026-09-28T08:55:59Z
nm2500556,Q115320688,,2026-09-28T08:55:59Z
nm2506347,Q66049456,,2026-09-28T08:55:59Z
nm2511943,,,2026-09-28T08:55:59Z
nm2513949,,,2026-09-28T08:55:59Z
nm2519727,Q14933238,Manoj_Punjabi,2026-09-28T08:55:59Z
nm2521958,,,2026-09-28T08:55:59Z
nm2529840,Q4818788,,2026-09-28T08:55:59Z
nm2532542,,,2026-09-28T08:55:59Z
nm2534912,Q5225154,Darren_Smith_(actor),2026-09-28T08:55:59Z
nm2536215,Q5520831,VTV_Ganesh,2026-09-28T08:55:59Z
nm2536305,Q983892,,2026-09-28T08:55:59Z
nm2539953,Q439314,Alicia_Vikander,2026-09-28T08:55:59Z
nm2540242,,,2026-09-28T08:55:59Z
nm2541742,Q2409774,Adrián_Guerra,2026-09-28T08:55:59Z
nm2541974,Q604849,Jai_Courtney,2026-09-28T08:55:59Z
nm2552491,,,2026-09-28T08:55:59Z
nm2554050,,,2026-09-28T08:55:59Z
nm2554352,Q1148822,T.J._Miller,2026-09-28T08:55:59Z
nm2555676,,,2026-09-28T08:55:59Z
nm2560081,,,2026-09-28T08:55:59Z
nm2561303,Q131929736,,2026-09-28T08:55:59Z
nm2561395,Q6751182,Manoj_Paramahamsa,2026-09-28T08:55:59Z
nm2561798,,,2026-09-28T08:55:59Z
nm2562810,Q13021285,,2026-09-28T08:55:59Z
nm2567492,Q112076902,,2026-09-28T08:55:59Z
nm2568279,Q11652406,Kenji_Nagasaki,2026-09-28T08:55:59Z
nm2568792,Q95188148,,2026-09-28T08:55:59Z
nm2569233,Q1369257,Yuki_Kaji,2026-09-28T08:55:59Z
nm2574962,Q16729682,Vivek_Harshan,2026-09-28T08:55:59Z
nm2575361,,,2026-09-28T08:55:59Z
nm2577851,Q20978722,,2026-09-28T08:55:59Z
nm2583479,Q1682910,Jannik_Schümann,2026-09-28T08:55:59Z
nm2584600,Q232646,Julianne_Hough,2026-09-28T08:55:59Z
nm2587614,,,2026-09-28T08:55:59Z
nm2588703,Q68705433,,2026-09-28T08:55:59Z
nm2588785,Q3421570,,2026-09-28T08:55:59Z
nm2589555,Q4923640,Chaiwat_Thongsaeng,2026-09-28T08:55:59Z
nm2592941,Q6169105,,2026-09-28T08:55:59Z
nm2594429,,,2026-09-28T08:55:59Z
nm2595269,Q121945059,,2026-09-28T08:55:59Z
nm2595531,Q139266794,,2026-09-28T08:55:59Z
nm2600737,,,2026-09-28T08:55:59Z
nm2604920,,,2026-09-28T08:55:59Z
nm2607210,Q7492340,Sheela_Kaur,2026-09-28T08:55:59Z
nm2609083,,,2026-09-28T08:55:59Z
nm2610844,Q28873685,,2026-09-28T08:55:59Z
nm2616100,,,2026-09-28T08:55:59Z
nm2618590,,,2026-09-28T08:55:59Z
nm2627085,Q2409556,Hsu_Wei-ning,2026-09-28T08:55:59Z
nm2632878,Q291710,Kimberley_Nixon,2026-09-28T08:55:59Z
nm2633096,Q28516300,,2026-09-28T08:55:59Z
nm2633535,Q312524,Asa_Butterfield,2026-09-28T08:55:59Z
nm2633591,Q1060742,,2026-09-28T08:55:59Z
nm2635576,Q20978723,,2026-09-28T08:55:59Z
nm2637619,,,2026-09-28T08:55:59Z
nm2639820,Q95349000,,2026-09-28T08:55:59Z
nm2640887,Q272960,Stefanie_Scott,2026-09-28T08:55:59Z
nm2640966,,,2026-09-28T08:55:59Z
nm2641532,Q7372472,Roxy_Saint,2026-09-28T08:55:59Z
nm2641712,,,2026-09-28T08:55:59Z
nm2641744,Q5880071,Holeg_Spies,2026-09-28T08:55:59Z
nm2642787,Q5765604,Chelsie_Preston_Crayford,2026-09-28T08:55:59Z
nm2642892,Q3435766,Todd_Lasance,2026-09-28T08:55:59Z
nm2646294,,,2026-09-28T08:55:59Z
nm2650522,Q11575503,,2026-09-28T08:55:59Z
nm2651319,Q15852298,,2026-09-28T08:55:59Z
nm2652802,,,2026-09-28T08:55:59Z
nm2653111,,,2026-09-28T08:55:59Z
nm2656048,Q29963884,,2026-09-28T08:55:59Z
nm2668723,,,2026-09-28T08:55:59Z
nm2671074,,,2026-09-28T08:55:59Z
nm2671904,,,2026-09-28T08:55:59Z
nm2680937,Q17180787,Mark_Mitchinson,2026-09-28T08:55:59Z
nm2681255,Q19930134,Fiona_O'Carroll,2026-09-28T08:55:59Z
nm2686934,Q21292815,,2026-09-28T08:55:59Z
nm2691112,,,2026-09-28T08:55:59Z
nm2691892,Q1840340,Megan_Ellison,2026-09-28T08:55:59Z
nm2694758,Q5415390,Evan_Frankfort,2026-09-28T08:55:59Z
nm2699875,Q6129602,James_Belfer,2026-09-28T08:55:59Z
nm2700235,Q100715818,,2026-09-28T08:55:59Z
nm2705126,,,2026-09-28T08:55:59Z
nm2707777,,,2026-09-28T08:55:59Z
nm2716637,,,2026-09-28T08:55:59Z
nm2717602,Q78024034,Carlota_Pereda,2026-09-28T08:55:59Z
nm2718341,Q16856585,,2026-09-28T08:55:59Z
nm2726789,,,2026-09-28T08:55:59Z
nm2728917,,,2026-09-28T08:55:59Z
nm2733134,Q4318542,Linda_Nigmatulina,2026-09-28T08:55:59Z
nm2735968,,,2026-09-28T08:55:59Z
nm2739958,Q450506,Nechama_Tec,2026-09-28T08:55:59Z
nm2747682,Q7147590,Patrick_Savage_(composer),2026-09-28T08:55:59Z
nm2748159,,,2026-09-28T08:55:59Z
nm2752910,Q3999618,,2026-09-28T08:55:59Z
nm2756179,,,2026-09-28T08:55:59Z
nm2756685,Q1021893,Büşra_Pekin,2026-09-28T08:55:59Z
nm2760702,,,2026-09-28T08:55:59Z
nm2761749,Q6036469,,2026-09-28T08:55:59Z
nm2764137,Q19850159,,2026-09-28T08:55:59Z
nm2766163,,,2026-09-28T08:55:59Z
nm2768570,,,2026-09-28T08:55:59Z
nm2774121,,,2026-09-28T08:55:59Z
nm2775396,Q64904415,,2026-09-28T08:55:59Z
nm2775995,Q4699893,Ajmal_Ameer,2026-09-28T08:55:59Z
nm2777281,Q863745,Neha_Sharma,2026-09-28T08:55:59Z
nm2778003,,,2026-09-28T08:55:59Z
nm2778071,,,2026-09-28T08:55:59Z
nm2780726,Q123505178,,2026-09-28T08:55:59Z
nm2782402,Q55585213,Stephanie_Allynne,2026-09-28T08:55:59Z
nm2782505,Q5085855,Charlotte_Best,2026-09-28T08:55:59Z
nm2786608,Q923241,Callan_McAuliffe,2026-09-28T08:55:59Z
nm2791723,,,2026-09-28T08:55:59Z
nm2792551,Q3350751,Olivier_Alary,2026-09-28T08:55:59Z
nm2797744,Q2835788,Himesh_Patel,2026-09-28T08:55:59Z
nm2798055,Q135286451,,2026-09-28T08:55:59Z
nm2801340,Q58230439,,2026-09-28T08:55:59Z
nm2801942,,,2026-09-28T08:55:59Z
nm2804064,,,2026-09-28T08:55:59Z
nm2804580,,,2026-09-28T08:55:59Z
nm2806693,Q12472095,Angga_Dwimas_Sasongko,2026-09-28T08:55:59Z
nm2813680,,,2026-09-28T08:55:59Z
nm2815326,Q4746871,Amit_Sadh,2026-09-28T08:55:59Z
nm2816668,Q16217458,Matthew_Robinson_(writer),2026-09-28T08:55:59Z
nm2820114,Q116506439,,2026-09-28T08:55:59Z
nm2821273,,,2026-09-28T08:55:59Z
nm2824661,,,2026-09-28T08:55:59Z
nm2826126,,,2026-09-28T08:55:59Z
nm2826685,,,2026-09-28T08:55:59Z
nm2827111,Q6643027,Arucha_Tosawat,2026-09-28T08:55:59Z
nm2830075,Q80698201,,2026-09-28T08:55:59Z
nm2830157,,,2026-09-28T08:55:59Z
nm2831763,,,2026-09-28T08:55:59Z
nm2832163,,,2026-09-28T08:55:59Z
nm2833385,,,2026-09-28T08:55:59Z
nm2834234,Q1902825,Marshawn_Lynch,2026-09-28T08:55:59Z
nm2834487,Q10325181,,2026-09-28T08:55:59Z
nm2838336,Q95240463,,2026-09-28T08:55:59Z
nm2838508,,,2026-09-28T08:55:59Z
nm2840457,,,2026-09-28T08:55:59Z
nm2841345,Q11648357,,2026-09-28T08:55:59Z
nm2841677,Q15078987,,2026-09-28T08:55:59Z
nm2843559,Q3520472,Raai_Laxmi,2026-09-28T08:55:59Z
nm2846618,,,2026-09-28T08:55:59Z
nm2847284,Q24035892,,2026-09-28T08:55:59Z
nm2864252,Q47015205,Mason_Gooding,2026-09-28T08:55:59Z
nm2864993,Q16252800,Prashant_Pandey,2026-09-28T08:55:59Z
nm2865407,Q11529701,Satoru_Matsuo,2026-09-28T08:55:59Z
nm2871336,,,2026-09-28T08:55:59Z
nm2872384,,,2026-09-28T08:55:59Z
nm2873551,Q107795320,,2026-09-28T08:55:59Z
nm2881299,,,2026-09-28T08:55:59Z
nm2886400,Q6962051,Namrata_Rao,2026-09-28T08:55:59Z
nm2890357,,,2026-09-28T08:55:59Z
nm2893202,,,2026-09-28T08:55:59Z
nm2893431,Q1139886,Yoshimasa_Hosoya,2026-09-28T08:55:59Z
nm2900221,Q7175338,Peter_Lam,2026-09-28T08:55:59Z
nm2908893,Q7240492,Premgi_Amaren,2026-09-28T08:55:59Z
nm2917649,Q65095445,,2026-09-28T08:55:59Z
nm2917725,Q9304757,Raymond_Ablack,2026-09-28T08:55:59Z
nm2917846,Q59208191,,2026-09-28T08:55:59Z
nm2927478,Q115729516,Ibrahim_Ali_Khan_(actor),2026-09-28T08:55:59Z
nm2927976,,,2026-09-28T08:55:59Z
nm2930298,Q16438836,Janaprakal_Chandruang,2026-09-28T08:55:59Z
nm2930931,,,2026-09-28T08:55:59Z
nm2931575,Q138933633,,2026-09-28T08:55:59Z
nm2933015,Q122233915,,2026-09-28T08:55:59Z
nm2934314,Q229184,Lily_Collins,2026-09-28T08:55:59Z
nm2934741,Q12472882,,2026-09-28T08:55:59Z
nm2939226,Q113565006,,2026-09-28T08:55:59Z
nm2941945,,,2026-09-28T08:55:59Z
nm2942818,,,2026-09-28T08:55:59Z
nm2943468,Q1320648,Logan_Huffman,2026-09-28T08:55:59Z
nm2946490,Q4678641,Adam_Anders,2026-09-28T08:55:59Z
nm2948426,,,2026-09-28T08:55:59Z
nm2950601,Q14422903,,2026-09-28T08:55:59Z
nm2954841,Q21175254,,2026-09-28T08:55:59Z
nm2955501,,,2026-09-28T08:55:59Z
nm2957490,Q55395897,Harvey_Guillén,2026-09-28T08:55:59Z
nm2961544,Q94343138,Shivani_Rawat,2026-09-28T08:55:59Z
nm2962034,,,2026-09-28T08:55:59Z
nm2963060,Q6795315,Max_Topplin,2026-09-28T08:55:59Z
nm2965766,Q18008984,,2026-09-28T08:55:59Z
nm2967328,Q4777962,Anuya_Y_Bhagwat,2026-09-28T08:55:59Z
nm2967763,Q7916222,Varun_Sandesh,2026-09-28T08:55:59Z
nm2969954,,,2026-09-28T08:55:59Z
nm2970236,Q109440871,,2026-09-28T08:55:59Z
nm2970706,,,2026-09-28T08:55:59Z
nm2974384,Q97381732,,2026-09-28T08:55:59Z
nm2977637,Q65116177,Louisa_Schabas,2026-09-28T08:55:59Z
nm2983290,Q8967624,,2026-09-28T08:55:59Z
nm2984287,,,2026-09-28T08:55:59Z
nm2984738,Q50359275,,2026-09-28T08:55:59Z
nm2988626,,,2026-09-28T08:55:59Z
nm2989608,Q125850434,,2026-09-28T08:55:59Z
nm2995162,Q112676594,Artt_Butler,2026-09-28T08:55:59Z
nm3001225,Q469778,Nil_Karaibrahimgil,2026-09-28T08:55:59Z
nm3003143,Q558304,Murat_Boz,2026-09-28T08:55:59Z
nm3003162,Q13120892,,2026-09-28T08:55:59Z
nm3006765,,,2026-09-28T08:55:59Z
nm3007194,,,2026-09-28T08:55:59Z
nm3010926,Q362224,Bradley_James,2026-09-28T08:55:59Z
nm3012085,,,2026-09-28T08:55:59Z
nm3012172,Q1048397,Chrissie_Chau,2026-09-28T08:55:59Z
nm3014511,,,2026-09-28T08:55:59Z
nm3020610,,,2026-09-28T08:55:59Z
nm3020849,Q4007739,,2026-09-28T08:55:59Z
nm3021633,,,2026-09-28T08:55:59Z
nm3025400,Q25935966,,2026-09-28T08:55:59Z
nm3028820,Q16665451,Mowg_(composer),2026-09-28T08:55:59Z
nm3034977,Q7408805,Samara_Weaving,2026-09-28T08:55:59Z
nm3035751,Q17353975,,2026-09-28T08:55:59Z
nm3035937,,,2026-09-28T08:55:59Z
nm3038143,Q5372039,Emily_Atack,2026-09-28T08:55:59Z
nm3040373,Q28744759,Isa_Campo,2026-09-28T08:55:59Z
nm3042542,,,2026-09-28T08:55:59Z
nm3052104,Q5371791,,2026-09-28T08:55:59Z
nm3052337,Q4429675,Sergey_Sosnovsky,2026-09-28T08:55:59Z
nm3055344,Q106730275,,2026-09-28T08:55:59Z
nm3056725,Q7135419,Paran_Banerjee,2026-09-28T08:55:59Z
nm3067246,Q16337392,,2026-09-28T08:55:59Z
nm3069408,Q42244196,Eric_Pearson,2026-09-28T08:55:59Z
nm3077292,,,2026-09-28T08:55:59Z
nm3079991,Q6786690,Mateusz_Kościukiewicz,2026-09-28T08:55:59Z
nm3080738,,,2026-09-28T08:55:59Z
nm3081735,Q29078700,Patrycja_Volny,2026-09-28T08:55:59Z
nm3082936,Q21067379,Aseem_Mishra,2026-09-28T08:55:59Z
nm3084753,Q3544633,Ikue_Sakakibara,2026-09-28T08:55:59Z
nm3087237,Q123065797,,2026-09-28T08:55:59Z
nm3087478,Q20472649,,2026-09-28T08:55:59Z
nm3087728,Q465815,Anushka_Sharma,2026-09-28T08:55:59Z
nm3088427,Q117839601,,2026-09-28T08:55:59Z
nm3091777,Q15058295,Josh_Brener,2026-09-28T08:55:59Z
nm3092471,Q13817318,Marwan_Kenzari,2026-09-28T08:55:59Z
nm3093760,Q135487689,,2026-09-28T08:55:59Z
nm3094484,,,2026-09-28T08:55:59Z
nm3094735,,,2026-09-28T08:55:59Z
nm3096693,,,2026-09-28T08:55:59Z
nm3096722,,,2026-09-28T08:55:59Z
nm3097137,,,2026-09-28T08:55:59Z
nm3097327,,,2026-09-28T08:55:59Z
nm3097612,,,2026-09-28T08:55:59Z
nm3097960,,,2026-09-28T08:55:59Z
nm3104562,Q61785907,Michael_Zimbalist,2026-09-28T08:55:59Z
nm3112143,,,2026-09-28T08:55:59Z
nm3117207,Q11388684,Kazuya_Kojima,2026-09-28T08:55:59Z
nm3119194,Q22278009,Nancy_Grant,2026-09-28T08:55:59Z
nm3121384,Q1393997,Becky_G,2026-09-28T08:55:59Z
nm3122871,Q15720515,George_Finn,2026-09-28T08:55:59Z
nm3126674,Q12508724,Rio_Dewanto,2026-09-28T08:55:59Z
nm3130548,,,2026-09-28T08:55:59Z
nm3130704,,,2026-09-28T08:55:59Z
nm3135674,Q44155856,,2026-09-28T08:55:59Z
nm3141307,Q115988597,,2026-09-28T08:55:59Z
nm3143608,,,2026-09-28T08:55:59Z
nm3149143,Q56651335,,2026-09-28T08:55:59Z
nm3154399,Q64781822,Jaffar_Idukki,2026-09-28T08:55:59Z
nm3157423,,,2026-09-28T08:55:59Z
nm3160236,,,2026-09-28T08:55:59Z
nm3161101,,,2026-09-28T08:55:59Z
nm3163817,Q7908688,Vaibhav_Reddy,2026-09-28T08:55:59Z
nm3164292,Q7410100,Sampath_Raj,2026-09-28T08:55:59Z
nm3168318,,,2026-09-28T08:55:59Z
nm3177066,,,2026-09-28T08:55:59Z
nm3178429,,,2026-09-28T08:55:59Z
nm3182969,Q106812784,,2026-09-28T08:55:59Z
nm3183889,,,2026-09-28T08:55:59Z
nm3184775,Q12500743,,2026-09-28T08:55:59Z
nm3191792,Q8968943,River_Huang,2026-09-28T08:55:59Z
nm3192975,Q115156085,,2026-09-28T08:55:59Z
nm3193559,Q112960594,,2026-09-28T08:55:59Z
nm3194241,,,2026-09-28T08:55:59Z
nm3194762,Q20993783,Karl_Glusman,2026-09-28T08:55:59Z
nm3200433,,,2026-09-28T08:55:59Z
nm3202669,,,2026-09-28T08:55:59Z
nm3202701,Q3192216,Kalki_Koechlin,2026-09-28T08:55:59Z
nm3210066,,,2026-09-28T08:55:59Z
nm3210279,,,2026-09-28T08:55:59Z
nm3210743,Q16661967,Magalie_Lépine-Blondeau,2026-09-28T08:55:59Z
nm3214170,Q3183342,Jonathan_Cohen_(actor),2026-09-28T08:55:59Z
nm3214738,,,2026-09-28T08:55:59Z
nm3215232,Q133459905,,2026-09-28T08:55:59Z
nm3217731,Q6348098,Kainaz_Motivala,2026-09-28T08:55:59Z
nm3218921,Q131914827,,2026-09-28T08:55:59Z
nm3225390,Q9367568,Carlos_Chan_(actor),2026-09-28T08:55:59Z
nm3230432,,,2026-09-28T08:55:59Z
nm3230448,Q23697472,,2026-09-28T08:55:59Z
nm3231387,,,2026-09-28T08:55:59Z
nm3233092,Q27960476,Gor_Kirakosian,2026-09-28T08:55:59Z
nm3235085,,,2026-09-28T08:55:59Z
nm3236159,Q26921822,Paul_Walter_Hauser,2026-09-28T08:55:59Z
nm3236344,,,2026-09-28T08:55:59Z
nm3236698,,,2026-09-28T08:55:59Z
nm3236934,,,2026-09-28T08:55:59Z
nm3238246,Q108792806,Leah_Harvey,2026-09-28T08:55:59Z
nm3239918,Q3260130,,2026-09-28T08:55:59Z
nm3240001,,,2026-09-28T08:55:59Z
nm3242193,Q111734833,,2026-09-28T08:55:59Z
nm3247344,,,2026-09-28T08:55:59Z
nm3253318,Q6379241,Kavin_Dave,2026-09-28T08:55:59Z
nm3255186,Q1452727,,2026-09-28T08:55:59Z
nm3257504,Q16203670,Peter_DaCunha,2026-09-28T08:55:59Z
nm3260333,Q4539315,Erin_Richards,2026-09-28T08:55:59Z
nm3260339,Q113383390,,2026-09-28T08:55:59Z
nm3260947,Q112129027,,2026-09-28T08:55:59Z
nm3261208,Q3293619,,2026-09-28T08:55:59Z
nm3261209,Q126892775,,2026-09-28T08:55:59Z
nm3261379,Q1714983,Jérémy_Kapone,2026-09-28T08:55:59Z
nm3264092,,,2026-09-28T08:55:59Z
nm3267876,,,2026-09-28T08:55:59Z
nm3269479,,,2026-09-28T08:55:59Z
nm3274263,Q115238133,,2026-09-28T08:55:59Z
nm3276030,,,2026-09-28T08:55:59Z
nm3282988,Q28858679,,2026-09-28T08:55:59Z
nm3284959,Q127603272,Ewan_Mulligan,2026-09-28T08:55:59Z
nm3288578,Q104918111,Whitmer_Thomas,2026-09-28T08:55:59Z
nm3289096,Q3483111,Sidharth_Malhotra,2026-09-28T08:55:59Z
nm3294159,,,2026-09-28T08:55:59Z
nm3300185,,,2026-09-28T08:55:59Z
nm3301699,,,2026-09-28T08:55:59Z
nm3310195,,,2026-09-28T08:55:59Z
nm3311695,Q16745214,Chase_Williamson,2026-09-28T08:55:59Z
nm3314026,Q112679324,Simon_Kölle,2026-09-28T08:55:59Z
nm3324374,Q4177958,,2026-09-28T08:55:59Z
nm3325679,,,2026-09-28T08:55:59Z
nm3328207,Q12877360,Efthimis_Filippou,2026-09-28T08:55:59Z
nm3332611,,,2026-09-28T08:55:59Z
nm3334275,Q21872621,Arko_Pravo_Mukherjee,2026-09-28T08:55:59Z
nm3336072,Q107183007,,2026-09-28T08:55:59Z
nm3338210,Q4250137,Alexander_Kushaev,2026-09-28T08:55:59Z
nm3342464,,,2026-09-28T08:55:59Z
nm3342685,,,2026-09-28T08:55:59Z
nm3344486,,,2026-09-28T08:55:59Z
nm3349155,Q15905383,Yuki_Hayashi_(composer),2026-09-28T08:55:59Z
nm3351534,Q85867587,Aleksey_Filimonov,2026-09-28T08:55:59Z
nm3351812,Q116770345,Laura_Galán,2026-09-28T08:55:59Z
nm3354777,Q17598047,Lauren_Ashley_Carter,2026-09-28T08:55:59Z
nm3354963,Q7127780,Pallavi_Sharda,2026-09-28T08:55:59Z
nm3355632,,,2026-09-28T08:55:59Z
nm3366784,,,2026-09-28T08:55:59Z
nm3370591,,,2026-09-28T08:55:59Z
nm3372981,Q2680357,Srabanti_Chatterjee,2026-09-28T08:55:59Z
nm3374818,Q2006185,,2026-09-28T08:55:59Z
nm3384558,Q4418570,Vasily_Sigarev,2026-09-28T08:55:59Z
nm3385422,,,2026-09-28T08:55:59Z
nm3386768,,,2026-09-28T08:55:59Z
nm3395879,Q114309853,,2026-09-28T08:55:59Z
nm3397948,,,2026-09-28T08:55:59Z
nm3400186,Q13560358,Julia_Garner,2026-09-28T08:55:59Z
nm3409476,Q88966986,,2026-09-28T08:55:59Z
nm3414099,,,2026-09-28T08:55:59Z
nm3425246,,,2026-09-28T08:55:59Z
nm3429840,Q107133374,,2026-09-28T08:55:59Z
nm3430702,Q91085826,,2026-09-28T08:55:59Z
nm3435231,Q51238347,,2026-09-28T08:55:59Z
nm3435605,,,2026-09-28T08:55:59Z
nm3436464,Q1686699,Jella_Haase,2026-09-28T08:55:59Z
nm3442652,,,2026-09-28T08:55:59Z
nm3443587,,,2026-09-28T08:55:59Z
nm3447958,Q109580429,,2026-09-28T08:55:59Z
nm3451508,,,2026-09-28T08:55:59Z
nm3453460,,,2026-09-28T08:55:59Z
nm3454031,Q122937472,,2026-09-28T08:55:59Z
nm3454615,,,2026-09-28T08:55:59Z
nm3454631,Q4526492,Katerina_Shpitsa,2026-09-28T08:55:59Z
nm3457470,Q4253635,Magdalena_Lamparska,2026-09-28T08:55:59Z
nm3469492,Q5561802,Peer_Åström,2026-09-28T08:55:59Z
nm3474579,Q95891128,,2026-09-28T08:55:59Z
nm3478257,Q4464055,Yana_Troyanova,2026-09-28T08:55:59Z
nm3478737,Q109298799,,2026-09-28T08:55:59Z
nm3480246,Q1331706,Ella_Purnell,2026-09-28T08:55:59Z
nm3490382,,,2026-09-28T08:55:59Z
nm3491871,Q18225395,,2026-09-28T08:55:59Z
nm3492555,Q61968664,Bekah_Brunstetter,2026-09-28T08:55:59Z
nm3500725,Q4180150,Tikhon_Zhiznevsky,2026-09-28T08:55:59Z
nm3501111,,,2026-09-28T08:55:59Z
nm3508368,,,2026-09-28T08:55:59Z
nm3516275,,,2026-09-28T08:55:59Z
nm3517181,,,2026-09-28T08:55:59Z
nm3520159,Q6039208,,2026-09-28T08:55:59Z
nm3529223,,,2026-09-28T08:55:59Z
nm3533508,Q4779118,Aparajita_Auddy,2026-09-28T08:55:59Z
nm3539140,,,2026-09-28T08:55:59Z
nm3539353,Q964070,,2026-09-28T08:55:59Z
nm3547499,,,2026-09-28T08:55:59Z
nm3550537,,,2026-09-28T08:55:59Z
nm3551066,,,2026-09-28T08:55:59Z
nm3557375,Q18958641,Shine_Tom_Chacko,2026-09-28T08:55:59Z
nm3561501,Q16215538,Sathyan_(Tamil_actor),2026-09-28T08:55:59Z
nm3561899,Q19662544,Jordan_Trovillion,2026-09-28T08:55:59Z
nm3563965,,,2026-09-28T08:55:59Z
nm3564817,Q16224046,Phoebe_Waller-Bridge,2026-09-28T08:55:59Z
nm3565718,,,2026-09-28T08:55:59Z
nm3566051,,,2026-09-28T08:55:59Z
nm3567048,,,2026-09-28T08:55:59Z
nm3567337,Q112674939,,2026-09-28T08:55:59Z
nm3567615,,,2026-09-28T08:55:59Z
nm3572578,,,2026-09-28T08:55:59Z
nm3572795,,,2026-09-28T08:55:59Z
nm3577976,,,2026-09-28T08:55:59Z
nm3578957,Q6713058,M._Rajesh,2026-09-28T08:55:59Z
nm3579550,,,2026-09-28T08:55:59Z
nm3582089,,,2026-09-28T08:55:59Z
nm3582197,Q1683505,Lisa_Vicari,2026-09-28T08:55:59Z
nm3584034,,,2026-09-28T08:55:59Z
nm3586739,Q117860424,,2026-09-28T08:55:59Z
nm3586914,,,2026-09-28T08:55:59Z
nm3591033,Q114919147,,2026-09-28T08:55:59Z
nm3592235,Q15814128,Ritesh_Batra,2026-09-28T08:55:59Z
nm3592338,Q235132,Emilia_Clarke,2026-09-28T08:55:59Z
nm3598782,Q42283799,,2026-09-28T08:55:59Z
nm3599323,,,2026-09-28T08:55:59Z
nm3599831,,,2026-09-28T08:55:59Z
nm3601893,Q23926436,Sacha_Galperine,2026-09-28T08:55:59Z
nm3602603,Q23761400,West_Dylan_Thordson,2026-09-28T08:55:59Z
nm3604699,Q111261523,Emilie_Levienaise-Farrouch,2026-09-28T08:55:59Z
nm3605018,Q20177471,U._K._Senthil_Kumar,2026-09-28T08:55:59Z
nm3606261,,,2026-09-28T08:55:59Z
nm3608706,,,2026-09-28T08:55:59Z
nm3608929,,,2026-09-28T08:55:59Z
nm3609960,,,2026-09-28T08:55:59Z
nm3610886,,,2026-09-28T08:55:59Z
nm3616170,Q2160102,,2026-09-28T08:55:59Z
nm3619235,,,2026-09-28T08:55:59Z
nm3622948,,,2026-09-28T08:55:59Z
nm3627938,Q77312285,,2026-09-28T08:55:59Z
nm3627998,Q83378655,,2026-09-28T08:55:59Z
nm3631479,,,2026-09-28T08:55:59Z
nm3631520,,,2026-09-28T08:55:59Z
nm3632976,Q3076630,Jacob_Latimore,2026-09-28T08:55:59Z
nm3633980,Q106714989,,2026-09-28T08:55:59Z
nm3641120,Q109716408,,2026-09-28T08:55:59Z
nm3649423,Q100994540,,2026-09-28T08:55:59Z
nm3649532,Q111736397,,2026-09-28T08:55:59Z
nm3650117,,,2026-09-28T08:55:59Z
nm3650724,,,2026-09-28T08:55:59Z
nm3651113,,,2026-09-28T08:55:59Z
nm3651726,,,2026-09-28T08:55:59Z
nm3654931,Q90384,Johannes_Grenzfurthner,2026-09-28T08:55:59Z
nm3655466,Q4360495,,2026-09-28T08:55:59Z
nm3659351,,,2026-09-28T08:55:59Z
nm3661207,Q3903764,Pietro_Castellitto,2026-09-28T08:55:59Z
nm3662636,Q5480521,Francis_Chouler,2026-09-28T08:55:59Z
nm3663196,Q27733932,Ariana_DeBose,2026-09-28T08:55:59Z
nm3664884,Q15642540,Philip_Gelatt,2026-09-28T08:55:59Z
nm3664933,Q121597917,,2026-09-28T08:55:59Z
nm3668033,,,2026-09-28T08:55:59Z
nm3672962,,,2026-09-28T08:55:59Z
nm3679382,,,2026-09-28T08:55:59Z
nm3681509,Q124767673,,2026-09-28T08:55:59Z
nm3683989,,,2026-09-28T08:55:59Z
nm3693111,,,2026-09-28T08:55:59Z
nm3694749,,,2026-09-28T08:55:59Z
nm3697228,Q109669605,,2026-09-28T08:55:59Z
nm3697747,Q138855760,,2026-09-28T08:55:59Z
nm3705094,,,2026-09-28T08:55:59Z
nm3708199,,,2026-09-28T08:55:59Z
nm3709162,,,2026-09-28T08:55:59Z
nm3713130,Q17501897,Andrea_Iervolino,2026-09-28T08:55:59Z
nm3716585,,,2026-09-28T08:55:59Z
nm3720911,Q84595334,,2026-09-28T08:55:59Z
nm3722546,Q121463264,,2026-09-28T08:55:59Z
nm3732346,,,2026-09-28T08:55:59Z
nm3736022,Q106249785,,2026-09-28T08:55:59Z
nm3738746,,,2026-09-28T08:55:59Z
nm3746087,,,2026-09-28T08:55:59Z
nm3750468,,,2026-09-28T08:55:59Z
nm3750894,,,2026-09-28T08:55:59Z
nm3754323,Q55707556,,2026-09-28T08:55:59Z
nm3754545,Q24000351,,2026-09-28T08:55:59Z
nm3756197,Q485466,Jung_Suk-won,2026-09-28T08:55:59Z
nm3756791,,,2026-09-28T08:55:59Z
nm3758664,Q21285432,Giona_Ostinelli,2026-09-28T08:55:59Z
nm3766910,,,2026-09-28T08:55:59Z
nm3770108,Q42375490,,2026-09-28T08:55:59Z
nm3772243,Q568509,Theo_James,2026-09-28T08:55:59Z
nm3780733,,,2026-09-28T08:55:59Z
nm3787175,,,2026-09-28T08:55:59Z
nm3787416,Q3808603,,2026-09-28T08:55:59Z
nm3789009,,,2026-09-28T08:55:59Z
nm3792864,,,2026-09-28T08:55:59Z
nm3796147,Q14907209,Joey_Scarpellino,2026-09-28T08:55:59Z
nm3797278,Q18175830,Kim_Jae-hwa,2026-09-28T08:55:59Z
nm3797855,Q131587502,,2026-09-28T08:55:59Z
nm3800165,Q101114035,,2026-09-28T08:55:59Z
nm3801586,,,2026-09-28T08:55:59Z
nm3807965,Q7639650,Sundeep_Kishan,2026-09-28T08:55:59Z
nm3808948,Q7920143,Vennela_Kishore,2026-09-28T08:55:59Z
nm3813298,Q65054876,,2026-09-28T08:55:59Z
nm3814301,Q4746910,Amitabh_Bhattacharya,2026-09-28T08:55:59Z
nm3818371,,,2026-09-28T08:55:59Z
nm3822505,Q4748667,Amrita_Acharia,2026-09-28T08:55:59Z
nm3822770,Q7285367,Rajkummar_Rao,2026-09-28T08:55:59Z
nm3823257,,,2026-09-28T08:55:59Z
nm3826513,Q104218104,,2026-09-28T08:55:59Z
nm3828984,Q902879,Ranveer_Singh,2026-09-28T08:55:59Z
nm3835687,,,2026-09-28T08:55:59Z
nm3836977,Q1871731,Louis_Hofmann,2026-09-28T08:55:59Z
nm3838417,,,2026-09-28T08:55:59Z
nm3848064,Q614907,Sonakshi_Sinha,2026-09-28T08:55:59Z
nm3849940,,,2026-09-28T08:55:59Z
nm3851570,Q88099600,,2026-09-28T08:55:59Z
nm3853116,Q88099584,,2026-09-28T08:55:59Z
nm3854486,,,2026-09-28T08:55:59Z
nm3870590,,,2026-09-28T08:55:59Z
nm3872143,Q15812341,Gisa_Flake,2026-09-28T08:55:59Z
nm3872496,Q23058817,Luzer_Twersky,2026-09-28T08:55:59Z
nm3875456,Q26703645,Shamier_Anderson,2026-09-28T08:55:59Z
nm3879213,,,2026-09-28T08:55:59Z
nm3884562,,,2026-09-28T08:55:59Z
nm3887625,Q2833025,Alex_Russell_(actor),2026-09-28T08:55:59Z
nm3888555,,,2026-09-28T08:55:59Z
nm3888981,Q7387939,Thaman_S,2026-09-28T08:55:59Z
nm3891905,Q6695427,Lubna_Salim,2026-09-28T08:55:59Z
nm3893111,,,2026-09-28T08:55:59Z
nm3898625,Q137738885,,2026-09-28T08:55:59Z
nm3902889,Q22276830,Anil_Ravipudi,2026-09-28T08:55:59Z
nm3907268,,,2026-09-28T08:55:59Z
nm3907440,,,2026-09-28T08:55:59Z
nm3908878,,,2026-09-28T08:55:59Z
nm3911117,,,2026-09-28T08:55:59Z
nm3914590,,,2026-09-28T08:55:59Z
nm3914804,,,2026-09-28T08:55:59Z
nm3914900,,,2026-09-28T08:55:59Z
nm3918733,,,2026-09-28T08:55:59Z
nm3919263,,,2026-09-28T08:55:59Z
nm3923793,,,2026-09-28T08:55:59Z
nm3924049,Q94632378,Ángel_Manuel_Soto,2026-09-28T08:55:59Z
nm3928613,,,2026-09-28T08:55:59Z
nm3929259,Q63940510,Brian_Duffield,2026-09-28T08:55:59Z
nm3937449,Q126485354,,2026-09-28T08:55:59Z
nm3941091,Q22069357,,2026-09-28T08:55:59Z
nm3941379,Q12299604,,2026-09-28T08:55:59Z
nm3945547,Q11618135,Takuya_Kusakawa,2026-09-28T08:55:59Z
nm3948952,Q6159535,Vanessa_Kirby,2026-09-28T08:55:59Z
nm3949598,Q9359683,Tomasz_Schuchardt,2026-09-28T08:55:59Z
nm3951039,Q21008524,,2026-09-28T08:55:59Z
nm3953376,,,2026-09-28T08:55:59Z
nm3954703,,,2026-09-28T08:55:59Z
nm3961240,Q1955926,Tomoyo_Kurosawa,2026-09-28T08:55:59Z
nm3961686,,,2026-09-28T08:55:59Z
nm3963098,Q963930,Johan_Theorin,2026-09-28T08:55:59Z
nm3965943,,,2026-09-28T08:55:59Z
nm3967596,Q65420102,,2026-09-28T08:55:59Z
nm3968837,,,2026-09-28T08:55:59Z
nm3969425,Q132459158,,2026-09-28T08:55:59Z
nm3972152,Q101500374,Abel_Góngora,2026-09-28T08:55:59Z
nm3973782,,,2026-09-28T08:55:59Z
nm3978779,,,2026-09-28T08:55:59Z
nm3983776,,,2026-09-28T08:55:59Z
nm3986032,Q16300962,Hovik_Keuchkerian,2026-09-28T08:55:59Z
nm3987941,Q113572907,,2026-09-28T08:55:59Z
nm3990580,Q5584296,Gopichand_Malineni,2026-09-28T08:55:59Z
nm3993149,Q5564076,Gippy_Grewal,2026-09-28T08:55:59Z
nm3999580,Q3660833,,2026-09-28T08:55:59Z
nm4000389,Q21008520,,2026-09-28T08:55:59Z
nm4004372,Q2702472,Graham_Rogers_(actor),2026-09-28T08:55:59Z
nm4004708,,,2026-09-28T08:55:59Z
nm4015380,Q7586442,Srinivas_Avasarala,2026-09-28T08:55:59Z
nm4028151,Q4699975,Aju_Varghese,2026-09-28T08:55:59Z
nm4034632,Q34345176,,2026-09-28T08:55:59Z
nm4037412,,,2026-09-28T08:55:59Z
nm4043111,Q7929207,Vijay_Sethupathi,2026-09-28T08:55:59Z
nm4043627,Q31708843,,2026-09-28T08:55:59Z
nm4056296,Q11653757,Hiroki_Hasegawa,2026-09-28T08:55:59Z
nm4059614,,,2026-09-28T08:55:59Z
nm4062328,Q486582,Lee_Jong-suk,2026-09-28T08:55:59Z
nm4063713,Q8969244,Brando_Huang,2026-09-28T08:55:59Z
nm4071279,Q120800200,John_Kokken,2026-09-28T08:55:59Z
nm4075462,,,2026-09-28T08:55:59Z
nm4076047,Q31496238,Prawin_Pudi,2026-09-28T08:55:59Z
nm4080670,Q15926529,Yao_Xingtong,2026-09-28T08:55:59Z
nm4089208,Q106596508,Max_Huang,2026-09-28T08:55:59Z
nm4090362,Q21008575,,2026-09-28T08:55:59Z
nm4092908,Q97683509,,2026-09-28T08:55:59Z
nm4100983,Q27646816,,2026-09-28T08:55:59Z
nm4102879,,,2026-09-28T08:55:59Z
nm4103488,,,2026-09-28T08:55:59Z
nm4103537,Q66018852,,2026-09-28T08:55:59Z
nm4107221,,,2026-09-28T08:55:59Z
nm4110994,Q16202519,Manasi_Sinha,2026-09-28T08:55:59Z
nm4114024,,,2026-09-28T08:55:59Z
nm4115744,Q3236068,,2026-09-28T08:55:59Z
nm4116102,Q100631762,,2026-09-28T08:55:59Z
nm4119000,Q29404849,Mahanadi_Shankar,2026-09-28T08:55:59Z
nm4122551,,,2026-09-28T08:55:59Z
nm4122775,Q16236937,"Ian_Nelson_(actor,_born_1995)",2026-09-28T08:55:59Z
nm4123156,Q63862230,,2026-09-28T08:55:59Z
nm4133068,,,2026-09-28T08:55:59Z
nm4137793,,,2026-09-28T08:55:59Z
nm4141252,Q13217306,Lily_James,2026-09-28T08:55:59Z
nm4141638,Q16201130,Mashhoor_Amrohi,2026-09-28T08:55:59Z
nm4147126,Q19543978,Anne-Élisabeth_Bossé,2026-09-28T08:55:59Z
nm4148859,Q140389797,,2026-09-28T08:55:59Z
nm4158039,Q115223273,,2026-09-28T08:55:59Z
nm4158912,Q99316495,,2026-09-28T08:55:59Z
nm4159350,Q33069710,,2026-09-28T08:55:59Z
nm4169922,Q4132067,Kiersey_Clemons,2026-09-28T08:55:59Z
nm4174212,Q7915423,Varalaxmi_Sarathkumar,2026-09-28T08:55:59Z
nm4176678,,,2026-09-28T08:55:59Z
nm4178453,Q18708056,Mariana_Nunes,2026-09-28T08:55:59Z
nm4187270,Q16240376,,2026-09-28T08:55:59Z
nm4188965,,,2026-09-28T08:55:59Z
nm4189485,,,2026-09-28T08:55:59Z
nm4190866,,,2026-09-28T08:55:59Z
nm4194328,,,2026-09-28T08:55:59Z
nm4201857,,,2026-09-28T08:55:59Z
nm4207697,Q11997102,,2026-09-28T08:55:59Z
nm4217565,Q116868977,,2026-09-28T08:55:59Z
nm4217915,,,2026-09-28T08:55:59Z
nm4225981,Q18711110,Alison_Wheeler_(comedian),2026-09-28T08:55:59Z
nm4228942,Q114754626,,2026-09-28T08:55:59Z
nm4237148,Q47207329,Sam_C._S.,2026-09-28T08:55:59Z
nm4244981,,,2026-09-28T08:55:59Z
nm4266732,Q62337211,Michael_Vlamis,2026-09-28T08:55:59Z
nm4269187,Q56878103,Eilish_O'Carroll,2026-09-28T08:55:59Z
nm4271832,,,2026-09-28T08:55:59Z
nm4271961,Q7421553,Sara_Arjun,2026-09-28T08:55:59Z
nm4275862,Q41801736,Stacey_Schroeder,2026-09-28T08:55:59Z
nm4284457,Q4922324,Kuo_Shu-yao,2026-09-28T08:55:59Z
nm4286247,,,2026-09-28T08:55:59Z
nm4292635,,,2026-09-28T08:55:59Z
nm4301688,,,2026-09-28T08:55:59Z
nm4302098,,,2026-09-28T08:55:59Z
nm4302345,,,2026-09-28T08:55:59Z
nm4302809,Q26863953,,2026-09-28T08:55:59Z
nm4312021,Q72968777,,2026-09-28T08:55:59Z
nm4314103,,,2026-09-28T08:55:59Z
nm4316121,Q328212,Veronica_Roth,2026-09-28T08:55:59Z
nm4327765,,,2026-09-28T08:55:59Z
nm4327894,,,2026-09-28T08:55:59Z
nm4328193,,,2026-09-28T08:55:59Z
nm4328316,,,2026-09-28T08:55:59Z
nm4328412,,,2026-09-28T08:55:59Z
nm4328449,,,2026-09-28T08:55:59Z
nm4328648,,,2026-09-28T08:55:59Z
nm4328678,,,2026-09-28T08:55:59Z
nm4328699,,,2026-09-28T08:55:59Z
nm4328705,,,2026-09-28T08:55:59Z
nm4336636,,,2026-09-28T08:55:59Z
nm4340065,Q28417918,Chien_Shih-keng,2026-09-28T08:55:59Z
nm4341859,,,2026-09-28T08:55:59Z
nm4348198,,,2026-09-28T08:55:59Z
nm4355888,,,2026-09-28T08:55:59Z
nm4365667,,,2026-09-28T08:55:59Z
nm4367449,,,2026-09-28T08:55:59Z
nm4391958,Q17562351,,2026-09-28T08:55:59Z
nm4393993,,,2026-09-28T08:55:59Z
nm4394265,Q27734192,Siddhartha_Nuni,2026-09-28T08:55:59Z
nm4394691,Q20508470,,2026-09-28T08:55:59Z
nm4401759,,,2026-09-28T08:55:59Z
nm4409325,,,2026-09-28T08:55:59Z
nm4414804,,,2026-09-28T08:55:59Z
nm4414872,,,2026-09-28T08:55:59Z
nm4415007,,,2026-09-28T08:55:59Z
nm4415009,Q75079772,,2026-09-28T08:55:59Z
nm4420495,Q19665276,Sonoya_Mizuno,2026-09-28T08:55:59Z
nm4424397,Q16727695,Krystal_Joy_Brown,2026-09-28T08:55:59Z
nm4427586,Q133850264,R._K.,2026-09-28T08:55:59Z
nm4432572,,,2026-09-28T08:55:59Z
nm4436707,,,2026-09-28T08:55:59Z
nm4444576,,,2026-09-28T08:55:59Z
nm4446637,Q105718293,Shieh_Meng-ju,2026-09-28T08:55:59Z
nm4447323,Q16202173,Taha_Shah_Badussha,2026-09-28T08:55:59Z
nm4447886,Q18629711,Paul_Gallister,2026-09-28T08:55:59Z
nm4477065,,,2026-09-28T08:55:59Z
nm4480362,Q132023891,,2026-09-28T08:55:59Z
nm4482049,,,2026-09-28T08:55:59Z
nm4483013,,,2026-09-28T08:55:59Z
nm4485092,Q115663703,Eduard_Sola,2026-09-28T08:55:59Z
nm4487928,Q28804278,,2026-09-28T08:55:59Z
nm4489323,Q97118890,,2026-09-28T08:55:59Z
nm4490375,Q26997582,Andrea_Bang,2026-09-28T08:55:59Z
nm4496875,Q16238721,Mackenzie_Davis,2026-09-28T08:55:59Z
nm4502162,Q16028205,,2026-09-28T08:55:59Z
nm4506004,,,2026-09-28T08:55:59Z
nm4506218,,,2026-09-28T08:55:59Z
nm4514363,Q11557502,,2026-09-28T08:55:59Z
nm4514387,Q11563867,Shinnosuke_Mitsushima,2026-09-28T08:55:59Z
nm4517428,Q64392797,,2026-09-28T08:55:59Z
nm4518724,,,2026-09-28T08:55:59Z
nm4521638,,,2026-09-28T08:55:59Z
nm4521892,,,2026-09-28T08:55:59Z
nm4522379,,,2026-09-28T08:55:59Z
nm4522492,,,2026-09-28T08:55:59Z
nm4522692,,,2026-09-28T08:55:59Z
nm4525146,Q8960548,Francesca_Kao,2026-09-28T08:55:59Z
nm4527554,,,2026-09-28T08:55:59Z
nm4530596,,,2026-09-28T08:55:59Z
nm4534452,Q29007227,Jordan_Coulson,2026-09-28T08:55:59Z
nm4549664,,,2026-09-28T08:55:59Z
nm4550048,,,2026-09-28T08:55:59Z
nm4555421,,,2026-09-28T08:55:59Z
nm4556015,,,2026-09-28T08:55:59Z
nm4558604,,,2026-09-28T08:55:59Z
nm4561627,Q12619546,Choi_Hee-seo,2026-09-28T08:55:59Z
nm4565312,Q16232618,Arjuna_Harjai,2026-09-28T08:55:59Z
nm4565585,,,2026-09-28T08:55:59Z
nm4565815,Q33080779,Mena_Massoud,2026-09-28T08:55:59Z
nm4566698,,,2026-09-28T08:55:59Z
nm4569238,,,2026-09-28T08:55:59Z
nm4571960,,,2026-09-28T08:55:59Z
nm4591704,Q109540542,,2026-09-28T08:55:59Z
nm4596460,Q109540543,,2026-09-28T08:55:59Z
nm4616575,,,2026-09-28T08:55:59Z
nm4630698,Q73617021,,2026-09-28T08:55:59Z
nm4630926,,,2026-09-28T08:55:59Z
nm4633602,,,2026-09-28T08:55:59Z
nm4657617,Q76651998,,2026-09-28T08:55:59Z
nm4665474,Q19667407,,2026-09-28T08:55:59Z
nm4667199,,,2026-09-28T08:55:59Z
nm4668046,Q23712963,Sayani_Gupta,2026-09-28T08:55:59Z
nm4671160,,,2026-09-28T08:55:59Z
nm4677521,,,2026-09-28T08:55:59Z
nm4681652,,,2026-09-28T08:55:59Z
nm4683400,Q11816193,,2026-09-28T08:55:59Z
nm4683796,,,2026-09-28T08:55:59Z
nm4687352,Q5006852,C._Sathya,2026-09-28T08:55:59Z
nm4703551,Q24563108,Brooke_Butler,2026-09-28T08:55:59Z
nm4705505,Q27927396,Lyubov_Aksyonova,2026-09-28T08:55:59Z
nm4707978,,,2026-09-28T08:55:59Z
nm4715348,,,2026-09-28T08:55:59Z
nm4716757,,,2026-09-28T08:55:59Z
nm4724311,Q90382126,Kailas_Menon,2026-09-28T08:55:59Z
nm4724320,Q27535436,,2026-09-28T08:55:59Z
nm4726634,Q16236978,Haley_Lu_Richardson,2026-09-28T08:55:59Z
nm4728487,Q18234296,Jemma_Dallender,2026-09-28T08:55:59Z
nm4729449,,,2026-09-28T08:55:59Z
nm4731139,,,2026-09-28T08:55:59Z
nm4731330,Q137133181,Nitin_Baid,2026-09-28T08:55:59Z
nm4743632,,,2026-09-28T08:55:59Z
nm4751834,,,2026-09-28T08:55:59Z
nm4751994,,,2026-09-28T08:55:59Z
nm4752699,Q29525764,,2026-09-28T08:55:59Z
nm4753357,,,2026-09-28T08:55:59Z
nm4756541,,,2026-09-28T08:55:59Z
nm4757196,,,2026-09-28T08:55:59Z
nm4758864,,,2026-09-28T08:55:59Z
nm4760668,Q11578287,Keita_Machida,2026-09-28T08:55:59Z
nm4760729,Q131385927,,2026-09-28T08:55:59Z
nm4780115,Q135487656,,2026-09-28T08:55:59Z
nm4784702,,,2026-09-28T08:55:59Z
nm4785118,Q871452,Ayane_Sakura,2026-09-28T08:55:59Z
nm4787081,Q12980284,G._Gnanasambandan,2026-09-28T08:55:59Z
nm4787181,,,2026-09-28T08:55:59Z
nm4788192,,,2026-09-28T08:55:59Z
nm4788618,,,2026-09-28T08:55:59Z
nm4791836,Q2457715,,2026-09-28T08:55:59Z
nm4797922,Q20090578,Vijay_Deverakonda,2026-09-28T08:55:59Z
nm4801422,,,2026-09-28T08:55:59Z
nm4806449,Q39073476,Joseph_Quinn,2026-09-28T08:55:59Z
nm4806622,Q5936662,Huma_Qureshi,2026-09-28T08:55:59Z
nm4814216,,,2026-09-28T08:55:59Z
nm4818678,Q10767092,Masahiro_Higashide,2026-09-28T08:55:59Z
nm4821724,,,2026-09-28T08:55:59Z
nm4829898,,,2026-09-28T08:55:59Z
nm4858900,Q95018216,Navin_Nooli,2026-09-28T08:55:59Z
nm4859365,Q66331203,,2026-09-28T08:55:59Z
nm4861800,Q16302709,,2026-09-28T08:55:59Z
nm4863191,,,2026-09-28T08:55:59Z
nm4877913,Q12240895,Mohamed_Farrag,2026-09-28T08:55:59Z
nm4884145,,,2026-09-28T08:55:59Z
nm4888313,Q30042246,,2026-09-28T08:55:59Z
nm4890759,Q79400294,Aggy_K._Adams,2026-09-28T08:55:59Z
nm4899218,Q114898997,,2026-09-28T08:55:59Z
nm4905066,Q28466230,Isabella_Gomez,2026-09-28T08:55:59Z
nm4905103,,,2026-09-28T08:55:59Z
nm4905110,,,2026-09-28T08:55:59Z
nm4914979,Q137732407,,2026-09-28T08:55:59Z
nm4925834,Q19650544,Cara_Theobold,2026-09-28T08:55:59Z
nm4927704,Q53870611,Xolo_Maridueña,2026-09-28T08:55:59Z
nm4932007,,,2026-09-28T08:55:59Z
nm4932304,Q5129209,Claudia_Lee,2026-09-28T08:55:59Z
nm4937378,Q22930844,,2026-09-28T08:55:59Z
nm4940865,Q11425070,,2026-09-28T08:55:59Z
nm4944824,,,2026-09-28T08:55:59Z
nm4946914,,,2026-09-28T08:55:59Z
nm4949679,Q126415592,,2026-09-28T08:55:59Z
nm4960279,Q17380672,Margaret_Qualley,2026-09-28T08:55:59Z
nm4965072,Q47467699,Lukas_Gage,2026-09-28T08:55:59Z
nm4966249,,,2026-09-28T08:55:59Z
nm4972308,,,2026-09-28T08:55:59Z
nm4977054,Q24572528,S._Radha_Krishna,2026-09-28T08:55:59Z
nm4996483,Q18744856,,2026-09-28T08:55:59Z
nm5003154,Q56346814,Hiroshi_Seko,2026-09-28T08:55:59Z
nm5003252,Q4360641,Alexander_Petrov_(actor),2026-09-28T08:55:59Z
nm5004245,,,2026-09-28T08:55:59Z
nm5011560,Q117746830,,2026-09-28T08:55:59Z
nm5012845,,,2026-09-28T08:55:59Z
nm5016474,Q20684409,Koushik_Roy,2026-09-28T08:55:59Z
nm5023746,Q6380683,Kayoze_Irani,2026-09-28T08:55:59Z
nm5033237,Q17399580,Gaia_Scodellaro,2026-09-28T08:55:59Z
nm5044946,,,2026-09-28T08:55:59Z
nm5051981,,,2026-09-28T08:55:59Z
nm5052065,Q13426679,Ansel_Elgort,2026-09-28T08:55:59Z
nm5052148,,,2026-09-28T08:55:59Z
nm5060304,,,2026-09-28T08:55:59Z
nm5063862,Q78056851,Pierre-Philippe_Côté,2026-09-28T08:55:59Z
nm5064855,Q28599567,,2026-09-28T08:55:59Z
nm5066571,Q7459925,Shaan_Rahman,2026-09-28T08:55:59Z
nm5069465,Q4781915,Diana_Penty,2026-09-28T08:55:59Z
nm5072747,Q19403273,Diana_Del_Bufalo,2026-09-28T08:55:59Z
nm5088183,,,2026-09-28T08:55:59Z
nm5088247,,,2026-09-28T08:55:59Z
nm5092206,Q125434631,Thea_Hollatz,2026-09-28T08:55:59Z
nm5094403,Q37576527,Dylan_Playfair,2026-09-28T08:55:59Z
nm5109998,Q113193250,,2026-09-28T08:55:59Z
nm5114767,Q28132550,Bheems_Ceciroleo,2026-09-28T08:55:59Z
nm5120794,Q109438533,,2026-09-28T08:55:59Z
nm5132581,Q131985655,Emilie_Blichfeldt,2026-09-28T08:55:59Z
nm5136172,,,2026-09-28T08:55:59Z
nm5137104,Q66331949,,2026-09-28T08:55:59Z
nm5137121,Q2596113,Natsuki_Hanae,2026-09-28T08:55:59Z
nm5142487,Q114833925,,2026-09-28T08:55:59Z
nm5144965,,,2026-09-28T08:55:59Z
nm5145057,Q20973748,Talitha_Bateman,2026-09-28T08:55:59Z
nm5159926,,,2026-09-28T08:55:59Z
nm5162352,Q64604873,,2026-09-28T08:55:59Z
nm5163988,,,2026-09-28T08:55:59Z
nm5166292,Q6961913,Namitha_Pramod,2026-09-28T08:55:59Z
nm5174473,Q77819222,,2026-09-28T08:55:59Z
nm5189784,Q20685513,Alex_Sharp,2026-09-28T08:55:59Z
nm5190413,,,2026-09-28T08:55:59Z
nm5193944,Q109434664,,2026-09-28T08:55:59Z
nm5208525,,,2026-09-28T08:55:59Z
nm5215694,,,2026-09-28T08:55:59Z
nm5216674,Q68775694,,2026-09-28T08:55:59Z
nm5219130,Q53567955,Asim_Chaudhry,2026-09-28T08:55:59Z
nm5222015,,,2026-09-28T08:55:59Z
nm5222357,,,2026-09-28T08:55:59Z
nm5223087,,,2026-09-28T08:55:59Z
nm5224068,,,2026-09-28T08:55:59Z
nm5241704,,,2026-09-28T08:55:59Z
nm5244246,Q30923536,,2026-09-28T08:55:59Z
nm5253091,,,2026-09-28T08:55:59Z
nm5253704,,,2026-09-28T08:55:59Z
nm5276483,Q15270267,Svyatoslav_Podgayevsky,2026-09-28T08:55:59Z
nm5280583,,,2026-09-28T08:55:59Z
nm5286765,,,2026-09-28T08:55:59Z
nm5288134,,,2026-09-28T08:55:59Z
nm5307128,Q101244624,,2026-09-28T08:55:59Z
nm5312835,,,2026-09-28T08:55:59Z
nm5315106,Q115387666,,2026-09-28T08:55:59Z
nm5321876,Q18225928,,2026-09-28T08:55:59Z
nm5322576,Q38794744,,2026-09-28T08:55:59Z
nm5349154,,,2026-09-28T08:55:59Z
nm5349173,,,2026-09-28T08:55:59Z
nm5356239,,,2026-09-28T08:55:59Z
nm5357429,Q90557844,,2026-09-28T08:55:59Z
nm5362985,,,2026-09-28T08:55:59Z
nm5371809,,,2026-09-28T08:55:59Z
nm5372552,,,2026-09-28T08:55:59Z
nm5372762,Q42383997,Alex_Barima,2026-09-28T08:55:59Z
nm5372764,Q124154383,,2026-09-28T08:55:59Z
nm5381703,,,2026-09-28T08:55:59Z
nm5389195,Q16200949,,2026-09-28T08:55:59Z
nm5393011,Q18109869,,2026-09-28T08:55:59Z
nm5396123,,,2026-09-28T08:55:59Z
nm5397686,Q61727343,,2026-09-28T08:55:59Z
nm5400953,Q47121874,,2026-09-28T08:55:59Z
nm5403150,,,2026-09-28T08:55:59Z
nm5403173,Q4164153,Pavel_Dodonov,2026-09-28T08:55:59Z
nm5403653,,,2026-09-28T08:55:59Z
nm5403682,,,2026-09-28T08:55:59Z
nm5405440,Q65013096,Kyanna_Simone,2026-09-28T08:55:59Z
nm5411093,Q31187952,Müjde_Uzman,2026-09-28T08:55:59Z
nm5412083,Q26923822,Chris_Redd,2026-09-28T08:55:59Z
nm5425309,Q64929899,Lijo_Paul,2026-09-28T08:55:59Z
nm5432149,,,2026-09-28T08:55:59Z
nm5439393,,,2026-09-28T08:55:59Z
nm5440206,,,2026-09-28T08:55:59Z
nm5443998,Q28924412,,2026-09-28T08:55:59Z
nm5444787,Q18921370,"Vijay_Babu_(actor,_born_1976)",2026-09-28T08:55:59Z
nm5445991,,,2026-09-28T08:55:59Z
nm5452110,,,2026-09-28T08:55:59Z
nm5454757,,,2026-09-28T08:55:59Z
nm5470601,Q75059351,,2026-09-28T08:55:59Z
nm5470854,,,2026-09-28T08:55:59Z
nm5477810,,,2026-09-28T08:55:59Z
nm5481013,Q1964086,Kaito_Ishikawa,2026-09-28T08:55:59Z
nm5524273,Q23816433,Paul_Hamy,2026-09-28T08:55:59Z
nm5545145,,,2026-09-28T08:55:59Z
nm5548171,,,2026-09-28T08:55:59Z
nm5548228,,,2026-09-28T08:55:59Z
nm5557614,,,2026-09-28T08:55:59Z
nm5558562,Q117196422,Jade_Croot,2026-09-28T08:55:59Z
nm5570560,Q55346754,Odessa_A'zion,2026-09-28T08:55:59Z
nm5575570,,,2026-09-28T08:55:59Z
nm5575653,Q115609814,Adam_Bessa,2026-09-28T08:55:59Z
nm5575765,,,2026-09-28T08:55:59Z
nm5575971,,,2026-09-28T08:55:59Z
nm5578638,Q16202769,Sandra_Thomas,2026-09-28T08:55:59Z
nm5599463,,,2026-09-28T08:55:59Z
nm5621687,,,2026-09-28T08:55:59Z
nm5636855,,,2026-09-28T08:55:59Z
nm5637317,Q17386171,Raashii_Khanna,2026-09-28T08:55:59Z
nm5648145,,,2026-09-28T08:55:59Z
nm5654913,Q15928353,,2026-09-28T08:55:59Z
nm5658585,,,2026-09-28T08:55:59Z
nm5663160,Q106765963,,2026-09-28T08:55:59Z
nm5663632,,,2026-09-28T08:55:59Z
nm5683875,Q45680422,Judah_Sandhy,2026-09-28T08:55:59Z
nm5684567,,,2026-09-28T08:55:59Z
nm5687461,Q115707464,,2026-09-28T08:55:59Z
nm5693918,Q15975368,Daiki_Yamashita,2026-09-28T08:55:59Z
nm5694650,,,2026-09-28T08:55:59Z
nm5696188,,,2026-09-28T08:55:59Z
nm5697538,Q118106694,,2026-09-28T08:55:59Z
nm5699124,Q65921586,,2026-09-28T08:55:59Z
nm5700898,Q26923245,Mikey_Madison,2026-09-28T08:55:59Z
nm5702375,,,2026-09-28T08:55:59Z
nm5703727,Q135479085,,2026-09-28T08:55:59Z
nm5710414,Q17274466,Thomas_Cocquerel,2026-09-28T08:55:59Z
nm5717475,,,2026-09-28T08:55:59Z
nm5720713,,,2026-09-28T08:55:59Z
nm5721655,,,2026-09-28T08:55:59Z
nm5725247,Q16222405,Bobby_Kolli,2026-09-28T08:55:59Z
nm5741284,Q23639324,Eric_Osborne,2026-09-28T08:55:59Z
nm5750869,,,2026-09-28T08:55:59Z
nm5758559,,,2026-09-28T08:55:59Z
nm5767990,,,2026-09-28T08:55:59Z
nm5772332,,,2026-09-28T08:55:59Z
nm5775649,,,2026-09-28T08:55:59Z
nm5777955,Q50772725,,2026-09-28T08:55:59Z
nm5781594,Q15618447,Aishwarya_Rajesh,2026-09-28T08:55:59Z
nm5807649,,,2026-09-28T08:55:59Z
nm5811897,Q124878721,Steph_Copeland,2026-09-28T08:55:59Z
nm5820794,Q42326613,,2026-09-28T08:55:59Z
nm5829670,,,2026-09-28T08:55:59Z
nm5835994,,,2026-09-28T08:55:59Z
nm5839579,,,2026-09-28T08:55:59Z
nm5844090,Q22958021,Malina_Weissman,2026-09-28T08:55:59Z
nm5845865,Q43073768,Kang_In-soo,2026-09-28T08:55:59Z
nm5860559,,,2026-09-28T08:55:59Z
nm5871452,Q111795368,,2026-09-28T08:55:59Z
nm5895739,,,2026-09-28T08:55:59Z
nm5913711,Q21286459,Huh_Jung,2026-09-28T08:55:59Z
nm5923409,Q130563852,Jake_Allyn,2026-09-28T08:55:59Z
nm5924908,Q126454876,,2026-09-28T08:55:59Z
nm5935017,Q105709942,,2026-09-28T08:55:59Z
nm5937328,Q19875117,Uli_Latukefu,2026-09-28T08:55:59Z
nm5939164,Q26997611,Zazie_Beetz,2026-09-28T08:55:59Z
nm5939214,Q26209534,Shane_Nigam,2026-09-28T08:55:59Z
nm5947744,,,2026-09-28T08:55:59Z
nm5961385,Q27997862,Melha_Bedia,2026-09-28T08:55:59Z
nm5962080,,,2026-09-28T08:55:59Z
nm5965104,Q131358624,,2026-09-28T08:55:59Z
nm5991572,,,2026-09-28T08:55:59Z
nm5991573,,,2026-09-28T08:55:59Z
nm5996118,Q19724342,,2026-09-28T08:55:59Z
nm6008495,,,2026-09-28T08:55:59Z
nm6013612,,,2026-09-28T08:55:59Z
nm6025393,,,2026-09-28T08:55:59Z
nm6034158,,,2026-09-28T08:55:59Z
nm6041761,,,2026-09-28T08:55:59Z
nm6042417,Q111154368,Lucrecia_Dalt,2026-09-28T08:55:59Z
nm6067806,Q5537434,George_Burgess_(rugby_league),2026-09-28T08:55:59Z
nm6082176,Q96346912,Phoenix_Raei,2026-09-28T08:55:59Z
nm6093152,,,2026-09-28T08:55:59Z
nm6097246,,,2026-09-28T08:55:59Z
nm6098360,Q16200030,Dhyan_Sreenivasan,2026-09-28T08:55:59Z
nm6101361,,,2026-09-28T08:55:59Z
nm6101362,Q58977050,,2026-09-28T08:55:59Z
nm6104068,Q23063150,,2026-09-28T08:55:59Z
nm6106517,Q19657251,Park_Jong-hwan_(actor),2026-09-28T08:55:59Z
nm6123790,Q16727418,,2026-09-28T08:55:59Z
nm6125219,,,2026-09-28T08:55:59Z
nm6130314,,,2026-09-28T08:55:59Z
nm6132141,Q25095475,Ajit_Andhare,2026-09-28T08:55:59Z
nm6134379,Q28698762,"Jung_Joon-won_(actor,_born_2004)",2026-09-28T08:55:59Z
nm6143310,,,2026-09-28T08:55:59Z
nm6145378,Q25051137,Mario_Morán,2026-09-28T08:55:59Z
nm6145761,,,2026-09-28T08:55:59Z
nm6153653,Q18921323,Amaal_Mallik,2026-09-28T08:55:59Z
nm6159172,,,2026-09-28T08:55:59Z
nm6178682,Q97317149,,2026-09-28T08:55:59Z
nm6183900,Q25470440,Putri_Ayudya,2026-09-28T08:55:59Z
nm6187475,,,2026-09-28T08:55:59Z
nm6187995,Q381562,Gesaffelstein,2026-09-28T08:55:59Z
nm6196507,,,2026-09-28T08:55:59Z
nm6202496,,,2026-09-28T08:55:59Z
nm6214568,Q122171608,,2026-09-28T08:55:59Z
nm6216593,Q24068363,Rose_Williams_(actress),2026-09-28T08:55:59Z
nm6222172,Q109627274,Urko_Olazabal,2026-09-28T08:55:59Z
nm6230493,,,2026-09-28T08:55:59Z
nm6243578,,,2026-09-28T08:55:59Z
nm6275910,,,2026-09-28T08:55:59Z
nm6284036,Q47468788,Nabil_Rajo,2026-09-28T08:55:59Z
nm6285328,Q106231386,Elle_Graham,2026-09-28T08:55:59Z
nm6296990,,,2026-09-28T08:55:59Z
nm6316707,,,2026-09-28T08:55:59Z
nm6344635,Q66424693,,2026-09-28T08:55:59Z
nm6344705,,,2026-09-28T08:55:59Z
nm6352742,Q116949647,Ranjit_Jeyakodi,2026-09-28T08:55:59Z
nm6372355,Q72907599,Monika_Bacardi,2026-09-28T08:55:59Z
nm6377317,,,2026-09-28T08:55:59Z
nm6382426,,,2026-09-28T08:55:59Z
nm6413335,,,2026-09-28T08:55:59Z
nm6420825,Q107504254,Andre_Gaines,2026-09-28T08:55:59Z
nm6422090,,,2026-09-28T08:55:59Z
nm6438644,Q16223599,The_Haxan_Cloak,2026-09-28T08:55:59Z
nm6444214,,,2026-09-28T08:55:59Z
nm6446946,Q16832063,Mahima_Nambiar,2026-09-28T08:55:59Z
nm6447222,Q37320725,,2026-09-28T08:55:59Z
nm6468859,,,2026-09-28T08:55:59Z
nm6488594,,,2026-09-28T08:55:59Z
nm6488595,,,2026-09-28T08:55:59Z
nm6489058,Q21933878,Yogi_Babu,2026-09-28T08:55:59Z
nm6502608,,,2026-09-28T08:55:59Z
nm6515397,,,2026-09-28T08:55:59Z
nm6538586,Q9127021,,2026-09-28T08:55:59Z
nm6542246,,,2026-09-28T08:55:59Z
nm6555247,,,2026-09-28T08:55:59Z
nm6555325,Q124708562,,2026-09-28T08:55:59Z
nm6560386,,,2026-09-28T08:55:59Z
nm6574241,Q21620673,Sakshi_Agarwal,2026-09-28T08:55:59Z
nm6574569,,,2026-09-28T08:55:59Z
nm6579202,,,2026-09-28T08:55:59Z
nm6583483,,,2026-09-28T08:55:59Z
nm6643051,,,2026-09-28T08:55:59Z
nm6654019,Q16739209,Svenja_Jung,2026-09-28T08:55:59Z
nm6657191,,,2026-09-28T08:55:59Z
nm6697626,Q17306220,Neeraj_Madhav,2026-09-28T08:55:59Z
nm6703288,,,2026-09-28T08:55:59Z
nm6725612,,,2026-09-28T08:55:59Z
nm6728658,Q12587669,"Kim_Sun-young_(actress,_born_1980)",2026-09-28T08:55:59Z
nm6733346,,,2026-09-28T08:55:59Z
nm6741315,,,2026-09-28T08:55:59Z
nm6775392,Q112761197,,2026-09-28T08:55:59Z
nm6784572,,,2026-09-28T08:55:59Z
nm6786814,Q7237308,,2026-09-28T08:55:59Z
nm6789414,Q16663791,,2026-09-28T08:55:59Z
nm6796942,,,2026-09-28T08:55:59Z
nm6804167,Q22125693,,2026-09-28T08:55:59Z
nm6808559,,,2026-09-28T08:55:59Z
nm6808560,,,2026-09-28T08:55:59Z
nm6808563,,,2026-09-28T08:55:59Z
nm6808566,,,2026-09-28T08:55:59Z
nm6816861,,,2026-09-28T08:55:59Z
nm6823359,,,2026-09-28T08:55:59Z
nm6826585,Q116257210,,2026-09-28T08:55:59Z
nm6834708,,,2026-09-28T08:55:59Z
nm6835491,Q47541948,Vichu_Vishwanath,2026-09-28T08:55:59Z
nm6836472,,,2026-09-28T08:55:59Z
nm6840054,,,2026-09-28T08:55:59Z
nm6841174,,,2026-09-28T08:55:59Z
nm6855695,Q107413648,Malte_Gårdinger,2026-09-28T08:55:59Z
nm6867256,Q4802482,Arvind_Krishna_(cinematographer),2026-09-28T08:55:59Z
nm6874110,,,2026-09-28T08:55:59Z
nm6874111,,,2026-09-28T08:55:59Z
nm6874112,,,2026-09-28T08:55:59Z
nm6874113,,,2026-09-28T08:55:59Z
nm6874114,,,2026-09-28T08:55:59Z
nm6874115,,,2026-09-28T08:55:59Z
nm6875292,Q50687985,,2026-09-28T08:55:59Z
nm6878753,Q134179628,,2026-09-28T08:55:59Z
nm6883900,Q56600016,Suad_Bushnaq,2026-09-28T08:55:59Z
nm6891947,Q46801691,Lyna_Khoudri,2026-09-28T08:55:59Z
nm6904578,Q85951355,Mireia_Oriol,2026-09-28T08:55:59Z
nm6914133,,,2026-09-28T08:55:59Z
nm6914134,,,2026-09-28T08:55:59Z
nm6915171,,,2026-09-28T08:55:59Z
nm6934058,Q16990705,Joonas_Suotamo,2026-09-28T08:55:59Z
nm6935095,,,2026-09-28T08:55:59Z
nm6936085,,,2026-09-28T08:55:59Z
nm6940206,Q21994624,Jang_Jae-hyun,2026-09-28T08:55:59Z
nm6948098,,,2026-09-28T08:55:59Z
nm6950179,,,2026-09-28T08:55:59Z
nm6971718,Q123560924,,2026-09-28T08:55:59Z
nm6974206,Q40550981,Mamoudou_Athie,2026-09-28T08:55:59Z
nm7017265,,,2026-09-28T08:55:59Z
nm7027696,Q130283117,Benjamin_Wainwright_(actor),2026-09-28T08:55:59Z
nm7027783,Q55731102,Son_Suk-ku,2026-09-28T08:55:59Z
nm7035254,,,2026-09-28T08:55:59Z
nm7040048,,,2026-09-28T08:55:59Z
nm7041119,,,2026-09-28T08:55:59Z
nm7042308,,,2026-09-28T08:55:59Z
nm7044125,,,2026-09-28T08:55:59Z
nm7048307,Q124419176,Jessica_Frances_Dukes,2026-09-28T08:55:59Z
nm7059620,,,2026-09-28T08:55:59Z
nm7060757,Q117083352,Lisa_Gilroy,2026-09-28T08:55:59Z
nm7079028,Q27680805,Vineeth_Mohan,2026-09-28T08:55:59Z
nm7086840,Q11190062,Kensuke_Ushio,2026-09-28T08:55:59Z
nm7087208,Q52089370,,2026-09-28T08:55:59Z
nm7093076,Q24250404,Lana_Condor,2026-09-28T08:55:59Z
nm7117374,Q54875293,,2026-09-28T08:55:59Z
nm7132227,,,2026-09-28T08:55:59Z
nm7137981,Q29982553,BadComedian,2026-09-28T08:55:59Z
nm7154395,Q2191043,Mirjam_Mous,2026-09-28T08:55:59Z
nm7179011,,,2026-09-28T08:55:59Z
nm7192967,,,2026-09-28T08:55:59Z
nm7210986,Q54349360,Erin_Kellyman,2026-09-28T08:55:59Z
nm7254628,Q64502484,,2026-09-28T08:55:59Z
nm7260546,,,2026-09-28T08:55:59Z
nm7263054,,,2026-09-28T08:55:59Z
nm7271615,Q69141845,,2026-09-28T08:55:59Z
nm7275962,Q122937450,,2026-09-28T08:55:59Z
nm7294907,,,2026-09-28T08:55:59Z
nm7294908,,,2026-09-28T08:55:59Z
nm7304659,,,2026-09-28T08:55:59Z
nm7304660,,,2026-09-28T08:55:59Z
nm7304661,,,2026-09-28T08:55:59Z
nm7304663,,,2026-09-28T08:55:59Z
nm7304664,,,2026-09-28T08:55:59Z
nm7304666,,,2026-09-28T08:55:59Z
nm7304668,,,2026-09-28T08:55:59Z
nm7304670,,,2026-09-28T08:55:59Z
nm7313563,,,2026-09-28T08:55:59Z
nm7334568,,,2026-09-28T08:55:59Z
nm7334569,,,2026-09-28T08:55:59Z
nm7334570,,,2026-09-28T08:55:59Z
nm7337670,Q75059738,,2026-09-28T08:55:59Z
nm7341728,Q39568498,Brock_O'Hurn,2026-09-28T08:55:59Z
nm7366315,Q123392307,Taylor_Joy_Mason,2026-09-28T08:55:59Z
nm7390393,Q467693,Manorama_(Tamil_actress),2026-09-28T08:55:59Z
nm7391782,Q60829716,,2026-09-28T08:55:59Z
nm7393537,Q126974139,,2026-09-28T08:55:59Z
nm7394721,Q131583844,,2026-09-28T08:55:59Z
nm7414848,,,2026-09-28T08:55:59Z
nm7415410,Q29103339,Cheng_Wei-hao,2026-09-28T08:55:59Z
nm7435453,Q19609660,Badshah_(rapper),2026-09-28T08:55:59Z
nm7445002,Q85847956,Vikram_Montrose,2026-09-28T08:55:59Z
nm7461420,,,2026-09-28T08:55:59Z
nm7462406,,,2026-09-28T08:55:59Z
nm7468874,Q61759346,,2026-09-28T08:55:59Z
nm7472093,,,2026-09-28T08:55:59Z
nm7482926,Q118118310,,2026-09-28T08:55:59Z
nm7484407,,,2026-09-28T08:55:59Z
nm7489781,,,2026-09-28T08:55:59Z
nm7509932,,,2026-09-28T08:55:59Z
nm7512454,,,2026-09-28T08:55:59Z
nm7514607,,,2026-09-28T08:55:59Z
nm7537160,Q44527077,,2026-09-28T08:55:59Z
nm7545798,,,2026-09-28T08:55:59Z
nm7549669,,,2026-09-28T08:55:59Z
nm7552800,Q22131341,,2026-09-28T08:55:59Z
nm7565692,Q28675855,Tanishk_Bagchi,2026-09-28T08:55:59Z
nm7575624,,,2026-09-28T08:55:59Z
nm7589615,,,2026-09-28T08:55:59Z
nm7621164,,,2026-09-28T08:55:59Z
nm7621667,Q28316728,Sanya_Malhotra,2026-09-28T08:55:59Z
nm7623887,,,2026-09-28T08:55:59Z
nm7624324,Q116787454,,2026-09-28T08:55:59Z
nm7624893,,,2026-09-28T08:55:59Z
nm7625165,,,2026-09-28T08:55:59Z
nm7627120,Q110754678,,2026-09-28T08:55:59Z
nm7629684,Q55081199,Grant_S._Johnson,2026-09-28T08:55:59Z
nm7632103,,,2026-09-28T08:55:59Z
nm7645092,Q11429286,Toshiki_Masuda,2026-09-28T08:55:59Z
nm7645984,Q21914464,Dua_Lipa,2026-09-28T08:55:59Z
nm7650817,Q114703428,Belissa_Escobedo,2026-09-28T08:55:59Z
nm7652223,,,2026-09-28T08:55:59Z
nm7662861,Q62513158,,2026-09-28T08:55:59Z
nm7706117,,,2026-09-28T08:55:59Z
nm7738736,,,2026-09-28T08:55:59Z
nm7745725,Q18013379,,2026-09-28T08:55:59Z
nm7746861,,,2026-09-28T08:55:59Z
nm7747603,Q52820961,,2026-09-28T08:55:59Z
nm7768196,,,2026-09-28T08:55:59Z
nm7785899,,,2026-09-28T08:55:59Z
nm7792149,Q117863830,,2026-09-28T08:55:59Z
nm7792150,,,2026-09-28T08:55:59Z
nm7792152,Q120920012,,2026-09-28T08:55:59Z
nm7805689,Q28021422,,2026-09-28T08:55:59Z
nm7820251,Q31174081,,2026-09-28T08:55:59Z
nm7825322,,,2026-09-28T08:55:59Z
nm7847469,,,2026-09-28T08:55:59Z
nm7850258,Q19519610,Anasuya_Bharadwaj,2026-09-28T08:55:59Z
nm7866544,Q131905779,Alex_Coco,2026-09-28T08:55:59Z
nm7881477,,,2026-09-28T08:55:59Z
nm7883110,,,2026-09-28T08:55:59Z
nm7896839,Q106473170,Artyom_Gabrelyanov,2026-09-28T08:55:59Z
nm7898120,,,2026-09-28T08:55:59Z
nm7903936,,,2026-09-28T08:55:59Z
nm7919330,Q130805513,Lindsey_Normington,2026-09-28T08:55:59Z
nm7945153,Q26924614,Vela_Ramamoorthy,2026-09-28T08:55:59Z
nm7959991,,,2026-09-28T08:55:59Z
nm7961443,,,2026-09-28T08:55:59Z
nm7973999,,,2026-09-28T08:55:59Z
nm8011227,,,2026-09-28T08:55:59Z
nm8011228,,,2026-09-28T08:55:59Z
nm8011229,,,2026-09-28T08:55:59Z
nm8013741,,,2026-09-28T08:55:59Z
nm8018162,Q61976201,,2026-09-28T08:55:59Z
nm8026847,Q65030797,Alok_Pandey,2026-09-28T08:55:59Z
nm8027530,,,2026-09-28T08:55:59Z
nm8027531,,,2026-09-28T08:55:59Z
nm8027737,Q79404403,,2026-09-28T08:55:59Z
nm8045071,Q25469807,,2026-09-28T08:55:59Z
nm8046733,,,2026-09-28T08:55:59Z
nm8065721,,,2026-09-28T08:55:59Z
nm8069110,,,2026-09-28T08:55:59Z
nm8075785,,,2026-09-28T08:55:59Z
nm8083606,Q104889361,,2026-09-28T08:55:59Z
nm8098198,,,2026-09-28T08:55:59Z
nm8120718,,,2026-09-28T08:55:59Z
nm8130885,Q43373841,Vache_Tovmasyan,2026-09-28T08:55:59Z
nm8141007,,,2026-09-28T08:55:59Z
nm8142488,,,2026-09-28T08:55:59Z
nm8151531,,,2026-09-28T08:55:59Z
nm8161355,,,2026-09-28T08:55:59Z
nm8194649,,,2026-09-28T08:55:59Z
nm8251673,Q84599463,,2026-09-28T08:55:59Z
nm8279117,,,2026-09-28T08:55:59Z
nm8280833,,,2026-09-28T08:55:59Z
nm8281888,,,2026-09-28T08:55:59Z
nm8286226,,,2026-09-28T08:55:59Z
nm8339499,,,2026-09-28T08:55:59Z
nm8347434,,,2026-09-28T08:55:59Z
nm8388409,Q109581450,,2026-09-28T08:55:59Z
nm8414592,,,2026-09-28T08:55:59Z
nm8428513,Q75679907,Vishal_Mishra_(composer),2026-09-28T08:55:59Z
nm8439829,,,2026-09-28T08:55:59Z
nm8449714,,,2026-09-28T08:55:59Z
nm8465620,,,2026-09-28T08:55:59Z
nm8485641,,,2026-09-28T08:55:59Z
nm8529746,,,2026-09-28T08:55:59Z
nm8534591,Q97064636,Isabella_Ferreira,2026-09-28T08:55:59Z
nm8560283,,,2026-09-28T08:55:59Z
nm8570840,Q4024265,Zerocalcare,2026-09-28T08:55:59Z
nm8601122,,,2026-09-28T08:55:59Z
nm8620566,,,2026-09-28T08:55:59Z
nm8656178,,,2026-09-28T08:55:59Z
nm8665144,Q131291817,Zoe_Cipres,2026-09-28T08:55:59Z
nm8680484,,,2026-09-28T08:55:59Z
nm8680486,,,2026-09-28T08:55:59Z
nm8680496,,,2026-09-28T08:55:59Z
nm8690133,,,2026-09-28T08:55:59Z
nm8708538,,,2026-09-28T08:55:59Z
nm8722073,,,2026-09-28T08:55:59Z
nm8731960,Q108383943,Dora_Postigo,2026-09-28T08:55:59Z
nm8732499,,,2026-09-28T08:55:59Z
nm8744341,Q64548873,Humberly_González,2026-09-28T08:55:59Z
nm8758994,,,2026-09-28T08:55:59Z
nm8774122,Q106367553,,2026-09-28T08:55:59Z
nm8794761,,,2026-09-28T08:55:59Z
nm8801937,,,2026-09-28T08:55:59Z
nm8865872,,,2026-09-28T08:55:59Z
nm8874294,Q121304600,,2026-09-28T08:55:59Z
nm8886691,,,2026-09-28T08:55:59Z
nm8896550,,,2026-09-28T08:55:59Z
nm8910575,Q28067915,Eiji_Akaso,2026-09-28T08:55:59Z
nm8928141,Q64004113,,2026-09-28T08:55:59Z
nm8939330,,,2026-09-28T08:55:59Z
nm8944542,,,2026-09-28T08:55:59Z
nm8948296,Q124639221,Michelle_Randolph,2026-09-28T08:55:59Z
nm8948734,,,2026-09-28T08:55:59Z
nm8950611,Q7298541,Raymond_Acevedo,2026-09-28T08:55:59Z
nm8979280,,,2026-09-28T08:55:59Z
nm8997092,,,2026-09-28T08:55:59Z
nm9045121,Q113096530,,2026-09-28T08:55:59Z
nm9073343,,,2026-09-28T08:55:59Z
nm9086605,,,2026-09-28T08:55:59Z
nm9109723,,,2026-09-28T08:55:59Z
nm9145599,Q128573862,,2026-09-28T08:55:59Z
nm9159222,,,2026-09-28T08:55:59Z
nm9164562,,,2026-09-28T08:55:59Z
nm9203528,Q58198484,Ananya_Panday,2026-09-28T08:55:59Z
nm9221967,Q39434229,Wu_Nien-hsuan,2026-09-28T08:55:59Z
nm9221969,Q47668302,,2026-09-28T08:55:59Z
nm9237513,,,2026-09-28T08:55:59Z
nm9244111,,,2026-09-28T08:55:59Z
nm9245009,,,2026-09-28T08:55:59Z
nm9274785,,,2026-09-28T08:55:59Z
nm9282974,Q109229044,,2026-09-28T08:55:59Z
nm9311474,Q52159701,Jeon_Jong-seo,2026-09-28T08:55:59Z
nm9334471,,,2026-09-28T08:55:59Z
nm9343856,Q66088284,,2026-09-28T08:55:59Z
nm9359620,,,2026-09-28T08:55:59Z
nm9364092,,,2026-09-28T08:55:59Z
nm9382378,,,2026-09-28T08:55:59Z
nm9410880,,,2026-09-28T08:55:59Z
nm9413210,Q56399328,Lutesha,2026-09-28T08:55:59Z
nm9436571,Q110599899,,2026-09-28T08:55:59Z
nm9444721,,,2026-09-28T08:55:59Z
nm9468053,,,2026-09-28T08:55:59Z
nm9482213,Q19162136,Choi_Byung-mo,2026-09-28T08:55:59Z
nm9484837,Q6455129,Kōhei_Horikoshi,2026-09-28T08:55:59Z
nm9491948,Q134605461,,2026-09-28T08:55:59Z
nm9493240,Q100741983,,2026-09-28T08:55:59Z
nm9493337,Q98164913,,2026-09-28T08:55:59Z
nm9497136,,,2026-09-28T08:55:59Z
nm9497137,,,2026-09-28T08:55:59Z
nm9500393,Q139659045,,2026-09-28T08:55:59Z
nm9534286,Q51884721,Da-her_Lin,2026-09-28T08:55:59Z
nm9535187,Q108801826,,2026-09-28T08:55:59Z
nm9541594,,,2026-09-28T08:55:59Z
nm9545027,,,2026-09-28T08:55:59Z
nm9547940,,,2026-09-28T08:55:59Z
nm9611660,Q114668784,,2026-09-28T08:55:59Z
nm9614943,,,2026-09-28T08:55:59Z
nm9615234,Q52106858,,2026-09-28T08:55:59Z
nm9616694,Q87070221,,2026-09-28T08:55:59Z
nm9653555,,,2026-09-28T08:55:59Z
nm9660135,,,2026-09-28T08:55:59Z
nm9820279,,,2026-09-28T08:55:59Z
nm9822712,,,2026-09-28T08:55:59Z
nm9855589,Q130107003,Muralidhar_Goud,2026-09-28T08:55:59Z
nm9870185,,,2026-09-28T08:55:59Z
nm9920821,Q100741988,,2026-09-28T08:55:59Z
nm9946376,Q66737132,Lee_Do-hyun,2026-09-28T08:55:59Z
nm9954934,,,2026-09-28T08:55:59Z
nm9966942,,,2026-09-28T08:55:59Z
nm9966943,,,2026-09-28T08:55:59Z
nm9980032,,,2026-09-28T08:55:59Z
nm9981631,,,2026-09-28T08:55:59Z
nm9989935,Q16080905,,2026-09-28T08:55:59Z
nm9991000,Q112259269,Divyansha_Kaushik,2026-09-28T08:55:59Z
nm9992659,Q114433962,,2026-09-28T08:55:59Z
