imdb_id,person_id,role,sources
tt0079718,nm0005162,actor,"[""title.principals""]"
tt0079718,nm0011964,actor,"[""title.principals""]"
tt0079718,nm0016793,actor,"[""title.principals""]"
tt0079718,nm0093501,writer,"[""title.crew"", ""title.principals""]"
tt0079718,nm0134073,actor,"[""title.principals""]"
tt0079718,nm0197490,actor,"[""title.principals""]"
tt0079718,nm0290050,writer,"[""title.crew"", ""title.principals""]"
tt0079718,nm0408636,actor,"[""title.principals""]"
tt0079718,nm0434060,actor,"[""title.principals""]"
tt0079718,nm0598443,actor,"[""title.principals""]"
tt0079718,nm0817881,actor,"[""title.principals""]"
tt0079718,nm0826642,director,"[""title.crew"", ""title.principals""]"
tt0079718,nm0826642,writer,"[""title.crew"", ""title.principals""]"
tt0079718,nm0872689,actor,"[""title.principals""]"
tt0081633,nm0000092,actor,"[""title.principals""]"
tt0081633,nm0000125,actor,"[""title.principals""]"
tt0081633,nm0000416,director,"[""title.crew"", ""title.principals""]"
tt0081633,nm0000416,writer,"[""title.crew"", ""title.principals""]"
tt0081633,nm0000453,actor,"[""title.principals""]"
tt0081633,nm0001167,actor,"[""title.principals""]"
tt0081633,nm0001340,actor,"[""title.principals""]"
tt0081633,nm0001589,actor,"[""title.principals""]"
tt0081633,nm0001589,writer,"[""title.crew"", ""title.principals""]"
tt0081633,nm0001831,actor,"[""title.principals""]"
tt0081633,nm0710884,actor,"[""title.principals""]"
tt0081633,nm0724732,actor,"[""title.principals""]"
tt0081633,nm0891092,actor,"[""title.principals""]"
tt0083199,nm0007139,director,"[""title.crew"", ""title.principals""]"
tt0083199,nm0007139,writer,"[""title.crew"", ""title.principals""]"
tt0083199,nm0041226,actor,"[""title.principals""]"
tt0083199,nm0056201,actor,"[""title.principals""]"
tt0083199,nm0155147,actor,"[""title.principals""]"
tt0083199,nm0514998,actor,"[""title.principals""]"
tt0083199,nm0516316,actor,"[""title.principals""]"
tt0083199,nm0526712,actor,"[""title.principals""]"
tt0083199,nm1022277,writer,"[""title.crew"", ""title.principals""]"
tt0083199,nm1354659,actor,"[""title.principals""]"
tt0083199,nm1527417,actor,"[""title.principals""]"
tt0083199,nm1794888,actor,"[""title.principals""]"
tt0083199,nm2216880,actor,"[""title.principals""]"
tt0085426,nm0000108,director,"[""title.crew"", ""title.principals""]"
tt0085426,nm0000108,writer,"[""title.crew"", ""title.principals""]"
tt0085426,nm0000606,actor,"[""title.principals""]"
tt0085426,nm0099366,actor,"[""title.principals""]"
tt0085426,nm0140614,actor,"[""title.principals""]"
tt0085426,nm0144477,actor,"[""title.principals""]"
tt0085426,nm0234385,actor,"[""title.principals""]"
tt0085426,nm0369834,actor,"[""title.principals""]"
tt0085426,nm0427136,actor,"[""title.principals""]"
tt0085426,nm0427136,writer,"[""title.crew"", ""title.principals""]"
tt0085426,nm0473218,actor,"[""title.principals""]"
tt0085426,nm0484023,actor,"[""title.principals""]"
tt0085426,nm0921202,actor,"[""title.principals""]"
tt0085750,nm0000598,actor,"[""title.principals""]"
tt0085750,nm0000670,actor,"[""title.principals""]"
tt0085750,nm0000787,actor,"[""title.principals""]"
tt0085750,nm0001283,actor,"[""title.principals""]"
tt0085750,nm0001940,writer,"[""title.crew"", ""title.principals""]"
tt0085750,nm0003289,actor,"[""title.principals""]"
tt0085750,nm0023469,director,"[""title.crew"", ""title.principals""]"
tt0085750,nm0087750,actor,"[""title.principals""]"
tt0085750,nm0331956,writer,"[""title.crew"", ""title.principals""]"
tt0085750,nm0437393,writer,"[""title.crew""]"
tt0085750,nm0531546,actor,"[""title.principals""]"
tt0085750,nm0558577,writer,"[""title.crew"", ""title.principals""]"
tt0085750,nm0561033,actor,"[""title.principals""]"
tt0085750,nm0605365,actor,"[""title.principals""]"
tt0085750,nm0606742,actor,"[""title.principals""]"
tt0085750,nm0874100,writer,"[""title.crew"", ""title.principals""]"
tt0086856,nm0000156,actor,"[""title.principals""]"
tt0086856,nm0000289,actor,"[""title.principals""]"
tt0086856,nm0000502,actor,"[""title.principals""]"
tt0086856,nm0000693,actor,"[""title.principals""]"
tt0086856,nm0001475,actor,"[""title.principals""]"
tt0086856,nm0143614,actor,"[""title.principals""]"
tt0086856,nm0411731,actor,"[""title.principals""]"
tt0086856,nm0479951,actor,"[""title.principals""]"
tt0086856,nm0711996,writer,"[""title.crew"", ""title.principals""]"
tt0086856,nm0725379,director,"[""title.crew"", ""title.principals""]"
tt0086856,nm0785277,actor,"[""title.principals""]"
tt0086856,nm0809095,actor,"[""title.principals""]"
tt0087065,nm0001056,actor,"[""title.principals""]"
tt0087065,nm0001235,actor,"[""title.principals""]"
tt0087065,nm0001794,actor,"[""title.principals""]"
tt0087065,nm0002207,director,"[""title.crew"", ""title.principals""]"
tt0087065,nm0142746,actor,"[""title.principals""]"
tt0087065,nm0233306,actor,"[""title.principals""]"
tt0087065,nm0235683,writer,"[""title.crew""]"
tt0087065,nm0276169,writer,"[""title.crew"", ""title.principals""]"
tt0087065,nm0409997,writer,"[""title.crew"", ""title.principals""]"
tt0087065,nm0570615,actor,"[""title.principals""]"
tt0087065,nm0614526,actor,"[""title.principals""]"
tt0087065,nm0631506,actor,"[""title.principals""]"
tt0087065,nm0634282,actor,"[""title.principals""]"
tt0087065,nm0744523,actor,"[""title.principals""]"
tt0087354,nm0000031,actor,"[""title.principals""]"
tt0087354,nm0000560,actor,"[""title.principals""]"
tt0087354,nm0008496,actor,"[""title.principals""]"
tt0087354,nm0240239,actor,"[""title.principals""]"
tt0087354,nm0301168,actor,"[""title.principals""]"
tt0087354,nm0367431,director,"[""title.crew"", ""title.principals""]"
tt0087354,nm0494264,actor,"[""title.principals""]"
tt0087354,nm0688939,actor,"[""title.principals""]"
tt0087354,nm0874119,actor,"[""title.principals""]"
tt0087354,nm0933361,actor,"[""title.principals""]"
tt0087354,nm0956268,actor,"[""title.principals""]"
tt0087354,nm0958989,writer,"[""title.crew"", ""title.principals""]"
tt0087821,nm0001409,actor,"[""title.principals""]"
tt0087821,nm0006445,director,"[""title.crew"", ""title.principals""]"
tt0087821,nm0006445,writer,"[""title.crew"", ""title.principals""]"
tt0087821,nm0307781,actor,"[""title.principals""]"
tt0087821,nm0334931,actor,"[""title.principals""]"
tt0087821,nm0513373,actor,"[""title.principals""]"
tt0087821,nm0524528,actor,"[""title.principals""]"
tt0087821,nm0644685,actor,"[""title.principals""]"
tt0087821,nm0771532,actor,"[""title.principals""]"
tt0087821,nm0844435,actor,"[""title.principals""]"
tt0087821,nm0862432,actor,"[""title.principals""]"
tt0087821,nm0883007,actor,"[""title.principals""]"
tt0090274,nm0000158,actor,"[""title.principals""]"
tt0090274,nm0001006,actor,"[""title.principals""]"
tt0090274,nm0001854,actor,"[""title.principals""]"
tt0090274,nm0033458,actor,"[""title.principals""]"
tt0090274,nm0075359,actor,"[""title.principals""]"
tt0090274,nm0188219,writer,"[""title.crew"", ""title.principals""]"
tt0090274,nm0191783,actor,"[""title.principals""]"
tt0090274,nm0361719,actor,"[""title.principals""]"
tt0090274,nm0410539,writer,"[""title.crew"", ""title.principals""]"
tt0090274,nm0505867,writer,"[""title.crew"", ""title.principals""]"
tt0090274,nm0583292,director,"[""title.crew"", ""title.principals""]"
tt0090274,nm0687321,actor,"[""title.principals""]"
tt0090274,nm0859772,actor,"[""title.principals""]"
tt0090274,nm0913797,actor,"[""title.principals""]"
tt0090956,nm0005033,actor,"[""title.principals""]"
tt0090956,nm0005033,director,"[""title.crew"", ""title.principals""]"
tt0090956,nm0156506,actor,"[""title.principals""]"
tt0090956,nm0156875,actor,"[""title.principals""]"
tt0090956,nm0156902,actor,"[""title.principals""]"
tt0090956,nm0323922,actor,"[""title.principals""]"
tt0090956,nm0482580,actor,"[""title.principals""]"
tt0090956,nm0490497,actor,"[""title.principals""]"
tt0090956,nm0628955,actor,"[""title.principals""]"
tt0090956,nm0938944,writer,"[""title.crew"", ""title.principals""]"
tt0090956,nm0950707,actor,"[""title.principals""]"
tt0090956,nm1998668,actor,"[""title.principals""]"
tt0091630,nm0040662,actor,"[""title.principals""]"
tt0091630,nm0128273,actor,"[""title.principals""]"
tt0091630,nm0215269,director,"[""title.crew"", ""title.principals""]"
tt0091630,nm0215269,writer,"[""title.crew"", ""title.principals""]"
tt0091630,nm0380244,actor,"[""title.principals""]"
tt0091630,nm0443478,actor,"[""title.principals""]"
tt0091630,nm0515128,actor,"[""title.principals""]"
tt0091630,nm0551185,actor,"[""title.principals""]"
tt0091630,nm0689269,actor,"[""title.principals""]"
tt0091630,nm0813298,actor,"[""title.principals""]"
tt0091630,nm0853321,actor,"[""title.principals""]"
tt0091630,nm0926114,actor,"[""title.principals""]"
tt0092656,nm0000169,actor,"[""title.principals""]"
tt0092656,nm0000178,actor,"[""title.principals""]"
tt0092656,nm0000369,actor,"[""title.principals""]"
tt0092656,nm0000643,actor,"[""title.principals""]"
tt0092656,nm0000751,actor,"[""title.principals""]"
tt0092656,nm0000887,director,"[""title.crew""]"
tt0092656,nm0001136,actor,"[""title.principals""]"
tt0092656,nm0093322,director,"[""title.crew"", ""title.principals""]"
tt0092656,nm0167081,actor,"[""title.principals""]"
tt0092656,nm0290475,actor,"[""title.principals""]"
tt0092656,nm0335344,actor,"[""title.principals""]"
tt0092656,nm0335519,actor,"[""title.principals""]"
tt0092656,nm0397208,writer,"[""title.crew"", ""title.principals""]"
tt0092656,nm0690798,writer,"[""title.crew"", ""title.principals""]"
tt0093771,nm0000553,actor,"[""title.principals""]"
tt0093771,nm0000620,actor,"[""title.principals""]"
tt0093771,nm0000869,actor,"[""title.principals""]"
tt0093771,nm0001364,actor,"[""title.principals""]"
tt0093771,nm0168554,actor,"[""title.principals""]"
tt0093771,nm0205423,actor,"[""title.principals""]"
tt0093771,nm0233145,actor,"[""title.principals""]"
tt0093771,nm0298089,actor,"[""title.principals""]"
tt0093771,nm0383396,writer,"[""title.crew"", ""title.principals""]"
tt0093771,nm0388198,director,"[""title.crew"", ""title.principals""]"
tt0093771,nm0528391,writer,"[""title.crew"", ""title.principals""]"
tt0093771,nm0640129,actor,"[""title.principals""]"
tt0093771,nm0855657,actor,"[""title.principals""]"
tt0093771,nm0911517,writer,"[""title.crew"", ""title.principals""]"
tt0094336,nm0001290,actor,"[""title.principals""]"
tt0094336,nm0001524,actor,"[""title.principals""]"
tt0094336,nm0104807,actor,"[""title.principals""]"
tt0094336,nm0114460,actor,"[""title.principals""]"
tt0094336,nm0255573,actor,"[""title.principals""]"
tt0094336,nm0341743,actor,"[""title.principals""]"
tt0094336,nm0425904,actor,"[""title.principals""]"
tt0094336,nm0641713,actor,"[""title.principals""]"
tt0094336,nm0732430,director,"[""title.crew"", ""title.principals""]"
tt0094336,nm0732430,writer,"[""title.crew"", ""title.principals""]"
tt0094336,nm0840002,actor,"[""title.principals""]"
tt0094336,nm0912046,actor,"[""title.principals""]"
tt0094961,nm0000585,actor,"[""title.principals""]"
tt0094961,nm0001637,actor,"[""title.principals""]"
tt0094961,nm0001852,actor,"[""title.principals""]"
tt0094961,nm0003857,actor,"[""title.principals""]"
tt0094961,nm0085535,writer,"[""title.crew"", ""title.principals""]"
tt0094961,nm0296534,actor,"[""title.principals""]"
tt0094961,nm0325358,director,"[""title.crew"", ""title.principals""]"
tt0094961,nm0456587,actor,"[""title.principals""]"
tt0094961,nm0525601,actor,"[""title.principals""]"
tt0094961,nm0569000,actor,"[""title.principals""]"
tt0094961,nm0685472,actor,"[""title.principals""]"
tt0094961,nm0849048,actor,"[""title.principals""]"
tt0095047,nm0005487,actor,"[""title.principals""]"
tt0095047,nm0266236,actor,"[""title.principals""]"
tt0095047,nm0318761,actor,"[""title.principals""]"
tt0095047,nm0377839,actor,"[""title.principals""]"
tt0095047,nm0410211,actor,"[""title.principals""]"
tt0095047,nm0508988,writer,"[""title.crew"", ""title.principals""]"
tt0095047,nm0559879,director,"[""title.crew"", ""title.principals""]"
tt0095047,nm0611064,writer,"[""title.crew"", ""title.principals""]"
tt0095047,nm0614751,actor,"[""title.principals""]"
tt0095047,nm0639385,actor,"[""title.principals""]"
tt0095047,nm0779549,actor,"[""title.principals""]"
tt0095047,nm0823015,writer,"[""title.crew"", ""title.principals""]"
tt0095047,nm0835192,actor,"[""title.principals""]"
tt0095047,nm0907804,actor,"[""title.principals""]"
tt0096087,nm0000385,actor,"[""title.principals""]"
tt0096087,nm0000693,actor,"[""title.principals""]"
tt0096087,nm0001525,actor,"[""title.principals""]"
tt0096087,nm0048273,actor,"[""title.principals""]"
tt0096087,nm0097347,writer,"[""title.crew""]"
tt0096087,nm0161980,actor,"[""title.principals""]"
tt0096087,nm0249921,actor,"[""title.principals""]"
tt0096087,nm0322785,director,"[""title.crew"", ""title.principals""]"
tt0096087,nm0322785,writer,"[""title.crew"", ""title.principals""]"
tt0096087,nm0486799,actor,"[""title.principals""]"
tt0096087,nm0521087,actor,"[""title.principals""]"
tt0096087,nm0906640,actor,"[""title.principals""]"
tt0096087,nm1444462,actor,"[""title.principals""]"
tt0096344,nm0004669,actor,"[""title.principals""]"
tt0096344,nm0244349,actor,"[""title.principals""]"
tt0096344,nm0267789,actor,"[""title.principals""]"
tt0096344,nm0357212,actor,"[""title.principals""]"
tt0096344,nm0454560,actor,"[""title.principals""]"
tt0096344,nm0522454,writer,"[""title.crew"", ""title.principals""]"
tt0096344,nm0653500,director,"[""title.crew"", ""title.principals""]"
tt0096344,nm0653500,writer,"[""title.crew"", ""title.principals""]"
tt0096344,nm0663401,actor,"[""title.principals""]"
tt0096344,nm0816667,actor,"[""title.principals""]"
tt0096344,nm0827291,actor,"[""title.principals""]"
tt0096344,nm0923668,actor,"[""title.principals""]"
tt0096344,nm3294159,actor,"[""title.principals""]"
tt0096827,nm0304265,actor,"[""title.principals""]"
tt0096827,nm0310221,actor,"[""title.principals""]"
tt0096827,nm0352032,actor,"[""title.principals""]"
tt0096827,nm0352032,writer,"[""title.crew"", ""title.principals""]"
tt0096827,nm0417301,actor,"[""title.principals""]"
tt0096827,nm0430801,writer,"[""title.crew"", ""title.principals""]"
tt0096827,nm0609706,actor,"[""title.principals""]"
tt0096827,nm0619309,actor,"[""title.principals""]"
tt0096827,nm0707366,writer,"[""title.crew""]"
tt0096827,nm0750451,actor,"[""title.principals""]"
tt0096827,nm0801870,director,"[""title.crew"", ""title.principals""]"
tt0096827,nm0820286,actor,"[""title.principals""]"
tt0096827,nm1180694,writer,"[""title.crew"", ""title.principals""]"
tt0096827,nm1190372,writer,"[""title.crew"", ""title.principals""]"
tt0096827,nm1688033,actor,"[""title.principals""]"
tt0096827,nm7390393,actor,"[""title.principals""]"
tt0096919,nm0049665,actor,"[""title.principals""]"
tt0096919,nm0138753,actor,"[""title.principals""]"
tt0096919,nm0450381,actor,"[""title.principals""]"
tt0096919,nm0684534,actor,"[""title.principals""]"
tt0096919,nm0802012,actor,"[""title.principals""]"
tt0096919,nm0937321,director,"[""title.crew"", ""title.principals""]"
tt0096919,nm0937321,writer,"[""title.crew"", ""title.principals""]"
tt0096919,nm1033413,actor,"[""title.principals""]"
tt0096919,nm1155080,actor,"[""title.principals""]"
tt0096919,nm1677840,actor,"[""title.principals""]"
tt0096919,nm1679342,actor,"[""title.principals""]"
tt0096919,nm9954934,actor,"[""title.principals""]"
tt0097074,nm0000284,actor,"[""title.principals""]"
tt0097074,nm0001702,actor,"[""title.principals""]"
tt0097074,nm0060906,actor,"[""title.principals""]"
tt0097074,nm0133091,actor,"[""title.principals""]"
tt0097074,nm0189172,actor,"[""title.principals""]"
tt0097074,nm0318617,actor,"[""title.principals""]"
tt0097074,nm0399590,actor,"[""title.principals""]"
tt0097074,nm0422319,actor,"[""title.principals""]"
tt0097074,nm0673260,actor,"[""title.principals""]"
tt0097074,nm0714599,director,"[""title.crew"", ""title.principals""]"
tt0097074,nm0714599,writer,"[""title.crew"", ""title.principals""]"
tt0097074,nm0767929,actor,"[""title.principals""]"
tt0097244,nm0000334,actor,"[""title.principals""]"
tt0097244,nm0156522,actor,"[""title.principals""]"
tt0097244,nm0381857,actor,"[""title.principals""]"
tt0097244,nm0490489,actor,"[""title.principals""]"
tt0097244,nm0510935,actor,"[""title.principals""]"
tt0097244,nm0526695,actor,"[""title.principals""]"
tt0097244,nm0628806,actor,"[""title.principals""]"
tt0097244,nm0793008,actor,"[""title.principals""]"
tt0097244,nm0939147,director,"[""title.crew"", ""title.principals""]"
tt0097244,nm0939147,writer,"[""title.crew"", ""title.principals""]"
tt0097244,nm0939153,actor,"[""title.principals""]"
tt0097244,nm1296572,actor,"[""title.principals""]"
tt0097388,nm0082921,actor,"[""title.principals""]"
tt0097388,nm0129445,actor,"[""title.principals""]"
tt0097388,nm0196762,actor,"[""title.principals""]"
tt0097388,nm0224477,actor,"[""title.principals""]"
tt0097388,nm0373154,director,"[""title.crew"", ""title.principals""]"
tt0097388,nm0373154,writer,"[""title.crew"", ""title.principals""]"
tt0097388,nm0387987,actor,"[""title.principals""]"
tt0097388,nm0566699,writer,"[""title.crew"", ""title.principals""]"
tt0097388,nm0592428,actor,"[""title.principals""]"
tt0097388,nm0613240,actor,"[""title.principals""]"
tt0097388,nm0667330,actor,"[""title.principals""]"
tt0097388,nm0725052,actor,"[""title.principals""]"
tt0097388,nm4616575,actor,"[""title.principals""]"
tt0097438,nm0000225,actor,"[""title.principals""]"
tt0097438,nm0000874,actor,"[""title.principals""]"
tt0097438,nm0160988,actor,"[""title.principals""]"
tt0097438,nm0166625,director,"[""title.crew"", ""title.principals""]"
tt0097438,nm0194234,actor,"[""title.principals""]"
tt0097438,nm0378800,actor,"[""title.principals""]"
tt0097438,nm0477286,actor,"[""title.principals""]"
tt0097438,nm0491590,actor,"[""title.principals""]"
tt0097438,nm0526860,actor,"[""title.principals""]"
tt0097438,nm0580526,actor,"[""title.principals""]"
tt0097438,nm0866062,writer,"[""title.crew"", ""title.principals""]"
tt0097438,nm0875590,actor,"[""title.principals""]"
tt0097530,nm0000381,actor,"[""title.principals""]"
tt0097530,nm0001223,actor,"[""title.principals""]"
tt0097530,nm0036651,actor,"[""title.principals""]"
tt0097530,nm0141617,actor,"[""title.principals""]"
tt0097530,nm0236519,actor,"[""title.principals""]"
tt0097530,nm0390822,director,"[""title.crew"", ""title.principals""]"
tt0097530,nm0654365,actor,"[""title.principals""]"
tt0097530,nm0662160,actor,"[""title.principals""]"
tt0097530,nm0713209,actor,"[""title.principals""]"
tt0097530,nm0734236,actor,"[""title.principals""]"
tt0097530,nm0753068,actor,"[""title.principals""]"
tt0097530,nm0783559,writer,"[""title.crew"", ""title.principals""]"
tt0098097,nm0000142,actor,"[""title.principals""]"
tt0098097,nm0001613,actor,"[""title.principals""]"
tt0098097,nm0137114,actor,"[""title.principals""]"
tt0098097,nm0150720,actor,"[""title.principals""]"
tt0098097,nm0220735,actor,"[""title.principals""]"
tt0098097,nm0260675,writer,"[""title.crew"", ""title.principals""]"
tt0098097,nm0426665,actor,"[""title.principals""]"
tt0098097,nm0608405,actor,"[""title.principals""]"
tt0098097,nm0732376,actor,"[""title.principals""]"
tt0098097,nm0733145,actor,"[""title.principals""]"
tt0098097,nm0803765,actor,"[""title.principals""]"
tt0098097,nm0887174,director,"[""title.crew"", ""title.principals""]"
tt0098319,nm0002018,actor,"[""title.principals""]"
tt0098319,nm0072099,actor,"[""title.principals""]"
tt0098319,nm0172604,actor,"[""title.principals""]"
tt0098319,nm0182688,actor,"[""title.principals""]"
tt0098319,nm0318150,director,"[""title.crew"", ""title.principals""]"
tt0098319,nm0384060,actor,"[""title.principals""]"
tt0098319,nm0444208,actor,"[""title.principals""]"
tt0098319,nm0525921,actor,"[""title.principals""]"
tt0098319,nm0571549,actor,"[""title.principals""]"
tt0098319,nm0751516,writer,"[""title.crew"", ""title.principals""]"
tt0098319,nm0824102,actor,"[""title.principals""]"
tt0098319,nm0843401,actor,"[""title.principals""]"
tt0098375,nm0000374,actor,"[""title.principals""]"
tt0098375,nm0001361,director,"[""title.crew"", ""title.principals""]"
tt0098375,nm0001361,writer,"[""title.crew"", ""title.principals""]"
tt0098375,nm0047700,actor,"[""title.principals""]"
tt0098375,nm0124792,actor,"[""title.principals""]"
tt0098375,nm0194230,actor,"[""title.principals""]"
tt0098375,nm0227039,actor,"[""title.principals""]"
tt0098375,nm0245653,actor,"[""title.principals""]"
tt0098375,nm0325219,writer,"[""title.crew"", ""title.principals""]"
tt0098375,nm0355915,actor,"[""title.principals""]"
tt0098375,nm0697733,actor,"[""title.principals""]"
tt0098375,nm0922359,actor,"[""title.principals""]"
tt0098375,nm0949477,actor,"[""title.principals""]"
tt0099108,nm0041542,actor,"[""title.principals""]"
tt0099108,nm0094884,actor,"[""title.principals""]"
tt0099108,nm0113221,actor,"[""title.principals""]"
tt0099108,nm0280494,actor,"[""title.principals""]"
tt0099108,nm0333763,actor,"[""title.principals""]"
tt0099108,nm0376963,director,"[""title.crew"", ""title.principals""]"
tt0099108,nm0376963,writer,"[""title.crew"", ""title.principals""]"
tt0099108,nm0413778,actor,"[""title.principals""]"
tt0099108,nm0517506,actor,"[""title.principals""]"
tt0099108,nm0711921,actor,"[""title.principals""]"
tt0099108,nm0885894,actor,"[""title.principals""]"
tt0099108,nm0889090,actor,"[""title.principals""]"
tt0099172,nm0001245,actor,"[""title.principals""]"
tt0099172,nm0102522,actor,"[""title.principals""]"
tt0099172,nm0104103,actor,"[""title.principals""]"
tt0099172,nm0191794,actor,"[""title.principals""]"
tt0099172,nm0491551,actor,"[""title.principals""]"
tt0099172,nm0548664,actor,"[""title.principals""]"
tt0099172,nm0579840,actor,"[""title.principals""]"
tt0099172,nm0632475,actor,"[""title.principals""]"
tt0099172,nm0705892,writer,"[""title.crew"", ""title.principals""]"
tt0099172,nm0767628,actor,"[""title.principals""]"
tt0099172,nm0815638,director,"[""title.crew"", ""title.principals""]"
tt0099172,nm0815638,writer,"[""title.crew"", ""title.principals""]"
tt0099172,nm0830371,actor,"[""title.principals""]"
tt0100234,nm0013842,actor,"[""title.principals""]"
tt0100234,nm0013844,actor,"[""title.principals""]"
tt0100234,nm0014120,actor,"[""title.principals""]"
tt0100234,nm0267115,actor,"[""title.principals""]"
tt0100234,nm0452102,director,"[""title.crew"", ""title.principals""]"
tt0100234,nm0452102,writer,"[""title.crew"", ""title.principals""]"
tt0100234,nm0538532,actor,"[""title.principals""]"
tt0100234,nm0596101,actor,"[""title.principals""]"
tt0100234,nm0754969,actor,"[""title.principals""]"
tt0100234,nm0957831,actor,"[""title.principals""]"
tt0101748,nm0000203,actor,"[""title.principals""]"
tt0101748,nm0000666,actor,"[""title.principals""]"
tt0101748,nm0001700,director,"[""title.crew"", ""title.principals""]"
tt0101748,nm0163659,actor,"[""title.principals""]"
tt0101748,nm0173798,writer,"[""title.crew"", ""title.principals""]"
tt0101748,nm0197354,actor,"[""title.principals""]"
tt0101748,nm0557780,actor,"[""title.principals""]"
tt0101748,nm0602772,actor,"[""title.principals""]"
tt0101748,nm0623783,actor,"[""title.principals""]"
tt0101748,nm0659325,actor,"[""title.principals""]"
tt0101748,nm0789657,actor,"[""title.principals""]"
tt0101748,nm0925943,actor,"[""title.principals""]"
tt0103956,nm0000374,actor,"[""title.principals""]"
tt0103956,nm0003910,actor,"[""title.principals""]"
tt0103956,nm0070474,director,"[""title.crew"", ""title.principals""]"
tt0103956,nm0126312,actor,"[""title.principals""]"
tt0103956,nm0238841,writer,"[""title.crew"", ""title.principals""]"
tt0103956,nm0368142,actor,"[""title.principals""]"
tt0103956,nm0414820,actor,"[""title.principals""]"
tt0103956,nm0559977,actor,"[""title.principals""]"
tt0103956,nm0716275,actor,"[""title.principals""]"
tt0103956,nm0732367,actor,"[""title.principals""]"
tt0103956,nm0843199,actor,"[""title.principals""]"
tt0103956,nm0923529,actor,"[""title.principals""]"
tt0104759,nm0001831,actor,"[""title.principals""]"
tt0104759,nm0003403,director,"[""title.crew"", ""title.principals""]"
tt0104759,nm0005202,actor,"[""title.principals""]"
tt0104759,nm0131412,actor,"[""title.principals""]"
tt0104759,nm0156850,actor,"[""title.principals""]"
tt0104759,nm0157963,actor,"[""title.principals""]"
tt0104759,nm0236279,writer,"[""title.crew"", ""title.principals""]"
tt0104759,nm0331341,actor,"[""title.principals""]"
tt0104759,nm0456562,writer,"[""title.crew"", ""title.principals""]"
tt0104759,nm0580255,actor,"[""title.principals""]"
tt0104759,nm0722636,actor,"[""title.principals""]"
tt0104759,nm0723561,actor,"[""title.principals""]"
tt0104759,nm0822190,actor,"[""title.principals""]"
tt0104759,nm0869935,writer,"[""title.crew"", ""title.principals""]"
tt0105150,nm0000705,actor,"[""title.principals""]"
tt0105150,nm0001215,actor,"[""title.principals""]"
tt0105150,nm0001644,actor,"[""title.principals""]"
tt0105150,nm0119501,actor,"[""title.principals""]"
tt0105150,nm0174934,writer,"[""title.crew"", ""title.principals""]"
tt0105150,nm0185576,writer,"[""title.crew"", ""title.principals""]"
tt0105150,nm0193657,actor,"[""title.principals""]"
tt0105150,nm0222752,actor,"[""title.principals""]"
tt0105150,nm0533564,director,"[""title.crew"", ""title.principals""]"
tt0105150,nm0567332,actor,"[""title.principals""]"
tt0105150,nm0568400,actor,"[""title.principals""]"
tt0105150,nm0642675,actor,"[""title.principals""]"
tt0105150,nm0752412,actor,"[""title.principals""]"
tt0106417,nm0032890,actor,"[""title.principals""]"
tt0106417,nm0297921,actor,"[""title.principals""]"
tt0106417,nm0299228,actor,"[""title.principals""]"
tt0106417,nm0359168,actor,"[""title.principals""]"
tt0106417,nm0386752,actor,"[""title.principals""]"
tt0106417,nm0407552,director,"[""title.crew"", ""title.principals""]"
tt0106417,nm0593911,actor,"[""title.principals""]"
tt0106417,nm0594074,actor,"[""title.principals""]"
tt0106417,nm0793987,actor,"[""title.principals""]"
tt0106417,nm0847416,actor,"[""title.principals""]"
tt0106417,nm0847603,writer,"[""title.crew"", ""title.principals""]"
tt0106417,nm0866742,writer,"[""title.crew"", ""title.principals""]"
tt0106417,nm0906722,actor,"[""title.principals""]"
tt0107290,nm0000156,actor,"[""title.principals""]"
tt0107290,nm0000168,actor,"[""title.principals""]"
tt0107290,nm0000229,director,"[""title.crew"", ""title.principals""]"
tt0107290,nm0000277,actor,"[""title.principals""]"
tt0107290,nm0000341,writer,"[""title.crew"", ""title.principals""]"
tt0107290,nm0000368,actor,"[""title.principals""]"
tt0107290,nm0000554,actor,"[""title.principals""]"
tt0107290,nm0000611,actor,"[""title.principals""]"
tt0107290,nm0000703,actor,"[""title.principals""]"
tt0107290,nm0001515,actor,"[""title.principals""]"
tt0107290,nm0274684,actor,"[""title.principals""]"
tt0107290,nm0462895,writer,"[""title.crew"", ""title.principals""]"
tt0107290,nm0669629,actor,"[""title.principals""]"
tt0107668,nm0089502,director,"[""title.crew"", ""title.principals""]"
tt0107668,nm0089502,writer,"[""title.crew"", ""title.principals""]"
tt0107668,nm0344603,actor,"[""title.principals""]"
tt0107668,nm0346415,actor,"[""title.principals""]"
tt0107668,nm0390232,actor,"[""title.principals""]"
tt0107668,nm0448223,actor,"[""title.principals""]"
tt0107668,nm0460288,actor,"[""title.principals""]"
tt0107668,nm0558726,actor,"[""title.principals""]"
tt0107668,nm0597493,actor,"[""title.principals""]"
tt0107668,nm0645785,actor,"[""title.principals""]"
tt0107668,nm0846480,actor,"[""title.principals""]"
tt0107668,nm0859772,actor,"[""title.principals""]"
tt0108606,nm0000706,actor,"[""title.principals""]"
tt0108606,nm0001041,actor,"[""title.principals""]"
tt0108606,nm0151119,writer,"[""title.crew"", ""title.principals""]"
tt0108606,nm0155642,director,"[""title.crew"", ""title.principals""]"
tt0108606,nm0157971,actor,"[""title.principals""]"
tt0108606,nm0304708,actor,"[""title.principals""]"
tt0108606,nm0437580,actor,"[""title.principals""]"
tt0108606,nm0477099,actor,"[""title.principals""]"
tt0108606,nm0490513,actor,"[""title.principals""]"
tt0108606,nm0490521,actor,"[""title.principals""]"
tt0108606,nm0611315,actor,"[""title.principals""]"
tt0108606,nm0789966,writer,"[""title.crew"", ""title.principals""]"
tt0108606,nm0864775,director,"[""title.crew"", ""title.principals""]"
tt0108606,nm0938893,actor,"[""title.principals""]"
tt0109665,nm0000652,actor,"[""title.principals""]"
tt0109665,nm0000749,actor,"[""title.principals""]"
tt0109665,nm0000787,actor,"[""title.principals""]"
tt0109665,nm0443582,director,"[""title.crew"", ""title.principals""]"
tt0109665,nm0443582,writer,"[""title.crew"", ""title.principals""]"
tt0109665,nm0499791,actor,"[""title.principals""]"
tt0109665,nm0510330,actor,"[""title.principals""]"
tt0109665,nm0588777,actor,"[""title.principals""]"
tt0109665,nm0794687,actor,"[""title.principals""]"
tt0109665,nm0839232,actor,"[""title.principals""]"
tt0109665,nm0932074,actor,"[""title.principals""]"
tt0109665,nm0948723,actor,"[""title.principals""]"
tt0110391,nm0000031,actor,"[""title.principals""]"
tt0110391,nm0000112,actor,"[""title.principals""]"
tt0110391,nm0000886,actor,"[""title.principals""]"
tt0110391,nm0000886,writer,"[""title.crew""]"
tt0110391,nm0000906,actor,"[""title.principals""]"
tt0110391,nm0001009,actor,"[""title.principals""]"
tt0110391,nm0001801,writer,"[""title.crew""]"
tt0110391,nm0005196,actor,"[""title.principals""]"
tt0110391,nm0139111,director,"[""title.crew"", ""title.principals""]"
tt0110391,nm0186118,writer,"[""title.crew"", ""title.principals""]"
tt0110391,nm0202681,writer,"[""title.crew"", ""title.principals""]"
tt0110391,nm0564970,writer,"[""title.crew"", ""title.principals""]"
tt0110391,nm0787187,actor,"[""title.principals""]"
tt0110391,nm0788009,actor,"[""title.principals""]"
tt0110391,nm0829330,writer,"[""title.crew"", ""title.principals""]"
tt0110391,nm0882853,actor,"[""title.principals""]"
tt0110391,nm0916050,actor,"[""title.principals""]"
tt0112553,nm0007114,actor,"[""title.principals""]"
tt0112553,nm0025627,actor,"[""title.principals""]"
tt0112553,nm0452021,actor,"[""title.principals""]"
tt0112553,nm0463539,actor,"[""title.principals""]"
tt0112553,nm0621937,actor,"[""title.principals""]"
tt0112553,nm0695177,actor,"[""title.principals""]"
tt0112553,nm0711745,director,"[""title.crew"", ""title.principals""]"
tt0112553,nm0711745,writer,"[""title.crew"", ""title.principals""]"
tt0112553,nm0841552,actor,"[""title.principals""]"
tt0112553,nm1218624,actor,"[""title.principals""]"
tt0112553,nm1389854,actor,"[""title.principals""]"
tt0112553,nm1390149,actor,"[""title.principals""]"
tt0112553,nm1391608,writer,"[""title.crew"", ""title.principals""]"
tt0113481,nm0000185,actor,"[""title.principals""]"
tt0113481,nm0000206,actor,"[""title.principals""]"
tt0113481,nm0000539,actor,"[""title.principals""]"
tt0113481,nm0001384,actor,"[""title.principals""]"
tt0113481,nm0001424,actor,"[""title.principals""]"
tt0113481,nm0001429,actor,"[""title.principals""]"
tt0113481,nm0005511,actor,"[""title.principals""]"
tt0113481,nm0015124,actor,"[""title.principals""]"
tt0113481,nm0317218,writer,"[""title.crew"", ""title.principals""]"
tt0113481,nm0519434,director,"[""title.crew"", ""title.principals""]"
tt0113481,nm0738433,actor,"[""title.principals""]"
tt0113481,nm0837784,actor,"[""title.principals""]"
tt0114496,nm0000210,actor,"[""title.principals""]"
tt0114496,nm0000380,actor,"[""title.principals""]"
tt0114496,nm0000598,actor,"[""title.principals""]"
tt0114496,nm0001687,actor,"[""title.principals""]"
tt0114496,nm0001718,actor,"[""title.principals""]"
tt0114496,nm0002120,director,"[""title.crew"", ""title.principals""]"
tt0114496,nm0002901,actor,"[""title.principals""]"
tt0114496,nm0042062,actor,"[""title.principals""]"
tt0114496,nm0191442,actor,"[""title.principals""]"
tt0114496,nm0451884,writer,"[""title.crew"", ""title.principals""]"
tt0114496,nm0709598,actor,"[""title.principals""]"
tt0114496,nm0795438,actor,"[""title.principals""]"
tt0117128,nm0064546,actor,"[""title.principals""]"
tt0117128,nm0064546,writer,"[""title.crew"", ""title.principals""]"
tt0117128,nm0152255,writer,"[""title.crew""]"
tt0117128,nm0175239,writer,"[""title.crew""]"
tt0117128,nm0388273,writer,"[""title.crew""]"
tt0117128,nm0427638,writer,"[""title.crew""]"
tt0117128,nm0540075,actor,"[""title.principals""]"
tt0117128,nm0540075,director,"[""title.crew"", ""title.principals""]"
tt0117128,nm0540075,writer,"[""title.crew"", ""title.principals""]"
tt0117128,nm0614436,actor,"[""title.principals""]"
tt0117128,nm0614436,writer,"[""title.crew"", ""title.principals""]"
tt0117128,nm0625621,actor,"[""title.principals""]"
tt0117128,nm0625621,writer,"[""title.crew"", ""title.principals""]"
tt0117128,nm0670447,writer,"[""title.crew""]"
tt0117128,nm1053847,actor,"[""title.principals""]"
tt0117959,nm0001806,actor,"[""title.principals""]"
tt0117959,nm0084241,actor,"[""title.principals""]"
tt0117959,nm0148081,actor,"[""title.principals""]"
tt0117959,nm0162911,actor,"[""title.principals""]"
tt0117959,nm0227958,actor,"[""title.principals""]"
tt0117959,nm0315767,actor,"[""title.principals""]"
tt0117959,nm0346096,writer,"[""title.crew"", ""title.principals""]"
tt0117959,nm0408538,actor,"[""title.principals""]"
tt0117959,nm0505485,writer,"[""title.crew"", ""title.principals""]"
tt0117959,nm0526874,actor,"[""title.principals""]"
tt0117959,nm0677758,writer,"[""title.crew""]"
tt0117959,nm0742940,director,"[""title.crew"", ""title.principals""]"
tt0117959,nm0742940,writer,"[""title.crew"", ""title.principals""]"
tt0117959,nm0750048,writer,"[""title.crew"", ""title.principals""]"
tt0117959,nm0784884,actor,"[""title.principals""]"
tt0117959,nm0905777,actor,"[""title.principals""]"
tt0118015,nm0045870,actor,"[""title.principals""]"
tt0118015,nm0045870,writer,"[""title.crew"", ""title.principals""]"
tt0118015,nm0152647,actor,"[""title.principals""]"
tt0118015,nm0201669,actor,"[""title.principals""]"
tt0118015,nm0296594,actor,"[""title.principals""]"
tt0118015,nm0347122,actor,"[""title.principals""]"
tt0118015,nm0418450,actor,"[""title.principals""]"
tt0118015,nm0418450,writer,"[""title.crew"", ""title.principals""]"
tt0118015,nm0458251,actor,"[""title.principals""]"
tt0118015,nm0458251,director,"[""title.crew"", ""title.principals""]"
tt0118015,nm0458251,writer,"[""title.crew"", ""title.principals""]"
tt0118015,nm0561158,actor,"[""title.principals""]"
tt0118015,nm0800389,actor,"[""title.principals""]"
tt0118015,nm0948636,actor,"[""title.principals""]"
tt0118040,nm0000326,actor,"[""title.principals""]"
tt0118040,nm0000400,actor,"[""title.principals""]"
tt0118040,nm0000501,actor,"[""title.principals""]"
tt0118040,nm0001075,actor,"[""title.principals""]"
tt0118040,nm0001093,director,"[""title.crew"", ""title.principals""]"
tt0118040,nm0001520,actor,"[""title.principals""]"
tt0118040,nm0001601,actor,"[""title.principals""]"
tt0118040,nm0254398,actor,"[""title.principals""]"
tt0118040,nm0292114,actor,"[""title.principals""]"
tt0118040,nm0311469,writer,"[""title.crew"", ""title.principals""]"
tt0118040,nm0719705,actor,"[""title.principals""]"
tt0118040,nm0750787,actor,"[""title.principals""]"
tt0118583,nm0000213,actor,"[""title.principals""]"
tt0118583,nm0000244,actor,"[""title.principals""]"
tt0118583,nm0000374,actor,"[""title.principals""]"
tt0118583,nm0000445,actor,"[""title.principals""]"
tt0118583,nm0000466,director,"[""title.crew"", ""title.principals""]"
tt0118583,nm0000579,actor,"[""title.principals""]"
tt0118583,nm0000699,actor,"[""title.principals""]"
tt0118583,nm0235427,actor,"[""title.principals""]"
tt0118583,nm0283200,actor,"[""title.principals""]"
tt0118583,nm0293422,actor,"[""title.principals""]"
tt0118583,nm0639321,writer,"[""title.crew"", ""title.principals""]"
tt0118583,nm0684500,actor,"[""title.principals""]"
tt0118583,nm0795953,writer,"[""title.crew"", ""title.principals""]"
tt0118583,nm0923736,writer,"[""title.crew"", ""title.principals""]"
tt0119822,nm0000166,actor,"[""title.principals""]"
tt0119822,nm0000197,actor,"[""title.principals""]"
tt0119822,nm0000240,actor,"[""title.principals""]"
tt0119822,nm0000421,actor,"[""title.principals""]"
tt0119822,nm0000985,director,"[""title.crew"", ""title.principals""]"
tt0119822,nm0000985,writer,"[""title.crew"", ""title.principals""]"
tt0119822,nm0001427,actor,"[""title.principals""]"
tt0119822,nm0004309,actor,"[""title.principals""]"
tt0119822,nm0029125,writer,"[""title.crew"", ""title.principals""]"
tt0119822,nm0648913,actor,"[""title.principals""]"
tt0119822,nm0810379,actor,"[""title.principals""]"
tt0119822,nm1212803,actor,"[""title.principals""]"
tt0119822,nm1428429,actor,"[""title.principals""]"
tt0138703,nm0006306,actor,"[""title.principals""]"
tt0138703,nm0049853,actor,"[""title.principals""]"
tt0138703,nm0052410,actor,"[""title.principals""]"
tt0138703,nm0181741,director,"[""title.crew"", ""title.principals""]"
tt0138703,nm0181741,writer,"[""title.crew"", ""title.principals""]"
tt0138703,nm0280999,actor,"[""title.principals""]"
tt0138703,nm0309373,actor,"[""title.principals""]"
tt0138703,nm0412370,actor,"[""title.principals""]"
tt0138703,nm0443018,actor,"[""title.principals""]"
tt0138703,nm0549436,actor,"[""title.principals""]"
tt0138703,nm0780133,actor,"[""title.principals""]"
tt0138703,nm0861332,actor,"[""title.principals""]"
tt0141098,nm0000113,actor,"[""title.principals""]"
tt0141098,nm0000255,actor,"[""title.principals""]"
tt0141098,nm0001074,actor,"[""title.principals""]"
tt0141098,nm0001100,actor,"[""title.principals""]"
tt0141098,nm0001872,actor,"[""title.principals""]"
tt0141098,nm0005491,actor,"[""title.principals""]"
tt0141098,nm0140848,actor,"[""title.principals""]"
tt0141098,nm0265637,actor,"[""title.principals""]"
tt0141098,nm0400486,director,"[""title.crew"", ""title.principals""]"
tt0141098,nm0492909,writer,"[""title.crew"", ""title.principals""]"
tt0141098,nm0771493,actor,"[""title.principals""]"
tt0141098,nm0834362,actor,"[""title.principals""]"
tt0150464,nm0000962,actor,"[""title.principals""]"
tt0150464,nm0001461,actor,"[""title.principals""]"
tt0150464,nm0054453,actor,"[""title.principals""]"
tt0150464,nm0097785,writer,"[""title.crew"", ""title.principals""]"
tt0150464,nm0133899,actor,"[""title.principals""]"
tt0150464,nm0427136,director,"[""title.crew"", ""title.principals""]"
tt0150464,nm0487254,actor,"[""title.principals""]"
tt0150464,nm0494504,actor,"[""title.principals""]"
tt0150464,nm0521051,actor,"[""title.principals""]"
tt0150464,nm0687914,actor,"[""title.principals""]"
tt0150464,nm0799442,writer,"[""title.crew"", ""title.principals""]"
tt0150464,nm0812073,actor,"[""title.principals""]"
tt0150464,nm0904988,actor,"[""title.principals""]"
tt0152256,nm0006762,actor,"[""title.principals""]"
tt0152256,nm0015287,writer,"[""title.crew"", ""title.principals""]"
tt0152256,nm0352032,actor,"[""title.principals""]"
tt0152256,nm0359845,actor,"[""title.principals""]"
tt0152256,nm0408371,actor,"[""title.principals""]"
tt0152256,nm0415528,actor,"[""title.principals""]"
tt0152256,nm0438092,actor,"[""title.principals""]"
tt0152256,nm0438501,actor,"[""title.principals""]"
tt0152256,nm0442479,actor,"[""title.principals""]"
tt0152256,nm0618918,actor,"[""title.principals""]"
tt0152256,nm0802693,director,"[""title.crew"", ""title.principals""]"
tt0152256,nm1106058,actor,"[""title.principals""]"
tt0165832,nm0000150,actor,"[""title.principals""]"
tt0165832,nm0000198,actor,"[""title.principals""]"
tt0165832,nm0000621,actor,"[""title.principals""]"
tt0165832,nm0005188,actor,"[""title.principals""]"
tt0165832,nm0011753,actor,"[""title.principals""]"
tt0165832,nm0099909,actor,"[""title.principals""]"
tt0165832,nm0111196,actor,"[""title.principals""]"
tt0165832,nm0249378,actor,"[""title.principals""]"
tt0165832,nm0301826,director,"[""title.crew"", ""title.principals""]"
tt0165832,nm0301826,writer,"[""title.crew"", ""title.principals""]"
tt0165832,nm0584483,actor,"[""title.principals""]"
tt0165832,nm0733500,actor,"[""title.principals""]"
tt0169164,nm0000423,actor,"[""title.principals""]"
tt0169164,nm0009629,actor,"[""title.principals""]"
tt0169164,nm0168054,actor,"[""title.principals""]"
tt0169164,nm0270119,actor,"[""title.principals""]"
tt0169164,nm0345577,actor,"[""title.principals""]"
tt0169164,nm0503182,writer,"[""title.crew"", ""title.principals""]"
tt0169164,nm0509870,director,"[""title.crew"", ""title.principals""]"
tt0169164,nm0509870,writer,"[""title.crew"", ""title.principals""]"
tt0169164,nm0595277,actor,"[""title.principals""]"
tt0169164,nm0595771,actor,"[""title.principals""]"
tt0169164,nm0681519,actor,"[""title.principals""]"
tt0169164,nm0758313,actor,"[""title.principals""]"
tt0169164,nm0955959,actor,"[""title.principals""]"
tt0174336,nm0001605,actor,"[""title.principals""]"
tt0174336,nm0009017,actor,"[""title.principals""]"
tt0174336,nm0053474,actor,"[""title.principals""]"
tt0174336,nm0169680,director,"[""title.crew"", ""title.principals""]"
tt0174336,nm0169680,writer,"[""title.crew"", ""title.principals""]"
tt0174336,nm0231646,actor,"[""title.principals""]"
tt0174336,nm0532698,actor,"[""title.principals""]"
tt0174336,nm0861361,actor,"[""title.principals""]"
tt0174336,nm0879828,actor,"[""title.principals""]"
tt0174336,nm0887144,actor,"[""title.principals""]"
tt0174336,nm0895583,actor,"[""title.principals""]"
tt0174336,nm1081171,actor,"[""title.principals""]"
tt0179182,nm0000501,actor,"[""title.principals""]"
tt0179182,nm0001212,actor,"[""title.principals""]"
tt0179182,nm0001543,actor,"[""title.principals""]"
tt0179182,nm0001707,director,"[""title.crew"", ""title.principals""]"
tt0179182,nm0001707,writer,"[""title.crew"", ""title.principals""]"
tt0179182,nm0175008,actor,"[""title.principals""]"
tt0179182,nm0426206,actor,"[""title.principals""]"
tt0179182,nm0488095,actor,"[""title.principals""]"
tt0179182,nm0811373,actor,"[""title.principals""]"
tt0179182,nm0914223,actor,"[""title.principals""]"
tt0179182,nm1039470,actor,"[""title.principals""]"
tt0179182,nm1041247,actor,"[""title.principals""]"
tt0192455,nm0000095,actor,"[""title.principals""]"
tt0192455,nm0000232,actor,"[""title.principals""]"
tt0192455,nm0000662,actor,"[""title.principals""]"
tt0192455,nm0000778,actor,"[""title.principals""]"
tt0192455,nm0000778,director,"[""title.crew"", ""title.principals""]"
tt0192455,nm0001507,actor,"[""title.principals""]"
tt0192455,nm0001710,actor,"[""title.principals""]"
tt0192455,nm0002029,actor,"[""title.principals""]"
tt0192455,nm0004873,actor,"[""title.principals""]"
tt0192455,nm0006797,writer,"[""title.crew"", ""title.principals""]"
tt0192455,nm0032793,actor,"[""title.principals""]"
tt0192455,nm0209336,actor,"[""title.principals""]"
tt0212380,nm0000337,actor,"[""title.principals""]"
tt0212380,nm0000614,actor,"[""title.principals""]"
tt0212380,nm0001326,actor,"[""title.principals""]"
tt0212380,nm0001670,actor,"[""title.principals""]"
tt0212380,nm0005099,actor,"[""title.principals""]"
tt0212380,nm0064479,writer,"[""title.crew"", ""title.principals""]"
tt0212380,nm0095017,actor,"[""title.principals""]"
tt0212380,nm0106456,director,"[""title.crew"", ""title.principals""]"
tt0212380,nm0165049,actor,"[""title.principals""]"
tt0212380,nm0341737,actor,"[""title.principals""]"
tt0212380,nm0365281,actor,"[""title.principals""]"
tt0212380,nm0631490,actor,"[""title.principals""]"
tt0228333,nm0000118,director,"[""title.crew"", ""title.principals""]"
tt0228333,nm0000118,writer,"[""title.crew"", ""title.principals""]"
tt0228333,nm0000427,actor,"[""title.principals""]"
tt0228333,nm0000449,actor,"[""title.principals""]"
tt0228333,nm0001026,actor,"[""title.principals""]"
tt0228333,nm0001084,actor,"[""title.principals""]"
tt0228333,nm0005458,actor,"[""title.principals""]"
tt0228333,nm0149150,actor,"[""title.principals""]"
tt0228333,nm0204523,actor,"[""title.principals""]"
tt0228333,nm0245112,actor,"[""title.principals""]"
tt0228333,nm0287071,actor,"[""title.principals""]"
tt0228333,nm0837917,writer,"[""title.crew"", ""title.principals""]"
tt0228333,nm0906617,actor,"[""title.principals""]"
tt0242285,nm0171630,actor,"[""title.principals""]"
tt0242285,nm0261695,actor,"[""title.principals""]"
tt0242285,nm0273208,director,"[""title.crew"", ""title.principals""]"
tt0242285,nm0273362,actor,"[""title.principals""]"
tt0242285,nm0349427,actor,"[""title.principals""]"
tt0242285,nm0422998,actor,"[""title.principals""]"
tt0242285,nm0530316,actor,"[""title.principals""]"
tt0242285,nm0555093,actor,"[""title.principals""]"
tt0242285,nm0665235,actor,"[""title.principals""]"
tt0242285,nm0673824,actor,"[""title.principals""]"
tt0242285,nm0694826,writer,"[""title.crew"", ""title.principals""]"
tt0242285,nm0747422,writer,"[""title.crew"", ""title.principals""]"
tt0242285,nm0758687,actor,"[""title.principals""]"
tt0250224,nm0000379,actor,"[""title.principals""]"
tt0250224,nm0001117,actor,"[""title.principals""]"
tt0250224,nm0006534,writer,"[""title.crew"", ""title.principals""]"
tt0250224,nm0007082,director,"[""title.crew"", ""title.principals""]"
tt0250224,nm0379596,actor,"[""title.principals""]"
tt0250224,nm0421087,actor,"[""title.principals""]"
tt0250224,nm0542062,writer,"[""title.crew"", ""title.principals""]"
tt0250224,nm0543383,actor,"[""title.principals""]"
tt0250224,nm0596789,actor,"[""title.principals""]"
tt0250224,nm0820562,actor,"[""title.principals""]"
tt0250224,nm1006822,actor,"[""title.principals""]"
tt0250224,nm1007810,actor,"[""title.principals""]"
tt0250224,nm1008574,actor,"[""title.principals""]"
tt0253754,nm0000373,actor,"[""title.principals""]"
tt0253754,nm0000408,actor,"[""title.principals""]"
tt0253754,nm0000533,actor,"[""title.principals""]"
tt0253754,nm0000579,actor,"[""title.principals""]"
tt0253754,nm0000642,actor,"[""title.principals""]"
tt0253754,nm0000653,actor,"[""title.principals""]"
tt0253754,nm0000653,writer,"[""title.crew"", ""title.principals""]"
tt0253754,nm0000829,director,"[""title.crew"", ""title.principals""]"
tt0253754,nm0000996,actor,"[""title.principals""]"
tt0253754,nm0001772,actor,"[""title.principals""]"
tt0253754,nm0075834,writer,"[""title.crew"", ""title.principals""]"
tt0253754,nm0168213,actor,"[""title.principals""]"
tt0253754,nm0362766,actor,"[""title.principals""]"
tt0253754,nm0517589,writer,"[""title.crew"", ""title.principals""]"
tt0253754,nm0734472,writer,"[""title.crew"", ""title.principals""]"
tt0275692,nm0000867,actor,"[""title.principals""]"
tt0275692,nm0001182,actor,"[""title.principals""]"
tt0275692,nm0001267,actor,"[""title.principals""]"
tt0275692,nm0004824,actor,"[""title.principals""]"
tt0275692,nm0030136,actor,"[""title.principals""]"
tt0275692,nm0062682,actor,"[""title.principals""]"
tt0275692,nm0173680,actor,"[""title.principals""]"
tt0275692,nm0173680,director,"[""title.crew"", ""title.principals""]"
tt0275692,nm0173680,writer,"[""title.crew"", ""title.principals""]"
tt0275692,nm0199312,actor,"[""title.principals""]"
tt0275692,nm0251382,actor,"[""title.principals""]"
tt0275692,nm0337157,actor,"[""title.principals""]"
tt0283269,nm0059627,writer,"[""title.crew"", ""title.principals""]"
tt0283269,nm0102522,actor,"[""title.principals""]"
tt0283269,nm0149146,actor,"[""title.principals""]"
tt0283269,nm0194143,actor,"[""title.principals""]"
tt0283269,nm0202885,writer,"[""title.crew"", ""title.principals""]"
tt0283269,nm0229314,actor,"[""title.principals""]"
tt0283269,nm0237244,actor,"[""title.principals""]"
tt0283269,nm0322977,actor,"[""title.principals""]"
tt0283269,nm0431259,actor,"[""title.principals""]"
tt0283269,nm0543657,actor,"[""title.principals""]"
tt0283269,nm0547713,director,"[""title.crew"", ""title.principals""]"
tt0283269,nm0547713,writer,"[""title.crew"", ""title.principals""]"
tt0283269,nm0728476,actor,"[""title.principals""]"
tt0283269,nm0728476,writer,"[""title.crew"", ""title.principals""]"
tt0283269,nm0904016,writer,"[""title.crew""]"
tt0283269,nm0961221,actor,"[""title.principals""]"
tt0286751,nm0014558,actor,"[""title.principals""]"
tt0286751,nm0039591,actor,"[""title.principals""]"
tt0286751,nm0297149,actor,"[""title.principals""]"
tt0286751,nm0441964,actor,"[""title.principals""]"
tt0286751,nm0468746,actor,"[""title.principals""]"
tt0286751,nm0475905,director,"[""title.crew"", ""title.principals""]"
tt0286751,nm0475905,writer,"[""title.crew"", ""title.principals""]"
tt0286751,nm0559613,actor,"[""title.principals""]"
tt0286751,nm0837452,actor,"[""title.principals""]"
tt0286751,nm0847487,actor,"[""title.principals""]"
tt0286751,nm0945131,actor,"[""title.principals""]"
tt0286751,nm1209191,actor,"[""title.principals""]"
tt0307681,nm0498241,actor,"[""title.principals""]"
tt0307681,nm0626090,actor,"[""title.principals""]"
tt0307681,nm0626090,director,"[""title.crew"", ""title.principals""]"
tt0307681,nm0626090,writer,"[""title.crew"", ""title.principals""]"
tt0307681,nm0848894,actor,"[""title.principals""]"
tt0307681,nm0998976,actor,"[""title.principals""]"
tt0307681,nm1118415,actor,"[""title.principals""]"
tt0307681,nm1120013,actor,"[""title.principals""]"
tt0307681,nm1120062,actor,"[""title.principals""]"
tt0307681,nm1120101,actor,"[""title.principals""]"
tt0307681,nm1120162,actor,"[""title.principals""]"
tt0307681,nm1120624,actor,"[""title.principals""]"
tt0310313,nm0053903,actor,"[""title.principals""]"
tt0310313,nm0200610,actor,"[""title.principals""]"
tt0310313,nm0334930,director,"[""title.crew"", ""title.principals""]"
tt0310313,nm0334930,writer,"[""title.crew"", ""title.principals""]"
tt0310313,nm0434430,actor,"[""title.principals""]"
tt0310313,nm0461149,actor,"[""title.principals""]"
tt0310313,nm0609662,actor,"[""title.principals""]"
tt0310313,nm1034172,actor,"[""title.principals""]"
tt0310313,nm1138568,writer,"[""title.crew"", ""title.principals""]"
tt0310313,nm1239252,actor,"[""title.principals""]"
tt0310313,nm1260769,actor,"[""title.principals""]"
tt0310313,nm1268669,actor,"[""title.principals""]"
tt0310313,nm1270495,actor,"[""title.principals""]"
tt0323120,nm0002994,actor,"[""title.principals""]"
tt0323120,nm0005185,actor,"[""title.principals""]"
tt0323120,nm0106549,actor,"[""title.principals""]"
tt0323120,nm0112085,director,"[""title.crew"", ""title.principals""]"
tt0323120,nm0112085,writer,"[""title.crew"", ""title.principals""]"
tt0323120,nm0281074,actor,"[""title.principals""]"
tt0323120,nm0301157,actor,"[""title.principals""]"
tt0323120,nm0333778,actor,"[""title.principals""]"
tt0323120,nm0394889,actor,"[""title.principals""]"
tt0323120,nm0460008,writer,"[""title.crew"", ""title.principals""]"
tt0323120,nm0846699,actor,"[""title.principals""]"
tt0323120,nm1220329,writer,"[""title.crew"", ""title.principals""]"
tt0323120,nm1480430,actor,"[""title.principals""]"
tt0323120,nm2084329,actor,"[""title.principals""]"
tt0330136,nm0025955,director,"[""title.crew"", ""title.principals""]"
tt0330136,nm0393700,actor,"[""title.principals""]"
tt0330136,nm0424453,actor,"[""title.principals""]"
tt0330136,nm0999124,actor,"[""title.principals""]"
tt0330136,nm1141209,actor,"[""title.principals""]"
tt0330136,nm1214281,writer,"[""title.crew"", ""title.principals""]"
tt0330136,nm1235592,actor,"[""title.principals""]"
tt0330136,nm1239185,writer,"[""title.crew"", ""title.principals""]"
tt0330136,nm1240710,actor,"[""title.principals""]"
tt0330136,nm1392550,actor,"[""title.principals""]"
tt0330136,nm1392998,actor,"[""title.principals""]"
tt0330136,nm1394034,actor,"[""title.principals""]"
tt0330136,nm1395667,actor,"[""title.principals""]"
tt0331282,nm0102522,actor,"[""title.principals""]"
tt0331282,nm0199559,actor,"[""title.principals""]"
tt0331282,nm0452190,actor,"[""title.principals""]"
tt0331282,nm0467451,actor,"[""title.principals""]"
tt0331282,nm0538755,writer,"[""title.crew"", ""title.principals""]"
tt0331282,nm0632475,actor,"[""title.principals""]"
tt0331282,nm0678261,actor,"[""title.principals""]"
tt0331282,nm0831206,actor,"[""title.principals""]"
tt0331282,nm0892551,actor,"[""title.principals""]"
tt0331282,nm0954099,director,"[""title.crew"", ""title.principals""]"
tt0331282,nm0954099,writer,"[""title.crew"", ""title.principals""]"
tt0331282,nm1267703,actor,"[""title.principals""]"
tt0331282,nm1268885,actor,"[""title.principals""]"
tt0354243,nm0000084,actor,"[""title.principals""]"
tt0354243,nm0504899,actor,"[""title.principals""]"
tt0354243,nm0838944,actor,"[""title.principals""]"
tt0354243,nm0839008,actor,"[""title.principals""]"
tt0354243,nm0839008,director,"[""title.crew"", ""title.principals""]"
tt0354243,nm0839008,writer,"[""title.crew"", ""title.principals""]"
tt0354243,nm1326372,writer,"[""title.crew"", ""title.principals""]"
tt0354243,nm1328521,writer,"[""title.crew"", ""title.principals""]"
tt0354243,nm1441985,actor,"[""title.principals""]"
tt0354243,nm3754323,actor,"[""title.principals""]"
tt0354243,nm5280583,actor,"[""title.principals""]"
tt0354243,nm6786814,actor,"[""title.principals""]"
tt0354538,nm0004109,actor,"[""title.principals""]"
tt0354538,nm0004569,actor,"[""title.principals""]"
tt0354538,nm0006763,actor,"[""title.principals""]"
tt0354538,nm0223522,director,"[""title.crew"", ""title.principals""]"
tt0354538,nm0332871,actor,"[""title.principals""]"
tt0354538,nm0451272,actor,"[""title.principals""]"
tt0354538,nm0848308,actor,"[""title.principals""]"
tt0354538,nm0896573,actor,"[""title.principals""]"
tt0354538,nm1056425,actor,"[""title.principals""]"
tt0354538,nm1147677,actor,"[""title.principals""]"
tt0354538,nm1182352,writer,"[""title.crew""]"
tt0354538,nm1331897,actor,"[""title.principals""]"
tt0354538,nm1339147,writer,"[""title.crew"", ""title.principals""]"
tt0354538,nm1339233,writer,"[""title.crew"", ""title.principals""]"
tt0354538,nm2236210,writer,"[""title.crew"", ""title.principals""]"
tt0354538,nm4555421,writer,"[""title.crew"", ""title.principals""]"
tt0366842,nm0016089,actor,"[""title.principals""]"
tt0366842,nm0016089,director,"[""title.crew"", ""title.principals""]"
tt0366842,nm0042820,actor,"[""title.principals""]"
tt0366842,nm0258673,actor,"[""title.principals""]"
tt0366842,nm0258881,writer,"[""title.crew"", ""title.principals""]"
tt0366842,nm0351352,actor,"[""title.principals""]"
tt0366842,nm0869290,actor,"[""title.principals""]"
tt0366842,nm0947994,actor,"[""title.principals""]"
tt0366842,nm1059118,actor,"[""title.principals""]"
tt0366842,nm1086913,actor,"[""title.principals""]"
tt0366842,nm1302612,actor,"[""title.principals""]"
tt0366842,nm1376405,actor,"[""title.principals""]"
tt0372237,nm0005110,actor,"[""title.principals""]"
tt0372237,nm0005170,actor,"[""title.principals""]"
tt0372237,nm0193551,actor,"[""title.principals""]"
tt0372237,nm0498165,actor,"[""title.principals""]"
tt0372237,nm0628420,actor,"[""title.principals""]"
tt0372237,nm0716277,actor,"[""title.principals""]"
tt0372237,nm0740115,writer,"[""title.crew"", ""title.principals""]"
tt0372237,nm0741740,writer,"[""title.crew"", ""title.principals""]"
tt0372237,nm0757855,actor,"[""title.principals""]"
tt0372237,nm0771065,writer,"[""title.crew"", ""title.principals""]"
tt0372237,nm0779399,actor,"[""title.principals""]"
tt0372237,nm0838198,director,"[""title.crew"", ""title.principals""]"
tt0372237,nm0865847,writer,"[""title.crew"", ""title.principals""]"
tt0372237,nm0930724,actor,"[""title.principals""]"
tt0372237,nm1285540,actor,"[""title.principals""]"
tt0374271,nm0006795,actor,"[""title.principals""]"
tt0374271,nm0154653,actor,"[""title.principals""]"
tt0374271,nm0220807,actor,"[""title.principals""]"
tt0374271,nm0415833,writer,"[""title.crew"", ""title.principals""]"
tt0374271,nm0440604,writer,"[""title.crew"", ""title.principals""]"
tt0374271,nm0442479,director,"[""title.crew"", ""title.principals""]"
tt0374271,nm0451561,actor,"[""title.principals""]"
tt0374271,nm0457410,actor,"[""title.principals""]"
tt0374271,nm0694900,actor,"[""title.principals""]"
tt0374271,nm1019748,actor,"[""title.principals""]"
tt0374271,nm1069587,actor,"[""title.principals""]"
tt0374271,nm1220246,writer,"[""title.crew"", ""title.principals""]"
tt0374271,nm1241589,actor,"[""title.principals""]"
tt0374271,nm13075012,writer,"[""title.crew"", ""title.principals""]"
tt0374271,nm1531547,actor,"[""title.principals""]"
tt0375104,nm0000532,actor,"[""title.principals""]"
tt0375104,nm0000562,actor,"[""title.principals""]"
tt0375104,nm0001029,actor,"[""title.principals""]"
tt0375104,nm0001231,actor,"[""title.principals""]"
tt0375104,nm0001644,actor,"[""title.principals""]"
tt0375104,nm0017006,actor,"[""title.principals""]"
tt0375104,nm0206175,writer,"[""title.crew"", ""title.principals""]"
tt0375104,nm0380705,director,"[""title.crew"", ""title.principals""]"
tt0375104,nm0380705,writer,"[""title.crew"", ""title.principals""]"
tt0375104,nm0506991,actor,"[""title.principals""]"
tt0375104,nm0699386,writer,"[""title.crew"", ""title.principals""]"
tt0375104,nm0712790,actor,"[""title.principals""]"
tt0375104,nm0723365,actor,"[""title.principals""]"
tt0375104,nm1492784,actor,"[""title.principals""]"
tt0375104,nm1597653,writer,"[""title.crew"", ""title.principals""]"
tt0388377,nm0000662,actor,"[""title.principals""]"
tt0388377,nm0001653,actor,"[""title.principals""]"
tt0388377,nm0193295,actor,"[""title.principals""]"
tt0388377,nm0433922,actor,"[""title.principals""]"
tt0388377,nm0504320,actor,"[""title.principals""]"
tt0388377,nm0529099,writer,"[""title.crew"", ""title.principals""]"
tt0388377,nm0607325,actor,"[""title.principals""]"
tt0388377,nm0608090,actor,"[""title.principals""]"
tt0388377,nm0911910,director,"[""title.crew"", ""title.principals""]"
tt0388377,nm0911910,writer,"[""title.crew"", ""title.principals""]"
tt0388377,nm1089736,writer,"[""title.crew"", ""title.principals""]"
tt0388377,nm1622771,actor,"[""title.principals""]"
tt0388377,nm1655205,actor,"[""title.principals""]"
tt0388377,nm2637619,actor,"[""title.principals""]"
tt0401248,nm0154083,actor,"[""title.principals""]"
tt0401248,nm0799243,writer,"[""title.crew"", ""title.principals""]"
tt0401248,nm0879960,director,"[""title.crew"", ""title.principals""]"
tt0401248,nm0879960,writer,"[""title.crew"", ""title.principals""]"
tt0401248,nm1425155,actor,"[""title.principals""]"
tt0401248,nm1559763,actor,"[""title.principals""]"
tt0401248,nm1559944,actor,"[""title.principals""]"
tt0401248,nm1617691,actor,"[""title.principals""]"
tt0401248,nm1617876,actor,"[""title.principals""]"
tt0401248,nm1631516,actor,"[""title.principals""]"
tt0401248,nm1767524,actor,"[""title.principals""]"
tt0401248,nm1767581,actor,"[""title.principals""]"
tt0403217,nm0000782,actor,"[""title.principals""]"
tt0403217,nm0001305,actor,"[""title.principals""]"
tt0403217,nm0001814,director,"[""title.crew"", ""title.principals""]"
tt0403217,nm0001814,writer,"[""title.crew"", ""title.principals""]"
tt0403217,nm0005101,actor,"[""title.principals""]"
tt0403217,nm0330371,actor,"[""title.principals""]"
tt0403217,nm0338323,actor,"[""title.principals""]"
tt0403217,nm0419633,actor,"[""title.principals""]"
tt0403217,nm0520265,actor,"[""title.principals""]"
tt0403217,nm0685856,actor,"[""title.principals""]"
tt0403217,nm1656122,actor,"[""title.principals""]"
tt0403217,nm1933765,actor,"[""title.principals""]"
tt0429052,nm0120431,actor,"[""title.principals""]"
tt0429052,nm0201669,actor,"[""title.principals""]"
tt0429052,nm0529591,actor,"[""title.principals""]"
tt0429052,nm0671844,actor,"[""title.principals""]"
tt0429052,nm0732222,actor,"[""title.principals""]"
tt0429052,nm0768603,actor,"[""title.principals""]"
tt0429052,nm0785684,director,"[""title.crew"", ""title.principals""]"
tt0429052,nm0785684,writer,"[""title.crew"", ""title.principals""]"
tt0429052,nm0898653,actor,"[""title.principals""]"
tt0429052,nm1002627,actor,"[""title.principals""]"
tt0429052,nm1229951,actor,"[""title.principals""]"
tt0429052,nm1760623,actor,"[""title.principals""]"
tt0432637,nm0004334,actor,"[""title.principals""]"
tt0432637,nm0004335,actor,"[""title.principals""]"
tt0432637,nm0004363,director,"[""title.crew"", ""title.principals""]"
tt0432637,nm0004363,writer,"[""title.crew""]"
tt0432637,nm0080327,writer,"[""title.crew"", ""title.principals""]"
tt0432637,nm0080432,writer,"[""title.crew"", ""title.principals""]"
tt0432637,nm0409790,writer,"[""title.crew"", ""title.principals""]"
tt0432637,nm0411539,actor,"[""title.principals""]"
tt0432637,nm0452021,actor,"[""title.principals""]"
tt0432637,nm0659235,actor,"[""title.principals""]"
tt0432637,nm0700687,actor,"[""title.principals""]"
tt0432637,nm0768296,actor,"[""title.principals""]"
tt0432637,nm0787462,actor,"[""title.principals""]"
tt0432637,nm1231899,actor,"[""title.principals""]"
tt0432637,nm1300956,writer,"[""title.crew""]"
tt0432637,nm1689638,actor,"[""title.principals""]"
tt0432637,nm2410557,writer,"[""title.crew"", ""title.principals""]"
tt0433387,nm0000288,actor,"[""title.principals""]"
tt0433387,nm0043742,director,"[""title.crew"", ""title.principals""]"
tt0433387,nm0043742,writer,"[""title.crew"", ""title.principals""]"
tt0433387,nm0065578,actor,"[""title.principals""]"
tt0433387,nm0135585,actor,"[""title.principals""]"
tt0433387,nm0286331,actor,"[""title.principals""]"
tt0433387,nm0346595,actor,"[""title.principals""]"
tt0433387,nm0519456,actor,"[""title.principals""]"
tt0433387,nm0598282,actor,"[""title.principals""]"
tt0433387,nm0799777,actor,"[""title.principals""]"
tt0433387,nm0874261,actor,"[""title.principals""]"
tt0433387,nm1755854,actor,"[""title.principals""]"
tt0439418,nm0151526,actor,"[""title.principals""]"
tt0439418,nm0694900,actor,"[""title.principals""]"
tt0439418,nm0837189,actor,"[""title.principals""]"
tt0439418,nm1129408,actor,"[""title.principals""]"
tt0439418,nm1419300,actor,"[""title.principals""]"
tt0439418,nm1421754,director,"[""title.crew"", ""title.principals""]"
tt0439418,nm1421754,writer,"[""title.crew"", ""title.principals""]"
tt0439418,nm1796390,actor,"[""title.principals""]"
tt0439418,nm1944198,actor,"[""title.principals""]"
tt0439418,nm3454615,actor,"[""title.principals""]"
tt0439418,nm3818371,actor,"[""title.principals""]"
tt0439418,nm7390393,actor,"[""title.principals""]"
tt0444112,nm0001628,actor,"[""title.principals""]"
tt0444112,nm0105475,actor,"[""title.principals""]"
tt0444112,nm0186569,actor,"[""title.principals""]"
tt0444112,nm0208426,actor,"[""title.principals""]"
tt0444112,nm0243355,actor,"[""title.principals""]"
tt0444112,nm0282530,actor,"[""title.principals""]"
tt0444112,nm0501256,actor,"[""title.principals""]"
tt0444112,nm0603090,actor,"[""title.principals""]"
tt0444112,nm0738391,actor,"[""title.principals""]"
tt0444112,nm0859985,actor,"[""title.principals""]"
tt0444112,nm0859985,writer,"[""title.crew"", ""title.principals""]"
tt0444112,nm0860019,director,"[""title.crew"", ""title.principals""]"
tt0444112,nm0860019,writer,"[""title.crew"", ""title.principals""]"
tt0448075,nm0000245,actor,"[""title.principals""]"
tt0448075,nm0001057,actor,"[""title.principals""]"
tt0448075,nm0027501,writer,"[""title.crew"", ""title.principals""]"
tt0448075,nm0134072,actor,"[""title.principals""]"
tt0448075,nm0191412,actor,"[""title.principals""]"
tt0448075,nm0191633,actor,"[""title.principals""]"
tt0448075,nm0256318,actor,"[""title.principals""]"
tt0448075,nm0501565,actor,"[""title.principals""]"
tt0448075,nm0520265,actor,"[""title.principals""]"
tt0448075,nm0560945,writer,"[""title.crew"", ""title.principals""]"
tt0448075,nm0608012,actor,"[""title.principals""]"
tt0448075,nm0644897,actor,"[""title.principals""]"
tt0448075,nm0828099,director,"[""title.crew"", ""title.principals""]"
tt0448075,nm0828099,writer,"[""title.crew"", ""title.principals""]"
tt0452664,nm0069683,actor,"[""title.principals""]"
tt0452664,nm0333307,actor,"[""title.principals""]"
tt0452664,nm0349076,actor,"[""title.principals""]"
tt0452664,nm0585737,actor,"[""title.principals""]"
tt0452664,nm0626161,actor,"[""title.principals""]"
tt0452664,nm0896697,actor,"[""title.principals""]"
tt0452664,nm0905343,director,"[""title.crew"", ""title.principals""]"
tt0452664,nm0905343,writer,"[""title.crew"", ""title.principals""]"
tt0452664,nm0944543,actor,"[""title.principals""]"
tt0452664,nm1492569,writer,"[""title.crew""]"
tt0452664,nm1985797,writer,"[""title.crew""]"
tt0452664,nm2367991,actor,"[""title.principals""]"
tt0452664,nm2834487,writer,"[""title.crew"", ""title.principals""]"
tt0452664,nm3067246,actor,"[""title.principals""]"
tt0452664,nm4859365,actor,"[""title.principals""]"
tt0452668,nm0004839,actor,"[""title.principals""]"
tt0452668,nm0105853,actor,"[""title.principals""]"
tt0452668,nm0130005,actor,"[""title.principals""]"
tt0452668,nm0194052,actor,"[""title.principals""]"
tt0452668,nm0196592,actor,"[""title.principals""]"
tt0452668,nm0504495,director,"[""title.crew"", ""title.principals""]"
tt0452668,nm0521482,actor,"[""title.principals""]"
tt0452668,nm0786411,writer,"[""title.crew"", ""title.principals""]"
tt0452668,nm0805930,actor,"[""title.principals""]"
tt0452668,nm1257110,actor,"[""title.principals""]"
tt0452668,nm1597260,actor,"[""title.principals""]"
tt0452668,nm1876303,actor,"[""title.principals""]"
tt0455362,nm0004991,actor,"[""title.principals""]"
tt0455362,nm0005029,actor,"[""title.principals""]"
tt0455362,nm0095930,actor,"[""title.principals""]"
tt0455362,nm0176256,writer,"[""title.crew"", ""title.principals""]"
tt0455362,nm0515123,actor,"[""title.principals""]"
tt0455362,nm0543383,actor,"[""title.principals""]"
tt0455362,nm0557608,director,"[""title.crew"", ""title.principals""]"
tt0455362,nm0735442,actor,"[""title.principals""]"
tt0455362,nm0941810,writer,"[""title.crew"", ""title.principals""]"
tt0455362,nm2351472,actor,"[""title.principals""]"
tt0459293,nm0154218,actor,"[""title.principals""]"
tt0459293,nm0154653,actor,"[""title.principals""]"
tt0459293,nm0156858,actor,"[""title.principals""]"
tt0459293,nm0451379,actor,"[""title.principals""]"
tt0459293,nm0958861,actor,"[""title.principals""]"
tt0459293,nm1069013,actor,"[""title.principals""]"
tt0459293,nm1101802,actor,"[""title.principals""]"
tt0459293,nm1189762,actor,"[""title.principals""]"
tt0459293,nm1552532,actor,"[""title.principals""]"
tt0459293,nm1924121,writer,"[""title.crew"", ""title.principals""]"
tt0459293,nm1927347,actor,"[""title.principals""]"
tt0459293,nm2073234,director,"[""title.crew"", ""title.principals""]"
tt0459293,nm2073234,writer,"[""title.crew"", ""title.principals""]"
tt0459293,nm2832163,writer,"[""title.crew"", ""title.principals""]"
tt0459293,nm2846618,writer,"[""title.crew"", ""title.principals""]"
tt0460394,nm0348246,writer,"[""title.crew"", ""title.principals""]"
tt0460394,nm0539497,actor,"[""title.principals""]"
tt0460394,nm0865858,actor,"[""title.principals""]"
tt0460394,nm1213989,actor,"[""title.principals""]"
tt0460394,nm1350569,actor,"[""title.principals""]"
tt0460394,nm1918040,actor,"[""title.principals""]"
tt0460394,nm1919048,actor,"[""title.principals""]"
tt0460394,nm1920568,actor,"[""title.principals""]"
tt0460394,nm1923369,director,"[""title.crew"", ""title.principals""]"
tt0460394,nm1923369,writer,"[""title.crew"", ""title.principals""]"
tt0460394,nm1924625,actor,"[""title.principals""]"
tt0460394,nm6836472,actor,"[""title.principals""]"
tt0460394,nm8529746,actor,"[""title.principals""]"
tt0462465,nm0000457,actor,"[""title.principals""]"
tt0462465,nm0000579,actor,"[""title.principals""]"
tt0462465,nm0001029,actor,"[""title.principals""]"
tt0462465,nm0085736,writer,"[""title.crew"", ""title.principals""]"
tt0462465,nm0222593,actor,"[""title.principals""]"
tt0462465,nm0564586,director,"[""title.crew"", ""title.principals""]"
tt0462465,nm0564586,writer,"[""title.crew"", ""title.principals""]"
tt0462465,nm0617009,actor,"[""title.principals""]"
tt0462465,nm0625054,actor,"[""title.principals""]"
tt0462465,nm0766761,actor,"[""title.principals""]"
tt0462465,nm0829018,actor,"[""title.principals""]"
tt0462465,nm1658935,actor,"[""title.principals""]"
tt0462465,nm2343058,actor,"[""title.principals""]"
tt0464160,nm0004626,actor,"[""title.principals""]"
tt0464160,nm0451600,actor,"[""title.principals""]"
tt0464160,nm0698184,director,"[""title.crew"", ""title.principals""]"
tt0464160,nm0698184,writer,"[""title.crew"", ""title.principals""]"
tt0464160,nm0700875,actor,"[""title.principals""]"
tt0464160,nm0712546,actor,"[""title.principals""]"
tt0464160,nm0792911,actor,"[""title.principals""]"
tt0464160,nm0903423,writer,"[""title.crew"", ""title.principals""]"
tt0464160,nm1056425,actor,"[""title.principals""]"
tt0464160,nm1226448,actor,"[""title.principals""]"
tt0464160,nm1259084,actor,"[""title.principals""]"
tt0464160,nm1372788,actor,"[""title.principals""]"
tt0464160,nm1459445,writer,"[""title.crew"", ""title.principals""]"
tt0464160,nm1459905,writer,"[""title.crew"", ""title.principals""]"
tt0464160,nm1739317,director,"[""title.crew"", ""title.principals""]"
tt0464160,nm2112742,writer,"[""title.crew""]"
tt0464160,nm2147526,actor,"[""title.principals""]"
tt0466103,nm0541136,actor,"[""title.principals""]"
tt0466103,nm1139090,actor,"[""title.principals""]"
tt0466103,nm16039197,actor,"[""title.principals""]"
tt0466103,nm1959127,director,"[""title.crew""]"
tt0466103,nm1959127,writer,"[""title.crew"", ""title.principals""]"
tt0466103,nm1959192,director,"[""title.crew"", ""title.principals""]"
tt0466103,nm2059792,actor,"[""title.principals""]"
tt0466103,nm2251999,actor,"[""title.principals""]"
tt0466103,nm2252942,actor,"[""title.principals""]"
tt0466103,nm2257426,actor,"[""title.principals""]"
tt0466103,nm2268587,actor,"[""title.principals""]"
tt0466103,nm2353152,actor,"[""title.principals""]"
tt0466103,nm2356531,actor,"[""title.principals""]"
tt0470967,nm1117726,director,"[""title.crew"", ""title.principals""]"
tt0470967,nm1117726,writer,"[""title.crew"", ""title.principals""]"
tt0470967,nm1371115,actor,"[""title.principals""]"
tt0470967,nm1617784,actor,"[""title.principals""]"
tt0470967,nm17408921,actor,"[""title.principals""]"
tt0470967,nm1978095,writer,"[""title.crew"", ""title.principals""]"
tt0470967,nm1981533,actor,"[""title.principals""]"
tt0470967,nm1981744,actor,"[""title.principals""]"
tt0470967,nm1982607,actor,"[""title.principals""]"
tt0470967,nm2567492,actor,"[""title.principals""]"
tt0471041,nm0000609,actor,"[""title.principals""]"
tt0471041,nm0001015,actor,"[""title.principals""]"
tt0471041,nm0001487,actor,"[""title.principals""]"
tt0471041,nm0005026,actor,"[""title.principals""]"
tt0471041,nm0176660,actor,"[""title.principals""]"
tt0471041,nm0192377,actor,"[""title.principals""]"
tt0471041,nm0813812,actor,"[""title.principals""]"
tt0471041,nm0949558,writer,"[""title.crew"", ""title.principals""]"
tt0471041,nm1013812,actor,"[""title.principals""]"
tt0471041,nm1451951,actor,"[""title.principals""]"
tt0471041,nm1470993,director,"[""title.crew"", ""title.principals""]"
tt0471041,nm1475013,actor,"[""title.principals""]"
tt0471041,nm1475013,writer,"[""title.crew"", ""title.principals""]"
tt0471041,nm1491927,writer,"[""title.crew"", ""title.principals""]"
tt0481354,nm0348123,director,"[""title.crew"", ""title.principals""]"
tt0481354,nm0996806,actor,"[""title.principals""]"
tt0481354,nm1202823,actor,"[""title.principals""]"
tt0481354,nm1699148,actor,"[""title.principals""]"
tt0481354,nm1699212,actor,"[""title.principals""]"
tt0481354,nm1754541,writer,"[""title.crew"", ""title.principals""]"
tt0481354,nm1855335,actor,"[""title.principals""]"
tt0481354,nm2034662,actor,"[""title.principals""]"
tt0481354,nm2066870,actor,"[""title.principals""]"
tt0481354,nm2070278,actor,"[""title.principals""]"
tt0481354,nm2071705,actor,"[""title.principals""]"
tt0481354,nm2073075,actor,"[""title.principals""]"
tt0483631,nm0108355,actor,"[""title.principals""]"
tt0483631,nm0219752,actor,"[""title.principals""]"
tt0483631,nm0301428,director,"[""title.crew"", ""title.principals""]"
tt0483631,nm0301428,writer,"[""title.crew"", ""title.principals""]"
tt0483631,nm1036889,actor,"[""title.principals""]"
tt0483631,nm1197640,actor,"[""title.principals""]"
tt0483631,nm1227152,actor,"[""title.principals""]"
tt0483631,nm1416134,actor,"[""title.principals""]"
tt0483631,nm1564069,actor,"[""title.principals""]"
tt0483631,nm2050098,actor,"[""title.principals""]"
tt0483631,nm2058848,actor,"[""title.principals""]"
tt0483631,nm2088340,actor,"[""title.principals""]"
tt0487011,nm0007144,director,"[""title.crew"", ""title.principals""]"
tt0487011,nm0359880,actor,"[""title.principals""]"
tt0487011,nm0419677,actor,"[""title.principals""]"
tt0487011,nm0475070,actor,"[""title.principals""]"
tt0487011,nm0534858,actor,"[""title.principals""]"
tt0487011,nm0542343,actor,"[""title.principals""]"
tt0487011,nm0579756,actor,"[""title.principals""]"
tt0487011,nm0683477,actor,"[""title.principals""]"
tt0487011,nm0893449,actor,"[""title.principals""]"
tt0487011,nm1335387,actor,"[""title.principals""]"
tt0487011,nm1498467,actor,"[""title.principals""]"
tt0487011,nm2101048,writer,"[""title.crew"", ""title.principals""]"
tt0758752,nm0000279,actor,"[""title.principals""]"
tt0758752,nm0001049,actor,"[""title.principals""]"
tt0758752,nm0001624,actor,"[""title.principals""]"
tt0758752,nm0001719,actor,"[""title.principals""]"
tt0758752,nm0001880,director,"[""title.crew"", ""title.principals""]"
tt0758752,nm0001880,writer,"[""title.crew"", ""title.principals""]"
tt0758752,nm0004266,actor,"[""title.principals""]"
tt0758752,nm0335494,actor,"[""title.principals""]"
tt0758752,nm0339460,actor,"[""title.principals""]"
tt0758752,nm0350453,actor,"[""title.principals""]"
tt0758752,nm0380980,writer,"[""title.crew"", ""title.principals""]"
tt0758752,nm0532683,actor,"[""title.principals""]"
tt0758752,nm1017488,writer,"[""title.crew"", ""title.principals""]"
tt0758752,nm1265802,actor,"[""title.principals""]"
tt0758752,nm2168221,writer,"[""title.crew"", ""title.principals""]"
tt0758762,nm0000874,actor,"[""title.principals""]"
tt0758762,nm0020122,actor,"[""title.principals""]"
tt0758762,nm0027164,actor,"[""title.principals""]"
tt0758762,nm0202966,actor,"[""title.principals""]"
tt0758762,nm0381483,actor,"[""title.principals""]"
tt0758762,nm0425364,director,"[""title.crew"", ""title.principals""]"
tt0758762,nm0425364,writer,"[""title.crew"", ""title.principals""]"
tt0758762,nm0755267,actor,"[""title.principals""]"
tt0758762,nm0933310,actor,"[""title.principals""]"
tt0758762,nm2205956,actor,"[""title.principals""]"
tt0758762,nm2326919,actor,"[""title.principals""]"
tt0758762,nm3366784,actor,"[""title.principals""]"
tt0768218,nm0000560,actor,"[""title.principals""]"
tt0768218,nm0002546,actor,"[""title.principals""]"
tt0768218,nm0149290,writer,"[""title.crew"", ""title.principals""]"
tt0768218,nm0287898,actor,"[""title.principals""]"
tt0768218,nm0765597,actor,"[""title.principals""]"
tt0768218,nm0905619,actor,"[""title.principals""]"
tt0768218,nm1092227,actor,"[""title.principals""]"
tt0768218,nm1098493,director,"[""title.crew"", ""title.principals""]"
tt0768218,nm1098493,writer,"[""title.crew"", ""title.principals""]"
tt0768218,nm1395546,actor,"[""title.principals""]"
tt0768218,nm1859475,actor,"[""title.principals""]"
tt0768218,nm3572578,actor,"[""title.principals""]"
tt0768218,nm3572795,actor,"[""title.principals""]"
tt0780583,nm0000855,actor,"[""title.principals""]"
tt0780583,nm0042805,actor,"[""title.principals""]"
tt0780583,nm0044859,actor,"[""title.principals""]"
tt0780583,nm0158306,actor,"[""title.principals""]"
tt0780583,nm0324788,actor,"[""title.principals""]"
tt0780583,nm0640413,actor,"[""title.principals""]"
tt0780583,nm0859499,director,"[""title.crew"", ""title.principals""]"
tt0780583,nm0859499,writer,"[""title.crew"", ""title.principals""]"
tt0780583,nm0879186,actor,"[""title.principals""]"
tt0780583,nm0916871,actor,"[""title.principals""]"
tt0780583,nm1310911,writer,"[""title.crew"", ""title.principals""]"
tt0780583,nm1331851,actor,"[""title.principals""]"
tt0780583,nm1789263,actor,"[""title.principals""]"
tt0780583,nm2458358,writer,"[""title.crew"", ""title.principals""]"
tt0790602,nm0098196,actor,"[""title.principals""]"
tt0790602,nm0098928,actor,"[""title.principals""]"
tt0790602,nm0176263,actor,"[""title.principals""]"
tt0790602,nm0221662,director,"[""title.crew"", ""title.principals""]"
tt0790602,nm0221662,writer,"[""title.crew"", ""title.principals""]"
tt0790602,nm0315023,actor,"[""title.principals""]"
tt0790602,nm0346676,writer,"[""title.crew"", ""title.principals""]"
tt0790602,nm0491426,actor,"[""title.principals""]"
tt0790602,nm0501168,actor,"[""title.principals""]"
tt0790602,nm0676582,actor,"[""title.principals""]"
tt0790602,nm1042939,actor,"[""title.principals""]"
tt0790602,nm1552206,actor,"[""title.principals""]"
tt0790602,nm2404077,actor,"[""title.principals""]"
tt0826631,nm0019338,actor,"[""title.principals""]"
tt0826631,nm0259472,actor,"[""title.principals""]"
tt0826631,nm0406157,actor,"[""title.principals""]"
tt0826631,nm0456077,actor,"[""title.principals""]"
tt0826631,nm0814716,director,"[""title.crew"", ""title.principals""]"
tt0826631,nm1121807,actor,"[""title.principals""]"
tt0826631,nm1385304,actor,"[""title.principals""]"
tt0826631,nm1726978,actor,"[""title.principals""]"
tt0826631,nm1735048,actor,"[""title.principals""]"
tt0826631,nm1753428,actor,"[""title.principals""]"
tt0826631,nm1759824,actor,"[""title.principals""]"
tt0826631,nm2320774,writer,"[""title.crew"", ""title.principals""]"
tt0836700,nm0000300,actor,"[""title.principals""]"
tt0836700,nm0000801,director,"[""title.crew"", ""title.principals""]"
tt0836700,nm0000801,writer,"[""title.crew"", ""title.principals""]"
tt0836700,nm0075650,actor,"[""title.principals""]"
tt0836700,nm0094993,actor,"[""title.principals""]"
tt0836700,nm0247762,actor,"[""title.principals""]"
tt0836700,nm0721469,actor,"[""title.principals""]"
tt0836700,nm0753737,actor,"[""title.principals""]"
tt0836700,nm0755652,actor,"[""title.principals""]"
tt0836700,nm0778568,actor,"[""title.principals""]"
tt0836700,nm1295721,actor,"[""title.principals""]"
tt0836700,nm2486268,actor,"[""title.principals""]"
tt0843878,nm0000514,actor,"[""title.principals""]"
tt0843878,nm0189167,actor,"[""title.principals""]"
tt0843878,nm0262909,actor,"[""title.principals""]"
tt0843878,nm0299479,actor,"[""title.principals""]"
tt0843878,nm0593262,director,"[""title.crew"", ""title.principals""]"
tt0843878,nm0636142,actor,"[""title.principals""]"
tt0843878,nm0663603,actor,"[""title.principals""]"
tt0843878,nm1155055,actor,"[""title.principals""]"
tt0843878,nm1476252,actor,"[""title.principals""]"
tt0843878,nm1725514,writer,"[""title.crew"", ""title.principals""]"
tt0843878,nm1728748,actor,"[""title.principals""]"
tt0843878,nm1733195,writer,"[""title.crew"", ""title.principals""]"
tt0843878,nm2193672,actor,"[""title.principals""]"
tt0844319,nm0039591,actor,"[""title.principals""]"
tt0844319,nm0257934,actor,"[""title.principals""]"
tt0844319,nm0386420,actor,"[""title.principals""]"
tt0844319,nm0454117,actor,"[""title.principals""]"
tt0844319,nm0475878,actor,"[""title.principals""]"
tt0844319,nm0620378,director,"[""title.crew"", ""title.principals""]"
tt0844319,nm0645766,writer,"[""title.crew"", ""title.principals""]"
tt0844319,nm0786059,actor,"[""title.principals""]"
tt0844319,nm1376345,writer,"[""title.crew"", ""title.principals""]"
tt0844319,nm1675175,actor,"[""title.principals""]"
tt0844319,nm1800111,actor,"[""title.principals""]"
tt0844319,nm2350618,actor,"[""title.principals""]"
tt0844319,nm2716637,actor,"[""title.principals""]"
tt0870111,nm0000102,actor,"[""title.principals""]"
tt0870111,nm0000165,director,"[""title.crew"", ""title.principals""]"
tt0870111,nm0001449,actor,"[""title.principals""]"
tt0870111,nm0001624,actor,"[""title.principals""]"
tt0870111,nm0005377,actor,"[""title.principals""]"
tt0870111,nm0335494,actor,"[""title.principals""]"
tt0870111,nm0356017,actor,"[""title.principals""]"
tt0870111,nm0429363,actor,"[""title.principals""]"
tt0870111,nm0532193,actor,"[""title.principals""]"
tt0870111,nm0586994,actor,"[""title.principals""]"
tt0870111,nm0604948,writer,"[""title.crew"", ""title.principals""]"
tt0870111,nm0790688,actor,"[""title.principals""]"
tt0870944,nm0039591,actor,"[""title.principals""]"
tt0870944,nm0368089,actor,"[""title.principals""]"
tt0870944,nm0463592,actor,"[""title.principals""]"
tt0870944,nm0605668,actor,"[""title.principals""]"
tt0870944,nm0619178,actor,"[""title.principals""]"
tt0870944,nm0620243,actor,"[""title.principals""]"
tt0870944,nm0948913,writer,"[""title.crew"", ""title.principals""]"
tt0870944,nm1070494,actor,"[""title.principals""]"
tt0870944,nm1678814,actor,"[""title.principals""]"
tt0870944,nm2011723,actor,"[""title.principals""]"
tt0870944,nm2113074,actor,"[""title.principals""]"
tt0870944,nm2391552,director,"[""title.crew"", ""title.principals""]"
tt0892769,nm0059431,actor,"[""title.principals""]"
tt0892769,nm0124930,actor,"[""title.principals""]"
tt0892769,nm0204030,writer,"[""title.crew"", ""title.principals""]"
tt0892769,nm0213450,director,"[""title.crew"", ""title.principals""]"
tt0892769,nm0213450,writer,"[""title.crew"", ""title.principals""]"
tt0892769,nm0235960,actor,"[""title.principals""]"
tt0892769,nm0272401,actor,"[""title.principals""]"
tt0892769,nm0405190,writer,"[""title.crew""]"
tt0892769,nm0761498,director,"[""title.crew"", ""title.principals""]"
tt0892769,nm0761498,writer,"[""title.crew"", ""title.principals""]"
tt0892769,nm1065229,actor,"[""title.principals""]"
tt0892769,nm1104057,writer,"[""title.crew""]"
tt0892769,nm1213504,actor,"[""title.principals""]"
tt0892769,nm1325419,actor,"[""title.principals""]"
tt0892769,nm1706767,actor,"[""title.principals""]"
tt0892769,nm2395586,actor,"[""title.principals""]"
tt0892769,nm2441763,writer,"[""title.crew"", ""title.principals""]"
tt0892769,nm2554352,actor,"[""title.principals""]"
tt0896923,nm0000164,actor,"[""title.principals""]"
tt0896923,nm0001250,actor,"[""title.principals""]"
tt0896923,nm0131702,writer,"[""title.crew"", ""title.principals""]"
tt0896923,nm0412465,director,"[""title.crew"", ""title.principals""]"
tt0896923,nm0487884,actor,"[""title.principals""]"
tt0896923,nm0552455,actor,"[""title.principals""]"
tt0896923,nm0695609,writer,"[""title.crew"", ""title.principals""]"
tt0896923,nm0758094,actor,"[""title.principals""]"
tt0896923,nm0892799,actor,"[""title.principals""]"
tt0896923,nm0899489,actor,"[""title.principals""]"
tt0896923,nm1272540,actor,"[""title.principals""]"
tt0896923,nm1320600,actor,"[""title.principals""]"
tt0896923,nm4114024,actor,"[""title.principals""]"
tt0902290,nm0000579,actor,"[""title.principals""]"
tt0902290,nm0171428,actor,"[""title.principals""]"
tt0902290,nm0275244,actor,"[""title.principals""]"
tt0902290,nm0307534,actor,"[""title.principals""]"
tt0902290,nm0324247,actor,"[""title.principals""]"
tt0902290,nm0597480,actor,"[""title.principals""]"
tt0902290,nm0780133,actor,"[""title.principals""]"
tt0902290,nm0818285,actor,"[""title.principals""]"
tt0902290,nm1137264,director,"[""title.crew"", ""title.principals""]"
tt0902290,nm1137264,writer,"[""title.crew"", ""title.principals""]"
tt0902290,nm1486239,actor,"[""title.principals""]"
tt0902290,nm1770848,actor,"[""title.principals""]"
tt0914798,nm0000667,actor,"[""title.principals""]"
tt0914798,nm0267812,actor,"[""title.principals""]"
tt0914798,nm0379179,director,"[""title.crew"", ""title.principals""]"
tt0914798,nm0379179,writer,"[""title.crew"", ""title.principals""]"
tt0914798,nm0390576,actor,"[""title.principals""]"
tt0914798,nm1670029,actor,"[""title.principals""]"
tt0914798,nm1728514,actor,"[""title.principals""]"
tt0914798,nm2477197,writer,"[""title.crew"", ""title.principals""]"
tt0914798,nm2633535,actor,"[""title.principals""]"
tt0914798,nm2633591,actor,"[""title.principals""]"
tt0914798,nm2646294,actor,"[""title.principals""]"
tt0914798,nm2705126,actor,"[""title.principals""]"
tt0914798,nm2726789,actor,"[""title.principals""]"
tt0937378,nm0001780,actor,"[""title.principals""]"
tt0937378,nm0019242,director,"[""title.crew"", ""title.principals""]"
tt0937378,nm0214725,actor,"[""title.principals""]"
tt0937378,nm0217486,actor,"[""title.principals""]"
tt0937378,nm0252478,writer,"[""title.crew"", ""title.principals""]"
tt0937378,nm0377609,actor,"[""title.principals""]"
tt0937378,nm0459705,actor,"[""title.principals""]"
tt0937378,nm0553106,actor,"[""title.principals""]"
tt0937378,nm0760570,actor,"[""title.principals""]"
tt0937378,nm0765558,actor,"[""title.principals""]"
tt0937378,nm0837644,actor,"[""title.principals""]"
tt0937378,nm2641712,actor,"[""title.principals""]"
tt0960890,nm0000387,actor,"[""title.principals""]"
tt0960890,nm0001398,actor,"[""title.principals""]"
tt0960890,nm0027575,actor,"[""title.principals""]"
tt0960890,nm0815970,actor,"[""title.principals""]"
tt0960890,nm0999415,director,"[""title.crew"", ""title.principals""]"
tt0960890,nm0999415,writer,"[""title.crew"", ""title.principals""]"
tt0960890,nm1027228,actor,"[""title.principals""]"
tt0960890,nm1573097,actor,"[""title.principals""]"
tt0960890,nm1617856,actor,"[""title.principals""]"
tt0960890,nm1684744,actor,"[""title.principals""]"
tt0960890,nm1715297,actor,"[""title.principals""]"
tt0960890,nm2641532,actor,"[""title.principals""]"
tt0963194,nm0000649,actor,"[""title.principals""]"
tt0963194,nm0109208,actor,"[""title.principals""]"
tt0963194,nm0372117,actor,"[""title.principals""]"
tt0963194,nm0385296,actor,"[""title.principals""]"
tt0963194,nm0394852,actor,"[""title.principals""]"
tt0963194,nm0608405,actor,"[""title.principals""]"
tt0963194,nm0644799,actor,"[""title.principals""]"
tt0963194,nm0891786,actor,"[""title.principals""]"
tt0963194,nm0954023,actor,"[""title.principals""]"
tt0963194,nm0954023,writer,"[""title.crew"", ""title.principals""]"
tt0963194,nm1135423,director,"[""title.crew"", ""title.principals""]"
tt0963194,nm1686536,actor,"[""title.principals""]"
tt0963194,nm2534912,writer,"[""title.crew"", ""title.principals""]"
tt0995868,nm0000352,actor,"[""title.principals""]"
tt0995868,nm0328604,actor,"[""title.principals""]"
tt0995868,nm0560412,actor,"[""title.principals""]"
tt0995868,nm0584492,actor,"[""title.principals""]"
tt0995868,nm0763928,actor,"[""title.principals""]"
tt0995868,nm1179580,actor,"[""title.principals""]"
tt0995868,nm1546300,actor,"[""title.principals""]"
tt0995868,nm1905310,director,"[""title.crew"", ""title.principals""]"
tt0995868,nm1905310,writer,"[""title.crew"", ""title.principals""]"
tt0995868,nm3104562,director,"[""title.crew"", ""title.principals""]"
tt0995868,nm3104562,writer,"[""title.crew"", ""title.principals""]"
tt0995868,nm4178453,actor,"[""title.principals""]"
tt0995868,nm5991572,actor,"[""title.principals""]"
tt0995868,nm5991573,actor,"[""title.principals""]"
tt1001508,nm0000098,actor,"[""title.principals""]"
tt1001508,nm0000124,actor,"[""title.principals""]"
tt1001508,nm0329481,actor,"[""title.principals""]"
tt1001508,nm0463359,writer,"[""title.crew"", ""title.principals""]"
tt1001508,nm0477129,director,"[""title.crew"", ""title.principals""]"
tt1001508,nm0799050,writer,"[""title.crew"", ""title.principals""]"
tt1001508,nm0875710,writer,"[""title.crew"", ""title.principals""]"
tt1001508,nm1021163,writer,"[""title.crew"", ""title.principals""]"
tt1001508,nm1244249,actor,"[""title.principals""]"
tt1001508,nm1394752,actor,"[""title.principals""]"
tt1001508,nm2035353,actor,"[""title.principals""]"
tt1001508,nm2079681,actor,"[""title.principals""]"
tt1001508,nm2152695,actor,"[""title.principals""]"
tt1001508,nm2419994,actor,"[""title.principals""]"
tt1001508,nm2774121,actor,"[""title.principals""]"
tt10110614,nm10088612,actor,"[""title.principals""]"
tt10110614,nm1089063,actor,"[""title.principals""]"
tt10110614,nm10914110,actor,"[""title.principals""]"
tt10110614,nm1160306,actor,"[""title.principals""]"
tt10110614,nm1466826,actor,"[""title.principals""]"
tt10110614,nm1981344,actor,"[""title.principals""]"
tt10110614,nm2616100,actor,"[""title.principals""]"
tt10110614,nm2801340,actor,"[""title.principals""]"
tt10110614,nm2813680,actor,"[""title.principals""]"
tt10110614,nm3218921,actor,"[""title.principals""]"
tt10110614,nm3242193,writer,"[""title.crew"", ""title.principals""]"
tt10110614,nm3649532,director,"[""title.crew"", ""title.principals""]"
tt10110614,nm3649532,writer,"[""title.crew"", ""title.principals""]"
tt10260844,nm0440511,actor,"[""title.principals""]"
tt10260844,nm1427978,director,"[""title.crew"", ""title.principals""]"
tt10260844,nm1427978,writer,"[""title.crew"", ""title.principals""]"
tt10260844,nm1433435,writer,"[""title.crew"", ""title.principals""]"
tt10260844,nm2752910,actor,"[""title.principals""]"
tt10260844,nm3130704,actor,"[""title.principals""]"
tt10260844,nm3565718,actor,"[""title.principals""]"
tt10260844,nm3908878,actor,"[""title.principals""]"
tt10260844,nm4159350,actor,"[""title.principals""]"
tt10260844,nm5276483,writer,"[""title.crew"", ""title.principals""]"
tt10260844,nm5741284,actor,"[""title.principals""]"
tt10260844,nm5935017,actor,"[""title.principals""]"
tt10260844,nm6284036,actor,"[""title.principals""]"
tt10260844,nm7468874,actor,"[""title.principals""]"
tt10329842,nm0492249,actor,"[""title.principals""]"
tt10329842,nm0556343,actor,"[""title.principals""]"
tt10329842,nm10701693,actor,"[""title.principals""]"
tt10329842,nm1201852,actor,"[""title.principals""]"
tt10329842,nm1300303,actor,"[""title.principals""]"
tt10329842,nm2420471,director,"[""title.crew"", ""title.principals""]"
tt10329842,nm2965766,writer,"[""title.crew"", ""title.principals""]"
tt10329842,nm3655466,actor,"[""title.principals""]"
tt10329842,nm4801422,actor,"[""title.principals""]"
tt10329842,nm5003252,actor,"[""title.principals""]"
tt10329842,nm5012845,actor,"[""title.principals""]"
tt10329842,nm9535187,actor,"[""title.principals""]"
tt1034303,nm0000630,actor,"[""title.principals""]"
tt1034303,nm0001880,director,"[""title.crew"", ""title.principals""]"
tt1034303,nm0001880,writer,"[""title.crew"", ""title.principals""]"
tt1034303,nm0032962,actor,"[""title.principals""]"
tt1034303,nm0068260,actor,"[""title.principals""]"
tt1034303,nm0179680,actor,"[""title.principals""]"
tt1034303,nm0185819,actor,"[""title.principals""]"
tt1034303,nm0265189,actor,"[""title.principals""]"
tt1034303,nm0275417,actor,"[""title.principals""]"
tt1034303,nm0296243,writer,"[""title.crew"", ""title.principals""]"
tt1034303,nm0325221,actor,"[""title.principals""]"
tt1034303,nm0562003,actor,"[""title.principals""]"
tt1034303,nm1111968,actor,"[""title.principals""]"
tt1034303,nm2739958,writer,"[""title.crew"", ""title.principals""]"
tt10370042,nm0579595,actor,"[""title.principals""]"
tt10370042,nm0665188,actor,"[""title.principals""]"
tt10370042,nm0697960,actor,"[""title.principals""]"
tt10370042,nm1047812,actor,"[""title.principals""]"
tt10370042,nm10974534,actor,"[""title.principals""]"
tt10370042,nm1831639,director,"[""title.crew"", ""title.principals""]"
tt10370042,nm1831639,writer,"[""title.crew"", ""title.principals""]"
tt10370042,nm2782505,actor,"[""title.principals""]"
tt10370042,nm4401759,writer,"[""title.crew"", ""title.principals""]"
tt10370042,nm5215694,actor,"[""title.principals""]"
tt10370042,nm6067806,actor,"[""title.principals""]"
tt10370042,nm6542246,actor,"[""title.principals""]"
tt10370042,nm9343856,actor,"[""title.principals""]"
tt10399608,nm0665052,actor,"[""title.principals""]"
tt10399608,nm10140375,actor,"[""title.principals""]"
tt10399608,nm10273610,actor,"[""title.principals""]"
tt10399608,nm1197737,actor,"[""title.principals""]"
tt10399608,nm12802727,actor,"[""title.principals""]"
tt10399608,nm2717602,director,"[""title.crew"", ""title.principals""]"
tt10399608,nm2717602,writer,"[""title.crew"", ""title.principals""]"
tt10399608,nm3274263,actor,"[""title.principals""]"
tt10399608,nm3351812,actor,"[""title.principals""]"
tt10399608,nm4480362,actor,"[""title.principals""]"
tt10399608,nm7271615,actor,"[""title.principals""]"
tt10399608,nm8865872,actor,"[""title.principals""]"
tt10676052,nm0005169,actor,"[""title.principals""]"
tt10676052,nm0050959,actor,"[""title.principals""]"
tt10676052,nm0295264,writer,"[""title.crew"", ""title.principals""]"
tt10676052,nm0309693,actor,"[""title.principals""]"
tt10676052,nm0408591,actor,"[""title.principals""]"
tt10676052,nm0438266,writer,"[""title.crew"", ""title.principals""]"
tt10676052,nm0456158,writer,"[""title.crew""]"
tt10676052,nm0498278,writer,"[""title.crew""]"
tt10676052,nm0609114,actor,"[""title.principals""]"
tt10676052,nm0787687,director,"[""title.crew"", ""title.principals""]"
tt10676052,nm1502425,actor,"[""title.principals""]"
tt10676052,nm1677206,writer,"[""title.crew"", ""title.principals""]"
tt10676052,nm3069408,writer,"[""title.crew"", ""title.principals""]"
tt10676052,nm3236159,actor,"[""title.principals""]"
tt10676052,nm3400186,actor,"[""title.principals""]"
tt10676052,nm3563965,writer,"[""title.crew""]"
tt10676052,nm3948952,actor,"[""title.principals""]"
tt10676052,nm4806449,actor,"[""title.principals""]"
tt10713340,nm0424559,actor,"[""title.principals""]"
tt10713340,nm0447513,actor,"[""title.principals""]"
tt10713340,nm12475542,actor,"[""title.principals""]"
tt10713340,nm12475543,actor,"[""title.principals""]"
tt10713340,nm2728917,actor,"[""title.principals""]"
tt10713340,nm3336072,actor,"[""title.principals""]"
tt10713340,nm3951039,director,"[""title.crew"", ""title.principals""]"
tt10713340,nm4000389,actor,"[""title.principals""]"
tt10713340,nm4000389,director,"[""title.crew"", ""title.principals""]"
tt10713340,nm4090362,actor,"[""title.principals""]"
tt10713340,nm6316707,actor,"[""title.principals""]"
tt10713340,nm6316707,writer,"[""title.crew"", ""title.principals""]"
tt10713340,nm7192967,actor,"[""title.principals""]"
tt1078588,nm0000139,actor,"[""title.principals""]"
tt1078588,nm0000285,actor,"[""title.principals""]"
tt1078588,nm0000574,actor,"[""title.principals""]"
tt1078588,nm0001024,director,"[""title.crew"", ""title.principals""]"
tt1078588,nm0001024,writer,"[""title.crew"", ""title.principals""]"
tt1078588,nm0502351,actor,"[""title.principals""]"
tt1078588,nm0505230,writer,"[""title.crew"", ""title.principals""]"
tt1078588,nm0682030,writer,"[""title.crew"", ""title.principals""]"
tt1078588,nm0906339,actor,"[""title.principals""]"
tt1078588,nm1019751,actor,"[""title.principals""]"
tt1078588,nm1063878,actor,"[""title.principals""]"
tt1078588,nm1100839,actor,"[""title.principals""]"
tt1078588,nm1113550,actor,"[""title.principals""]"
tt1078588,nm2984287,actor,"[""title.principals""]"
tt10928086,nm0632165,actor,"[""title.principals""]"
tt10928086,nm0899476,actor,"[""title.principals""]"
tt10928086,nm1211132,actor,"[""title.principals""]"
tt10928086,nm1327281,director,"[""title.crew"", ""title.principals""]"
tt10928086,nm1595095,actor,"[""title.principals""]"
tt10928086,nm1957593,actor,"[""title.principals""]"
tt10928086,nm2412706,actor,"[""title.principals""]"
tt10928086,nm2429593,actor,"[""title.principals""]"
tt10928086,nm2488485,actor,"[""title.principals""]"
tt10928086,nm3963098,writer,"[""title.crew"", ""title.principals""]"
tt10928086,nm5397686,actor,"[""title.principals""]"
tt10928086,nm6515397,writer,"[""title.crew"", ""title.principals""]"
tt10928086,nm7509932,actor,"[""title.principals""]"
tt11107074,nm0475853,writer,"[""title.crew"", ""title.principals""]"
tt11107074,nm1209923,actor,"[""title.principals""]"
tt11107074,nm1924628,actor,"[""title.principals""]"
tt11107074,nm2462004,actor,"[""title.principals""]"
tt11107074,nm2568279,director,"[""title.crew"", ""title.principals""]"
tt11107074,nm2569233,actor,"[""title.principals""]"
tt11107074,nm2893431,actor,"[""title.principals""]"
tt11107074,nm3619235,writer,"[""title.crew"", ""title.principals""]"
tt11107074,nm3961240,actor,"[""title.principals""]"
tt11107074,nm4785118,actor,"[""title.principals""]"
tt11107074,nm5481013,actor,"[""title.principals""]"
tt11107074,nm5693918,actor,"[""title.principals""]"
tt11107074,nm7645092,actor,"[""title.principals""]"
tt11107074,nm9484837,writer,"[""title.crew"", ""title.principals""]"
tt11225626,nm0005003,actor,"[""title.principals""]"
tt11225626,nm0424848,actor,"[""title.principals""]"
tt11225626,nm0449299,actor,"[""title.principals""]"
tt11225626,nm0449299,director,"[""title.crew"", ""title.principals""]"
tt11225626,nm1094137,actor,"[""title.principals""]"
tt11225626,nm1729395,writer,"[""title.crew"", ""title.principals""]"
tt11225626,nm1854664,actor,"[""title.principals""]"
tt11225626,nm2782402,director,"[""title.crew"", ""title.principals""]"
tt11225626,nm3288578,actor,"[""title.principals""]"
tt11225626,nm3599323,actor,"[""title.principals""]"
tt11225626,nm4169922,actor,"[""title.principals""]"
tt11225626,nm4420495,actor,"[""title.principals""]"
tt11225626,nm5570560,actor,"[""title.principals""]"
tt11261532,nm10559174,actor,"[""title.principals""]"
tt11261532,nm2403746,actor,"[""title.principals""]"
tt11261532,nm2403746,director,"[""title.crew"", ""title.principals""]"
tt11261532,nm2403746,writer,"[""title.crew"", ""title.principals""]"
tt11261532,nm3517181,actor,"[""title.principals""]"
tt11261532,nm3792864,actor,"[""title.principals""]"
tt11261532,nm3849940,actor,"[""title.principals""]"
tt11261532,nm3898625,actor,"[""title.principals""]"
tt11261532,nm4102879,actor,"[""title.principals""]"
tt11261532,nm4569238,actor,"[""title.principals""]"
tt11261532,nm4905066,actor,"[""title.principals""]"
tt11261532,nm8347434,actor,"[""title.principals""]"
tt1135095,nm0000590,writer,"[""title.crew"", ""title.principals""]"
tt1135095,nm0004051,actor,"[""title.principals""]"
tt1135095,nm0191147,director,"[""title.crew"", ""title.principals""]"
tt1135095,nm0268356,actor,"[""title.principals""]"
tt1135095,nm0365988,actor,"[""title.principals""]"
tt1135095,nm0372176,actor,"[""title.principals""]"
tt1135095,nm0524197,actor,"[""title.principals""]"
tt1135095,nm0860947,actor,"[""title.principals""]"
tt1135095,nm0931324,actor,"[""title.principals""]"
tt1135095,nm1032567,actor,"[""title.principals""]"
tt1135095,nm1316767,actor,"[""title.principals""]"
tt1135095,nm1709264,writer,"[""title.crew"", ""title.principals""]"
tt1135095,nm2356963,actor,"[""title.principals""]"
tt1135961,nm0690422,actor,"[""title.principals""]"
tt1135961,nm1210703,actor,"[""title.principals""]"
tt1135961,nm1547925,director,"[""title.crew"", ""title.principals""]"
tt1135961,nm1547925,writer,"[""title.crew"", ""title.principals""]"
tt1135961,nm1669761,actor,"[""title.principals""]"
tt1135961,nm2562810,actor,"[""title.principals""]"
tt1135961,nm2589555,actor,"[""title.principals""]"
tt1135961,nm2827111,actor,"[""title.principals""]"
tt1135961,nm2930298,actor,"[""title.principals""]"
tt1135961,nm2930931,actor,"[""title.principals""]"
tt1135961,nm7294907,actor,"[""title.principals""]"
tt1135961,nm7294908,actor,"[""title.principals""]"
tt11608126,nm0217898,actor,"[""title.principals""]"
tt11608126,nm10543719,actor,"[""title.principals""]"
tt11608126,nm10708586,actor,"[""title.principals""]"
tt11608126,nm10731413,actor,"[""title.principals""]"
tt11608126,nm10928176,actor,"[""title.principals""]"
tt11608126,nm2840457,actor,"[""title.principals""]"
tt11608126,nm7785899,actor,"[""title.principals""]"
tt11608126,nm8758994,actor,"[""title.principals""]"
tt11608126,nm8886691,actor,"[""title.principals""]"
tt11608126,nm9980032,actor,"[""title.principals""]"
tt11608126,nm9980032,director,"[""title.crew"", ""title.principals""]"
tt11608126,nm9980032,writer,"[""title.crew"", ""title.principals""]"
tt11610804,nm0000882,actor,"[""title.principals""]"
tt11610804,nm0033389,actor,"[""title.principals""]"
tt11610804,nm0674816,actor,"[""title.principals""]"
tt11610804,nm0894173,writer,"[""title.crew"", ""title.principals""]"
tt11610804,nm1560551,actor,"[""title.principals""]"
tt11610804,nm2532542,actor,"[""title.principals""]"
tt11610804,nm4502162,director,"[""title.crew"", ""title.principals""]"
tt11610804,nm4502162,writer,"[""title.crew"", ""title.principals""]"
tt11610804,nm5575653,actor,"[""title.principals""]"
tt11610804,nm6574569,actor,"[""title.principals""]"
tt11610804,nm6891947,actor,"[""title.principals""]"
tt11610804,nm7747603,actor,"[""title.principals""]"
tt11610804,nm8161355,actor,"[""title.principals""]"
tt1161418,nm0029400,actor,"[""title.principals""]"
tt1161418,nm0177639,actor,"[""title.principals""]"
tt1161418,nm0381478,director,"[""title.crew"", ""title.principals""]"
tt1161418,nm0381478,writer,"[""title.crew"", ""title.principals""]"
tt1161418,nm0925234,actor,"[""title.principals""]"
tt1161418,nm1113400,actor,"[""title.principals""]"
tt1161418,nm1318596,actor,"[""title.principals""]"
tt1161418,nm1415801,writer,"[""title.crew"", ""title.principals""]"
tt1161418,nm1546187,actor,"[""title.principals""]"
tt1161418,nm2074421,actor,"[""title.principals""]"
tt1161418,nm2955501,actor,"[""title.principals""]"
tt1161418,nm3516275,actor,"[""title.principals""]"
tt1161418,nm5599463,actor,"[""title.principals""]"
tt1181791,nm0000293,actor,"[""title.principals""]"
tt1181791,nm0001487,actor,"[""title.principals""]"
tt1181791,nm0001831,actor,"[""title.principals""]"
tt1181791,nm0364890,actor,"[""title.principals""]"
tt1181791,nm0396924,actor,"[""title.principals""]"
tt1181791,nm0570570,actor,"[""title.principals""]"
tt1181791,nm0638762,actor,"[""title.principals""]"
tt1181791,nm0689785,writer,"[""title.crew"", ""title.principals""]"
tt1181791,nm1247462,director,"[""title.crew"", ""title.principals""]"
tt1181791,nm1247462,writer,"[""title.crew""]"
tt1181791,nm1519666,actor,"[""title.principals""]"
tt1181791,nm2047170,actor,"[""title.principals""]"
tt1181791,nm2632878,actor,"[""title.principals""]"
tt11866370,nm0900266,actor,"[""title.principals""]"
tt11866370,nm1326535,actor,"[""title.principals""]"
tt11866370,nm1326535,director,"[""title.crew"", ""title.principals""]"
tt11866370,nm1326535,writer,"[""title.crew"", ""title.principals""]"
tt11866370,nm1942975,actor,"[""title.principals""]"
tt11866370,nm1951127,actor,"[""title.principals""]"
tt11866370,nm3164292,actor,"[""title.principals""]"
tt11866370,nm5253704,writer,"[""title.crew"", ""title.principals""]"
tt11866370,nm5637317,actor,"[""title.principals""]"
tt11866370,nm6489058,actor,"[""title.principals""]"
tt11866370,nm6574241,actor,"[""title.principals""]"
tt11866370,nm6835491,actor,"[""title.principals""]"
tt11866370,nm7017265,writer,"[""title.crew"", ""title.principals""]"
tt11866370,nm7945153,actor,"[""title.principals""]"
tt1194616,nm0000521,actor,"[""title.principals""]"
tt1194616,nm0018132,director,"[""title.crew"", ""title.principals""]"
tt1194616,nm0018132,writer,"[""title.crew"", ""title.principals""]"
tt1194616,nm0594956,actor,"[""title.principals""]"
tt1194616,nm1817887,actor,"[""title.principals""]"
tt1194616,nm3239918,actor,"[""title.principals""]"
tt1194616,nm3240001,actor,"[""title.principals""]"
tt1194616,nm3260339,actor,"[""title.principals""]"
tt1194616,nm3260947,actor,"[""title.principals""]"
tt1194616,nm3261208,actor,"[""title.principals""]"
tt1194616,nm3261209,actor,"[""title.principals""]"
tt1194616,nm3261379,actor,"[""title.principals""]"
tt1194616,nm3610886,writer,"[""title.crew"", ""title.principals""]"
tt1209361,nm0123009,actor,"[""title.principals""]"
tt1209361,nm0391980,actor,"[""title.principals""]"
tt1209361,nm0486068,actor,"[""title.principals""]"
tt1209361,nm0490707,actor,"[""title.principals""]"
tt1209361,nm0490707,writer,"[""title.crew"", ""title.principals""]"
tt1209361,nm0518715,actor,"[""title.principals""]"
tt1209361,nm0697785,actor,"[""title.principals""]"
tt1209361,nm0840412,director,"[""title.crew"", ""title.principals""]"
tt1209361,nm0859702,actor,"[""title.principals""]"
tt1209361,nm1071670,writer,"[""title.crew"", ""title.principals""]"
tt1209361,nm1580957,actor,"[""title.principals""]"
tt1209361,nm2342578,actor,"[""title.principals""]"
tt1209361,nm2384954,actor,"[""title.principals""]"
tt1209361,nm2778003,writer,"[""title.crew"", ""title.principals""]"
tt12163074,nm0120284,actor,"[""title.principals""]"
tt12163074,nm0792156,actor,"[""title.principals""]"
tt12163074,nm2442244,director,"[""title.crew"", ""title.principals""]"
tt12163074,nm2442244,writer,"[""title.crew"", ""title.principals""]"
tt12163074,nm3012085,actor,"[""title.principals""]"
tt12163074,nm4266732,actor,"[""title.principals""]"
tt12163074,nm4944824,actor,"[""title.principals""]"
tt12163074,nm6914133,actor,"[""title.principals""]"
tt12163074,nm6914134,actor,"[""title.principals""]"
tt12163074,nm7044125,actor,"[""title.principals""]"
tt12163074,nm7341728,actor,"[""title.principals""]"
tt12163074,nm8948296,actor,"[""title.principals""]"
tt1239446,nm0078517,actor,"[""title.principals""]"
tt1239446,nm0381833,actor,"[""title.principals""]"
tt1239446,nm0539482,actor,"[""title.principals""]"
tt1239446,nm0618574,actor,"[""title.principals""]"
tt1239446,nm0912334,actor,"[""title.principals""]"
tt1239446,nm0912334,director,"[""title.crew"", ""title.principals""]"
tt1239446,nm0912334,writer,"[""title.crew"", ""title.principals""]"
tt1239446,nm1235052,actor,"[""title.principals""]"
tt1239446,nm3092471,actor,"[""title.principals""]"
tt12585076,nm0103785,actor,"[""title.principals""]"
tt12585076,nm0819850,actor,"[""title.principals""]"
tt12585076,nm0940974,actor,"[""title.principals""]"
tt12585076,nm2864252,actor,"[""title.principals""]"
tt12585076,nm3813298,actor,"[""title.principals""]"
tt12585076,nm4731139,actor,"[""title.principals""]"
tt12585076,nm4965072,actor,"[""title.principals""]"
tt12585076,nm5004245,writer,"[""title.crew"", ""title.principals""]"
tt12585076,nm6826585,director,"[""title.crew"", ""title.principals""]"
tt12585076,nm7093076,actor,"[""title.principals""]"
tt12585076,nm7738736,actor,"[""title.principals""]"
tt12585076,nm9109723,actor,"[""title.principals""]"
tt1274596,nm0745033,actor,"[""title.principals""]"
tt1274596,nm0908436,actor,"[""title.principals""]"
tt1274596,nm1193100,actor,"[""title.principals""]"
tt1274596,nm1843550,actor,"[""title.principals""]"
tt1274596,nm1896588,actor,"[""title.principals""]"
tt1274596,nm2575361,actor,"[""title.principals""]"
tt1274596,nm2618590,actor,"[""title.principals""]"
tt1274596,nm2804580,actor,"[""title.principals""]"
tt1274596,nm3096722,actor,"[""title.principals""]"
tt1274596,nm3097137,actor,"[""title.principals""]"
tt1274596,nm3097327,writer,"[""title.crew"", ""title.principals""]"
tt1274596,nm3112143,director,"[""title.crew"", ""title.principals""]"
tt12763920,nm0354653,actor,"[""title.principals""]"
tt12763920,nm0497631,actor,"[""title.principals""]"
tt12763920,nm10543177,actor,"[""title.principals""]"
tt12763920,nm1058565,actor,"[""title.principals""]"
tt12763920,nm11713137,actor,"[""title.principals""]"
tt12763920,nm12498583,actor,"[""title.principals""]"
tt12763920,nm2974384,director,"[""title.crew"", ""title.principals""]"
tt12763920,nm3683989,actor,"[""title.principals""]"
tt12763920,nm4561627,actor,"[""title.principals""]"
tt12763920,nm6145761,actor,"[""title.principals""]"
tt12763920,nm9482213,actor,"[""title.principals""]"
tt12857614,nm11799960,director,"[""title.crew"", ""title.principals""]"
tt12857614,nm11799960,writer,"[""title.crew"", ""title.principals""]"
tt12857614,nm11799963,actor,"[""title.principals""]"
tt12857614,nm12509098,actor,"[""title.principals""]"
tt12857614,nm12509100,actor,"[""title.principals""]"
tt12857614,nm12509101,actor,"[""title.principals""]"
tt12857614,nm12509106,actor,"[""title.principals""]"
tt12857614,nm12509112,actor,"[""title.principals""]"
tt12857614,nm12509114,actor,"[""title.principals""]"
tt12857614,nm12509116,actor,"[""title.principals""]"
tt12857614,nm12509119,actor,"[""title.principals""]"
tt12857614,nm8065721,actor,"[""title.principals""]"
tt12875782,nm0082776,director,"[""title.crew"", ""title.principals""]"
tt12875782,nm0191333,actor,"[""title.principals""]"
tt12875782,nm0345000,actor,"[""title.principals""]"
tt12875782,nm0378929,actor,"[""title.principals""]"
tt12875782,nm0475365,actor,"[""title.principals""]"
tt12875782,nm0617852,actor,"[""title.principals""]"
tt12875782,nm1177228,actor,"[""title.principals""]"
tt12875782,nm1869349,actor,"[""title.principals""]"
tt12875782,nm3255186,actor,"[""title.principals""]"
tt12875782,nm3872143,actor,"[""title.principals""]"
tt12875782,nm4657617,writer,"[""title.crew"", ""title.principals""]"
tt12875782,nm9493337,actor,"[""title.principals""]"
tt13043436,nm0032714,director,"[""title.crew"", ""title.principals""]"
tt13043436,nm0032714,writer,"[""title.crew"", ""title.principals""]"
tt13043436,nm0345798,actor,"[""title.principals""]"
tt13043436,nm1052596,actor,"[""title.principals""]"
tt13043436,nm10751817,writer,"[""title.crew"", ""title.principals""]"
tt13043436,nm10990268,actor,"[""title.principals""]"
tt13043436,nm1193571,actor,"[""title.principals""]"
tt13043436,nm13264725,writer,"[""title.crew""]"
tt13043436,nm13323464,actor,"[""title.principals""]"
tt13043436,nm13376619,actor,"[""title.principals""]"
tt13043436,nm13445593,actor,"[""title.principals""]"
tt13043436,nm13722313,actor,"[""title.principals""]"
tt13043436,nm13901514,actor,"[""title.principals""]"
tt13043436,nm3694749,actor,"[""title.principals""]"
tt1322930,nm0275736,actor,"[""title.principals""]"
tt1322930,nm0402116,actor,"[""title.principals""]"
tt1322930,nm1078045,actor,"[""title.principals""]"
tt1322930,nm1463981,director,"[""title.crew"", ""title.principals""]"
tt1322930,nm1463981,writer,"[""title.crew"", ""title.principals""]"
tt1322930,nm1702283,actor,"[""title.principals""]"
tt1322930,nm1727456,actor,"[""title.principals""]"
tt1322930,nm1876440,actor,"[""title.principals""]"
tt1322930,nm2115236,actor,"[""title.principals""]"
tt1322930,nm2353863,actor,"[""title.principals""]"
tt1322930,nm3192975,actor,"[""title.principals""]"
tt1322930,nm3193559,actor,"[""title.principals""]"
tt1329454,nm0002776,actor,"[""title.principals""]"
tt1329454,nm0156567,actor,"[""title.principals""]"
tt1329454,nm0482628,actor,"[""title.principals""]"
tt1329454,nm0482695,actor,"[""title.principals""]"
tt1329454,nm0628727,actor,"[""title.principals""]"
tt1329454,nm0803308,actor,"[""title.principals""]"
tt1329454,nm0856500,actor,"[""title.principals""]"
tt1329454,nm0864775,director,"[""title.crew"", ""title.principals""]"
tt1329454,nm0906413,writer,"[""title.crew"", ""title.principals""]"
tt1329454,nm0938893,actor,"[""title.principals""]"
tt1329454,nm0939059,actor,"[""title.principals""]"
tt1329454,nm0945189,actor,"[""title.principals""]"
tt13316790,nm0029264,actor,"[""title.principals""]"
tt13316790,nm0356515,actor,"[""title.principals""]"
tt13316790,nm0459732,director,"[""title.crew"", ""title.principals""]"
tt13316790,nm0489162,actor,"[""title.principals""]"
tt13316790,nm0675478,actor,"[""title.principals""]"
tt13316790,nm0677471,actor,"[""title.principals""]"
tt13316790,nm0921031,actor,"[""title.principals""]"
tt13316790,nm0944192,actor,"[""title.principals""]"
tt13316790,nm12433556,actor,"[""title.principals""]"
tt13316790,nm2316016,actor,"[""title.principals""]"
tt13316790,nm2378976,actor,"[""title.principals""]"
tt13316790,nm2536305,writer,"[""title.crew"", ""title.principals""]"
tt1336608,nm0000129,actor,"[""title.principals""]"
tt1336608,nm0000285,actor,"[""title.principals""]"
tt1336608,nm0195476,writer,"[""title.crew"", ""title.principals""]"
tt1336608,nm0788202,director,"[""title.crew"", ""title.principals""]"
tt1336608,nm0857620,writer,"[""title.crew"", ""title.principals""]"
tt1336608,nm1200153,actor,"[""title.principals""]"
tt1336608,nm1258970,actor,"[""title.principals""]"
tt1336608,nm1546300,actor,"[""title.principals""]"
tt1336608,nm1615610,writer,"[""title.crew"", ""title.principals""]"
tt1336608,nm2584600,actor,"[""title.principals""]"
tt1336608,nm2948426,actor,"[""title.principals""]"
tt1336608,nm2969954,actor,"[""title.principals""]"
tt1336608,nm5088183,actor,"[""title.principals""]"
tt1336608,nm5088247,actor,"[""title.principals""]"
tt1341188,nm0000197,actor,"[""title.principals""]"
tt1341188,nm0000702,actor,"[""title.principals""]"
tt1341188,nm0000985,director,"[""title.crew"", ""title.principals""]"
tt1341188,nm0000985,writer,"[""title.crew"", ""title.principals""]"
tt1341188,nm0005562,actor,"[""title.principals""]"
tt1341188,nm0174909,actor,"[""title.principals""]"
tt1341188,nm0513021,actor,"[""title.principals""]"
tt1341188,nm0572261,actor,"[""title.principals""]"
tt1341188,nm0697062,actor,"[""title.principals""]"
tt1341188,nm0748620,actor,"[""title.principals""]"
tt1341188,nm0893120,actor,"[""title.principals""]"
tt1341188,nm1063517,actor,"[""title.principals""]"
tt1341338,nm0005377,actor,"[""title.principals""]"
tt1341338,nm0657794,actor,"[""title.principals""]"
tt1341338,nm0671567,actor,"[""title.principals""]"
tt1341338,nm0893659,director,"[""title.crew"", ""title.principals""]"
tt1341338,nm1017334,actor,"[""title.principals""]"
tt1341338,nm14330474,actor,"[""title.principals""]"
tt1341338,nm2816668,writer,"[""title.crew"", ""title.principals""]"
tt1341338,nm4726634,actor,"[""title.principals""]"
tt1341338,nm5219130,actor,"[""title.principals""]"
tt1341338,nm5307128,actor,"[""title.principals""]"
tt1341338,nm5939164,actor,"[""title.principals""]"
tt1341338,nm6796942,actor,"[""title.principals""]"
tt13515090,nm0288260,actor,"[""title.principals""]"
tt13515090,nm0641859,actor,"[""title.principals""]"
tt13515090,nm0721707,director,"[""title.crew"", ""title.principals""]"
tt13515090,nm12878952,actor,"[""title.principals""]"
tt13515090,nm14146234,actor,"[""title.principals""]"
tt13515090,nm14185299,actor,"[""title.principals""]"
tt13515090,nm14185300,actor,"[""title.principals""]"
tt13515090,nm14185301,actor,"[""title.principals""]"
tt13515090,nm1469236,actor,"[""title.principals""]"
tt13515090,nm2461009,actor,"[""title.principals""]"
tt13515090,nm5222015,writer,"[""title.crew"", ""title.principals""]"
tt13515090,nm7549669,actor,"[""title.principals""]"
tt13801462,nm0764316,director,"[""title.crew"", ""title.principals""]"
tt13801462,nm0764316,writer,"[""title.crew"", ""title.principals""]"
tt13801462,nm0952232,actor,"[""title.principals""]"
tt13801462,nm10604736,actor,"[""title.principals""]"
tt13801462,nm12228947,actor,"[""title.principals""]"
tt13801462,nm1428293,actor,"[""title.principals""]"
tt13801462,nm14870845,actor,"[""title.principals""]"
tt13801462,nm2346665,actor,"[""title.principals""]"
tt13801462,nm4190866,actor,"[""title.principals""]"
tt13801462,nm4972308,actor,"[""title.principals""]"
tt13801462,nm5208525,writer,"[""title.crew"", ""title.principals""]"
tt13801462,nm8013741,actor,"[""title.principals""]"
tt13801462,nm8620566,actor,"[""title.principals""]"
tt13866142,nm10987680,actor,"[""title.principals""]"
tt13866142,nm11824788,actor,"[""title.principals""]"
tt13866142,nm12154661,actor,"[""title.principals""]"
tt13866142,nm12154662,actor,"[""title.principals""]"
tt13866142,nm5845865,actor,"[""title.principals""]"
tt13866142,nm6296990,director,"[""title.crew"", ""title.principals""]"
tt13866142,nm7745725,actor,"[""title.principals""]"
tt1386703,nm0000295,actor,"[""title.principals""]"
tt1386703,nm0004754,actor,"[""title.principals""]"
tt1386703,nm0055712,actor,"[""title.principals""]"
tt1386703,nm0093560,writer,"[""title.crew"", ""title.principals""]"
tt1386703,nm0158626,actor,"[""title.principals""]"
tt1386703,nm0186505,actor,"[""title.principals""]"
tt1386703,nm0268199,actor,"[""title.principals""]"
tt1386703,nm0325778,writer,"[""title.crew""]"
tt1386703,nm0498449,actor,"[""title.principals""]"
tt1386703,nm0569651,actor,"[""title.principals""]"
tt1386703,nm0631490,actor,"[""title.principals""]"
tt1386703,nm0639321,writer,"[""title.crew"", ""title.principals""]"
tt1386703,nm0693956,writer,"[""title.crew""]"
tt1386703,nm0795953,writer,"[""title.crew"", ""title.principals""]"
tt1386703,nm0934483,writer,"[""title.crew"", ""title.principals""]"
tt1386703,nm0936482,director,"[""title.crew"", ""title.principals""]"
tt1386703,nm0940158,actor,"[""title.principals""]"
tt13918550,nm0164809,actor,"[""title.principals""]"
tt13918550,nm0171722,writer,"[""title.crew"", ""title.principals""]"
tt13918550,nm1157358,actor,"[""title.principals""]"
tt13918550,nm2089884,actor,"[""title.principals""]"
tt13918550,nm2417960,actor,"[""title.principals""]"
tt13918550,nm2541974,actor,"[""title.principals""]"
tt13918550,nm2642892,actor,"[""title.principals""]"
tt13918550,nm2943468,actor,"[""title.principals""]"
tt13918550,nm3354963,actor,"[""title.principals""]"
tt13918550,nm3567337,writer,"[""title.crew"", ""title.principals""]"
tt13918550,nm4477065,director,"[""title.crew"", ""title.principals""]"
tt13918550,nm5937328,actor,"[""title.principals""]"
tt13918550,nm6082176,actor,"[""title.principals""]"
tt13989030,nm0381675,writer,"[""title.crew"", ""title.principals""]"
tt13989030,nm0414910,director,"[""title.crew"", ""title.principals""]"
tt13989030,nm11379138,actor,"[""title.principals""]"
tt13989030,nm1197230,actor,"[""title.principals""]"
tt13989030,nm13063807,actor,"[""title.principals""]"
tt13989030,nm13321105,actor,"[""title.principals""]"
tt13989030,nm13321106,actor,"[""title.principals""]"
tt13989030,nm13321107,actor,"[""title.principals""]"
tt13989030,nm1404824,actor,"[""title.principals""]"
tt13989030,nm1751245,actor,"[""title.principals""]"
tt13989030,nm2642787,actor,"[""title.principals""]"
tt13989030,nm4565815,actor,"[""title.principals""]"
tt1414378,nm0425168,actor,"[""title.principals""]"
tt1414378,nm0607325,actor,"[""title.principals""]"
tt1414378,nm0789054,director,"[""title.crew"", ""title.principals""]"
tt1414378,nm0935653,actor,"[""title.principals""]"
tt1414378,nm1270715,writer,"[""title.crew"", ""title.principals""]"
tt1414378,nm1319947,actor,"[""title.principals""]"
tt1414378,nm1398610,actor,"[""title.principals""]"
tt1414378,nm2210329,actor,"[""title.principals""]"
tt1414378,nm2680937,actor,"[""title.principals""]"
tt1414378,nm3429840,actor,"[""title.principals""]"
tt1414378,nm4482049,actor,"[""title.principals""]"
tt1414378,nm4506004,actor,"[""title.principals""]"
tt1418712,nm0126250,actor,"[""title.principals""]"
tt1418712,nm0130736,actor,"[""title.principals""]"
tt1418712,nm0185404,actor,"[""title.principals""]"
tt1418712,nm0531722,actor,"[""title.principals""]"
tt1418712,nm0580679,actor,"[""title.principals""]"
tt1418712,nm0751085,actor,"[""title.principals""]"
tt1418712,nm0905554,actor,"[""title.principals""]"
tt1418712,nm1530422,director,"[""title.crew"", ""title.principals""]"
tt1418712,nm1530422,writer,"[""title.crew"", ""title.principals""]"
tt1418712,nm1736914,actor,"[""title.principals""]"
tt1418712,nm2339680,actor,"[""title.principals""]"
tt1418712,nm2361978,writer,"[""title.crew"", ""title.principals""]"
tt1418712,nm2397300,actor,"[""title.principals""]"
tt1424310,nm0000329,actor,"[""title.principals""]"
tt1424310,nm0000329,director,"[""title.crew"", ""title.principals""]"
tt1424310,nm0000329,writer,"[""title.crew"", ""title.principals""]"
tt1424310,nm0001624,actor,"[""title.principals""]"
tt1424310,nm0150894,writer,"[""title.crew"", ""title.principals""]"
tt1424310,nm0422638,actor,"[""title.principals""]"
tt1424310,nm0795517,actor,"[""title.principals""]"
tt1424310,nm0849282,writer,"[""title.crew"", ""title.principals""]"
tt1424310,nm0867262,writer,"[""title.crew""]"
tt1424310,nm0943079,actor,"[""title.principals""]"
tt1424310,nm1085861,actor,"[""title.principals""]"
tt1424310,nm2349733,actor,"[""title.principals""]"
tt1424310,nm4080670,actor,"[""title.principals""]"
tt1424310,nm4089208,actor,"[""title.principals""]"
tt1424310,nm4341859,actor,"[""title.principals""]"
tt1424310,nm8281888,writer,"[""title.crew"", ""title.principals""]"
tt1430110,nm0040939,actor,"[""title.principals""]"
tt1430110,nm0069711,director,"[""title.crew"", ""title.principals""]"
tt1430110,nm0069711,writer,"[""title.crew"", ""title.principals""]"
tt1430110,nm0175931,actor,"[""title.principals""]"
tt1430110,nm0220976,actor,"[""title.principals""]"
tt1430110,nm0264554,actor,"[""title.principals""]"
tt1430110,nm0468048,actor,"[""title.principals""]"
tt1430110,nm0545838,actor,"[""title.principals""]"
tt1430110,nm0583681,actor,"[""title.principals""]"
tt1430110,nm0903964,actor,"[""title.principals""]"
tt1430110,nm1101898,actor,"[""title.principals""]"
tt1430110,nm3693111,actor,"[""title.principals""]"
tt1438173,nm0003300,writer,"[""title.crew"", ""title.principals""]"
tt1438173,nm0542493,writer,"[""title.crew"", ""title.principals""]"
tt1438173,nm0611683,writer,"[""title.crew"", ""title.principals""]"
tt1438173,nm0659373,actor,"[""title.principals""]"
tt1438173,nm0719320,director,"[""title.crew"", ""title.principals""]"
tt1438173,nm0755308,actor,"[""title.principals""]"
tt1438173,nm0960946,actor,"[""title.principals""]"
tt1438173,nm1167123,actor,"[""title.principals""]"
tt1438173,nm1324960,writer,"[""title.crew""]"
tt1438173,nm1801800,actor,"[""title.principals""]"
tt1438173,nm1882152,actor,"[""title.principals""]"
tt1438173,nm2089884,actor,"[""title.principals""]"
tt1438173,nm2100081,actor,"[""title.principals""]"
tt1438173,nm2436145,actor,"[""title.principals""]"
tt1438173,nm2453858,writer,"[""title.crew""]"
tt1438173,nm2560081,writer,"[""title.crew"", ""title.principals""]"
tt1438173,nm3887625,actor,"[""title.principals""]"
tt14463484,nm0145673,actor,"[""title.principals""]"
tt14463484,nm0284272,actor,"[""title.principals""]"
tt14463484,nm10207998,actor,"[""title.principals""]"
tt14463484,nm12494183,actor,"[""title.principals""]"
tt14463484,nm12494184,actor,"[""title.principals""]"
tt14463484,nm12494185,writer,"[""title.crew"", ""title.principals""]"
tt14463484,nm12728423,actor,"[""title.principals""]"
tt14463484,nm1968069,actor,"[""title.principals""]"
tt14463484,nm2253409,director,"[""title.crew"", ""title.principals""]"
tt14463484,nm3182969,actor,"[""title.principals""]"
tt14463484,nm4485092,writer,"[""title.crew"", ""title.principals""]"
tt14463484,nm8774122,actor,"[""title.principals""]"
tt14463484,nm9616694,actor,"[""title.principals""]"
tt1452628,nm0000491,actor,"[""title.principals""]"
tt1452628,nm0026442,director,"[""title.crew"", ""title.principals""]"
tt1452628,nm0159789,actor,"[""title.principals""]"
tt1452628,nm0400223,actor,"[""title.principals""]"
tt1452628,nm0536582,actor,"[""title.principals""]"
tt1452628,nm0628601,actor,"[""title.principals""]"
tt1452628,nm1097510,writer,"[""title.crew"", ""title.principals""]"
tt1452628,nm3080738,actor,"[""title.principals""]"
tt1452628,nm3561899,actor,"[""title.principals""]"
tt1452628,nm3566051,actor,"[""title.principals""]"
tt1452628,nm3632976,actor,"[""title.principals""]"
tt1452628,nm3801586,actor,"[""title.principals""]"
tt14564000,nm0045075,actor,"[""title.principals""]"
tt14564000,nm0419688,actor,"[""title.principals""]"
tt14564000,nm0471447,actor,"[""title.principals""]"
tt14564000,nm0695177,actor,"[""title.principals""]"
tt14564000,nm0710545,actor,"[""title.principals""]"
tt14564000,nm10033951,actor,"[""title.principals""]"
tt14564000,nm11203267,actor,"[""title.principals""]"
tt14564000,nm1121870,actor,"[""title.principals""]"
tt14564000,nm1302330,actor,"[""title.principals""]"
tt14564000,nm1894520,director,"[""title.crew"", ""title.principals""]"
tt14564000,nm1894520,writer,"[""title.crew"", ""title.principals""]"
tt14564000,nm2496992,actor,"[""title.principals""]"
tt14604100,nm0218674,actor,"[""title.principals""]"
tt14604100,nm0333951,actor,"[""title.principals""]"
tt14604100,nm0558726,actor,"[""title.principals""]"
tt14604100,nm0572951,actor,"[""title.principals""]"
tt14604100,nm1675531,actor,"[""title.principals""]"
tt14604100,nm2274512,actor,"[""title.principals""]"
tt14604100,nm2274512,director,"[""title.crew"", ""title.principals""]"
tt14604100,nm2274512,writer,"[""title.crew"", ""title.principals""]"
tt14604100,nm2403367,actor,"[""title.principals""]"
tt14604100,nm4683796,actor,"[""title.principals""]"
tt14604100,nm7394721,actor,"[""title.principals""]"
tt14604100,nm7961443,actor,"[""title.principals""]"
tt14604100,nm9382378,writer,"[""title.crew""]"
tt1464540,nm0142286,director,"[""title.crew"", ""title.principals""]"
tt1464540,nm0243806,actor,"[""title.principals""]"
tt1464540,nm0294580,writer,"[""title.crew""]"
tt1464540,nm0332184,writer,"[""title.crew"", ""title.principals""]"
tt1464540,nm0387809,actor,"[""title.principals""]"
tt1464540,nm0587692,writer,"[""title.crew"", ""title.principals""]"
tt1464540,nm0637497,writer,"[""title.crew"", ""title.principals""]"
tt1464540,nm0648249,actor,"[""title.principals""]"
tt1464540,nm1641117,actor,"[""title.principals""]"
tt1464540,nm1831976,actor,"[""title.principals""]"
tt1464540,nm1872698,actor,"[""title.principals""]"
tt1464540,nm1954240,actor,"[""title.principals""]"
tt1464540,nm2102665,actor,"[""title.principals""]"
tt1464540,nm2786608,actor,"[""title.principals""]"
tt1464540,nm3215232,actor,"[""title.principals""]"
tt1464540,nm3787416,writer,"[""title.crew"", ""title.principals""]"
tt14722598,nm0560962,actor,"[""title.principals""]"
tt14722598,nm0658041,actor,"[""title.principals""]"
tt14722598,nm1084399,actor,"[""title.principals""]"
tt14722598,nm1197737,actor,"[""title.principals""]"
tt14722598,nm12155509,actor,"[""title.principals""]"
tt14722598,nm12273420,actor,"[""title.principals""]"
tt14722598,nm12623975,actor,"[""title.principals""]"
tt14722598,nm1346713,director,"[""title.crew"", ""title.principals""]"
tt14722598,nm1346713,writer,"[""title.crew"", ""title.principals""]"
tt14722598,nm13995521,actor,"[""title.principals""]"
tt14722598,nm1942197,writer,"[""title.crew"", ""title.principals""]"
tt14722598,nm3986032,actor,"[""title.principals""]"
tt14722598,nm8731960,actor,"[""title.principals""]"
tt14917354,nm0475625,writer,"[""title.crew"", ""title.principals""]"
tt14917354,nm0604349,actor,"[""title.principals""]"
tt14917354,nm0936151,actor,"[""title.principals""]"
tt14917354,nm1026102,actor,"[""title.principals""]"
tt14917354,nm1082665,actor,"[""title.principals""]"
tt14917354,nm11870936,actor,"[""title.principals""]"
tt14917354,nm13201435,actor,"[""title.principals""]"
tt14917354,nm1490813,director,"[""title.crew"", ""title.principals""]"
tt14917354,nm1490813,writer,"[""title.crew"", ""title.principals""]"
tt14917354,nm1871313,actor,"[""title.principals""]"
tt14917354,nm2001517,actor,"[""title.principals""]"
tt14917354,nm2500372,actor,"[""title.principals""]"
tt14917354,nm3088427,writer,"[""title.crew"", ""title.principals""]"
tt14917354,nm3582197,actor,"[""title.principals""]"
tt1496872,nm0787631,actor,"[""title.principals""]"
tt1496872,nm0882219,actor,"[""title.principals""]"
tt1496872,nm1883318,actor,"[""title.principals""]"
tt1496872,nm1951127,actor,"[""title.principals""]"
tt1496872,nm1962272,actor,"[""title.principals""]"
tt1496872,nm2967328,actor,"[""title.principals""]"
tt1496872,nm3561501,actor,"[""title.principals""]"
tt1496872,nm3578957,director,"[""title.crew"", ""title.principals""]"
tt1496872,nm3578957,writer,"[""title.crew"", ""title.principals""]"
tt1496872,nm4119000,actor,"[""title.principals""]"
tt1496872,nm4787081,actor,"[""title.principals""]"
tt1496872,nm4787181,actor,"[""title.principals""]"
tt15005606,nm0000228,actor,"[""title.principals""]"
tt15005606,nm0000360,actor,"[""title.principals""]"
tt15005606,nm0652965,actor,"[""title.principals""]"
tt15005606,nm0916617,actor,"[""title.principals""]"
tt15005606,nm10298333,actor,"[""title.principals""]"
tt15005606,nm10509452,actor,"[""title.principals""]"
tt15005606,nm12456405,actor,"[""title.principals""]"
tt15005606,nm2610844,director,"[""title.crew"", ""title.principals""]"
tt15005606,nm2610844,writer,"[""title.crew"", ""title.principals""]"
tt15005606,nm3961686,actor,"[""title.principals""]"
tt15005606,nm4116102,actor,"[""title.principals""]"
tt15005606,nm7825322,actor,"[""title.principals""]"
tt15009428,nm0001290,actor,"[""title.principals""]"
tt15009428,nm0005377,actor,"[""title.principals""]"
tt15009428,nm0147147,actor,"[""title.principals""]"
tt15009428,nm0186505,actor,"[""title.principals""]"
tt15009428,nm0297229,actor,"[""title.principals""]"
tt15009428,nm0297229,writer,"[""title.crew"", ""title.principals""]"
tt15009428,nm0397171,actor,"[""title.principals""]"
tt15009428,nm0891216,director,"[""title.crew"", ""title.principals""]"
tt15009428,nm1078479,actor,"[""title.principals""]"
tt15009428,nm3267876,actor,"[""title.principals""]"
tt15009428,nm3663196,actor,"[""title.principals""]"
tt15009428,nm7645984,actor,"[""title.principals""]"
tt15165236,nm0000084,actor,"[""title.principals""]"
tt15165236,nm0151654,actor,"[""title.principals""]"
tt15165236,nm0284608,actor,"[""title.principals""]"
tt15165236,nm0939182,director,"[""title.crew"", ""title.principals""]"
tt15165236,nm1273488,actor,"[""title.principals""]"
tt15165236,nm1741757,actor,"[""title.principals""]"
tt15165236,nm1742464,actor,"[""title.principals""]"
tt15165236,nm1742465,actor,"[""title.principals""]"
tt15165236,nm1742636,actor,"[""title.principals""]"
tt15165236,nm1745488,actor,"[""title.principals""]"
tt15165236,nm1745524,actor,"[""title.principals""]"
tt15262370,nm0012081,actor,"[""title.principals""]"
tt15262370,nm0725079,actor,"[""title.principals""]"
tt15262370,nm0922342,actor,"[""title.principals""]"
tt15262370,nm1483948,actor,"[""title.principals""]"
tt15262370,nm1764351,actor,"[""title.principals""]"
tt15262370,nm2164653,actor,"[""title.principals""]"
tt15262370,nm3093760,actor,"[""title.principals""]"
tt15262370,nm4780115,actor,"[""title.principals""]"
tt15262370,nm4899218,director,"[""title.crew"", ""title.principals""]"
tt15262370,nm4899218,writer,"[""title.crew"", ""title.principals""]"
tt15262370,nm5703727,actor,"[""title.principals""]"
tt15262370,nm8665144,actor,"[""title.principals""]"
tt15309808,nm10573778,actor,"[""title.principals""]"
tt15309808,nm1069826,actor,"[""title.principals""]"
tt15309808,nm10959015,writer,"[""title.crew"", ""title.principals""]"
tt15309808,nm12828686,actor,"[""title.principals""]"
tt15309808,nm13222819,writer,"[""title.crew"", ""title.principals""]"
tt15309808,nm2967763,actor,"[""title.principals""]"
tt15309808,nm3807965,actor,"[""title.principals""]"
tt15309808,nm4043111,actor,"[""title.principals""]"
tt15309808,nm4174212,actor,"[""title.principals""]"
tt15309808,nm5697538,actor,"[""title.principals""]"
tt15309808,nm6352742,director,"[""title.crew"", ""title.principals""]"
tt15309808,nm6352742,writer,"[""title.crew"", ""title.principals""]"
tt15309808,nm7850258,actor,"[""title.principals""]"
tt15309808,nm9991000,actor,"[""title.principals""]"
tt1535616,nm0000275,actor,"[""title.principals""]"
tt1535616,nm0000299,actor,"[""title.principals""]"
tt1535616,nm0004760,actor,"[""title.principals""]"
tt1535616,nm0005524,actor,"[""title.principals""]"
tt1535616,nm0314514,actor,"[""title.principals""]"
tt1535616,nm0328223,actor,"[""title.principals""]"
tt1535616,nm0893257,actor,"[""title.principals""]"
tt1535616,nm1002664,actor,"[""title.principals""]"
tt1535616,nm1142688,writer,"[""title.crew"", ""title.principals""]"
tt1535616,nm1164755,director,"[""title.crew"", ""title.principals""]"
tt1535616,nm1525948,actor,"[""title.principals""]"
tt1535616,nm2656048,writer,"[""title.crew"", ""title.principals""]"
tt1535616,nm4187270,actor,"[""title.principals""]"
tt15514498,nm0000412,actor,"[""title.principals""]"
tt15514498,nm0001872,actor,"[""title.principals""]"
tt15514498,nm0005282,actor,"[""title.principals""]"
tt15514498,nm1320827,actor,"[""title.principals""]"
tt15514498,nm1854664,actor,"[""title.principals""]"
tt15514498,nm2834234,actor,"[""title.principals""]"
tt15514498,nm3034977,actor,"[""title.principals""]"
tt15514498,nm3178429,director,"[""title.crew"", ""title.principals""]"
tt15514498,nm3178429,writer,"[""title.crew"", ""title.principals""]"
tt15514498,nm3194762,actor,"[""title.principals""]"
tt15514498,nm5405440,actor,"[""title.principals""]"
tt15514498,nm6285328,actor,"[""title.principals""]"
tt1582466,nm0080238,actor,"[""title.principals""]"
tt1582466,nm0103977,actor,"[""title.principals""]"
tt1582466,nm0542498,actor,"[""title.principals""]"
tt1582466,nm0621937,actor,"[""title.principals""]"
tt1582466,nm0793851,actor,"[""title.principals""]"
tt1582466,nm0893128,writer,"[""title.crew"", ""title.principals""]"
tt1582466,nm0896573,actor,"[""title.principals""]"
tt1582466,nm1110573,actor,"[""title.principals""]"
tt1582466,nm1352172,director,"[""title.crew"", ""title.principals""]"
tt1582466,nm1352172,writer,"[""title.crew"", ""title.principals""]"
tt1582466,nm1521381,actor,"[""title.principals""]"
tt1582466,nm1694524,actor,"[""title.principals""]"
tt1582466,nm2022987,writer,"[""title.crew""]"
tt1582466,nm2607210,actor,"[""title.principals""]"
tt1610452,nm13847389,actor,"[""title.principals""]"
tt1610452,nm1472197,actor,"[""title.principals""]"
tt1610452,nm1834891,director,"[""title.crew"", ""title.principals""]"
tt1610452,nm1834891,writer,"[""title.crew"", ""title.principals""]"
tt1610452,nm1964923,writer,"[""title.crew"", ""title.principals""]"
tt1610452,nm2286188,actor,"[""title.principals""]"
tt1610452,nm3087728,actor,"[""title.principals""]"
tt1610452,nm3814301,writer,"[""title.crew"", ""title.principals""]"
tt1610452,nm3828984,actor,"[""title.principals""]"
tt1610452,nm3893111,actor,"[""title.principals""]"
tt1610452,nm5440206,actor,"[""title.principals""]"
tt1610452,nm6444214,actor,"[""title.principals""]"
tt1610452,nm6560386,actor,"[""title.principals""]"
tt1610452,nm6840054,actor,"[""title.principals""]"
tt16303830,nm11421137,actor,"[""title.principals""]"
tt16303830,nm11592668,actor,"[""title.principals""]"
tt16303830,nm11750451,actor,"[""title.principals""]"
tt16303830,nm16431994,actor,"[""title.principals""]"
tt16303830,nm2410400,actor,"[""title.principals""]"
tt16303830,nm3797278,actor,"[""title.principals""]"
tt16303830,nm6106517,actor,"[""title.principals""]"
tt16303830,nm7027783,actor,"[""title.principals""]"
tt16303830,nm8690133,actor,"[""title.principals""]"
tt16303830,nm9282974,director,"[""title.crew"", ""title.principals""]"
tt16303830,nm9282974,writer,"[""title.crew"", ""title.principals""]"
tt16303830,nm9311474,actor,"[""title.principals""]"
tt16464084,nm0202253,actor,"[""title.principals""]"
tt16464084,nm2045250,director,"[""title.crew"", ""title.principals""]"
tt16464084,nm2045250,writer,"[""title.crew"", ""title.principals""]"
tt16464084,nm2449744,actor,"[""title.principals""]"
tt16464084,nm2460614,actor,"[""title.principals""]"
tt16464084,nm2917725,actor,"[""title.principals""]"
tt16464084,nm3796147,actor,"[""title.principals""]"
tt16464084,nm4490375,actor,"[""title.principals""]"
tt16464084,nm5216674,actor,"[""title.principals""]"
tt16464084,nm6344635,actor,"[""title.principals""]"
tt16464084,nm7060757,actor,"[""title.principals""]"
tt16464084,nm8744341,actor,"[""title.principals""]"
tt1650042,nm0122703,actor,"[""title.principals""]"
tt1650042,nm1273830,actor,"[""title.principals""]"
tt1650042,nm1383229,actor,"[""title.principals""]"
tt1650042,nm1450336,writer,"[""title.crew"", ""title.principals""]"
tt1650042,nm1911188,writer,"[""title.crew"", ""title.principals""]"
tt1650042,nm1951858,director,"[""title.crew"", ""title.principals""]"
tt1650042,nm1951858,writer,"[""title.crew"", ""title.principals""]"
tt1650042,nm2078303,actor,"[""title.principals""]"
tt1650042,nm2182337,actor,"[""title.principals""]"
tt1650042,nm3236344,actor,"[""title.principals""]"
tt1650042,nm3355632,actor,"[""title.principals""]"
tt1650042,nm3907440,actor,"[""title.principals""]"
tt1650042,nm3928613,actor,"[""title.principals""]"
tt1650042,nm4863191,actor,"[""title.principals""]"
tt1650554,nm0000120,actor,"[""title.principals""]"
tt1650554,nm0004820,actor,"[""title.principals""]"
tt1650554,nm0031750,actor,"[""title.principals""]"
tt1650554,nm0241173,actor,"[""title.principals""]"
tt1650554,nm0905592,director,"[""title.crew"", ""title.principals""]"
tt1650554,nm0905592,writer,"[""title.crew"", ""title.principals""]"
tt1650554,nm1093951,actor,"[""title.principals""]"
tt1650554,nm1167083,actor,"[""title.principals""]"
tt1650554,nm1348210,writer,"[""title.crew"", ""title.principals""]"
tt1650554,nm1631269,actor,"[""title.principals""]"
tt1650554,nm2050714,actor,"[""title.principals""]"
tt1650554,nm2092839,writer,"[""title.crew"", ""title.principals""]"
tt1650554,nm2395586,actor,"[""title.principals""]"
tt1650554,nm4932304,actor,"[""title.principals""]"
tt1667150,nm0000084,actor,"[""title.principals""]"
tt1667150,nm0005026,actor,"[""title.principals""]"
tt1667150,nm0005568,actor,"[""title.principals""]"
tt1667150,nm0031704,actor,"[""title.principals""]"
tt1667150,nm0155201,director,"[""title.crew"", ""title.principals""]"
tt1667150,nm0155201,writer,"[""title.crew"", ""title.principals""]"
tt1667150,nm0236884,writer,"[""title.crew"", ""title.principals""]"
tt1667150,nm0326092,writer,"[""title.crew"", ""title.principals""]"
tt1667150,nm0490489,actor,"[""title.principals""]"
tt1667150,nm0508373,actor,"[""title.principals""]"
tt1667150,nm0951135,writer,"[""title.crew"", ""title.principals""]"
tt1667150,nm1337123,actor,"[""title.principals""]"
tt1667150,nm1708547,actor,"[""title.principals""]"
tt1667150,nm1984001,actor,"[""title.principals""]"
tt1667150,nm2004248,actor,"[""title.principals""]"
tt1667150,nm3914804,writer,"[""title.crew""]"
tt1692189,nm0019382,actor,"[""title.principals""]"
tt1692189,nm0103977,actor,"[""title.principals""]"
tt1692189,nm0441030,actor,"[""title.principals""]"
tt1692189,nm0542498,actor,"[""title.principals""]"
tt1692189,nm0712433,actor,"[""title.principals""]"
tt1692189,nm0793851,actor,"[""title.principals""]"
tt1692189,nm0820240,actor,"[""title.principals""]"
tt1692189,nm0893128,writer,"[""title.crew"", ""title.principals""]"
tt1692189,nm1328152,actor,"[""title.principals""]"
tt1692189,nm1865011,actor,"[""title.principals""]"
tt1692189,nm3990580,director,"[""title.crew"", ""title.principals""]"
tt1692189,nm3990580,writer,"[""title.crew"", ""title.principals""]"
tt1692189,nm4071279,actor,"[""title.principals""]"
tt1692189,nm5725247,writer,"[""title.crew"", ""title.principals""]"
tt1753640,nm1431656,actor,"[""title.principals""]"
tt1753640,nm1480555,actor,"[""title.principals""]"
tt1753640,nm1802377,writer,"[""title.crew"", ""title.principals""]"
tt1753640,nm1887138,director,"[""title.crew"", ""title.principals""]"
tt1753640,nm1887138,writer,"[""title.crew"", ""title.principals""]"
tt1753640,nm2777281,actor,"[""title.principals""]"
tt1753640,nm3253318,actor,"[""title.principals""]"
tt1753640,nm3662636,actor,"[""title.principals""]"
tt1753640,nm4141638,actor,"[""title.principals""]"
tt1753640,nm4194328,actor,"[""title.principals""]"
tt1753640,nm4301688,actor,"[""title.principals""]"
tt1753640,nm4302098,actor,"[""title.principals""]"
tt1753640,nm4302345,actor,"[""title.principals""]"
tt1798709,nm0001618,actor,"[""title.principals""]"
tt1798709,nm0005069,director,"[""title.crew"", ""title.principals""]"
tt1798709,nm0005069,writer,"[""title.crew"", ""title.principals""]"
tt1798709,nm0010736,actor,"[""title.principals""]"
tt1798709,nm0424060,actor,"[""title.principals""]"
tt1798709,nm0686014,actor,"[""title.principals""]"
tt1798709,nm0695435,actor,"[""title.principals""]"
tt1798709,nm1842419,actor,"[""title.principals""]"
tt1798709,nm1913734,actor,"[""title.principals""]"
tt1798709,nm2415610,actor,"[""title.principals""]"
tt1798709,nm2995162,actor,"[""title.principals""]"
tt1798709,nm6130314,actor,"[""title.principals""]"
tt1800246,nm0430107,actor,"[""title.principals""]"
tt1800246,nm0525023,actor,"[""title.principals""]"
tt1800246,nm0656929,actor,"[""title.principals""]"
tt1800246,nm1140300,actor,"[""title.principals""]"
tt1800246,nm1374980,actor,"[""title.principals""]"
tt1800246,nm1782299,actor,"[""title.principals""]"
tt1800246,nm1789970,actor,"[""title.principals""]"
tt1800246,nm1886602,actor,"[""title.principals""]"
tt1800246,nm2224524,actor,"[""title.principals""]"
tt1800246,nm3230448,director,"[""title.crew"", ""title.principals""]"
tt1800246,nm3230448,writer,"[""title.crew"", ""title.principals""]"
tt1800246,nm4496875,actor,"[""title.principals""]"
tt18411838,nm0226936,actor,"[""title.principals""]"
tt18411838,nm10088250,writer,"[""title.crew"", ""title.principals""]"
tt18411838,nm10669404,actor,"[""title.principals""]"
tt18411838,nm11807165,actor,"[""title.principals""]"
tt18411838,nm12156111,actor,"[""title.principals""]"
tt18411838,nm12437884,actor,"[""title.principals""]"
tt18411838,nm12737026,actor,"[""title.principals""]"
tt18411838,nm13456350,writer,"[""title.crew"", ""title.principals""]"
tt18411838,nm13469918,actor,"[""title.principals""]"
tt18411838,nm1738580,actor,"[""title.principals""]"
tt18411838,nm1791881,actor,"[""title.principals""]"
tt18411838,nm3987941,director,"[""title.crew"", ""title.principals""]"
tt18411838,nm3987941,writer,"[""title.crew"", ""title.principals""]"
tt18411838,nm4829898,actor,"[""title.principals""]"
tt18411838,nm5717475,writer,"[""title.crew""]"
tt18411838,nm8046733,writer,"[""title.crew"", ""title.principals""]"
tt1844635,nm2470148,writer,"[""title.crew"", ""title.principals""]"
tt1844635,nm3094484,actor,"[""title.principals""]"
tt1844635,nm3584034,actor,"[""title.principals""]"
tt1844635,nm3888555,actor,"[""title.principals""]"
tt1844635,nm3923793,actor,"[""title.principals""]"
tt1844635,nm4327765,actor,"[""title.principals""]"
tt1844635,nm4327894,actor,"[""title.principals""]"
tt1844635,nm4328193,actor,"[""title.principals""]"
tt1844635,nm4328412,director,"[""title.crew"", ""title.principals""]"
tt1844635,nm4328412,writer,"[""title.crew"", ""title.principals""]"
tt1844635,nm4328449,writer,"[""title.crew"", ""title.principals""]"
tt1844635,nm4328648,actor,"[""title.principals""]"
tt1844635,nm4328678,writer,"[""title.crew"", ""title.principals""]"
tt1844635,nm4328699,actor,"[""title.principals""]"
tt1844635,nm4328705,actor,"[""title.principals""]"
tt1876373,nm0005085,actor,"[""title.principals""]"
tt1876373,nm0542157,actor,"[""title.principals""]"
tt1876373,nm0688264,actor,"[""title.principals""]"
tt1876373,nm0792156,actor,"[""title.principals""]"
tt1876373,nm1372258,actor,"[""title.principals""]"
tt1876373,nm1494168,actor,"[""title.principals""]"
tt1876373,nm3233092,director,"[""title.crew"", ""title.principals""]"
tt1876373,nm3233092,writer,"[""title.crew"", ""title.principals""]"
tt1876373,nm3236934,actor,"[""title.principals""]"
tt1876373,nm3236934,writer,"[""title.crew"", ""title.principals""]"
tt1876373,nm3627938,actor,"[""title.principals""]"
tt1876373,nm3738746,actor,"[""title.principals""]"
tt1876373,nm4394691,writer,"[""title.crew"", ""title.principals""]"
tt1876373,nm8130885,actor,"[""title.principals""]"
tt1890513,nm2390228,writer,"[""title.crew"", ""title.principals""]"
tt1890513,nm3217731,actor,"[""title.principals""]"
tt1890513,nm3822770,actor,"[""title.principals""]"
tt1890513,nm4217565,writer,"[""title.crew"", ""title.principals""]"
tt1890513,nm4393993,actor,"[""title.principals""]"
tt1890513,nm4414872,writer,"[""title.crew"", ""title.principals""]"
tt1890513,nm4415007,writer,"[""title.crew""]"
tt1890513,nm4415009,director,"[""title.crew"", ""title.principals""]"
tt1890513,nm4415009,writer,"[""title.crew"", ""title.principals""]"
tt1890513,nm4521638,actor,"[""title.principals""]"
tt1890513,nm4521892,actor,"[""title.principals""]"
tt1890513,nm4522379,actor,"[""title.principals""]"
tt1890513,nm4522492,actor,"[""title.principals""]"
tt1890513,nm4522692,actor,"[""title.principals""]"
tt1890513,nm4677521,actor,"[""title.principals""]"
tt1890513,nm4729449,actor,"[""title.principals""]"
tt18970380,nm0194305,actor,"[""title.principals""]"
tt18970380,nm0484970,actor,"[""title.principals""]"
tt18970380,nm0689320,actor,"[""title.principals""]"
tt18970380,nm0764671,actor,"[""title.principals""]"
tt18970380,nm0821673,actor,"[""title.principals""]"
tt18970380,nm1221759,actor,"[""title.principals""]"
tt18970380,nm1644311,actor,"[""title.principals""]"
tt18970380,nm1818256,writer,"[""title.crew"", ""title.principals""]"
tt18970380,nm2950601,actor,"[""title.principals""]"
tt18970380,nm3457470,actor,"[""title.principals""]"
tt18970380,nm3529223,writer,"[""title.crew"", ""title.principals""]"
tt18970380,nm4092908,director,"[""title.crew"", ""title.principals""]"
tt18970380,nm4092908,writer,"[""title.crew"", ""title.principals""]"
tt18970380,nm7179011,actor,"[""title.principals""]"
tt19632738,nm0559664,actor,"[""title.principals""]"
tt19632738,nm12156648,writer,"[""title.crew"", ""title.principals""]"
tt19632738,nm2841345,actor,"[""title.principals""]"
tt19632738,nm2865407,actor,"[""title.principals""]"
tt19632738,nm3084753,actor,"[""title.principals""]"
tt19632738,nm3945547,actor,"[""title.principals""]"
tt19632738,nm4514363,actor,"[""title.principals""]"
tt19632738,nm4760668,actor,"[""title.principals""]"
tt19632738,nm4940865,writer,"[""title.crew"", ""title.principals""]"
tt19632738,nm5244246,actor,"[""title.principals""]"
tt19632738,nm6804167,actor,"[""title.principals""]"
tt19632738,nm8910575,actor,"[""title.principals""]"
tt19632738,nm8928141,director,"[""title.crew"", ""title.principals""]"
tt2050633,nm0000477,actor,"[""title.principals""]"
tt2050633,nm0039162,actor,"[""title.principals""]"
tt2050633,nm0178680,actor,"[""title.principals""]"
tt2050633,nm0444534,actor,"[""title.principals""]"
tt2050633,nm0461712,actor,"[""title.principals""]"
tt2050633,nm0610459,actor,"[""title.principals""]"
tt2050633,nm1135423,director,"[""title.crew"", ""title.principals""]"
tt2050633,nm1135423,writer,"[""title.crew"", ""title.principals""]"
tt2050633,nm1239813,actor,"[""title.principals""]"
tt2050633,nm2963060,actor,"[""title.principals""]"
tt2050633,nm3257504,actor,"[""title.principals""]"
tt2050633,nm3875456,actor,"[""title.principals""]"
tt2055765,nm0000194,actor,"[""title.principals""]"
tt2055765,nm0001427,actor,"[""title.principals""]"
tt2055765,nm0001447,actor,"[""title.principals""]"
tt2055765,nm0029400,actor,"[""title.principals""]"
tt2055765,nm0125475,actor,"[""title.principals""]"
tt2055765,nm0152911,writer,"[""title.crew"", ""title.principals""]"
tt2055765,nm0372961,actor,"[""title.principals""]"
tt2055765,nm0789716,actor,"[""title.principals""]"
tt2055765,nm0919173,writer,"[""title.crew"", ""title.principals""]"
tt2055765,nm0957197,director,"[""title.crew"", ""title.principals""]"
tt2055765,nm1470683,actor,"[""title.principals""]"
tt2055765,nm2284889,actor,"[""title.principals""]"
tt2055765,nm2934314,actor,"[""title.principals""]"
tt2062661,nm0216560,writer,"[""title.crew"", ""title.principals""]"
tt2062661,nm0305309,actor,"[""title.principals""]"
tt2062661,nm0313962,actor,"[""title.principals""]"
tt2062661,nm1354965,director,"[""title.crew"", ""title.principals""]"
tt2062661,nm1354965,writer,"[""title.crew"", ""title.principals""]"
tt2062661,nm1418096,actor,"[""title.principals""]"
tt2062661,nm1577095,actor,"[""title.principals""]"
tt2062661,nm1577095,director,"[""title.crew"", ""title.principals""]"
tt2062661,nm1577095,writer,"[""title.crew"", ""title.principals""]"
tt2062661,nm1615964,actor,"[""title.principals""]"
tt2062661,nm2239394,actor,"[""title.principals""]"
tt2062661,nm2707777,actor,"[""title.principals""]"
tt2062661,nm3014511,actor,"[""title.principals""]"
tt2062661,nm3157423,writer,"[""title.crew""]"
tt2062661,nm3231387,actor,"[""title.principals""]"
tt2062661,nm3276030,writer,"[""title.crew""]"
tt2062661,nm3651113,writer,"[""title.crew"", ""title.principals""]"
tt2062661,nm4271832,actor,"[""title.principals""]"
tt2071550,nm0387319,actor,"[""title.principals""]"
tt2071550,nm0470981,actor,"[""title.principals""]"
tt2071550,nm0604784,actor,"[""title.principals""]"
tt2071550,nm0943031,actor,"[""title.principals""]"
tt2071550,nm1018426,director,"[""title.crew"", ""title.principals""]"
tt2071550,nm1253386,actor,"[""title.principals""]"
tt2071550,nm1340851,actor,"[""title.principals""]"
tt2071550,nm1663205,actor,"[""title.principals""]"
tt2071550,nm2282967,writer,"[""title.crew"", ""title.principals""]"
tt2071550,nm2482939,writer,"[""title.crew"", ""title.principals""]"
tt2071550,nm3260333,actor,"[""title.principals""]"
tt2071550,nm3627998,actor,"[""title.principals""]"
tt2071550,nm5860559,actor,"[""title.principals""]"
tt2102465,nm0226148,writer,"[""title.crew"", ""title.principals""]"
tt2102465,nm0261124,actor,"[""title.principals""]"
tt2102465,nm0282463,actor,"[""title.principals""]"
tt2102465,nm0345022,actor,"[""title.principals""]"
tt2102465,nm0638910,actor,"[""title.principals""]"
tt2102465,nm0782627,actor,"[""title.principals""]"
tt2102465,nm0820866,writer,"[""title.crew"", ""title.principals""]"
tt2102465,nm0960276,actor,"[""title.principals""]"
tt2102465,nm1103121,director,"[""title.crew"", ""title.principals""]"
tt2102465,nm1103121,writer,"[""title.crew"", ""title.principals""]"
tt2102465,nm1335996,actor,"[""title.principals""]"
tt2102465,nm1890589,actor,"[""title.principals""]"
tt2102465,nm4207697,actor,"[""title.principals""]"
tt2102465,nm7512454,actor,"[""title.principals""]"
tt2149814,nm0078654,director,"[""title.crew"", ""title.principals""]"
tt2149814,nm0079348,writer,"[""title.crew"", ""title.principals""]"
tt2149814,nm0252770,actor,"[""title.principals""]"
tt2149814,nm0252850,actor,"[""title.principals""]"
tt2149814,nm0375990,actor,"[""title.principals""]"
tt2149814,nm1431644,writer,"[""title.crew"", ""title.principals""]"
tt2149814,nm1597002,actor,"[""title.principals""]"
tt2184233,nm0000619,actor,"[""title.principals""]"
tt2184233,nm0390253,actor,"[""title.principals""]"
tt2184233,nm0792512,actor,"[""title.principals""]"
tt2184233,nm0863208,director,"[""title.crew"", ""title.principals""]"
tt2184233,nm1882929,actor,"[""title.principals""]"
tt2184233,nm2640887,actor,"[""title.principals""]"
tt2184233,nm4004372,actor,"[""title.principals""]"
tt2184233,nm4444576,writer,"[""title.crew"", ""title.principals""]"
tt2184233,nm4487928,actor,"[""title.principals""]"
tt2184233,nm5648145,actor,"[""title.principals""]"
tt2184233,nm5710414,actor,"[""title.principals""]"
tt2184233,nm6915171,actor,"[""title.principals""]"
tt2184233,nm8801937,writer,"[""title.crew"", ""title.principals""]"
tt2190483,nm1235719,actor,"[""title.principals""]"
tt2190483,nm2463374,actor,"[""title.principals""]"
tt2190483,nm3135674,actor,"[""title.principals""]"
tt2190483,nm3351534,actor,"[""title.principals""]"
tt2190483,nm3384558,director,"[""title.crew"", ""title.principals""]"
tt2190483,nm3384558,writer,"[""title.crew"", ""title.principals""]"
tt2190483,nm3478257,actor,"[""title.principals""]"
tt2190483,nm3606261,actor,"[""title.principals""]"
tt2190483,nm5222357,actor,"[""title.principals""]"
tt2190483,nm5223087,actor,"[""title.principals""]"
tt2190483,nm5403150,actor,"[""title.principals""]"
tt2190483,nm5403653,actor,"[""title.principals""]"
tt22036922,nm0080238,actor,"[""title.principals""]"
tt22036922,nm10609388,actor,"[""title.principals""]"
tt22036922,nm11799965,director,"[""title.crew"", ""title.principals""]"
tt22036922,nm11799965,writer,"[""title.crew"", ""title.principals""]"
tt22036922,nm1198628,actor,"[""title.principals""]"
tt22036922,nm1302330,actor,"[""title.principals""]"
tt22036922,nm14035465,actor,"[""title.principals""]"
tt22036922,nm14035466,actor,"[""title.principals""]"
tt22036922,nm3808948,actor,"[""title.principals""]"
tt22036922,nm4034632,actor,"[""title.principals""]"
tt22036922,nm9870185,actor,"[""title.principals""]"
tt2231208,nm0093252,director,"[""title.crew"", ""title.principals""]"
tt2231208,nm0093252,writer,"[""title.crew"", ""title.principals""]"
tt2231208,nm0210485,director,"[""title.crew""]"
tt2231208,nm0210487,director,"[""title.crew""]"
tt2231208,nm0578080,actor,"[""title.principals""]"
tt2231208,nm0685639,actor,"[""title.principals""]"
tt2231208,nm0763928,actor,"[""title.principals""]"
tt2231208,nm1005481,writer,"[""title.crew"", ""title.principals""]"
tt2231208,nm10575553,actor,"[""title.principals""]"
tt2231208,nm10575559,actor,"[""title.principals""]"
tt2231208,nm10575562,actor,"[""title.principals""]"
tt2231208,nm10575566,actor,"[""title.principals""]"
tt2231208,nm10575568,actor,"[""title.principals""]"
tt2231208,nm10575577,writer,"[""title.crew"", ""title.principals""]"
tt2231208,nm10575578,writer,"[""title.crew"", ""title.principals""]"
tt2231208,nm1062569,writer,"[""title.crew""]"
tt2231208,nm1738698,actor,"[""title.principals""]"
tt2231208,nm2006683,writer,"[""title.crew""]"
tt2231208,nm5758559,writer,"[""title.crew""]"
tt2231208,nm8280833,actor,"[""title.principals""]"
tt2231208,nm8286226,writer,"[""title.crew""]"
tt22334258,nm0001477,actor,"[""title.principals""]"
tt22334258,nm0424559,actor,"[""title.principals""]"
tt22334258,nm0455481,writer,"[""title.crew"", ""title.principals""]"
tt22334258,nm0716295,actor,"[""title.principals""]"
tt22334258,nm1105365,actor,"[""title.principals""]"
tt22334258,nm1211488,actor,"[""title.principals""]"
tt22334258,nm13479561,actor,"[""title.principals""]"
tt22334258,nm5162352,actor,"[""title.principals""]"
tt22334258,nm5923409,actor,"[""title.principals""]"
tt22334258,nm6935095,actor,"[""title.principals""]"
tt22334258,nm7623887,director,"[""title.crew"", ""title.principals""]"
tt22334258,nm7623887,writer,"[""title.crew"", ""title.principals""]"
tt22334258,nm8944542,actor,"[""title.principals""]"
tt2235695,nm0000218,actor,"[""title.principals""]"
tt2235695,nm0098810,actor,"[""title.principals""]"
tt2235695,nm0172510,actor,"[""title.principals""]"
tt2235695,nm0217324,actor,"[""title.principals""]"
tt2235695,nm0235652,actor,"[""title.principals""]"
tt2235695,nm0238898,writer,"[""title.crew"", ""title.principals""]"
tt2235695,nm0369954,actor,"[""title.principals""]"
tt2235695,nm0963359,writer,"[""title.crew"", ""title.principals""]"
tt2235695,nm0973991,actor,"[""title.principals""]"
tt2235695,nm1100123,writer,"[""title.crew"", ""title.principals""]"
tt2235695,nm1296554,director,"[""title.crew"", ""title.principals""]"
tt2235695,nm2309517,actor,"[""title.principals""]"
tt2235695,nm3143608,writer,"[""title.crew"", ""title.principals""]"
tt2235695,nm4141252,actor,"[""title.principals""]"
tt2235695,nm5696188,actor,"[""title.principals""]"
tt22408160,nm0000353,actor,"[""title.principals""]"
tt22408160,nm0487166,director,"[""title.crew"", ""title.principals""]"
tt22408160,nm0487166,writer,"[""title.crew"", ""title.principals""]"
tt22408160,nm0687146,actor,"[""title.principals""]"
tt22408160,nm10606356,actor,"[""title.principals""]"
tt22408160,nm1297015,actor,"[""title.principals""]"
tt22408160,nm15315024,actor,"[""title.principals""]"
tt22408160,nm16040482,actor,"[""title.principals""]"
tt22408160,nm16237139,actor,"[""title.principals""]"
tt22408160,nm2186865,actor,"[""title.principals""]"
tt22408160,nm3328207,writer,"[""title.crew"", ""title.principals""]"
tt22408160,nm4960279,actor,"[""title.principals""]"
tt22408160,nm6974206,actor,"[""title.principals""]"
tt2245003,nm0000106,actor,"[""title.principals""]"
tt2245003,nm0001057,actor,"[""title.principals""]"
tt2245003,nm0052218,writer,"[""title.crew"", ""title.principals""]"
tt2245003,nm0175916,actor,"[""title.principals""]"
tt2245003,nm0362566,director,"[""title.crew"", ""title.principals""]"
tt2245003,nm1002641,actor,"[""title.principals""]"
tt2245003,nm1176400,actor,"[""title.principals""]"
tt2245003,nm1568411,actor,"[""title.principals""]"
tt2245003,nm5663632,actor,"[""title.principals""]"
tt2245003,nm6143310,actor,"[""title.principals""]"
tt2245003,nm6834708,actor,"[""title.principals""]"
tt2245003,nm6841174,actor,"[""title.principals""]"
tt2253742,nm0950510,actor,"[""title.principals""]"
tt2253742,nm1017500,writer,"[""title.crew"", ""title.principals""]"
tt2253742,nm1367681,actor,"[""title.principals""]"
tt2253742,nm1372796,actor,"[""title.principals""]"
tt2253742,nm1433654,actor,"[""title.principals""]"
tt2253742,nm1568779,actor,"[""title.principals""]"
tt2253742,nm1713653,actor,"[""title.principals""]"
tt2253742,nm1732519,actor,"[""title.principals""]"
tt2253742,nm1936347,director,"[""title.crew"", ""title.principals""]"
tt2253742,nm1936347,writer,"[""title.crew"", ""title.principals""]"
tt2253742,nm3210066,actor,"[""title.principals""]"
tt2253742,nm3756197,actor,"[""title.principals""]"
tt2253742,nm4062328,actor,"[""title.principals""]"
tt23865942,nm0004418,actor,"[""title.principals""]"
tt23865942,nm10926671,actor,"[""title.principals""]"
tt23865942,nm11367690,actor,"[""title.principals""]"
tt23865942,nm1224082,actor,"[""title.principals""]"
tt23865942,nm1241555,actor,"[""title.principals""]"
tt23865942,nm1335387,actor,"[""title.principals""]"
tt23865942,nm13982401,writer,"[""title.crew"", ""title.principals""]"
tt23865942,nm14981552,actor,"[""title.principals""]"
tt23865942,nm15192292,writer,"[""title.crew"", ""title.principals""]"
tt23865942,nm15192296,writer,"[""title.crew"", ""title.principals""]"
tt23865942,nm15687938,actor,"[""title.principals""]"
tt23865942,nm17932223,actor,"[""title.principals""]"
tt23865942,nm2927478,actor,"[""title.principals""]"
tt23865942,nm5023746,director,"[""title.crew"", ""title.principals""]"
tt23865942,nm6555247,writer,"[""title.crew"", ""title.principals""]"
tt2392830,nm0001018,actor,"[""title.principals""]"
tt2392830,nm0045791,actor,"[""title.principals""]"
tt2392830,nm0046183,actor,"[""title.principals""]"
tt2392830,nm0068187,actor,"[""title.principals""]"
tt2392830,nm0203993,director,"[""title.crew"", ""title.principals""]"
tt2392830,nm0203993,writer,"[""title.crew"", ""title.principals""]"
tt2392830,nm0990095,actor,"[""title.principals""]"
tt2392830,nm6216593,actor,"[""title.principals""]"
tt2392830,nm7027696,actor,"[""title.principals""]"
tt2392830,nm7472093,actor,"[""title.principals""]"
tt2392830,nm8560283,actor,"[""title.principals""]"
tt2392830,nm9073343,actor,"[""title.principals""]"
tt2395417,nm0195937,actor,"[""title.principals""]"
tt2395417,nm0238635,actor,"[""title.principals""]"
tt2395417,nm0296219,actor,"[""title.principals""]"
tt2395417,nm0550371,actor,"[""title.principals""]"
tt2395417,nm0664667,director,"[""title.crew"", ""title.principals""]"
tt2395417,nm0664667,writer,"[""title.crew"", ""title.principals""]"
tt2395417,nm0693364,actor,"[""title.principals""]"
tt2395417,nm0789573,actor,"[""title.principals""]"
tt2395417,nm1635458,actor,"[""title.principals""]"
tt2395417,nm2167957,actor,"[""title.principals""]"
tt2395417,nm2217601,actor,"[""title.principals""]"
tt2395417,nm3679382,actor,"[""title.principals""]"
tt2406676,nm0080235,writer,"[""title.crew"", ""title.principals""]"
tt2406676,nm0244900,actor,"[""title.principals""]"
tt2406676,nm0539497,actor,"[""title.principals""]"
tt2406676,nm0788889,writer,"[""title.crew"", ""title.principals""]"
tt2406676,nm1234298,actor,"[""title.principals""]"
tt2406676,nm1431656,actor,"[""title.principals""]"
tt2406676,nm1568319,director,"[""title.crew"", ""title.principals""]"
tt2406676,nm3202701,actor,"[""title.principals""]"
tt2406676,nm4244981,actor,"[""title.principals""]"
tt2406676,nm4271961,actor,"[""title.principals""]"
tt2406676,nm4806622,actor,"[""title.principals""]"
tt2406676,nm5389195,actor,"[""title.principals""]"
tt2406676,nm6123790,actor,"[""title.principals""]"
tt2414040,nm0000780,director,"[""title.crew"", ""title.principals""]"
tt2414040,nm0000780,writer,"[""title.crew"", ""title.principals""]"
tt2414040,nm0010207,actor,"[""title.principals""]"
tt2414040,nm0189887,actor,"[""title.principals""]"
tt2414040,nm0286247,actor,"[""title.principals""]"
tt2414040,nm0415191,actor,"[""title.principals""]"
tt2414040,nm0580944,actor,"[""title.principals""]"
tt2414040,nm0858048,actor,"[""title.principals""]"
tt2414040,nm1923803,actor,"[""title.principals""]"
tt2414040,nm3210743,actor,"[""title.principals""]"
tt2414040,nm3800165,actor,"[""title.principals""]"
tt2414040,nm4630698,actor,"[""title.principals""]"
tt2443022,nm0800896,actor,"[""title.principals""]"
tt2443022,nm1215909,writer,"[""title.crew"", ""title.principals""]"
tt2443022,nm3130548,actor,"[""title.principals""]"
tt2443022,nm3879213,actor,"[""title.principals""]"
tt2443022,nm5312835,director,"[""title.crew"", ""title.principals""]"
tt2443022,nm5312835,writer,"[""title.crew"", ""title.principals""]"
tt2443022,nm6874114,actor,"[""title.principals""]"
tt2443022,nm6874115,actor,"[""title.principals""]"
tt2527186,nm0039958,actor,"[""title.principals""]"
tt2527186,nm0100889,actor,"[""title.principals""]"
tt2527186,nm1031246,director,"[""title.crew"", ""title.principals""]"
tt2527186,nm1031246,writer,"[""title.crew"", ""title.principals""]"
tt2527186,nm1032754,director,"[""title.crew"", ""title.principals""]"
tt2527186,nm1032754,writer,"[""title.crew"", ""title.principals""]"
tt2527186,nm1794642,actor,"[""title.principals""]"
tt2527186,nm2005850,actor,"[""title.principals""]"
tt2527186,nm2483129,actor,"[""title.principals""]"
tt2527186,nm3453460,actor,"[""title.principals""]"
tt2527186,nm4703551,actor,"[""title.principals""]"
tt2527186,nm5137104,actor,"[""title.principals""]"
tt2527186,nm5372552,actor,"[""title.principals""]"
tt2527186,nm6657191,actor,"[""title.principals""]"
tt2537176,nm0003458,director,"[""title.crew"", ""title.principals""]"
tt2537176,nm0009424,actor,"[""title.principals""]"
tt2537176,nm0056041,actor,"[""title.principals""]"
tt2537176,nm0272090,writer,"[""title.crew"", ""title.principals""]"
tt2537176,nm0670893,actor,"[""title.principals""]"
tt2537176,nm0798872,actor,"[""title.principals""]"
tt2537176,nm1128766,actor,"[""title.principals""]"
tt2537176,nm1140089,writer,"[""title.crew"", ""title.principals""]"
tt2537176,nm1197031,actor,"[""title.principals""]"
tt2537176,nm1653263,actor,"[""title.principals""]"
tt2537176,nm3941379,actor,"[""title.principals""]"
tt2537176,nm4391958,actor,"[""title.principals""]"
tt2537176,nm4728487,actor,"[""title.principals""]"
tt25947954,nm0079430,actor,"[""title.principals""]"
tt25947954,nm0226813,actor,"[""title.principals""]"
tt25947954,nm0233499,actor,"[""title.principals""]"
tt25947954,nm10657454,actor,"[""title.principals""]"
tt25947954,nm12378183,actor,"[""title.principals""]"
tt25947954,nm1396362,director,"[""title.crew"", ""title.principals""]"
tt25947954,nm3664884,writer,"[""title.crew"", ""title.principals""]"
tt25947954,nm7048307,actor,"[""title.principals""]"
tt25947954,nm7768196,actor,"[""title.principals""]"
tt25947954,nm8279117,actor,"[""title.principals""]"
tt25947954,nm8534591,actor,"[""title.principals""]"
tt25947954,nm8874294,actor,"[""title.principals""]"
tt2649128,nm0069783,actor,"[""title.principals""]"
tt2649128,nm1113851,actor,"[""title.principals""]"
tt2649128,nm1300303,actor,"[""title.principals""]"
tt2649128,nm1335238,actor,"[""title.principals""]"
tt2649128,nm1539961,writer,"[""title.crew"", ""title.principals""]"
tt2649128,nm1655234,actor,"[""title.principals""]"
tt2649128,nm1794432,actor,"[""title.principals""]"
tt2649128,nm2415918,director,"[""title.crew"", ""title.principals""]"
tt2649128,nm2415918,writer,"[""title.crew"", ""title.principals""]"
tt2649128,nm3052337,actor,"[""title.principals""]"
tt2649128,nm3324374,actor,"[""title.principals""]"
tt2649128,nm3454631,actor,"[""title.principals""]"
tt2649128,nm3968837,writer,"[""title.crew"", ""title.principals""]"
tt2649128,nm3999580,actor,"[""title.principals""]"
tt2649128,nm7040048,writer,"[""title.crew"", ""title.principals""]"
tt26660615,nm0001250,actor,"[""title.principals""]"
tt26660615,nm0167467,actor,"[""title.principals""]"
tt26660615,nm0200702,actor,"[""title.principals""]"
tt26660615,nm0200702,director,"[""title.crew"", ""title.principals""]"
tt26660615,nm0200702,writer,"[""title.crew"", ""title.principals""]"
tt26660615,nm0332734,actor,"[""title.principals""]"
tt26660615,nm0580101,actor,"[""title.principals""]"
tt26660615,nm14776900,actor,"[""title.principals""]"
tt26660615,nm2984738,actor,"[""title.principals""]"
tt26660615,nm4814216,actor,"[""title.principals""]"
tt26660615,nm7627120,actor,"[""title.principals""]"
tt26660615,nm9611660,actor,"[""title.principals""]"
tt2669336,nm0236946,actor,"[""title.principals""]"
tt2669336,nm0560864,actor,"[""title.principals""]"
tt2669336,nm0641610,actor,"[""title.principals""]"
tt2669336,nm0722636,actor,"[""title.principals""]"
tt2669336,nm1032853,actor,"[""title.principals""]"
tt2669336,nm1058318,actor,"[""title.principals""]"
tt2669336,nm1263939,actor,"[""title.principals""]"
tt2669336,nm1514763,actor,"[""title.principals""]"
tt2669336,nm1733130,writer,"[""title.crew"", ""title.principals""]"
tt2669336,nm1783713,director,"[""title.crew"", ""title.principals""]"
tt2669336,nm1783713,writer,"[""title.crew"", ""title.principals""]"
tt2669336,nm2399297,actor,"[""title.principals""]"
tt2669336,nm3122871,actor,"[""title.principals""]"
tt26899693,nm0479779,actor,"[""title.principals""]"
tt26899693,nm0712782,director,"[""title.crew"", ""title.principals""]"
tt26899693,nm0728411,actor,"[""title.principals""]"
tt26899693,nm0931899,actor,"[""title.principals""]"
tt26899693,nm10097013,actor,"[""title.principals""]"
tt26899693,nm11754750,actor,"[""title.principals""]"
tt26899693,nm2072286,writer,"[""title.crew"", ""title.principals""]"
tt26899693,nm2335335,actor,"[""title.principals""]"
tt26899693,nm3055344,writer,"[""title.crew"", ""title.principals""]"
tt26899693,nm3789009,actor,"[""title.principals""]"
tt26899693,nm5174473,actor,"[""title.principals""]"
tt26899693,nm8950611,actor,"[""title.principals""]"
tt26899693,nm9145599,actor,"[""title.principals""]"
tt27114092,nm0450975,actor,"[""title.principals""]"
tt27114092,nm0625985,actor,"[""title.principals""]"
tt27114092,nm0840430,actor,"[""title.principals""]"
tt27114092,nm14642335,writer,"[""title.crew"", ""title.principals""]"
tt27114092,nm1675246,actor,"[""title.principals""]"
tt27114092,nm2841677,actor,"[""title.principals""]"
tt27114092,nm3500725,actor,"[""title.principals""]"
tt27114092,nm4705505,actor,"[""title.principals""]"
tt27114092,nm5663160,actor,"[""title.principals""]"
tt27114092,nm6789414,actor,"[""title.principals""]"
tt27114092,nm7137981,actor,"[""title.principals""]"
tt27114092,nm7393537,writer,"[""title.crew"", ""title.principals""]"
tt27114092,nm7896839,writer,"[""title.crew"", ""title.principals""]"
tt27114092,nm8251673,director,"[""title.crew"", ""title.principals""]"
tt27487934,nm0222150,actor,"[""title.principals""]"
tt27487934,nm0419688,actor,"[""title.principals""]"
tt27487934,nm0595897,actor,"[""title.principals""]"
tt27487934,nm0695286,actor,"[""title.principals""]"
tt27487934,nm0897201,actor,"[""title.principals""]"
tt27487934,nm0998044,actor,"[""title.principals""]"
tt27487934,nm13164073,writer,"[""title.crew"", ""title.principals""]"
tt27487934,nm13543587,writer,"[""title.crew"", ""title.principals""]"
tt27487934,nm16513575,writer,"[""title.crew"", ""title.principals""]"
tt27487934,nm1862815,director,"[""title.crew"", ""title.principals""]"
tt27487934,nm1862815,writer,"[""title.crew""]"
tt27487934,nm2775995,actor,"[""title.principals""]"
tt27487934,nm2908893,actor,"[""title.principals""]"
tt27487934,nm3163817,actor,"[""title.principals""]"
tt27487934,nm3586739,writer,"[""title.crew""]"
tt27487934,nm5965104,writer,"[""title.crew"", ""title.principals""]"
tt27487934,nm6489058,actor,"[""title.principals""]"
tt27487934,nm9086605,writer,"[""title.crew""]"
tt27490380,nm10578895,actor,"[""title.principals""]"
tt27490380,nm10654486,actor,"[""title.principals""]"
tt27490380,nm11151144,actor,"[""title.principals""]"
tt27490380,nm2806693,director,"[""title.crew"", ""title.principals""]"
tt27490380,nm2806693,writer,"[""title.crew"", ""title.principals""]"
tt27490380,nm3126674,actor,"[""title.principals""]"
tt27490380,nm3184775,actor,"[""title.principals""]"
tt27490380,nm5120794,actor,"[""title.principals""]"
tt27490380,nm5996118,actor,"[""title.principals""]"
tt27490380,nm6183900,actor,"[""title.principals""]"
tt27490380,nm6579202,writer,"[""title.crew"", ""title.principals""]"
tt27490380,nm7820251,actor,"[""title.principals""]"
tt27490380,nm9413210,actor,"[""title.principals""]"
tt27802490,nm0158856,actor,"[""title.principals""]"
tt27802490,nm1041999,actor,"[""title.principals""]"
tt27802490,nm11348699,actor,"[""title.principals""]"
tt27802490,nm11989089,actor,"[""title.principals""]"
tt27802490,nm1954446,actor,"[""title.principals""]"
tt27802490,nm6728658,actor,"[""title.principals""]"
tt27802490,nm6940206,director,"[""title.crew"", ""title.principals""]"
tt27802490,nm6940206,writer,"[""title.crew"", ""title.principals""]"
tt27802490,nm7035254,actor,"[""title.principals""]"
tt27802490,nm8027737,actor,"[""title.principals""]"
tt27802490,nm9364092,actor,"[""title.principals""]"
tt27802490,nm9946376,actor,"[""title.principals""]"
tt2819358,nm0031967,director,"[""title.crew"", ""title.principals""]"
tt2819358,nm0149828,actor,"[""title.principals""]"
tt2819358,nm0154139,actor,"[""title.principals""]"
tt2819358,nm1234298,actor,"[""title.principals""]"
tt2819358,nm1384413,actor,"[""title.principals""]"
tt2819358,nm1385118,actor,"[""title.principals""]"
tt2819358,nm1425586,writer,"[""title.crew"", ""title.principals""]"
tt2819358,nm3056725,actor,"[""title.principals""]"
tt2819358,nm3372981,actor,"[""title.principals""]"
tt2819358,nm3533508,actor,"[""title.principals""]"
tt2819358,nm4110994,actor,"[""title.principals""]"
tt2819358,nm5016474,actor,"[""title.principals""]"
tt28607951,nm0048918,director,"[""title.crew"", ""title.principals""]"
tt28607951,nm0048918,writer,"[""title.crew"", ""title.principals""]"
tt28607951,nm0919311,actor,"[""title.principals""]"
tt28607951,nm0969994,actor,"[""title.principals""]"
tt28607951,nm12676704,actor,"[""title.principals""]"
tt28607951,nm12953205,actor,"[""title.principals""]"
tt28607951,nm14599320,actor,"[""title.principals""]"
tt28607951,nm15414650,actor,"[""title.principals""]"
tt28607951,nm16275262,actor,"[""title.principals""]"
tt28607951,nm3969425,actor,"[""title.principals""]"
tt28607951,nm5700898,actor,"[""title.principals""]"
tt28607951,nm7919330,actor,"[""title.principals""]"
tt2901962,nm0374829,actor,"[""title.principals""]"
tt2901962,nm0383213,actor,"[""title.principals""]"
tt2901962,nm0434716,actor,"[""title.principals""]"
tt2901962,nm0434716,writer,"[""title.crew"", ""title.principals""]"
tt2901962,nm0617031,actor,"[""title.principals""]"
tt2901962,nm0617407,director,"[""title.crew"", ""title.principals""]"
tt2901962,nm0702555,actor,"[""title.principals""]"
tt2901962,nm0798628,actor,"[""title.principals""]"
tt2901962,nm0798628,writer,"[""title.crew"", ""title.principals""]"
tt2901962,nm0865647,actor,"[""title.principals""]"
tt2901962,nm0897168,actor,"[""title.principals""]"
tt2901962,nm0897168,writer,"[""title.crew"", ""title.principals""]"
tt2901962,nm1736979,actor,"[""title.principals""]"
tt2901962,nm1948103,actor,"[""title.principals""]"
tt2908446,nm0000701,actor,"[""title.principals""]"
tt2908446,nm0001616,actor,"[""title.principals""]"
tt2908446,nm0093560,writer,"[""title.crew"", ""title.principals""]"
tt2908446,nm0326040,writer,"[""title.crew"", ""title.principals""]"
tt2908446,nm0777881,director,"[""title.crew"", ""title.principals""]"
tt2908446,nm0940362,actor,"[""title.principals""]"
tt2908446,nm1495175,actor,"[""title.principals""]"
tt2908446,nm1886602,actor,"[""title.principals""]"
tt2908446,nm2541974,actor,"[""title.principals""]"
tt2908446,nm3772243,actor,"[""title.principals""]"
tt2908446,nm3797855,actor,"[""title.principals""]"
tt2908446,nm3929259,writer,"[""title.crew"", ""title.principals""]"
tt2908446,nm4103537,actor,"[""title.principals""]"
tt2908446,nm4316121,writer,"[""title.crew"", ""title.principals""]"
tt2908446,nm5052065,actor,"[""title.principals""]"
tt29344903,nm0138120,actor,"[""title.principals""]"
tt29344903,nm10512214,actor,"[""title.principals""]"
tt29344903,nm10973506,actor,"[""title.principals""]"
tt29344903,nm12608830,actor,"[""title.principals""]"
tt29344903,nm1335996,actor,"[""title.principals""]"
tt29344903,nm16091006,actor,"[""title.principals""]"
tt29344903,nm2186074,actor,"[""title.principals""]"
tt29344903,nm3608706,actor,"[""title.principals""]"
tt29344903,nm5132581,director,"[""title.crew"", ""title.principals""]"
tt29344903,nm5132581,writer,"[""title.crew"", ""title.principals""]"
tt29344903,nm6855695,actor,"[""title.principals""]"
tt29344903,nm8794761,actor,"[""title.principals""]"
tt29456979,nm11251166,director,"[""title.crew"", ""title.principals""]"
tt29456979,nm11251166,writer,"[""title.crew"", ""title.principals""]"
tt29456979,nm11251167,director,"[""title.crew"", ""title.principals""]"
tt29456979,nm11251167,writer,"[""title.crew"", ""title.principals""]"
tt29456979,nm11620333,actor,"[""title.principals""]"
tt29456979,nm12299201,writer,"[""title.crew"", ""title.principals""]"
tt29456979,nm13660940,actor,"[""title.principals""]"
tt29456979,nm1432578,actor,"[""title.principals""]"
tt29456979,nm14498005,actor,"[""title.principals""]"
tt29456979,nm15626250,actor,"[""title.principals""]"
tt29456979,nm2055008,actor,"[""title.principals""]"
tt29456979,nm3154399,actor,"[""title.principals""]"
tt29456979,nm3557375,actor,"[""title.principals""]"
tt29456979,nm5939214,actor,"[""title.principals""]"
tt29456979,nm6446946,actor,"[""title.principals""]"
tt29567402,nm10538218,actor,"[""title.principals""]"
tt29567402,nm12705718,actor,"[""title.principals""]"
tt29567402,nm2353862,actor,"[""title.principals""]"
tt29567402,nm2838336,director,"[""title.crew"", ""title.principals""]"
tt29567402,nm2838336,writer,"[""title.crew"", ""title.principals""]"
tt29567402,nm5558562,actor,"[""title.principals""]"
tt3063462,nm0005007,actor,"[""title.principals""]"
tt3063462,nm0081572,actor,"[""title.principals""]"
tt3063462,nm0136482,actor,"[""title.principals""]"
tt3063462,nm0363473,director,"[""title.crew"", ""title.principals""]"
tt3063462,nm1047732,actor,"[""title.principals""]"
tt3063462,nm1068777,actor,"[""title.principals""]"
tt3063462,nm1340738,actor,"[""title.principals""]"
tt3063462,nm2113653,actor,"[""title.principals""]"
tt3063462,nm3668033,writer,"[""title.crew"", ""title.principals""]"
tt3063462,nm3672962,writer,"[""title.crew""]"
tt3063462,nm5094403,actor,"[""title.principals""]"
tt3063462,nm5372762,actor,"[""title.principals""]"
tt3063462,nm5820794,actor,"[""title.principals""]"
tt3092076,nm0099828,actor,"[""title.principals""]"
tt3092076,nm0099828,director,"[""title.crew"", ""title.principals""]"
tt3092076,nm0099828,writer,"[""title.crew"", ""title.principals""]"
tt3092076,nm0132064,actor,"[""title.principals""]"
tt3092076,nm0132064,director,"[""title.crew"", ""title.principals""]"
tt3092076,nm0132064,writer,"[""title.crew"", ""title.principals""]"
tt3092076,nm0241538,actor,"[""title.principals""]"
tt3092076,nm0373092,actor,"[""title.principals""]"
tt3092076,nm0529591,actor,"[""title.principals""]"
tt3092076,nm0529591,director,"[""title.crew"", ""title.principals""]"
tt3092076,nm0751606,actor,"[""title.principals""]"
tt3092076,nm0900116,actor,"[""title.principals""]"
tt3092076,nm1618065,actor,"[""title.principals""]"
tt3092076,nm2459486,actor,"[""title.principals""]"
tt3092076,nm5400953,actor,"[""title.principals""]"
tt30973261,nm0093081,director,"[""title.crew"", ""title.principals""]"
tt30973261,nm0093081,writer,"[""title.crew"", ""title.principals""]"
tt30973261,nm1014196,writer,"[""title.crew"", ""title.principals""]"
tt30973261,nm10224527,actor,"[""title.principals""]"
tt30973261,nm1088493,actor,"[""title.principals""]"
tt30973261,nm12727423,writer,"[""title.crew"", ""title.principals""]"
tt30973261,nm1349944,actor,"[""title.principals""]"
tt30973261,nm1442840,actor,"[""title.principals""]"
tt30973261,nm16580075,actor,"[""title.principals""]"
tt30973261,nm2873551,actor,"[""title.principals""]"
tt30973261,nm3040373,writer,"[""title.crew"", ""title.principals""]"
tt30973261,nm3664933,actor,"[""title.principals""]"
tt30973261,nm4861800,actor,"[""title.principals""]"
tt30973261,nm6222172,actor,"[""title.principals""]"
tt30973261,nm6904578,actor,"[""title.principals""]"
tt31013030,nm0252578,actor,"[""title.principals""]"
tt31013030,nm1012534,actor,"[""title.principals""]"
tt31013030,nm10343541,actor,"[""title.principals""]"
tt31013030,nm11608422,actor,"[""title.principals""]"
tt31013030,nm1216911,director,"[""title.crew"", ""title.principals""]"
tt31013030,nm12970572,actor,"[""title.principals""]"
tt31013030,nm13085047,actor,"[""title.principals""]"
tt31013030,nm4877913,actor,"[""title.principals""]"
tt31013030,nm4937378,actor,"[""title.principals""]"
tt31013030,nm6178682,actor,"[""title.principals""]"
tt31013030,nm7117374,actor,"[""title.principals""]"
tt31013030,nm9237513,writer,"[""title.crew"", ""title.principals""]"
tt31226981,nm0051850,actor,"[""title.principals""]"
tt31226981,nm0474871,actor,"[""title.principals""]"
tt31226981,nm0893142,actor,"[""title.principals""]"
tt31226981,nm11203267,actor,"[""title.principals""]"
tt31226981,nm1677976,writer,"[""title.crew""]"
tt31226981,nm1822342,actor,"[""title.principals""]"
tt31226981,nm2536215,actor,"[""title.principals""]"
tt31226981,nm3902889,actor,"[""title.principals""]"
tt31226981,nm3902889,director,"[""title.crew"", ""title.principals""]"
tt31226981,nm3902889,writer,"[""title.crew"", ""title.principals""]"
tt31226981,nm4015380,actor,"[""title.principals""]"
tt31226981,nm5781594,actor,"[""title.principals""]"
tt31226981,nm9410880,writer,"[""title.crew""]"
tt31226981,nm9855589,actor,"[""title.principals""]"
tt31242102,nm0692586,actor,"[""title.principals""]"
tt31242102,nm10459559,actor,"[""title.principals""]"
tt31242102,nm11139808,director,"[""title.crew"", ""title.principals""]"
tt31242102,nm12381967,actor,"[""title.principals""]"
tt31242102,nm13863871,actor,"[""title.principals""]"
tt31242102,nm13955174,actor,"[""title.principals""]"
tt31242102,nm15966012,actor,"[""title.principals""]"
tt31242102,nm2310461,actor,"[""title.principals""]"
tt31242102,nm4427586,actor,"[""title.principals""]"
tt31242102,nm7575624,actor,"[""title.principals""]"
tt3155654,nm0432429,actor,"[""title.principals""]"
tt3155654,nm10222635,actor,"[""title.principals""]"
tt3155654,nm1049234,actor,"[""title.principals""]"
tt3155654,nm11432333,actor,"[""title.principals""]"
tt3155654,nm1773400,actor,"[""title.principals""]"
tt3155654,nm2604920,actor,"[""title.principals""]"
tt3155654,nm3754545,actor,"[""title.principals""]"
tt3155654,nm5702375,actor,"[""title.principals""]"
tt3155654,nm5913711,director,"[""title.crew"", ""title.principals""]"
tt3155654,nm5913711,writer,"[""title.crew"", ""title.principals""]"
tt3155654,nm6134379,actor,"[""title.principals""]"
tt3155654,nm9989935,actor,"[""title.principals""]"
tt3204632,nm0275244,actor,"[""title.principals""]"
tt3204632,nm0640572,actor,"[""title.principals""]"
tt3204632,nm13918356,actor,"[""title.principals""]"
tt3204632,nm1626539,actor,"[""title.principals""]"
tt3204632,nm1693690,actor,"[""title.principals""]"
tt3204632,nm1789970,actor,"[""title.principals""]"
tt3204632,nm3025400,actor,"[""title.principals""]"
tt3204632,nm4122775,actor,"[""title.principals""]"
tt3204632,nm5159926,actor,"[""title.principals""]"
tt3204632,nm5575570,director,"[""title.crew"", ""title.principals""]"
tt3204632,nm5575570,writer,"[""title.crew"", ""title.principals""]"
tt3204632,nm6243578,actor,"[""title.principals""]"
tt32123395,nm0104114,actor,"[""title.principals""]"
tt32123395,nm0271657,actor,"[""title.principals""]"
tt32123395,nm1216826,actor,"[""title.principals""]"
tt32123395,nm13805076,actor,"[""title.principals""]"
tt32123395,nm14168047,actor,"[""title.principals""]"
tt32123395,nm17927076,actor,"[""title.principals""]"
tt32123395,nm1993322,director,"[""title.crew"", ""title.principals""]"
tt32123395,nm1993322,writer,"[""title.crew"", ""title.principals""]"
tt32123395,nm2733134,actor,"[""title.principals""]"
tt32123395,nm4890759,actor,"[""title.principals""]"
tt32123395,nm7624324,actor,"[""title.principals""]"
tt32123395,nm9992659,actor,"[""title.principals""]"
tt3238502,nm0455057,actor,"[""title.principals""]"
tt3238502,nm1085081,actor,"[""title.principals""]"
tt3238502,nm1310563,actor,"[""title.principals""]"
tt3238502,nm1782770,actor,"[""title.principals""]"
tt3238502,nm3038143,actor,"[""title.principals""]"
tt3238502,nm3591033,director,"[""title.crew"", ""title.principals""]"
tt3238502,nm3591033,writer,"[""title.crew"", ""title.principals""]"
tt3238502,nm4228942,actor,"[""title.principals""]"
tt3238502,nm4534452,actor,"[""title.principals""]"
tt3238502,nm4591704,actor,"[""title.principals""]"
tt3238502,nm4596460,actor,"[""title.principals""]"
tt3238502,nm4925834,actor,"[""title.principals""]"
tt32768323,nm0647634,actor,"[""title.principals""]"
tt32768323,nm0890055,actor,"[""title.principals""]"
tt32768323,nm15559731,actor,"[""title.principals""]"
tt32768323,nm17036063,actor,"[""title.principals""]"
tt32768323,nm17036067,actor,"[""title.principals""]"
tt32768323,nm2492359,actor,"[""title.principals""]"
tt32768323,nm2539953,actor,"[""title.principals""]"
tt32768323,nm2797744,actor,"[""title.principals""]"
tt32768323,nm3238246,actor,"[""title.principals""]"
tt32768323,nm4716757,actor,"[""title.principals""]"
tt32768323,nm5775649,writer,"[""title.crew"", ""title.principals""]"
tt32768323,nm6488594,writer,"[""title.crew"", ""title.principals""]"
tt32768323,nm6488595,writer,"[""title.crew"", ""title.principals""]"
tt32768323,nm6878753,director,"[""title.crew"", ""title.principals""]"
tt33349807,nm10120019,actor,"[""title.principals""]"
tt33349807,nm10120056,actor,"[""title.principals""]"
tt33349807,nm10578851,actor,"[""title.principals""]"
tt33349807,nm11186732,writer,"[""title.crew"", ""title.principals""]"
tt33349807,nm12375364,actor,"[""title.principals""]"
tt33349807,nm12501094,actor,"[""title.principals""]"
tt33349807,nm13721035,actor,"[""title.principals""]"
tt33349807,nm14708124,actor,"[""title.principals""]"
tt33349807,nm14888658,actor,"[""title.principals""]"
tt33349807,nm2934741,director,"[""title.crew"", ""title.principals""]"
tt33349807,nm5193944,writer,"[""title.crew"", ""title.principals""]"
tt33349807,nm5224068,actor,"[""title.principals""]"
tt33349807,nm8045071,actor,"[""title.principals""]"
tt3433074,nm0216342,actor,"[""title.principals""]"
tt3433074,nm0368601,actor,"[""title.principals""]"
tt3433074,nm0445843,director,"[""title.crew"", ""title.principals""]"
tt3433074,nm0639983,actor,"[""title.principals""]"
tt3433074,nm0639983,writer,"[""title.crew"", ""title.principals""]"
tt3433074,nm0734727,actor,"[""title.principals""]"
tt3433074,nm1499974,actor,"[""title.principals""]"
tt3433074,nm2681255,actor,"[""title.principals""]"
tt3433074,nm4269187,actor,"[""title.principals""]"
tt3433074,nm4336636,actor,"[""title.principals""]"
tt3433074,nm4753357,actor,"[""title.principals""]"
tt3433074,nm4884145,actor,"[""title.principals""]"
tt3465074,nm0000461,actor,"[""title.principals""]"
tt3465074,nm0000502,actor,"[""title.principals""]"
tt3465074,nm0410622,actor,"[""title.principals""]"
tt3465074,nm0565366,actor,"[""title.principals""]"
tt3465074,nm0611983,actor,"[""title.principals""]"
tt3465074,nm0611983,director,"[""title.crew"", ""title.principals""]"
tt3465074,nm0611983,writer,"[""title.crew"", ""title.principals""]"
tt3465074,nm0772704,actor,"[""title.principals""]"
tt3465074,nm0880387,actor,"[""title.principals""]"
tt3465074,nm1915955,actor,"[""title.principals""]"
tt3465074,nm1915955,writer,"[""title.crew"", ""title.principals""]"
tt3465074,nm5895739,actor,"[""title.principals""]"
tt3465074,nm6097246,actor,"[""title.principals""]"
tt3564794,nm0108295,actor,"[""title.principals""]"
tt3564794,nm0175814,actor,"[""title.principals""]"
tt3564794,nm0644406,actor,"[""title.principals""]"
tt3564794,nm0703939,actor,"[""title.principals""]"
tt3564794,nm0786639,actor,"[""title.principals""]"
tt3564794,nm0973177,actor,"[""title.principals""]"
tt3564794,nm1221047,actor,"[""title.principals""]"
tt3564794,nm1581597,actor,"[""title.principals""]"
tt3564794,nm1880888,actor,"[""title.principals""]"
tt3564794,nm3091777,actor,"[""title.principals""]"
tt3564794,nm3681509,director,"[""title.crew"", ""title.principals""]"
tt3564794,nm3681509,writer,"[""title.crew"", ""title.principals""]"
tt3608654,nm0223437,actor,"[""title.principals""]"
tt3608654,nm1797032,writer,"[""title.crew"", ""title.principals""]"
tt3608654,nm1983779,actor,"[""title.principals""]"
tt3608654,nm2353045,director,"[""title.crew"", ""title.principals""]"
tt3608654,nm3149143,actor,"[""title.principals""]"
tt3608654,nm3937449,actor,"[""title.principals""]"
tt3608654,nm4517428,actor,"[""title.principals""]"
tt3608654,nm4758864,actor,"[""title.principals""]"
tt3608654,nm4949679,actor,"[""title.principals""]"
tt3608654,nm5924908,actor,"[""title.principals""]"
tt3608654,nm6275910,actor,"[""title.principals""]"
tt3608654,nm6377317,actor,"[""title.principals""]"
tt3620418,nm0196723,actor,"[""title.principals""]"
tt3620418,nm0311696,writer,"[""title.crew"", ""title.principals""]"
tt3620418,nm0314611,actor,"[""title.principals""]"
tt3620418,nm0717603,actor,"[""title.principals""]"
tt3620418,nm0816030,actor,"[""title.principals""]"
tt3620418,nm0885673,actor,"[""title.principals""]"
tt3620418,nm0885992,actor,"[""title.principals""]"
tt3620418,nm1552841,actor,"[""title.principals""]"
tt3620418,nm1796156,actor,"[""title.principals""]"
tt3620418,nm1911240,writer,"[""title.crew"", ""title.principals""]"
tt3620418,nm2361914,director,"[""title.crew"", ""title.principals""]"
tt3620418,nm3374818,writer,"[""title.crew"", ""title.principals""]"
tt3620418,nm3616170,actor,"[""title.principals""]"
tt3620418,nm4115744,actor,"[""title.principals""]"
tt3620418,nm7154395,writer,"[""title.crew"", ""title.principals""]"
tt36440312,nm0620017,actor,"[""title.principals""]"
tt36440312,nm0849028,actor,"[""title.principals""]"
tt36440312,nm11134848,actor,"[""title.principals""]"
tt36440312,nm11813683,director,"[""title.crew"", ""title.principals""]"
tt36440312,nm1312191,actor,"[""title.principals""]"
tt36440312,nm1430139,actor,"[""title.principals""]"
tt36440312,nm15531321,writer,"[""title.crew"", ""title.principals""]"
tt36440312,nm1679934,actor,"[""title.principals""]"
tt36440312,nm3972152,director,"[""title.crew"", ""title.principals""]"
tt36440312,nm4785118,actor,"[""title.principals""]"
tt36440312,nm5003154,writer,"[""title.crew"", ""title.principals""]"
tt36440312,nm5137121,actor,"[""title.principals""]"
tt36440312,nm5481013,actor,"[""title.principals""]"
tt36440312,nm7552800,actor,"[""title.principals""]"
tt36491337,nm0863171,actor,"[""title.principals""]"
tt36491337,nm10735829,actor,"[""title.principals""]"
tt36491337,nm11864914,actor,"[""title.principals""]"
tt36491337,nm1340178,actor,"[""title.principals""]"
tt36491337,nm15089240,actor,"[""title.principals""]"
tt36491337,nm16448855,actor,"[""title.principals""]"
tt36491337,nm17203125,director,"[""title.crew"", ""title.principals""]"
tt36491337,nm17203125,writer,"[""title.crew"", ""title.principals""]"
tt36491337,nm17349162,actor,"[""title.principals""]"
tt36491337,nm2347196,actor,"[""title.principals""]"
tt36491337,nm4075462,actor,"[""title.principals""]"
tt36491337,nm5044946,actor,"[""title.principals""]"
tt3685218,nm0239575,actor,"[""title.principals""]"
tt3685218,nm0320636,actor,"[""title.principals""]"
tt3685218,nm2113645,director,"[""title.crew"", ""title.principals""]"
tt3685218,nm2113645,writer,"[""title.crew"", ""title.principals""]"
tt3685218,nm2441568,writer,"[""title.crew"", ""title.principals""]"
tt3685218,nm2481725,actor,"[""title.principals""]"
tt3685218,nm3870590,actor,"[""title.principals""]"
tt3685218,nm3872496,actor,"[""title.principals""]"
tt3685218,nm3907268,actor,"[""title.principals""]"
tt3685218,nm4147126,actor,"[""title.principals""]"
tt3685218,nm8011227,actor,"[""title.principals""]"
tt3685218,nm8011228,actor,"[""title.principals""]"
tt3685218,nm8011229,actor,"[""title.principals""]"
tt3748528,nm0000184,writer,"[""title.crew""]"
tt3748528,nm0001845,actor,"[""title.principals""]"
tt3748528,nm0006904,writer,"[""title.crew"", ""title.principals""]"
tt3748528,nm0377844,actor,"[""title.principals""]"
tt3748528,nm0422638,actor,"[""title.principals""]"
tt3748528,nm0428065,actor,"[""title.principals""]"
tt3748528,nm0461306,writer,"[""title.crew"", ""title.principals""]"
tt3748528,nm0526019,actor,"[""title.principals""]"
tt3748528,nm0578853,actor,"[""title.principals""]"
tt3748528,nm0586568,actor,"[""title.principals""]"
tt3748528,nm0876138,actor,"[""title.principals""]"
tt3748528,nm0919363,writer,"[""title.crew"", ""title.principals""]"
tt3748528,nm0947447,actor,"[""title.principals""]"
tt3748528,nm1729428,writer,"[""title.crew"", ""title.principals""]"
tt3748528,nm1757929,director,"[""title.crew"", ""title.principals""]"
tt3748528,nm1981893,actor,"[""title.principals""]"
tt3778644,nm0000165,director,"[""title.crew"", ""title.principals""]"
tt3778644,nm0000184,writer,"[""title.crew"", ""title.principals""]"
tt3778644,nm0000437,actor,"[""title.principals""]"
tt3778644,nm0001410,writer,"[""title.crew"", ""title.principals""]"
tt3778644,nm0079273,actor,"[""title.principals""]"
tt3778644,nm0269463,actor,"[""title.principals""]"
tt3778644,nm0440459,writer,"[""title.crew"", ""title.principals""]"
tt3778644,nm0628601,actor,"[""title.principals""]"
tt3778644,nm2255973,actor,"[""title.principals""]"
tt3778644,nm2403277,actor,"[""title.principals""]"
tt3778644,nm3564817,actor,"[""title.principals""]"
tt3778644,nm3592338,actor,"[""title.principals""]"
tt3778644,nm6934058,actor,"[""title.principals""]"
tt3778644,nm7210986,actor,"[""title.principals""]"
tt3800028,nm0115839,actor,"[""title.principals""]"
tt3800028,nm0258414,writer,"[""title.crew"", ""title.principals""]"
tt3800028,nm0404806,actor,"[""title.principals""]"
tt3800028,nm0577818,actor,"[""title.principals""]"
tt3800028,nm0717603,actor,"[""title.principals""]"
tt3800028,nm0791942,actor,"[""title.principals""]"
tt3800028,nm0900710,actor,"[""title.principals""]"
tt3800028,nm1058909,writer,"[""title.crew"", ""title.principals""]"
tt3800028,nm1105443,actor,"[""title.principals""]"
tt3800028,nm1278335,actor,"[""title.principals""]"
tt3800028,nm1499971,writer,"[""title.crew"", ""title.principals""]"
tt3800028,nm2156780,actor,"[""title.principals""]"
tt3800028,nm2457295,writer,"[""title.crew"", ""title.principals""]"
tt3800028,nm3491871,director,"[""title.crew"", ""title.principals""]"
tt3800028,nm4791836,writer,"[""title.crew""]"
tt3800028,nm6733346,actor,"[""title.principals""]"
tt3960412,nm0000349,actor,"[""title.principals""]"
tt3960412,nm0005218,actor,"[""title.principals""]"
tt3960412,nm0748973,actor,"[""title.principals""]"
tt3960412,nm0798971,actor,"[""title.principals""]"
tt3960412,nm1672246,actor,"[""title.principals""]"
tt3960412,nm1672246,director,"[""title.crew"", ""title.principals""]"
tt3960412,nm1672246,writer,"[""title.crew"", ""title.principals""]"
tt3960412,nm1676221,actor,"[""title.principals""]"
tt3960412,nm1676221,writer,"[""title.crew"", ""title.principals""]"
tt3960412,nm1676223,actor,"[""title.principals""]"
tt3960412,nm1676223,director,"[""title.crew"", ""title.principals""]"
tt3960412,nm1676223,writer,"[""title.crew"", ""title.principals""]"
tt3960412,nm1782299,actor,"[""title.principals""]"
tt3960412,nm5412083,actor,"[""title.principals""]"
tt3960412,nm7254628,actor,"[""title.principals""]"
tt3982774,nm0051166,director,"[""title.crew"", ""title.principals""]"
tt3982774,nm0059941,actor,"[""title.principals""]"
tt3982774,nm1759786,actor,"[""title.principals""]"
tt3982774,nm1856080,actor,"[""title.principals""]"
tt3982774,nm2203012,actor,"[""title.principals""]"
tt3982774,nm2756685,actor,"[""title.principals""]"
tt3982774,nm2761749,actor,"[""title.principals""]"
tt3982774,nm3003143,actor,"[""title.principals""]"
tt3982774,nm3520159,actor,"[""title.principals""]"
tt3982774,nm4158039,writer,"[""title.crew"", ""title.principals""]"
tt3982774,nm4158912,actor,"[""title.principals""]"
tt3982774,nm4158912,writer,"[""title.crew"", ""title.principals""]"
tt3982774,nm5411093,actor,"[""title.principals""]"
tt4073890,nm0162485,director,"[""title.crew"", ""title.principals""]"
tt4073890,nm0162485,writer,"[""title.crew"", ""title.principals""]"
tt4073890,nm0363736,actor,"[""title.principals""]"
tt4073890,nm0752740,actor,"[""title.principals""]"
tt4073890,nm1008146,actor,"[""title.principals""]"
tt4073890,nm1795989,actor,"[""title.principals""]"
tt4073890,nm2063982,actor,"[""title.principals""]"
tt4073890,nm2392852,actor,"[""title.principals""]"
tt4073890,nm3435231,actor,"[""title.principals""]"
tt4073890,nm3941091,actor,"[""title.principals""]"
tt4073890,nm5033237,actor,"[""title.principals""]"
tt4073890,nm8194649,actor,"[""title.principals""]"
tt4076926,nm0000546,actor,"[""title.principals""]"
tt4076926,nm0065270,writer,"[""title.crew"", ""title.principals""]"
tt4076926,nm0098357,writer,"[""title.crew"", ""title.principals""]"
tt4076926,nm0185272,actor,"[""title.principals""]"
tt4076926,nm0290556,actor,"[""title.principals""]"
tt4076926,nm0453994,actor,"[""title.principals""]"
tt4076926,nm0544718,actor,"[""title.principals""]"
tt4076926,nm0619585,writer,"[""title.crew""]"
tt4076926,nm0817844,actor,"[""title.principals""]"
tt4076926,nm0848554,actor,"[""title.principals""]"
tt4076926,nm1185422,director,"[""title.crew"", ""title.principals""]"
tt4076926,nm1325419,actor,"[""title.principals""]"
tt4076926,nm1747924,actor,"[""title.principals""]"
tt4076926,nm2212543,writer,"[""title.crew""]"
tt4076926,nm2349726,actor,"[""title.principals""]"
tt4076926,nm2838508,director,"[""title.crew"", ""title.principals""]"
tt4076926,nm3430702,director,"[""title.crew""]"
tt4076926,nm3750468,director,"[""title.crew""]"
tt4076926,nm4059614,director,"[""title.crew"", ""title.principals""]"
tt4076926,nm4348198,director,"[""title.crew""]"
tt4076926,nm4671160,director,"[""title.crew""]"
tt4076926,nm4966249,director,"[""title.crew"", ""title.principals""]"
tt4076926,nm5454757,director,"[""title.crew""]"
tt4076926,nm5557614,writer,"[""title.crew""]"
tt4076926,nm5684567,writer,"[""title.crew"", ""title.principals""]"
tt4076926,nm6808559,writer,"[""title.crew"", ""title.principals""]"
tt4076926,nm6808566,writer,"[""title.crew""]"
tt4085084,nm0111379,writer,"[""title.crew"", ""title.principals""]"
tt4085084,nm0774386,actor,"[""title.principals""]"
tt4085084,nm1208167,actor,"[""title.principals""]"
tt4085084,nm1356951,director,"[""title.crew"", ""title.principals""]"
tt4085084,nm1356951,writer,"[""title.crew"", ""title.principals""]"
tt4085084,nm2046639,actor,"[""title.principals""]"
tt4085084,nm4292635,actor,"[""title.principals""]"
tt4085084,nm4409325,actor,"[""title.principals""]"
tt4085084,nm5524273,actor,"[""title.principals""]"
tt4085084,nm5658585,actor,"[""title.principals""]"
tt4085084,nm7334568,actor,"[""title.principals""]"
tt4085084,nm7334569,actor,"[""title.principals""]"
tt4085084,nm7334570,actor,"[""title.principals""]"
tt4264426,nm0083702,actor,"[""title.principals""]"
tt4264426,nm2029106,director,"[""title.crew"", ""title.principals""]"
tt4264426,nm2029106,writer,"[""title.crew"", ""title.principals""]"
tt4264426,nm2315739,actor,"[""title.principals""]"
tt4264426,nm3884562,writer,"[""title.crew"", ""title.principals""]"
tt4264426,nm3965943,actor,"[""title.principals""]"
tt4264426,nm4355888,actor,"[""title.principals""]"
tt4264426,nm4630926,actor,"[""title.principals""]"
tt4264426,nm5051981,actor,"[""title.principals""]"
tt4264426,nm5362985,actor,"[""title.principals""]"
tt4264426,nm5545145,actor,"[""title.principals""]"
tt4264426,nm5699124,actor,"[""title.principals""]"
tt4264426,nm8141007,actor,"[""title.principals""]"
tt4383594,nm0000228,actor,"[""title.principals""]"
tt4383594,nm0000686,actor,"[""title.principals""]"
tt4383594,nm0001756,director,"[""title.crew"", ""title.principals""]"
tt4383594,nm0004950,actor,"[""title.principals""]"
tt4383594,nm0020820,writer,"[""title.crew"", ""title.principals""]"
tt4383594,nm0176175,actor,"[""title.principals""]"
tt4383594,nm0385644,actor,"[""title.principals""]"
tt4383594,nm0527095,writer,"[""title.crew"", ""title.principals""]"
tt4383594,nm0666256,actor,"[""title.principals""]"
tt4383594,nm0933128,writer,"[""title.crew"", ""title.principals""]"
tt4383594,nm1146243,actor,"[""title.principals""]"
tt4383594,nm2046077,writer,"[""title.crew""]"
tt4383594,nm2064412,actor,"[""title.principals""]"
tt4383594,nm5136172,writer,"[""title.crew"", ""title.principals""]"
tt4383594,nm5145057,actor,"[""title.principals""]"
tt4383594,nm5844090,actor,"[""title.principals""]"
tt4411584,nm0005017,actor,"[""title.principals""]"
tt4411584,nm0005278,actor,"[""title.principals""]"
tt4411584,nm0126279,writer,"[""title.crew"", ""title.principals""]"
tt4411584,nm0524197,actor,"[""title.principals""]"
tt4411584,nm0663002,writer,"[""title.crew"", ""title.principals""]"
tt4411584,nm0855035,director,"[""title.crew"", ""title.principals""]"
tt4411584,nm0855035,writer,"[""title.crew"", ""title.principals""]"
tt4411584,nm0922927,actor,"[""title.principals""]"
tt4411584,nm1640523,actor,"[""title.principals""]"
tt4411584,nm2791723,actor,"[""title.principals""]"
tt4411584,nm3492555,writer,"[""title.crew"", ""title.principals""]"
tt4411584,nm5109998,actor,"[""title.principals""]"
tt4411584,nm6823359,actor,"[""title.principals""]"
tt4411584,nm7132227,actor,"[""title.principals""]"
tt4411584,nm7263054,actor,"[""title.principals""]"
tt4435072,nm0005512,actor,"[""title.principals""]"
tt4435072,nm0019382,actor,"[""title.principals""]"
tt4435072,nm0221218,actor,"[""title.principals""]"
tt4435072,nm0471447,actor,"[""title.principals""]"
tt4435072,nm0659233,actor,"[""title.principals""]"
tt4435072,nm0700872,director,"[""title.crew"", ""title.principals""]"
tt4435072,nm0700872,writer,"[""title.crew"", ""title.principals""]"
tt4435072,nm0747172,actor,"[""title.principals""]"
tt4435072,nm2864993,writer,"[""title.crew"", ""title.principals""]"
tt4435072,nm4797922,actor,"[""title.principals""]"
tt4435072,nm5060304,writer,"[""title.crew"", ""title.principals""]"
tt4435072,nm9203528,actor,"[""title.principals""]"
tt4435072,nm9547940,writer,"[""title.crew"", ""title.principals""]"
tt4435072,nm9615234,actor,"[""title.principals""]"
tt4435072,nm9820279,actor,"[""title.principals""]"
tt4439102,nm0167649,actor,"[""title.principals""]"
tt4439102,nm0185749,actor,"[""title.principals""]"
tt4439102,nm0185749,director,"[""title.crew"", ""title.principals""]"
tt4439102,nm0320234,actor,"[""title.principals""]"
tt4439102,nm0517844,actor,"[""title.principals""]"
tt4439102,nm0816508,actor,"[""title.principals""]"
tt4439102,nm0897400,actor,"[""title.principals""]"
tt4439102,nm0904967,actor,"[""title.principals""]"
tt4439102,nm0934008,actor,"[""title.principals""]"
tt4439102,nm1424524,writer,"[""title.crew"", ""title.principals""]"
tt4439102,nm1526214,actor,"[""title.principals""]"
tt4439102,nm2185413,writer,"[""title.crew"", ""title.principals""]"
tt4439102,nm5011560,actor,"[""title.principals""]"
tt4439102,nm8098198,writer,"[""title.crew"", ""title.principals""]"
tt4602066,nm0001567,actor,"[""title.principals""]"
tt4602066,nm0269419,actor,"[""title.principals""]"
tt4602066,nm0312064,actor,"[""title.principals""]"
tt4602066,nm0506802,director,"[""title.crew"", ""title.principals""]"
tt4602066,nm0734441,writer,"[""title.crew"", ""title.principals""]"
tt4602066,nm0748620,actor,"[""title.principals""]"
tt4602066,nm0835016,actor,"[""title.principals""]"
tt4602066,nm0929489,actor,"[""title.principals""]"
tt4602066,nm10364361,actor,"[""title.principals""]"
tt4602066,nm10364362,actor,"[""title.principals""]"
tt4602066,nm10364363,actor,"[""title.principals""]"
tt4602066,nm1134945,actor,"[""title.principals""]"
tt4602066,nm7260546,writer,"[""title.crew"", ""title.principals""]"
tt4616250,nm0000219,actor,"[""title.principals""]"
tt4616250,nm0582257,actor,"[""title.principals""]"
tt4616250,nm0614861,actor,"[""title.principals""]"
tt4616250,nm0629634,actor,"[""title.principals""]"
tt4616250,nm0879186,actor,"[""title.principals""]"
tt4616250,nm0920460,actor,"[""title.principals""]"
tt4616250,nm2358356,actor,"[""title.principals""]"
tt4616250,nm3052104,actor,"[""title.principals""]"
tt4616250,nm3202669,writer,"[""title.crew"", ""title.principals""]"
tt4616250,nm3508368,writer,"[""title.crew"", ""title.principals""]"
tt4616250,nm3736022,actor,"[""title.principals""]"
tt4616250,nm3736022,director,"[""title.crew"", ""title.principals""]"
tt4616250,nm3736022,writer,"[""title.crew"", ""title.principals""]"
tt4616250,nm6784572,writer,"[""title.crew"", ""title.principals""]"
tt4616250,nm7706117,actor,"[""title.principals""]"
tt4642970,nm10428618,actor,"[""title.principals""]"
tt4642970,nm18865278,actor,"[""title.principals""]"
tt4642970,nm5144965,actor,"[""title.principals""]"
tt4642970,nm7304659,actor,"[""title.principals""]"
tt4642970,nm7304659,writer,"[""title.crew""]"
tt4642970,nm7304660,actor,"[""title.principals""]"
tt4642970,nm7304661,actor,"[""title.principals""]"
tt4642970,nm7304663,actor,"[""title.principals""]"
tt4642970,nm7304666,actor,"[""title.principals""]"
tt4642970,nm7304668,actor,"[""title.principals""]"
tt4642970,nm7313563,actor,"[""title.principals""]"
tt4642970,nm7313563,director,"[""title.crew"", ""title.principals""]"
tt4642970,nm7313563,writer,"[""title.crew""]"
tt4669264,nm0006904,writer,"[""title.crew"", ""title.principals""]"
tt4669264,nm0026442,director,"[""title.crew"", ""title.principals""]"
tt4669264,nm0281448,actor,"[""title.principals""]"
tt4669264,nm0358316,actor,"[""title.principals""]"
tt4669264,nm0671032,actor,"[""title.principals""]"
tt4669264,nm0693288,actor,"[""title.principals""]"
tt4669264,nm1338428,actor,"[""title.principals""]"
tt4669264,nm1871951,actor,"[""title.principals""]"
tt4669264,nm3697747,actor,"[""title.principals""]"
tt4669264,nm7514607,actor,"[""title.principals""]"
tt4669264,nm9966942,actor,"[""title.principals""]"
tt4669264,nm9966943,actor,"[""title.principals""]"
tt4729430,nm0000349,actor,"[""title.principals""]"
tt4729430,nm0005172,actor,"[""title.principals""]"
tt4729430,nm0005403,actor,"[""title.principals""]"
tt4729430,nm0429069,actor,"[""title.principals""]"
tt4729430,nm0655053,actor,"[""title.principals""]"
tt4729430,nm0655053,director,"[""title.crew"", ""title.principals""]"
tt4729430,nm0655053,writer,"[""title.crew"", ""title.principals""]"
tt4729430,nm0766005,actor,"[""title.principals""]"
tt4729430,nm0799777,actor,"[""title.principals""]"
tt4729430,nm10520267,actor,"[""title.principals""]"
tt4729430,nm2082813,writer,"[""title.crew"", ""title.principals""]"
tt4729430,nm2700235,writer,"[""title.crew"", ""title.principals""]"
tt4729430,nm3582089,director,"[""title.crew""]"
tt4729430,nm8388409,actor,"[""title.principals""]"
tt4729430,nm9468053,actor,"[""title.principals""]"
tt4932154,nm0295437,actor,"[""title.principals""]"
tt4932154,nm0698634,actor,"[""title.principals""]"
tt4932154,nm0826091,writer,"[""title.crew"", ""title.principals""]"
tt4932154,nm0863787,actor,"[""title.principals""]"
tt4932154,nm1326842,director,"[""title.crew"", ""title.principals""]"
tt4932154,nm1326842,writer,"[""title.crew"", ""title.principals""]"
tt4932154,nm2583479,actor,"[""title.principals""]"
tt4932154,nm2718341,actor,"[""title.principals""]"
tt4932154,nm3836977,actor,"[""title.principals""]"
tt4932154,nm6654019,actor,"[""title.principals""]"
tt4932154,nm7537160,actor,"[""title.principals""]"
tt4932154,nm8732499,actor,"[""title.principals""]"
tt4932154,nm8997092,actor,"[""title.principals""]"
tt5197544,nm0038169,actor,"[""title.principals""]"
tt5197544,nm1044881,actor,"[""title.principals""]"
tt5197544,nm1224429,director,"[""title.crew"", ""title.principals""]"
tt5197544,nm1224429,writer,"[""title.crew"", ""title.principals""]"
tt5197544,nm1229940,actor,"[""title.principals""]"
tt5197544,nm1474596,writer,"[""title.crew"", ""title.principals""]"
tt5197544,nm2101751,writer,"[""title.crew"", ""title.principals""]"
tt5197544,nm2452692,writer,"[""title.crew"", ""title.principals""]"
tt5197544,nm3289096,actor,"[""title.principals""]"
tt5197544,nm4447323,actor,"[""title.principals""]"
tt5197544,nm4668046,actor,"[""title.principals""]"
tt5197544,nm7805689,actor,"[""title.principals""]"
tt5197544,nm8680484,actor,"[""title.principals""]"
tt5197544,nm8680486,actor,"[""title.principals""]"
tt5197544,nm8680496,actor,"[""title.principals""]"
tt5259966,nm0227997,actor,"[""title.principals""]"
tt5259966,nm0708503,actor,"[""title.principals""]"
tt5259966,nm1172285,actor,"[""title.principals""]"
tt5259966,nm1410318,actor,"[""title.principals""]"
tt5259966,nm1448869,actor,"[""title.principals""]"
tt5259966,nm1480916,writer,"[""title.crew"", ""title.principals""]"
tt5259966,nm1818121,director,"[""title.crew"", ""title.principals""]"
tt5259966,nm2180936,writer,"[""title.crew"", ""title.principals""]"
tt5259966,nm2288528,writer,"[""title.crew"", ""title.principals""]"
tt5259966,nm2609083,writer,"[""title.crew"", ""title.principals""]"
tt5259966,nm5470601,actor,"[""title.principals""]"
tt5259966,nm5687461,actor,"[""title.principals""]"
tt5259966,nm6145378,actor,"[""title.principals""]"
tt5259966,nm7337670,actor,"[""title.principals""]"
tt5259966,nm8069110,actor,"[""title.principals""]"
tt5271432,nm0611481,actor,"[""title.principals""]"
tt5271432,nm1798902,actor,"[""title.principals""]"
tt5271432,nm2465399,actor,"[""title.principals""]"
tt5271432,nm2469558,actor,"[""title.principals""]"
tt5271432,nm4028151,actor,"[""title.principals""]"
tt5271432,nm5166292,actor,"[""title.principals""]"
tt5271432,nm6098360,actor,"[""title.principals""]"
tt5271432,nm6447222,actor,"[""title.principals""]"
tt5271432,nm6697626,actor,"[""title.principals""]"
tt5271432,nm7079028,actor,"[""title.principals""]"
tt5271432,nm7792149,director,"[""title.crew"", ""title.principals""]"
tt5271432,nm7792149,writer,"[""title.crew"", ""title.principals""]"
tt5271432,nm7792150,writer,"[""title.crew"", ""title.principals""]"
tt5465370,nm0419741,actor,"[""title.principals""]"
tt5465370,nm0440604,actor,"[""title.principals""]"
tt5465370,nm0474609,actor,"[""title.principals""]"
tt5465370,nm0534852,actor,"[""title.principals""]"
tt5465370,nm1234298,actor,"[""title.principals""]"
tt5465370,nm1277293,actor,"[""title.principals""]"
tt5465370,nm1421683,writer,"[""title.crew"", ""title.principals""]"
tt5465370,nm1436693,director,"[""title.crew"", ""title.principals""]"
tt5465370,nm1436693,writer,"[""title.crew"", ""title.principals""]"
tt5465370,nm2815326,actor,"[""title.principals""]"
tt5465370,nm2843559,actor,"[""title.principals""]"
tt5465370,nm3003162,actor,"[""title.principals""]"
tt5465370,nm3848064,actor,"[""title.principals""]"
tt5465370,nm6741315,writer,"[""title.crew"", ""title.principals""]"
tt5465370,nm8722073,writer,"[""title.crew"", ""title.principals""]"
tt5534434,nm0387987,actor,"[""title.principals""]"
tt5534434,nm0741378,actor,"[""title.principals""]"
tt5534434,nm0791487,actor,"[""title.principals""]"
tt5534434,nm0791898,actor,"[""title.principals""]"
tt5534434,nm0792156,actor,"[""title.principals""]"
tt5534434,nm1697112,director,"[""title.crew"", ""title.principals""]"
tt5534434,nm1697112,writer,"[""title.crew"", ""title.principals""]"
tt5534434,nm1925026,actor,"[""title.principals""]"
tt5534434,nm1978079,actor,"[""title.principals""]"
tt5534434,nm3311695,actor,"[""title.principals""]"
tt5534434,nm4424397,actor,"[""title.principals""]"
tt5534434,nm4784702,actor,"[""title.principals""]"
tt5697870,nm0457410,actor,"[""title.principals""]"
tt5697870,nm0747172,actor,"[""title.principals""]"
tt5697870,nm0788903,actor,"[""title.principals""]"
tt5697870,nm1027719,actor,"[""title.principals""]"
tt5697870,nm1277705,actor,"[""title.principals""]"
tt5697870,nm13869877,actor,"[""title.principals""]"
tt5697870,nm2486220,actor,"[""title.principals""]"
tt5697870,nm2748159,writer,"[""title.crew"", ""title.principals""]"
tt5697870,nm3826513,director,"[""title.crew"", ""title.principals""]"
tt5697870,nm3826513,writer,"[""title.crew"", ""title.principals""]"
tt5697870,nm3993149,actor,"[""title.principals""]"
tt5697870,nm5069465,actor,"[""title.principals""]"
tt5697870,nm8026847,actor,"[""title.principals""]"
tt5999530,nm0463592,actor,"[""title.principals""]"
tt5999530,nm0475905,director,"[""title.crew"", ""title.principals""]"
tt5999530,nm0475905,writer,"[""title.crew"", ""title.principals""]"
tt5999530,nm0559430,actor,"[""title.principals""]"
tt5999530,nm0594073,actor,"[""title.principals""]"
tt5999530,nm0619178,actor,"[""title.principals""]"
tt5999530,nm1880510,actor,"[""title.principals""]"
tt5999530,nm2650522,writer,"[""title.crew"", ""title.principals""]"
tt5999530,nm3117207,actor,"[""title.principals""]"
tt5999530,nm4056296,actor,"[""title.principals""]"
tt5999530,nm4514387,actor,"[""title.principals""]"
tt5999530,nm4818678,actor,"[""title.principals""]"
tt5999530,nm5772332,writer,"[""title.crew"", ""title.principals""]"
tt5999530,nm7042308,actor,"[""title.principals""]"
tt6290798,nm0000096,actor,"[""title.principals""]"
tt6290798,nm0000657,actor,"[""title.principals""]"
tt6290798,nm1265212,actor,"[""title.principals""]"
tt6290798,nm1435316,director,"[""title.crew"", ""title.principals""]"
tt6290798,nm1435316,writer,"[""title.crew"", ""title.principals""]"
tt6290798,nm1853240,actor,"[""title.principals""]"
tt6290798,nm1951721,actor,"[""title.principals""]"
tt6290798,nm3480246,actor,"[""title.principals""]"
tt6290798,nm5189784,actor,"[""title.principals""]"
tt6290798,nm5829670,actor,"[""title.principals""]"
tt6290798,nm6643051,actor,"[""title.principals""]"
tt6290798,nm8656178,actor,"[""title.principals""]"
tt6295898,nm1541912,actor,"[""title.principals""]"
tt6295898,nm2434196,actor,"[""title.principals""]"
tt6295898,nm2627085,actor,"[""title.principals""]"
tt6295898,nm2764137,actor,"[""title.principals""]"
tt6295898,nm3191792,actor,"[""title.principals""]"
tt6295898,nm4063713,actor,"[""title.principals""]"
tt6295898,nm4340065,writer,"[""title.crew"", ""title.principals""]"
tt6295898,nm4525146,actor,"[""title.principals""]"
tt6295898,nm6196507,writer,"[""title.crew"", ""title.principals""]"
tt6295898,nm7415410,director,"[""title.crew"", ""title.principals""]"
tt6295898,nm9221967,actor,"[""title.principals""]"
tt6295898,nm9221969,actor,"[""title.principals""]"
tt6295898,nm9244111,actor,"[""title.principals""]"
tt6570372,nm1659569,actor,"[""title.principals""]"
tt6570372,nm2118175,actor,"[""title.principals""]"
tt6570372,nm2424044,actor,"[""title.principals""]"
tt6570372,nm2668723,actor,"[""title.principals""]"
tt6570372,nm3354777,actor,"[""title.principals""]"
tt6570372,nm3386768,director,"[""title.crew"", ""title.principals""]"
tt6570372,nm3386768,writer,"[""title.crew"", ""title.principals""]"
tt6570372,nm3746087,writer,"[""title.crew"", ""title.principals""]"
tt6570372,nm3787175,actor,"[""title.principals""]"
tt6570372,nm5253091,actor,"[""title.principals""]"
tt6570372,nm5575765,actor,"[""title.principals""]"
tt6570372,nm6034158,actor,"[""title.principals""]"
tt6570372,nm7461420,actor,"[""title.principals""]"
tt6888938,nm0004912,actor,"[""title.principals""]"
tt6888938,nm0268297,actor,"[""title.principals""]"
tt6888938,nm0531933,actor,"[""title.principals""]"
tt6888938,nm0560864,actor,"[""title.principals""]"
tt6888938,nm1963755,actor,"[""title.principals""]"
tt6888938,nm2125359,actor,"[""title.principals""]"
tt6888938,nm2917649,director,"[""title.crew"", ""title.principals""]"
tt6888938,nm2917649,writer,"[""title.crew"", ""title.principals""]"
tt6888938,nm3822505,actor,"[""title.principals""]"
tt6888938,nm4667199,actor,"[""title.principals""]"
tt6888938,nm6125219,actor,"[""title.principals""]"
tt6888938,nm8979280,actor,"[""title.principals""]"
tt6988366,nm0000616,actor,"[""title.principals""]"
tt6988366,nm0001550,actor,"[""title.principals""]"
tt6988366,nm0001698,actor,"[""title.principals""]"
tt6988366,nm0002546,actor,"[""title.principals""]"
tt6988366,nm0250659,actor,"[""title.principals""]"
tt6988366,nm0265670,actor,"[""title.principals""]"
tt6988366,nm0731067,actor,"[""title.principals""]"
tt6988366,nm1767726,actor,"[""title.principals""]"
tt6988366,nm3911117,director,"[""title.crew"", ""title.principals""]"
tt6988366,nm3911117,writer,"[""title.crew"", ""title.principals""]"
tt6988366,nm7545798,actor,"[""title.principals""]"
tt6988366,nm8120718,actor,"[""title.principals""]"
tt7209510,nm2594429,actor,"[""title.principals""]"
tt7209510,nm3539353,actor,"[""title.principals""]"
tt7209510,nm3654931,actor,"[""title.principals""]"
tt7209510,nm3654931,director,"[""title.crew"", ""title.principals""]"
tt7209510,nm3654931,writer,"[""title.crew"", ""title.principals""]"
tt7209510,nm4888313,actor,"[""title.principals""]"
tt7209510,nm6101361,actor,"[""title.principals""]"
tt7209510,nm6101362,actor,"[""title.principals""]"
tt7209510,nm6159172,actor,"[""title.principals""]"
tt7209510,nm6202496,writer,"[""title.crew"", ""title.principals""]"
tt7209510,nm7489781,actor,"[""title.principals""]"
tt7209510,nm9497136,actor,"[""title.principals""]"
tt7209510,nm9497137,actor,"[""title.principals""]"
tt7225386,nm0004376,actor,"[""title.principals""]"
tt7225386,nm0326558,director,"[""title.crew"", ""title.principals""]"
tt7225386,nm0487884,actor,"[""title.principals""]"
tt7225386,nm0617852,actor,"[""title.principals""]"
tt7225386,nm1197689,actor,"[""title.principals""]"
tt7225386,nm1553080,actor,"[""title.principals""]"
tt7225386,nm1935952,actor,"[""title.principals""]"
tt7225386,nm1955257,actor,"[""title.principals""]"
tt7225386,nm2047699,writer,"[""title.crew"", ""title.principals""]"
tt7225386,nm3079991,actor,"[""title.principals""]"
tt7225386,nm3436464,actor,"[""title.principals""]"
tt7225386,nm6104068,actor,"[""title.principals""]"
tt7660450,nm0148081,actor,"[""title.principals""]"
tt7660450,nm0557609,writer,"[""title.crew"", ""title.principals""]"
tt7660450,nm0603090,actor,"[""title.principals""]"
tt7660450,nm0659274,actor,"[""title.principals""]"
tt7660450,nm0810738,actor,"[""title.principals""]"
tt7660450,nm1285142,writer,"[""title.crew"", ""title.principals""]"
tt7660450,nm1723252,director,"[""title.crew"", ""title.principals""]"
tt7660450,nm1919240,actor,"[""title.principals""]"
tt7660450,nm3020849,actor,"[""title.principals""]"
tt7660450,nm3661207,actor,"[""title.principals""]"
tt7660450,nm5072747,actor,"[""title.principals""]"
tt7660450,nm5443998,actor,"[""title.principals""]"
tt7660450,nm5777955,actor,"[""title.principals""]"
tt7660450,nm7621164,writer,"[""title.crew""]"
tt7660450,nm8570840,writer,"[""title.crew"", ""title.principals""]"
tt7660450,nm9436571,writer,"[""title.crew"", ""title.principals""]"
tt7778680,nm0451561,actor,"[""title.principals""]"
tt7778680,nm10258882,actor,"[""title.principals""]"
tt7778680,nm10647388,actor,"[""title.principals""]"
tt7778680,nm10647389,actor,"[""title.principals""]"
tt7778680,nm1336722,actor,"[""title.principals""]"
tt7778680,nm1596350,actor,"[""title.principals""]"
tt7778680,nm3592235,director,"[""title.crew"", ""title.principals""]"
tt7778680,nm3592235,writer,"[""title.crew"", ""title.principals""]"
tt7778680,nm3891905,actor,"[""title.principals""]"
tt7778680,nm4518724,actor,"[""title.principals""]"
tt7778680,nm6422090,actor,"[""title.principals""]"
tt7778680,nm7621667,actor,"[""title.principals""]"
tt7838494,nm0592294,actor,"[""title.principals""]"
tt7838494,nm10618683,actor,"[""title.principals""]"
tt7838494,nm1160306,actor,"[""title.principals""]"
tt7838494,nm1406657,actor,"[""title.principals""]"
tt7838494,nm1617265,actor,"[""title.principals""]"
tt7838494,nm2298359,actor,"[""title.principals""]"
tt7838494,nm2917846,actor,"[""title.principals""]"
tt7838494,nm3414099,actor,"[""title.principals""]"
tt7838494,nm3478737,actor,"[""title.principals""]"
tt7838494,nm5315106,director,"[""title.crew"", ""title.principals""]"
tt7838494,nm5315106,writer,"[""title.crew"", ""title.principals""]"
tt7838494,nm8465620,actor,"[""title.principals""]"
tt8239806,nm0155587,actor,"[""title.principals""]"
tt8239806,nm0465503,actor,"[""title.principals""]"
tt8239806,nm0482628,actor,"[""title.principals""]"
tt8239806,nm0490489,actor,"[""title.principals""]"
tt8239806,nm0497231,writer,"[""title.crew"", ""title.principals""]"
tt8239806,nm0594226,actor,"[""title.principals""]"
tt8239806,nm0946875,director,"[""title.crew"", ""title.principals""]"
tt8239806,nm0946875,writer,"[""title.crew"", ""title.principals""]"
tt8239806,nm1012515,actor,"[""title.principals""]"
tt8239806,nm1157324,actor,"[""title.principals""]"
tt8239806,nm1287677,actor,"[""title.principals""]"
tt8239806,nm3012172,actor,"[""title.principals""]"
tt8239806,nm3225390,actor,"[""title.principals""]"
tt8239806,nm9045121,writer,"[""title.crew"", ""title.principals""]"
tt8587122,nm0437630,actor,"[""title.principals""]"
tt8587122,nm0955815,actor,"[""title.principals""]"
tt8587122,nm2218406,actor,"[""title.principals""]"
tt8587122,nm2481453,actor,"[""title.principals""]"
tt8587122,nm2983290,actor,"[""title.principals""]"
tt8587122,nm4284457,actor,"[""title.principals""]"
tt8587122,nm5393011,actor,"[""title.principals""]"
tt8587122,nm5654913,actor,"[""title.principals""]"
tt8587122,nm6538586,actor,"[""title.principals""]"
tt8587122,nm7087208,director,"[""title.crew"", ""title.principals""]"
tt8587122,nm7087208,writer,"[""title.crew"", ""title.principals""]"
tt8587122,nm9534286,actor,"[""title.principals""]"
tt8706988,nm0048121,actor,"[""title.principals""]"
tt8706988,nm0257187,actor,"[""title.principals""]"
tt8706988,nm0296809,actor,"[""title.principals""]"
tt8706988,nm0664582,director,"[""title.crew"", ""title.principals""]"
tt8706988,nm0664582,writer,"[""title.crew"", ""title.principals""]"
tt8706988,nm1259124,actor,"[""title.principals""]"
tt8706988,nm1320617,actor,"[""title.principals""]"
tt8706988,nm2270408,actor,"[""title.principals""]"
tt8706988,nm2561798,writer,"[""title.crew"", ""title.principals""]"
tt8706988,nm3010926,actor,"[""title.principals""]"
tt8706988,nm3081735,actor,"[""title.principals""]"
tt8706988,nm3949598,actor,"[""title.principals""]"
tt8706988,nm4683400,actor,"[""title.principals""]"
tt9362930,nm0000215,actor,"[""title.principals""]"
tt9362930,nm0001990,actor,"[""title.principals""]"
tt9362930,nm0017343,actor,"[""title.principals""]"
tt9362930,nm0056770,actor,"[""title.principals""]"
tt9362930,nm0520064,actor,"[""title.principals""]"
tt9362930,nm1367490,actor,"[""title.principals""]"
tt9362930,nm2957490,actor,"[""title.principals""]"
tt9362930,nm3121384,actor,"[""title.principals""]"
tt9362930,nm3722546,writer,"[""title.crew"", ""title.principals""]"
tt9362930,nm3924049,director,"[""title.crew"", ""title.principals""]"
tt9362930,nm4927704,actor,"[""title.principals""]"
tt9362930,nm7650817,actor,"[""title.principals""]"
tt9372172,nm0066080,actor,"[""title.principals""]"
tt9372172,nm0305365,actor,"[""title.principals""]"
tt9372172,nm0501256,actor,"[""title.principals""]"
tt9372172,nm0507913,director,"[""title.crew"", ""title.principals""]"
tt9372172,nm0507913,writer,"[""title.crew"", ""title.principals""]"
tt9372172,nm2830075,writer,"[""title.crew"", ""title.principals""]"
tt9372172,nm2847284,actor,"[""title.principals""]"
tt9372172,nm3214170,actor,"[""title.principals""]"
tt9372172,nm3447958,actor,"[""title.principals""]"
tt9372172,nm4225981,actor,"[""title.principals""]"
tt9372172,nm4724320,actor,"[""title.principals""]"
tt9372172,nm4996483,writer,"[""title.crew"", ""title.principals""]"
tt9372172,nm5961385,actor,"[""title.principals""]"
tt9372172,nm5961385,writer,"[""title.crew"", ""title.principals""]"
tt9372172,nm6875292,actor,"[""title.principals""]"
