person_id,primary_name,birth_year,death_year,primary_professions,known_for_title_ids,imdb_url,name_record_missing
nm0000025,Jerry Goldsmith,1929,2004,"[""music_department"", ""composer"", ""actor""]","[""tt0119488"", ""tt0117731"", ""tt0077269"", ""tt0112715""]",https://www.imdb.com/name/nm0000025/,False
nm0000031,Katharine Hepburn,1907,2003,"[""actress"", ""writer"", ""soundtrack""]","[""tt0043265"", ""tt0032904"", ""tt0082846"", ""tt0063227""]",https://www.imdb.com/name/nm0000031/,False
nm0000035,James Horner,1953,2015,"[""music_department"", ""composer"", ""actor""]","[""tt0120338"", ""tt0499549"", ""tt0120746"", ""tt0177971""]",https://www.imdb.com/name/nm0000035/,False
nm0000084,Gong Li,1965,,"[""actress"", ""producer"", ""miscellaneous""]","[""tt0473444"", ""tt0397535"", ""tt0101640"", ""tt4566758""]",https://www.imdb.com/name/nm0000084/,False
nm0000092,John Cleese,1939,,"[""actor"", ""writer"", ""producer""]","[""tt0095159"", ""tt0071853"", ""tt0072500"", ""tt0063929""]",https://www.imdb.com/name/nm0000092/,False
nm0000093,Brad Pitt,1963,,"[""producer"", ""actor"", ""executive""]","[""tt0137523"", ""tt0114746"", ""tt0356910"", ""tt1210166""]",https://www.imdb.com/name/nm0000093/,False
nm0000095,Woody Allen,1935,,"[""writer"", ""director"", ""actor""]","[""tt0075686"", ""tt0079522"", ""tt0087003"", ""tt0118954""]",https://www.imdb.com/name/nm0000095/,False
nm0000096,Gillian Anderson,1968,,"[""actress"", ""miscellaneous"", ""producer""]","[""tt0106179"", ""tt2294189"", ""tt0455590"", ""tt0442632""]",https://www.imdb.com/name/nm0000096/,False
nm0000098,Jennifer Aniston,1969,,"[""actress"", ""producer"", ""director""]","[""tt0108778"", ""tt3442006"", ""tt1723121"", ""tt0279113""]",https://www.imdb.com/name/nm0000098/,False
nm0000102,Kevin Bacon,1958,,"[""actor"", ""producer"", ""director""]","[""tt0087277"", ""tt0164052"", ""tt0361127"", ""tt0327056""]",https://www.imdb.com/name/nm0000102/,False
nm0000106,Drew Barrymore,1975,,"[""writer"", ""producer"", ""actress""]","[""tt0160127"", ""tt0343660"", ""tt0151738"", ""tt0120631""]",https://www.imdb.com/name/nm0000106/,False
nm0000108,Luc Besson,1959,,"[""writer"", ""producer"", ""director""]","[""tt0119116"", ""tt0110413"", ""tt2872732"", ""tt0100263""]",https://www.imdb.com/name/nm0000108/,False
nm0000112,Pierce Brosnan,1953,,"[""actor"", ""producer"", ""executive""]","[""tt0143145"", ""tt0795421"", ""tt0155267"", ""tt0120347""]",https://www.imdb.com/name/nm0000112/,False
nm0000113,Sandra Bullock,1964,,"[""producer"", ""actress"", ""music_department""]","[""tt1041829"", ""tt0212346"", ""tt0111257"", ""tt1454468""]",https://www.imdb.com/name/nm0000113/,False
nm0000118,John Carpenter,1948,,"[""music_department"", ""writer"", ""composer""]","[""tt0080749"", ""tt0077651"", ""tt0069945"", ""tt0082340""]",https://www.imdb.com/name/nm0000118/,False
nm0000120,Jim Carrey,1962,,"[""actor"", ""writer"", ""producer""]","[""tt0109040"", ""tt0315327"", ""tt0338013"", ""tt0120382""]",https://www.imdb.com/name/nm0000120/,False
nm0000124,Jennifer Connelly,1970,,"[""actress"", ""producer"", ""visual_effects""]","[""tt0268978"", ""tt0286716"", ""tt0315983"", ""tt0180093""]",https://www.imdb.com/name/nm0000124/,False
nm0000125,Sean Connery,1930,2020,"[""actor"", ""producer"", ""director""]","[""tt0055928"", ""tt0094226"", ""tt0117500"", ""tt0091605""]",https://www.imdb.com/name/nm0000125/,False
nm0000129,Tom Cruise,1962,,"[""actor"", ""producer"", ""writer""]","[""tt0092099"", ""tt0120755"", ""tt0181689"", ""tt0116695""]",https://www.imdb.com/name/nm0000129/,False
nm0000139,Cameron Diaz,1972,,"[""actress"", ""producer"", ""soundtrack""]","[""tt0160127"", ""tt0259711"", ""tt0129387"", ""tt0119738""]",https://www.imdb.com/name/nm0000139/,False
nm0000142,Clint Eastwood,1930,,"[""actor"", ""producer"", ""director""]","[""tt0405159"", ""tt1205489"", ""tt0186566"", ""tt0105695""]",https://www.imdb.com/name/nm0000142/,False
nm0000150,Michael J. Fox,1961,,"[""actor"", ""producer"", ""miscellaneous""]","[""tt0088763"", ""tt0096874"", ""tt0116365"", ""tt0115369""]",https://www.imdb.com/name/nm0000150/,False
nm0000156,Jeff Goldblum,1952,,"[""actor"", ""producer"", ""writer""]","[""tt0091064"", ""tt2278388"", ""tt0107290"", ""tt0119567""]",https://www.imdb.com/name/nm0000156/,False
nm0000158,Tom Hanks,1956,,"[""producer"", ""actor"", ""writer""]","[""tt0162222"", ""tt0094737"", ""tt0109830"", ""tt0107818""]",https://www.imdb.com/name/nm0000158/,False
nm0000164,Anthony Hopkins,1937,,"[""actor"", ""composer"", ""producer""]","[""tt0102926"", ""tt0412080"", ""tt0113987"", ""tt0975645""]",https://www.imdb.com/name/nm0000164/,False
nm0000165,Ron Howard,1954,,"[""producer"", ""actor"", ""writer""]","[""tt0367279"", ""tt0075213"", ""tt0268978"", ""tt0112384""]",https://www.imdb.com/name/nm0000165/,False
nm0000166,Helen Hunt,1963,,"[""actress"", ""producer"", ""director""]","[""tt0119822"", ""tt0117998"", ""tt0103484"", ""tt0455805""]",https://www.imdb.com/name/nm0000166/,False
nm0000168,Samuel L. Jackson,1948,,"[""actor"", ""producer"", ""miscellaneous""]","[""tt0110912"", ""tt3460252"", ""tt0417148"", ""tt4154664""]",https://www.imdb.com/name/nm0000168/,False
nm0000169,Tommy Lee Jones,1946,,"[""actor"", ""director"", ""writer""]","[""tt2398231"", ""tt0106977"", ""tt0477348"", ""tt0443272""]",https://www.imdb.com/name/nm0000169/,False
nm0000178,Diane Lane,1965,,"[""actress"", ""soundtrack"", ""archive_footage""]","[""tt0250797"", ""tt0328589"", ""tt0086066"", ""tt2096673""]",https://www.imdb.com/name/nm0000178/,False
nm0000184,George Lucas,1944,,"[""writer"", ""producer"", ""director""]","[""tt0076759"", ""tt0066434"", ""tt0069704"", ""tt0082971""]",https://www.imdb.com/name/nm0000184/,False
nm0000185,Dolph Lundgren,1957,,"[""actor"", ""producer"", ""director""]","[""tt0089927"", ""tt0093507"", ""tt0098141"", ""tt0105698""]",https://www.imdb.com/name/nm0000185/,False
nm0000194,Julianne Moore,1960,,"[""actress"", ""producer"", ""soundtrack""]","[""tt0297884"", ""tt0118749"", ""tt0175880"", ""tt3316960""]",https://www.imdb.com/name/nm0000194/,False
nm0000197,Jack Nicholson,1937,,"[""actor"", ""producer"", ""writer""]","[""tt0071315"", ""tt0119822"", ""tt0407887"", ""tt0064276""]",https://www.imdb.com/name/nm0000197/,False
nm0000198,Gary Oldman,1958,,"[""actor"", ""producer"", ""director""]","[""tt1340800"", ""tt4555426"", ""tt0103874"", ""tt0091954""]",https://www.imdb.com/name/nm0000198/,False
nm0000203,River Phoenix,1970,1993,"[""actor"", ""soundtrack"", ""archive_footage""]","[""tt0102494"", ""tt0092005"", ""tt0091557"", ""tt0096018""]",https://www.imdb.com/name/nm0000203/,False
nm0000206,Keanu Reeves,1964,,"[""actor"", ""producer"", ""miscellaneous""]","[""tt0133093"", ""tt0111257"", ""tt0102685"", ""tt10366206""]",https://www.imdb.com/name/nm0000206/,False
nm0000210,Julia Roberts,1967,,"[""actress"", ""producer"", ""soundtrack""]","[""tt0100405"", ""tt0376541"", ""tt1322269"", ""tt0119738""]",https://www.imdb.com/name/nm0000210/,False
nm0000213,Winona Ryder,1971,,"[""actress"", ""producer"", ""director""]","[""tt0118583"", ""tt0110367"", ""tt0103874"", ""tt0100140""]",https://www.imdb.com/name/nm0000213/,False
nm0000215,Susan Sarandon,1946,,"[""actress"", ""producer"", ""miscellaneous""]","[""tt0103074"", ""tt0112818"", ""tt0120686"", ""tt0109446""]",https://www.imdb.com/name/nm0000215/,False
nm0000218,Kristin Scott Thomas,1960,,"[""actress"", ""miscellaneous"", ""director""]","[""tt0280707"", ""tt0116209"", ""tt0109831"", ""tt1602613""]",https://www.imdb.com/name/nm0000218/,False
nm0000219,Steven Seagal,1952,,"[""actor"", ""producer"", ""writer""]","[""tt0110725"", ""tt0094602"", ""tt0114781"", ""tt0105690""]",https://www.imdb.com/name/nm0000219/,False
nm0000225,Christian Slater,1969,,"[""actor"", ""producer"", ""director""]","[""tt0108399"", ""tt0124198"", ""tt0102798"", ""tt0115759""]",https://www.imdb.com/name/nm0000225/,False
nm0000228,Kevin Spacey,1959,,"[""actor"", ""producer"", ""writer""]","[""tt0114814"", ""tt0119488"", ""tt0169547"", ""tt0114369""]",https://www.imdb.com/name/nm0000228/,False
nm0000229,Steven Spielberg,1946,,"[""producer"", ""writer"", ""director""]","[""tt0108052"", ""tt0083866"", ""tt0120815"", ""tt0082971""]",https://www.imdb.com/name/nm0000229/,False
nm0000232,Sharon Stone,1958,,"[""actress"", ""producer"", ""miscellaneous""]","[""tt0103772"", ""tt0112641"", ""tt0114214"", ""tt0108162""]",https://www.imdb.com/name/nm0000232/,False
nm0000240,Skeet Ulrich,1970,,"[""actor"", ""director"", ""producer""]","[""tt0117571"", ""tt0115963"", ""tt0163579"", ""tt0409572""]",https://www.imdb.com/name/nm0000240/,False
nm0000244,Sigourney Weaver,1949,,"[""actress"", ""producer"", ""soundtrack""]","[""tt0118583"", ""tt0078748"", ""tt0499549"", ""tt0095243""]",https://www.imdb.com/name/nm0000244/,False
nm0000245,Robin Williams,1951,2014,"[""actor"", ""writer"", ""producer""]","[""tt0107614"", ""tt0093105"", ""tt0077053"", ""tt0115685""]",https://www.imdb.com/name/nm0000245/,False
nm0000255,Ben Affleck,1972,,"[""producer"", ""actor"", ""writer""]","[""tt1024648"", ""tt2267998"", ""tt0840361"", ""tt0119217""]",https://www.imdb.com/name/nm0000255/,False
nm0000275,Rosanna Arquette,1959,,"[""actress"", ""producer"", ""director""]","[""tt0089017"", ""tt0110912"", ""tt0088680"", ""tt0190138""]",https://www.imdb.com/name/nm0000275/,False
nm0000277,Richard Attenborough,1923,2014,"[""actor"", ""producer"", ""director""]","[""tt0057115"", ""tt0107290"", ""tt0083987"", ""tt0119567""]",https://www.imdb.com/name/nm0000277/,False
nm0000279,Hank Azaria,1964,,"[""actor"", ""producer"", ""writer""]","[""tt0096697"", ""tt1839481"", ""tt0115685"", ""tt0118617""]",https://www.imdb.com/name/nm0000279/,False
nm0000284,Adam Baldwin,1962,,"[""actor"", ""soundtrack"", ""archive_footage""]","[""tt0379786"", ""tt0116629"", ""tt0093058"", ""tt0187393""]",https://www.imdb.com/name/nm0000284/,False
nm0000285,Alec Baldwin,1958,,"[""actor"", ""producer"", ""writer""]","[""tt0407887"", ""tt1230414"", ""tt0104348"", ""tt0318374""]",https://www.imdb.com/name/nm0000285/,False
nm0000288,Christian Bale,1974,,"[""actor"", ""producer"", ""miscellaneous""]","[""tt0468569"", ""tt0372784"", ""tt0964517"", ""tt1800241""]",https://www.imdb.com/name/nm0000288/,False
nm0000289,Ellen Barkin,1954,,"[""actress"", ""producer"", ""archive_footage""]","[""tt0116277"", ""tt0157503"", ""tt0086856"", ""tt0098273""]",https://www.imdb.com/name/nm0000289/,False
nm0000293,Sean Bean,1959,,"[""actor"", ""producer"", ""animation_department""]","[""tt0120737"", ""tt1181791"", ""tt1617661"", ""tt0944947""]",https://www.imdb.com/name/nm0000293/,False
nm0000295,Kate Beckinsale,1973,,"[""actress"", ""producer"", ""miscellaneous""]","[""tt0401855"", ""tt3068194"", ""tt0320691"", ""tt0452702""]",https://www.imdb.com/name/nm0000295/,False
nm0000299,Michael Biehn,1956,,"[""actor"", ""producer"", ""director""]","[""tt0090605"", ""tt0088247"", ""tt0096754"", ""tt0117500""]",https://www.imdb.com/name/nm0000299/,False
nm0000300,Juliette Binoche,1964,,"[""actress"", ""miscellaneous"", ""director""]","[""tt0116209"", ""tt2452254"", ""tt1219827"", ""tt0108394""]",https://www.imdb.com/name/nm0000300/,False
nm0000326,Kim Cattrall,1956,,"[""actress"", ""producer"", ""soundtrack""]","[""tt1261945"", ""tt0102975"", ""tt1000774"", ""tt0159206""]",https://www.imdb.com/name/nm0000326/,False
nm0000329,Jackie Chan,1954,,"[""producer"", ""actor"", ""stunts""]","[""tt0127357"", ""tt1424310"", ""tt0089374"", ""tt0120812""]",https://www.imdb.com/name/nm0000329/,False
nm0000334,Chow Yun-Fat,1955,,"[""actor"", ""writer"", ""soundtrack""]","[""tt0092263"", ""tt0190332"", ""tt0120008"", ""tt0104684""]",https://www.imdb.com/name/nm0000334/,False
nm0000337,Rachael Leigh Cook,1979,,"[""actress"", ""producer"", ""writer""]","[""tt0160862"", ""tt11100856"", ""tt5659816"", ""tt0331811""]",https://www.imdb.com/name/nm0000337/,False
nm0000341,Michael Crichton,1942,2008,"[""writer"", ""producer"", ""director""]","[""tt0107290"", ""tt0117998"", ""tt0070909"", ""tt0108757""]",https://www.imdb.com/name/nm0000341/,False
nm0000349,Joan Cusack,1962,,"[""actress"", ""writer"", ""soundtrack""]","[""tt0119360"", ""tt0096463"", ""tt0119229"", ""tt1659337""]",https://www.imdb.com/name/nm0000349/,False
nm0000352,Vincent D'Onofrio,1959,,"[""actor"", ""producer"", ""director""]","[""tt0119654"", ""tt0209958"", ""tt0093058"", ""tt0109707""]",https://www.imdb.com/name/nm0000352/,False
nm0000353,Willem Dafoe,1955,,"[""actor"", ""producer"", ""miscellaneous""]","[""tt0145487"", ""tt6938828"", ""tt5649144"", ""tt7984734""]",https://www.imdb.com/name/nm0000353/,False
nm0000360,Rebecca De Mornay,1959,,"[""actress"", ""producer"", ""director""]","[""tt0104389"", ""tt0089941"", ""tt0086200"", ""tt0108333""]",https://www.imdb.com/name/nm0000360/,False
nm0000368,Laura Dern,1967,,"[""actress"", ""producer"", ""writer""]","[""tt0107290"", ""tt7653254"", ""tt0090756"", ""tt2305051""]",https://www.imdb.com/name/nm0000368/,False
nm0000369,Matt Dillon,1964,,"[""actor"", ""director"", ""producer""]","[""tt0129387"", ""tt0375679"", ""tt0097240"", ""tt4003440""]",https://www.imdb.com/name/nm0000369/,False
nm0000373,Michael Dorn,1952,,"[""actor"", ""director"", ""writer""]","[""tt0092455"", ""tt0117731"", ""tt0120844"", ""tt0111280""]",https://www.imdb.com/name/nm0000373/,False
nm0000374,Brad Dourif,1950,,"[""actor"", ""archive_footage"", ""archive_sound""]","[""tt0073486"", ""tt0167261"", ""tt0094862"", ""tt0099528""]",https://www.imdb.com/name/nm0000374/,False
nm0000379,Kirsten Dunst,1982,,"[""actress"", ""producer"", ""director""]","[""tt0145487"", ""tt1527186"", ""tt0110148"", ""tt0110367""]",https://www.imdb.com/name/nm0000379/,False
nm0000380,Robert Duvall,1931,2026,"[""actor"", ""producer"", ""director""]","[""tt0118632"", ""tt0086423"", ""tt1872194"", ""tt0316356""]",https://www.imdb.com/name/nm0000380/,False
nm0000381,Anthony Edwards,1962,,"[""actor"", ""producer"", ""director""]","[""tt0108757"", ""tt0092099"", ""tt0443706"", ""tt0817177""]",https://www.imdb.com/name/nm0000381/,False
nm0000385,Sam Elliott,1944,,"[""actor"", ""producer"", ""writer""]","[""tt1517451"", ""tt5655222"", ""tt0208874"", ""tt0286716""]",https://www.imdb.com/name/nm0000385/,False
nm0000387,Robert Englund,1947,,"[""actor"", ""miscellaneous"", ""director""]","[""tt0087800"", ""tt0095742"", ""tt0093629"", ""tt0329101""]",https://www.imdb.com/name/nm0000387/,False
nm0000400,Linda Fiorentino,1958,,"[""actress"", ""soundtrack"", ""archive_footage""]","[""tt0110308"", ""tt0119654"", ""tt0120655"", ""tt0088680""]",https://www.imdb.com/name/nm0000400/,False
nm0000408,Jonathan Frakes,1952,,"[""actor"", ""director"", ""producer""]","[""tt0117731"", ""tt0120844"", ""tt0111280"", ""tt0253754""]",https://www.imdb.com/name/nm0000408/,False
nm0000412,Andy Garcia,1956,,"[""actor"", ""producer"", ""director""]","[""tt0240772"", ""tt1981128"", ""tt0099674"", ""tt0349903""]",https://www.imdb.com/name/nm0000412/,False
nm0000416,Terry Gilliam,1940,,"[""director"", ""writer"", ""actor""]","[""tt0088846"", ""tt0071853"", ""tt0081633"", ""tt0085959""]",https://www.imdb.com/name/nm0000416/,False
nm0000421,Cuba Gooding Jr.,1968,,"[""actor"", ""producer"", ""director""]","[""tt0116695"", ""tt0316465"", ""tt0114069"", ""tt0119822""]",https://www.imdb.com/name/nm0000421/,False
nm0000423,Serena Grandi,1958,,"[""actress"", ""archive_footage""]","[""tt0093043"", ""tt2358891"", ""tt0089598"", ""tt0104123""]",https://www.imdb.com/name/nm0000423/,False
nm0000427,Pam Grier,1949,,"[""actress"", ""writer"", ""soundtrack""]","[""tt0119396"", ""tt0228333"", ""tt0069897"", ""tt0071517""]",https://www.imdb.com/name/nm0000427/,False
nm0000437,Woody Harrelson,1961,,"[""actor"", ""producer"", ""writer""]","[""tt2356777"", ""tt0117318"", ""tt0110632"", ""tt0477348""]",https://www.imdb.com/name/nm0000437/,False
nm0000445,Dan Hedaya,1940,,"[""actor"", ""soundtrack"", ""archive_footage""]","[""tt0114814"", ""tt0112697"", ""tt0088944"", ""tt0166924""]",https://www.imdb.com/name/nm0000445/,False
nm0000449,Natasha Henstridge,1974,,"[""actress"", ""producer"", ""soundtrack""]","[""tt0114508"", ""tt0228333"", ""tt0120841"", ""tt0190138""]",https://www.imdb.com/name/nm0000449/,False
nm0000453,Ian Holm,1931,2020,"[""actor"", ""animation_department"", ""miscellaneous""]","[""tt0120737"", ""tt0167260"", ""tt0088846"", ""tt0102511""]",https://www.imdb.com/name/nm0000453/,False
nm0000457,John Hurt,1940,2017,"[""actor"", ""soundtrack"", ""archive_footage""]","[""tt0087803"", ""tt0078748"", ""tt0080678"", ""tt0077928""]",https://www.imdb.com/name/nm0000457/,False
nm0000461,Michael Ironside,1950,,"[""actor"", ""producer"", ""writer""]","[""tt0120201"", ""tt0100802"", ""tt0081455"", ""tt0092099""]",https://www.imdb.com/name/nm0000461/,False
nm0000466,Jean-Pierre Jeunet,1953,,"[""director"", ""writer"", ""producer""]","[""tt0344510"", ""tt0211915"", ""tt0101700"", ""tt0112682""]",https://www.imdb.com/name/nm0000466/,False
nm0000477,Mia Kirshner,1975,,"[""actress"", ""archive_footage""]","[""tt0277371"", ""tt0387877"", ""tt0109759"", ""tt0320244""]",https://www.imdb.com/name/nm0000477/,False
nm0000491,John Leguizamo,1960,,"[""actor"", ""producer"", ""writer""]","[""tt0203009"", ""tt0120177"", ""tt0162677"", ""tt0117509""]",https://www.imdb.com/name/nm0000491/,False
nm0000501,Ray Liotta,1954,2022,"[""actor"", ""producer"", ""soundtrack""]","[""tt0099685"", ""tt0097351"", ""tt0272207"", ""tt0091983""]",https://www.imdb.com/name/nm0000501/,False
nm0000502,Christopher Lloyd,1938,,"[""actor"", ""producer"", ""soundtrack""]","[""tt0088763"", ""tt0101272"", ""tt0096438"", ""tt0106220""]",https://www.imdb.com/name/nm0000502/,False
nm0000514,Michael Madsen,1957,2025,"[""actor"", ""producer"", ""writer""]","[""tt3460252"", ""tt0266697"", ""tt0114508"", ""tt0086567""]",https://www.imdb.com/name/nm0000514/,False
nm0000521,Sophie Marceau,1966,,"[""actress"", ""writer"", ""director""]","[""tt0082100"", ""tt0143145"", ""tt0112573"", ""tt1194616""]",https://www.imdb.com/name/nm0000521/,False
nm0000532,Malcolm McDowell,1943,,"[""actor"", ""producer"", ""writer""]","[""tt0066921"", ""tt0111280"", ""tt0080025"", ""tt0083722""]",https://www.imdb.com/name/nm0000532/,False
nm0000533,Gates McFadden,1949,,"[""actress"", ""producer"", ""choreographer""]","[""tt8806524"", ""tt0092455"", ""tt0091369"", ""tt0112060""]",https://www.imdb.com/name/nm0000533/,False
nm0000539,Dina Meyer,,,"[""actress"", ""producer"", ""archive_footage""]","[""tt0120201"", ""tt0113481"", ""tt0387564"", ""tt0116136""]",https://www.imdb.com/name/nm0000539/,False
nm0000546,Matthew Modine,1959,,"[""actor"", ""producer"", ""director""]","[""tt0093058"", ""tt0112760"", ""tt0086969"", ""tt1345836""]",https://www.imdb.com/name/nm0000546/,False
nm0000553,Liam Neeson,1952,,"[""actor"", ""producer"", ""miscellaneous""]","[""tt0362269"", ""tt0108052"", ""tt1601913"", ""tt0429493""]",https://www.imdb.com/name/nm0000553/,False
nm0000554,Sam Neill,1947,2026,"[""actor"", ""producer"", ""director""]","[""tt4698684"", ""tt0104850"", ""tt0107290"", ""tt0163025""]",https://www.imdb.com/name/nm0000554/,False
nm0000560,Nick Nolte,1941,,"[""actor"", ""producer"", ""soundtrack""]","[""tt1291584"", ""tt0118564"", ""tt0102713"", ""tt0120863""]",https://www.imdb.com/name/nm0000560/,False
nm0000562,Jeremy Northam,1961,,"[""actor"", ""soundtrack"", ""archive_footage""]","[""tt0280707"", ""tt0284978"", ""tt0116191"", ""tt0162360""]",https://www.imdb.com/name/nm0000562/,False
nm0000574,Jason Patric,1966,,"[""actor"", ""producer"", ""archive_footage""]","[""tt0272207"", ""tt0480255"", ""tt0120179"", ""tt0093437""]",https://www.imdb.com/name/nm0000574/,False
nm0000579,Ron Perlman,1950,,"[""actor"", ""producer"", ""executive""]","[""tt3973768"", ""tt0411477"", ""tt0167190"", ""tt0092319""]",https://www.imdb.com/name/nm0000579/,False
nm0000585,Robert Picardo,1953,,"[""actor"", ""writer"", ""director""]","[""tt0112178"", ""tt0094433"", ""tt0117731"", ""tt0093260""]",https://www.imdb.com/name/nm0000585/,False
nm0000590,Edgar Allan Poe,1809,1849,"[""writer"", ""miscellaneous"", ""music_department""]","[""tt1772264"", ""tt8381734"", ""tt0024894"", ""tt1663656""]",https://www.imdb.com/name/nm0000590/,False
nm0000598,Dennis Quaid,1954,,"[""actor"", ""producer"", ""music_department""]","[""tt0297884"", ""tt0319262"", ""tt0186151"", ""tt0093260""]",https://www.imdb.com/name/nm0000598/,False
nm0000606,Jean Reno,1948,,"[""actor"", ""miscellaneous"", ""archive_footage""]","[""tt0110413"", ""tt0095250"", ""tt0122690"", ""tt0383216""]",https://www.imdb.com/name/nm0000606/,False
nm0000609,Ving Rhames,1959,,"[""actor"", ""producer"", ""writer""]","[""tt0110912"", ""tt0120755"", ""tt0163988"", ""tt0117060""]",https://www.imdb.com/name/nm0000609/,False
nm0000611,Ariana Richards,1979,,"[""actress"", ""archive_footage""]","[""tt0107290"", ""tt0100814"", ""tt0119567"", ""tt0259685""]",https://www.imdb.com/name/nm0000611/,False
nm0000614,Alan Rickman,1946,2016,"[""actor"", ""writer"", ""director""]","[""tt0095016"", ""tt0102798"", ""tt0102744"", ""tt0408236""]",https://www.imdb.com/name/nm0000614/,False
nm0000616,Eric Roberts,1956,,"[""actor"", ""producer"", ""soundtrack""]","[""tt0089941"", ""tt1791528"", ""tt1320253"", ""tt0468569""]",https://www.imdb.com/name/nm0000616/,False
nm0000619,Tim Roth,1961,,"[""actor"", ""producer"", ""director""]","[""tt0114287"", ""tt3460252"", ""tt0110912"", ""tt0133152""]",https://www.imdb.com/name/nm0000619/,False
nm0000620,Mickey Rourke,1952,,"[""actor"", ""writer"", ""producer""]","[""tt0401792"", ""tt1125849"", ""tt0092563"", ""tt1228705""]",https://www.imdb.com/name/nm0000620/,False
nm0000621,Kurt Russell,1951,,"[""actor"", ""producer"", ""writer""]","[""tt0082340"", ""tt3460252"", ""tt0116225"", ""tt0084787""]",https://www.imdb.com/name/nm0000621/,False
nm0000630,Liev Schreiber,1967,,"[""actor"", ""producer"", ""miscellaneous""]","[""tt1895587"", ""tt0458525"", ""tt0368008"", ""tt0404030""]",https://www.imdb.com/name/nm0000630/,False
nm0000631,Ridley Scott,1937,,"[""producer"", ""director"", ""production_designer""]","[""tt0083658"", ""tt3659388"", ""tt0103074"", ""tt2193215""]",https://www.imdb.com/name/nm0000631/,False
nm0000642,Marina Sirtis,1955,,"[""actress"", ""producer"", ""soundtrack""]","[""tt0092455"", ""tt0111280"", ""tt0117731"", ""tt0375679""]",https://www.imdb.com/name/nm0000642/,False
nm0000643,Tom Skerritt,1933,,"[""actor"", ""director"", ""producer""]","[""tt0078748"", ""tt0118884"", ""tt0092099"", ""tt0098384""]",https://www.imdb.com/name/nm0000643/,False
nm0000647,Alan Smithee,,,"[""director"", ""actor"", ""editor""]","[""tt27881541"", ""tt0118577"", ""tt0095342"", ""tt2076794""]",https://www.imdb.com/name/nm0000647/,False
nm0000649,Paul Sorvino,1939,2022,"[""actor"", ""director"", ""producer""]","[""tt0102803"", ""tt0113987"", ""tt0963194"", ""tt0099685""]",https://www.imdb.com/name/nm0000649/,False
nm0000652,James Spader,1960,,"[""actor"", ""producer"", ""soundtrack""]","[""tt2741602"", ""tt0402711"", ""tt0098724"", ""tt2395427""]",https://www.imdb.com/name/nm0000652/,False
nm0000653,Brent Spiner,1949,,"[""actor"", ""director"", ""writer""]","[""tt0117731"", ""tt1628841"", ""tt0253754"", ""tt0111280""]",https://www.imdb.com/name/nm0000653/,False
nm0000657,David Strathairn,1949,,"[""actor"", ""producer"", ""miscellaneous""]","[""tt0433383"", ""tt0443272"", ""tt0831387"", ""tt0119488""]",https://www.imdb.com/name/nm0000657/,False
nm0000662,Kiefer Sutherland,1966,,"[""actor"", ""producer"", ""miscellaneous""]","[""tt0285331"", ""tt0790686"", ""tt0183649"", ""tt1527186""]",https://www.imdb.com/name/nm0000662/,False
nm0000666,Lili Taylor,1967,,"[""actress"", ""writer"", ""producer""]","[""tt3488298"", ""tt1457767"", ""tt0116594""]",https://www.imdb.com/name/nm0000666/,False
nm0000667,David Thewlis,1963,,"[""actor"", ""writer"", ""director""]","[""tt0107653"", ""tt1201607"", ""tt0466909"", ""tt0320661""]",https://www.imdb.com/name/nm0000667/,False
nm0000670,Lea Thompson,1961,,"[""actress"", ""director"", ""producer""]","[""tt0088763"", ""tt5039578"", ""tt1727381"", ""tt1758772""]",https://www.imdb.com/name/nm0000670/,False
nm0000686,Christopher Walken,1943,,"[""actor"", ""producer"", ""miscellaneous""]","[""tt0264464"", ""tt0077416"", ""tt1931533"", ""tt0114194""]",https://www.imdb.com/name/nm0000686/,False
nm0000693,Peter Weller,1947,,"[""actor"", ""director"", ""writer""]","[""tt0093870"", ""tt0102511"", ""tt0086856"", ""tt0097737""]",https://www.imdb.com/name/nm0000693/,False
nm0000699,Michael Wincott,1958,,"[""actor"", ""archive_footage""]","[""tt0102798"", ""tt0109506"", ""tt0108333"", ""tt0114558""]",https://www.imdb.com/name/nm0000699/,False
nm0000701,Kate Winslet,1975,,"[""actress"", ""producer"", ""director""]","[""tt0338013"", ""tt0959337"", ""tt0120338"", ""tt0976051""]",https://www.imdb.com/name/nm0000701/,False
nm0000702,Reese Witherspoon,1976,,"[""producer"", ""actress"", ""executive""]","[""tt2305051"", ""tt0358273"", ""tt0250494"", ""tt0126886""]",https://www.imdb.com/name/nm0000702/,False
nm0000703,BD Wong,1960,,"[""actor"", ""director"", ""soundtrack""]","[""tt0107290"", ""tt4158110"", ""tt0203259"", ""tt0120762""]",https://www.imdb.com/name/nm0000703/,False
nm0000705,Robin Wright,1966,,"[""actress"", ""producer"", ""director""]","[""tt0109830"", ""tt0442933"", ""tt0217869"", ""tt0093779""]",https://www.imdb.com/name/nm0000705/,False
nm0000706,Michelle Yeoh,1962,,"[""actress"", ""producer"", ""writer""]","[""tt6710474"", ""tt0190332"", ""tt1262426"", ""tt3104988""]",https://www.imdb.com/name/nm0000706/,False
nm0000749,Mädchen Amick,1970,,"[""actress"", ""director"", ""producer""]","[""tt0105428"", ""tt0109665"", ""tt0098936"", ""tt0105665""]",https://www.imdb.com/name/nm0000749/,False
nm0000751,Suzy Amis,1962,,"[""actress"", ""producer"", ""soundtrack""]","[""tt0114814"", ""tt0109303"", ""tt0120338"", ""tt0106350""]",https://www.imdb.com/name/nm0000751/,False
nm0000778,Alfonso Arau,1932,,"[""actor"", ""director"", ""writer""]","[""tt0092086"", ""tt0103994"", ""tt2380307"", ""tt0114887""]",https://www.imdb.com/name/nm0000778/,False
nm0000780,Denys Arcand,1941,,"[""writer"", ""director"", ""actor""]","[""tt0338135"", ""tt0097635"", ""tt0090985"", ""tt7231342""]",https://www.imdb.com/name/nm0000780/,False
nm0000782,Asia Argento,1975,,"[""actress"", ""director"", ""writer""]","[""tt0418819"", ""tt0295701"", ""tt0368774"", ""tt0804507""]",https://www.imdb.com/name/nm0000782/,False
nm0000787,Bess Armstrong,1953,,"[""actress"", ""archive_footage""]","[""tt0085750"", ""tt0085678"", ""tt0082405"", ""tt0108872""]",https://www.imdb.com/name/nm0000787/,False
nm0000801,Olivier Assayas,1955,,"[""writer"", ""director"", ""producer""]","[""tt4714782"", ""tt2452254"", ""tt0401711"", ""tt0109702""]",https://www.imdb.com/name/nm0000801/,False
nm0000823,Angelo Badalamenti,1937,2022,"[""composer"", ""music_department"", ""actor""]","[""tt0166924"", ""tt0105665"", ""tt0090756"", ""tt0116922""]",https://www.imdb.com/name/nm0000823/,False
nm0000829,Stuart Baird,1947,,"[""editor"", ""editorial_department"", ""director""]","[""tt1074638"", ""tt0078346"", ""tt0381061"", ""tt0253754""]",https://www.imdb.com/name/nm0000829/,False
nm0000855,Raymond J. Barry,1939,,"[""actor"", ""archive_footage""]","[""tt0305711"", ""tt0841046"", ""tt0110955"", ""tt0139654""]",https://www.imdb.com/name/nm0000855/,False
nm0000867,Jason Bateman,1969,,"[""actor"", ""producer"", ""director""]","[""tt0367279"", ""tt2948356"", ""tt2170299"", ""tt2704998""]",https://www.imdb.com/name/nm0000867/,False
nm0000869,Alan Bates,1934,2003,"[""actor"", ""producer"", ""soundtrack""]","[""tt0280707"", ""tt0265349"", ""tt0066579"", ""tt0057831""]",https://www.imdb.com/name/nm0000869/,False
nm0000874,Steven Bauer,1956,,"[""actor"", ""producer"", ""music_department""]","[""tt0086250"", ""tt0181865"", ""tt0117381"", ""tt1769323""]",https://www.imdb.com/name/nm0000874/,False
nm0000881,Michael Bay,1965,,"[""producer"", ""director"", ""actor""]","[""tt0120591"", ""tt2109248"", ""tt1055369"", ""tt0418279""]",https://www.imdb.com/name/nm0000881/,False
nm0000882,Nathalie Baye,1948,2026,"[""actress"", ""writer"", ""miscellaneous""]","[""tt0264464"", ""tt0070460"", ""tt4645368"", ""tt1650048""]",https://www.imdb.com/name/nm0000882/,False
nm0000886,Warren Beatty,1937,,"[""actor"", ""producer"", ""writer""]","[""tt0082979"", ""tt0077663"", ""tt0118798"", ""tt0061418""]",https://www.imdb.com/name/nm0000886/,False
nm0000887,Harold Becker,1928,,"[""director"", ""producer"", ""cinematographer""]","[""tt0107497"", ""tt0120749"", ""tt0098273"", ""tt0249478""]",https://www.imdb.com/name/nm0000887/,False
nm0000906,Annette Bening,1958,,"[""actress"", ""producer"", ""soundtrack""]","[""tt0169547"", ""tt4385888"", ""tt0842926"", ""tt0099703""]",https://www.imdb.com/name/nm0000906/,False
nm0000962,Carole Bouquet,1957,,"[""actress"", ""director"", ""soundtrack""]","[""tt0082398"", ""tt0281364"", ""tt0075824"", ""tt0098520""]",https://www.imdb.com/name/nm0000962/,False
nm0000985,James L. Brooks,1940,,"[""writer"", ""producer"", ""miscellaneous""]","[""tt0092699"", ""tt0119822"", ""tt0086425"", ""tt0371246""]",https://www.imdb.com/name/nm0000985/,False
nm0000996,LeVar Burton,1957,,"[""actor"", ""director"", ""producer""]","[""tt0111280"", ""tt0117731"", ""tt0085075"", ""tt0253754""]",https://www.imdb.com/name/nm0000996/,False
nm0001006,John Candy,1950,1994,"[""actor"", ""writer"", ""music_department""]","[""tt0093748"", ""tt0098554"", ""tt0094012"", ""tt0088161""]",https://www.imdb.com/name/nm0001006/,False
nm0001009,Kate Capshaw,1953,,"[""actress"", ""producer"", ""art_director""]","[""tt0087469"", ""tt0096933"", ""tt0113501"", ""tt0166252""]",https://www.imdb.com/name/nm0001009/,False
nm0001015,Robert Carlyle,1961,,"[""actor"", ""director"", ""producer""]","[""tt0119164"", ""tt0117951"", ""tt0227984"", ""tt0143145""]",https://www.imdb.com/name/nm0001015/,False
nm0001018,Keith Carradine,1949,,"[""actor"", ""music_department"", ""composer""]","[""tt0073440"", ""tt0409847"", ""tt0773262"", ""tt0348914""]",https://www.imdb.com/name/nm0001018/,False
nm0001024,Nick Cassavetes,1959,,"[""actor"", ""director"", ""writer""]","[""tt0119094"", ""tt0138304"", ""tt1078588"", ""tt0426883""]",https://www.imdb.com/name/nm0001024/,False
nm0001026,Joanna Cassidy,,,"[""actress"", ""producer"", ""miscellaneous""]","[""tt0083658"", ""tt0096438"", ""tt0098051"", ""tt0248654""]",https://www.imdb.com/name/nm0001026/,False
nm0001029,Jim Caviezel,1968,,"[""actor"", ""producer"", ""soundtrack""]","[""tt0335345"", ""tt0120863"", ""tt0186151"", ""tt0450340""]",https://www.imdb.com/name/nm0001029/,False
nm0001041,Maggie Cheung,1964,,"[""actress"", ""soundtrack"", ""archive_footage""]","[""tt0118694"", ""tt0101258"", ""tt0299977"", ""tt0117905""]",https://www.imdb.com/name/nm0001041/,False
nm0001049,Jill Clayburgh,1944,2010,"[""actress"", ""soundtrack"", ""archive_footage""]","[""tt1478338"", ""tt0078444"", ""tt0439289"", ""tt0079948""]",https://www.imdb.com/name/nm0001049/,False
nm0001056,Dabney Coleman,1932,2024,"[""actor"", ""miscellaneous"", ""producer""]","[""tt0086567"", ""tt0080319"", ""tt0128853"", ""tt0084805""]",https://www.imdb.com/name/nm0001056/,False
nm0001057,Toni Collette,1972,,"[""actress"", ""producer"", ""director""]","[""tt0276751"", ""tt0167404"", ""tt7784604"", ""tt0274558""]",https://www.imdb.com/name/nm0001057/,False
nm0001074,Ronny Cox,1938,,"[""actor"", ""writer"", ""producer""]","[""tt0100802"", ""tt0086960"", ""tt0068473"", ""tt0093870""]",https://www.imdb.com/name/nm0001074/,False
nm0001075,Peter Coyote,1941,,"[""actor"", ""producer"", ""writer""]","[""tt0104779"", ""tt0281358"", ""tt0195685"", ""tt0129290""]",https://www.imdb.com/name/nm0001075/,False
nm0001084,Ice Cube,1969,,"[""executive"", ""director"", ""producer""]","[""tt13186306"", ""tt6914708"", ""tt0285341"", ""tt0102526""]",https://www.imdb.com/name/nm0001084/,False
nm0001093,John Dahl,1956,,"[""director"", ""writer"", ""art_department""]","[""tt0110308"", ""tt0105226"", ""tt0097662"", ""tt0128442""]",https://www.imdb.com/name/nm0001093/,False
nm0001100,Blythe Danner,1943,,"[""actress"", ""miscellaneous"", ""soundtrack""]","[""tt0212338"", ""tt1092026"", ""tt0434139"", ""tt3236120""]",https://www.imdb.com/name/nm0001100/,False
nm0001117,Bruce Davison,1946,,"[""actor"", ""director"", ""producer""]","[""tt0120903"", ""tt18335752"", ""tt0100049"", ""tt5071412""]",https://www.imdb.com/name/nm0001117/,False
nm0001136,Bruce Dern,1936,,"[""actor"", ""producer"", ""stunts""]","[""tt1821549"", ""tt3460252"", ""tt7131622"", ""tt0071577""]",https://www.imdb.com/name/nm0001136/,False
nm0001167,Shelley Duvall,1949,2024,"[""producer"", ""actress"", ""writer""]","[""tt0081505"", ""tt0075612"", ""tt0081353"", ""tt0075686""]",https://www.imdb.com/name/nm0001167/,False
nm0001182,Carmen Electra,1972,,"[""actress"", ""producer"", ""writer""]","[""tt0362120"", ""tt1073498"", ""tt0175142"", ""tt0799949""]",https://www.imdb.com/name/nm0001182/,False
nm0001212,Joseph Fiennes,1970,,"[""actor"", ""producer"", ""director""]","[""tt0138097"", ""tt3231054"", ""tt0127536"", ""tt0379889""]",https://www.imdb.com/name/nm0001212/,False
nm0001215,Albert Finney,1936,2019,"[""actor"", ""producer"", ""director""]","[""tt0071877"", ""tt0195685"", ""tt0319061"", ""tt0066344""]",https://www.imdb.com/name/nm0001215/,False
nm0001223,Lara Flynn Boyle,1970,,"[""actress"", ""producer"", ""soundtrack""]","[""tt0147612"", ""tt0120912"", ""tt0105793"", ""tt0098936""]",https://www.imdb.com/name/nm0001223/,False
nm0001231,Claire Forlani,1971,,"[""actress"", ""producer"", ""archive_footage""]","[""tt0119643"", ""tt0132347"", ""tt0460780"", ""tt0385002""]",https://www.imdb.com/name/nm0001231/,False
nm0001235,William Forsythe,1955,,"[""actor"", ""producer"", ""writer""]","[""tt0087843"", ""tt0395584"", ""tt0099422"", ""tt0979432""]",https://www.imdb.com/name/nm0001235/,False
nm0001245,Mira Furlan,1955,2021,"[""actress"", ""archive_footage""]","[""tt0105946"", ""tt0091398"", ""tt0120711"", ""tt0121804""]",https://www.imdb.com/name/nm0001245/,False
nm0001250,Charlotte Gainsbourg,1971,,"[""actress"", ""writer"", ""composer""]","[""tt2382009"", ""tt0870984"", ""tt1527186"", ""tt1937390""]",https://www.imdb.com/name/nm0001250/,False
nm0001267,Balthazar Getty,1975,,"[""actor"", ""producer"", ""music_department""]","[""tt0100054"", ""tt0116922"", ""tt0426459"", ""tt0100994""]",https://www.imdb.com/name/nm0001267/,False
nm0001283,Louis Gossett Jr.,1936,2024,"[""actor"", ""producer"", ""director""]","[""tt0084434"", ""tt0089092"", ""tt0085750"", ""tt0103112""]",https://www.imdb.com/name/nm0001283/,False
nm0001290,Richard E. Grant,1957,,"[""actor"", ""director"", ""writer""]","[""tt0280707"", ""tt4595882"", ""tt0102070"", ""tt17351924""]",https://www.imdb.com/name/nm0001290/,False
nm0001305,Lukas Haas,1976,,"[""actor"", ""music_department"", ""soundtrack""]","[""tt1375666"", ""tt0090329"", ""tt0116996"", ""tt0095484""]",https://www.imdb.com/name/nm0001305/,False
nm0001326,Josh Hartnett,1978,,"[""actor"", ""producer"", ""archive_footage""]","[""tt0425210"", ""tt0389722"", ""tt0265086"", ""tt0387877""]",https://www.imdb.com/name/nm0001326/,False
nm0001340,Katherine Helmond,1929,2019,"[""actress"", ""director"", ""archive_footage""]","[""tt0086827"", ""tt0075584"", ""tt0093693"", ""tt0088846""]",https://www.imdb.com/name/nm0001340/,False
nm0001353,Walter Hill,1942,,"[""producer"", ""writer"", ""director""]","[""tt0083511"", ""tt0090605"", ""tt0088194"", ""tt0103644""]",https://www.imdb.com/name/nm0001353/,False
nm0001361,Tobe Hooper,1943,2017,"[""director"", ""writer"", ""producer""]","[""tt0072271"", ""tt0092076"", ""tt0084516"", ""tt0089489""]",https://www.imdb.com/name/nm0001361/,False
nm0001364,Bob Hoskins,1942,2014,"[""actor"", ""director"", ""producer""]","[""tt0081070"", ""tt0091538"", ""tt0096438"", ""tt0108255""]",https://www.imdb.com/name/nm0001364/,False
nm0001384,Ice-T,1958,,"[""actor"", ""producer"", ""composer""]","[""tt0102526"", ""tt0114614"", ""tt0203259"", ""tt0113481""]",https://www.imdb.com/name/nm0001384/,False
nm0001398,Jenna Jameson,1974,,"[""actress"", ""producer"", ""director""]","[""tt0368859"", ""tt0960890"", ""tt0119951"", ""tt0129604""]",https://www.imdb.com/name/nm0001398/,False
nm0001405,Janusz Kaminski,1959,,"[""cinematographer"", ""camera_department"", ""director""]","[""tt0181689"", ""tt3581652"", ""tt0108052"", ""tt0120815""]",https://www.imdb.com/name/nm0001405/,False
nm0001409,Tchéky Karyo,1953,2025,"[""actor"", ""miscellaneous"", ""soundtrack""]","[""tt0100263"", ""tt0298814"", ""tt0187393"", ""tt0112442""]",https://www.imdb.com/name/nm0001409/,False
nm0001410,Lawrence Kasdan,1949,,"[""writer"", ""producer"", ""director""]","[""tt0085244"", ""tt0111756"", ""tt0090022"", ""tt0082971""]",https://www.imdb.com/name/nm0001410/,False
nm0001424,Udo Kier,1944,2025,"[""actor"", ""writer"", ""producer""]","[""tt30333632"", ""tt27847051"", ""tt7456722"", ""tt10832274""]",https://www.imdb.com/name/nm0001424/,False
nm0001427,Greg Kinnear,1963,,"[""actor"", ""producer"", ""writer""]","[""tt0119822"", ""tt0449059"", ""tt0114319"", ""tt0128853""]",https://www.imdb.com/name/nm0001427/,False
nm0001429,Takeshi Kitano,1947,,"[""actor"", ""writer"", ""director""]","[""tt0363226"", ""tt0119250"", ""tt0108188"", ""tt0199683""]",https://www.imdb.com/name/nm0001429/,False
nm0001447,Nathan Lane,1956,,"[""actor"", ""producer"", ""soundtrack""]","[""tt0395251"", ""tt0115685"", ""tt0110357"", ""tt0119715""]",https://www.imdb.com/name/nm0001447/,False
nm0001449,Frank Langella,1938,,"[""actor"", ""producer"", ""soundtrack""]","[""tt0870111"", ""tt1990314"", ""tt0362478"", ""tt1070874""]",https://www.imdb.com/name/nm0001449/,False
nm0001461,Virginie Ledoyen,1976,,"[""actress"", ""producer"", ""miscellaneous""]","[""tt0283832"", ""tt0163978"", ""tt0109702"", ""tt0123923""]",https://www.imdb.com/name/nm0001461/,False
nm0001475,John Lithgow,1945,,"[""actor"", ""producer"", ""writer""]","[""tt0084917"", ""tt0106582"", ""tt0086856"", ""tt0086425""]",https://www.imdb.com/name/nm0001475/,False
nm0001477,Robyn Lively,1972,,"[""actress"", ""producer"", ""archive_footage""]","[""tt0098453"", ""tt0097647"", ""tt0092214"", ""tt1462054""]",https://www.imdb.com/name/nm0001477/,False
nm0001487,John Lynch,1961,,"[""actor"", ""writer"", ""assistant_director""]","[""tt1181791"", ""tt0108071"", ""tt0181311"", ""tt0107207""]",https://www.imdb.com/name/nm0001487/,False
nm0001497,Tobey Maguire,1975,,"[""actor"", ""producer"", ""executive""]","[""tt0765010"", ""tt0145487"", ""tt0185014"", ""tt0120789""]",https://www.imdb.com/name/nm0001497/,False
nm0001507,Cheech Marin,1946,,"[""actor"", ""writer"", ""producer""]","[""tt0092690"", ""tt0117918"", ""tt0078446"", ""tt0115285""]",https://www.imdb.com/name/nm0001507/,False
nm0001515,Joseph Mazzello,1983,,"[""actor"", ""director"", ""writer""]","[""tt0107290"", ""tt1285016"", ""tt0112757"", ""tt0110997""]",https://www.imdb.com/name/nm0001515/,False
nm0001520,Christopher McDonald,,,"[""actor"", ""producer"", ""director""]","[""tt0103074"", ""tt0110932"", ""tt0116483"", ""tt1582453""]",https://www.imdb.com/name/nm0001520/,False
nm0001524,Paul McGann,1959,,"[""actor"", ""director"", ""soundtrack""]","[""tt0108333"", ""tt0103644"", ""tt0094336"", ""tt0238546""]",https://www.imdb.com/name/nm0001524/,False
nm0001525,John C. McGinley,1959,,"[""actor"", ""producer"", ""writer""]","[""tt0285403"", ""tt0102685"", ""tt0114369"", ""tt0094291""]",https://www.imdb.com/name/nm0001525/,False
nm0001543,Gretchen Mol,1972,,"[""actress"", ""soundtrack""]","[""tt0139809"", ""tt0381849"", ""tt4034228"", ""tt0979432""]",https://www.imdb.com/name/nm0001543/,False
nm0001550,Cathy Moriarty,1960,,"[""actress"", ""soundtrack"", ""archive_footage""]","[""tt0081398"", ""tt0102951"", ""tt1038919"", ""tt0179116""]",https://www.imdb.com/name/nm0001550/,False
nm0001553,Ennio Morricone,1928,2020,"[""composer"", ""music_department"", ""actor""]","[""tt3460252"", ""tt0094226"", ""tt1924396"", ""tt0120731""]",https://www.imdb.com/name/nm0001553/,False
nm0001567,Connie Nielsen,1965,,"[""actress"", ""producer"", ""writer""]","[""tt0172495"", ""tt0265459"", ""tt0451279"", ""tt0264395""]",https://www.imdb.com/name/nm0001567/,False
nm0001589,Michael Palin,1943,,"[""actor"", ""writer"", ""producer""]","[""tt0071853"", ""tt0085959"", ""tt0079470"", ""tt0081633""]",https://www.imdb.com/name/nm0001589/,False
nm0001601,David Paymer,1954,,"[""actor"", ""director"", ""producer""]","[""tt0113161"", ""tt0120202"", ""tt0112346"", ""tt0385267""]",https://www.imdb.com/name/nm0001601/,False
nm0001605,Amanda Peet,1972,,"[""actress"", ""writer"", ""producer""]","[""tt0391304"", ""tt1190080"", ""tt0190138"", ""tt0309698""]",https://www.imdb.com/name/nm0001605/,False
nm0001613,Bernadette Peters,1948,,"[""actress"", ""soundtrack"", ""archive_footage""]","[""tt0079367"", ""tt0082894"", ""tt0118617"", ""tt0082507""]",https://www.imdb.com/name/nm0001613/,False
nm0001616,Mekhi Phifer,1974,,"[""actor"", ""producer"", ""director""]","[""tt0108757"", ""tt0322589"", ""tt0363547"", ""tt0298203""]",https://www.imdb.com/name/nm0001616/,False
nm0001618,Joaquin Phoenix,1974,,"[""actor"", ""producer"", ""director""]","[""tt0358273"", ""tt0172495"", ""tt1798709"", ""tt1560747""]",https://www.imdb.com/name/nm0001618/,False
nm0001624,Oliver Platt,1960,,"[""actor"", ""producer"", ""miscellaneous""]","[""tt0108333"", ""tt1190080"", ""tt0139414"", ""tt0182789""]",https://www.imdb.com/name/nm0001624/,False
nm0001628,Sydney Pollack,1934,2008,"[""director"", ""producer"", ""actor""]","[""tt0084805"", ""tt0465538"", ""tt0120663"", ""tt0089755""]",https://www.imdb.com/name/nm0001628/,False
nm0001637,Vincent Price,1911,1993,"[""actor"", ""miscellaneous"", ""writer""]","[""tt0066740"", ""tt0051744"", ""tt0038492"", ""tt0037008""]",https://www.imdb.com/name/nm0001637/,False
nm0001644,Aidan Quinn,1959,,"[""actor"", ""producer"", ""director""]","[""tt0110322"", ""tt0089017"", ""tt0091530"", ""tt0117039""]",https://www.imdb.com/name/nm0001644/,False
nm0001653,Stephen Rea,1946,,"[""actor"", ""writer"", ""soundtrack""]","[""tt0104036"", ""tt0434409"", ""tt0411195"", ""tt0112681""]",https://www.imdb.com/name/nm0001653/,False
nm0001670,Natasha Richardson,1963,2009,"[""actress"", ""producer"", ""soundtrack""]","[""tt0348505"", ""tt0120783"", ""tt0099731"", ""tt0252076""]",https://www.imdb.com/name/nm0001670/,False
nm0001687,Gena Rowlands,1930,2024,"[""actress"", ""miscellaneous"", ""writer""]","[""tt0332280"", ""tt0072417"", ""tt0119313"", ""tt0397101""]",https://www.imdb.com/name/nm0001687/,False
nm0001698,John Savage,,,"[""actor"", ""producer"", ""production_department""]","[""tt0120863"", ""tt0077416"", ""tt0079261"", ""tt0091886""]",https://www.imdb.com/name/nm0001698/,False
nm0001700,Nancy Savoca,1959,,"[""director"", ""writer"", ""producer""]","[""tt0116607"", ""tt0101748"", ""tt0107152"", ""tt0359161""]",https://www.imdb.com/name/nm0001700/,False
nm0001702,Roy Scheider,1932,2008,"[""actor"", ""producer"", ""soundtrack""]","[""tt0073195"", ""tt0078754"", ""tt0067116"", ""tt0077766""]",https://www.imdb.com/name/nm0001702/,False
nm0001707,Paul Schrader,1946,,"[""writer"", ""director"", ""producer""]","[""tt6053438"", ""tt11196036"", ""tt0118564"", ""tt0075314""]",https://www.imdb.com/name/nm0001707/,False
nm0001710,David Schwimmer,1966,,"[""actor"", ""director"", ""producer""]","[""tt0108778"", ""tt0120828"", ""tt0185906"", ""tt0488085""]",https://www.imdb.com/name/nm0001710/,False
nm0001716,Tony Scott,1944,2012,"[""producer"", ""director"", ""actor""]","[""tt0421054"", ""tt0477080"", ""tt0108399"", ""tt0092099""]",https://www.imdb.com/name/nm0001716/,False
nm0001718,Kyra Sedgwick,1965,,"[""actress"", ""producer"", ""director""]","[""tt0458253"", ""tt0117333"", ""tt0361127"", ""tt0114496""]",https://www.imdb.com/name/nm0001718/,False
nm0001719,George Segal,1934,2021,"[""actor"", ""producer"", ""miscellaneous""]","[""tt0061184"", ""tt1190080"", ""tt0115798"", ""tt0070819""]",https://www.imdb.com/name/nm0001719/,False
nm0001756,Barry Sonnenfeld,1953,,"[""producer"", ""director"", ""cinematographer""]","[""tt0119654"", ""tt0120891"", ""tt1409024"", ""tt0925266""]",https://www.imdb.com/name/nm0001756/,False
nm0001772,Patrick Stewart,1940,,"[""actor"", ""producer"", ""director""]","[""tt3315342"", ""tt0117731"", ""tt0120844"", ""tt0092455""]",https://www.imdb.com/name/nm0001772/,False
nm0001780,Peter Stormare,1953,,"[""actor"", ""writer"", ""producer""]","[""tt0116282"", ""tt0168629"", ""tt0360486"", ""tt0355295""]",https://www.imdb.com/name/nm0001780/,False
nm0001794,Henry Thomas,1971,,"[""actor"", ""producer"", ""composer""]","[""tt0083866"", ""tt0331811"", ""tt0110322"", ""tt0217505""]",https://www.imdb.com/name/nm0001794/,False
nm0001801,Robert Towne,1934,2024,"[""writer"", ""producer"", ""actor""]","[""tt0071315"", ""tt0117060"", ""tt0070290"", ""tt0096244""]",https://www.imdb.com/name/nm0001801/,False
nm0001806,John Turturro,1957,,"[""actor"", ""writer"", ""producer""]","[""tt2258345"", ""tt0101410"", ""tt0190590"", ""tt1399103""]",https://www.imdb.com/name/nm0001806/,False
nm0001814,Gus Van Sant,1952,,"[""director"", ""producer"", ""actor""]","[""tt0363589"", ""tt0097240"", ""tt0842929"", ""tt0102494""]",https://www.imdb.com/name/nm0001814/,False
nm0001831,David Warner,1941,2022,"[""actor"", ""producer"", ""soundtrack""]","[""tt0102975"", ""tt0084827"", ""tt0120338"", ""tt0113409""]",https://www.imdb.com/name/nm0001831/,False
nm0001845,Forest Whitaker,1961,,"[""actor"", ""producer"", ""director""]","[""tt0455590"", ""tt1327773"", ""tt1825683"", ""tt0185183""]",https://www.imdb.com/name/nm0001845/,False
nm0001852,Treat Williams,1951,2023,"[""actor"", ""producer"", ""director""]","[""tt0118956"", ""tt0079261"", ""tt0117331"", ""tt0114660""]",https://www.imdb.com/name/nm0001852/,False
nm0001854,Rita Wilson,1956,,"[""actress"", ""producer"", ""director""]","[""tt0116705"", ""tt0108160"", ""tt0163187"", ""tt0114011""]",https://www.imdb.com/name/nm0001854/,False
nm0001872,Steve Zahn,1967,,"[""actor"", ""producer"", ""director""]","[""tt3450958"", ""tt0462504"", ""tt0206314"", ""tt0318649""]",https://www.imdb.com/name/nm0001872/,False
nm0001877,Hans Zimmer,1957,,"[""music_department"", ""composer"", ""actor""]","[""tt0172495"", ""tt0816692"", ""tt1160419"", ""tt1375666""]",https://www.imdb.com/name/nm0001877/,False
nm0001880,Edward Zwick,1952,,"[""producer"", ""writer"", ""director""]","[""tt0092492"", ""tt0325710"", ""tt0138097"", ""tt0115956""]",https://www.imdb.com/name/nm0001880/,False
nm0001940,Peter Benchley,1940,2006,"[""writer"", ""producer"", ""actor""]","[""tt0073195"", ""tt0085750"", ""tt0093300"", ""tt0077766""]",https://www.imdb.com/name/nm0001940/,False
nm0001990,Elpidia Carrillo,1961,,"[""actress"", ""producer"", ""director""]","[""tt0093773"", ""tt0091886"", ""tt0420015"", ""tt0100403""]",https://www.imdb.com/name/nm0001990/,False
nm0002018,Tom Conti,1941,,"[""actor"", ""soundtrack"", ""archive_footage""]","[""tt15398776"", ""tt0085933"", ""tt0398017"", ""tt0084591""]",https://www.imdb.com/name/nm0002018/,False
nm0002029,Maria Grazia Cucinotta,1968,,"[""actress"", ""producer"", ""director""]","[""tt0143145"", ""tt0110877"", ""tt1161864"", ""tt0118782""]",https://www.imdb.com/name/nm0002029/,False
nm0002120,Lasse Hallström,1946,,"[""director"", ""writer"", ""editor""]","[""tt0108550"", ""tt0241303"", ""tt0089606"", ""tt2980648""]",https://www.imdb.com/name/nm0002120/,False
nm0002155,Edward M. Abroms,1935,2018,"[""editor"", ""director"", ""editorial_department""]","[""tt1466074"", ""tt0111301"", ""tt0089370"", ""tt0085255""]",https://www.imdb.com/name/nm0002155/,False
nm0002186,Luciana Arrighi,1940,,"[""production_designer"", ""costume_designer"", ""actress""]","[""tt0104454"", ""tt0107943"", ""tt0166485"", ""tt0114388""]",https://www.imdb.com/name/nm0002186/,False
nm0002201,John Debney,1956,,"[""composer"", ""music_department"", ""soundtrack""]","[""tt3040964"", ""tt1485796"", ""tt0335345"", ""tt1228705""]",https://www.imdb.com/name/nm0002201/,False
nm0002207,Richard Franklin,1948,2007,"[""director"", ""producer"", ""writer""]","[""tt0113337"", ""tt0078067"", ""tt0091415"", ""tt0080453""]",https://www.imdb.com/name/nm0002207/,False
nm0002227,John Frizzell,,,"[""composer"", ""music_department"", ""producer""]","[""tt0118375"", ""tt9308022"", ""tt0151804"", ""tt2071645""]",https://www.imdb.com/name/nm0002227/,False
nm0002237,John David Allen,,,"[""editor"", ""editorial_department"", ""director""]","[""tt0306734"", ""tt0384686"", ""tt2707792"", ""tt1440379""]",https://www.imdb.com/name/nm0002237/,False
nm0002274,Nina Gold,,,"[""casting_director"", ""casting_department"", ""producer""]","[""tt20215234"", ""tt14905854"", ""tt2527338"", ""tt1478964""]",https://www.imdb.com/name/nm0002274/,False
nm0002299,Carlo Varini,1946,2014,"[""cinematographer"", ""camera_department"", ""director""]","[""tt0095250"", ""tt0372824"", ""tt0090095"", ""tt0493395""]",https://www.imdb.com/name/nm0002299/,False
nm0002354,John Williams,1932,,"[""music_department"", ""composer"", ""actor""]","[""tt0076759"", ""tt0078346"", ""tt0212720"", ""tt0407304""]",https://www.imdb.com/name/nm0002354/,False
nm0002366,Christopher Young,,,"[""composer"", ""music_department"", ""actor""]","[""tt1922777"", ""tt0244244"", ""tt0137494"", ""tt0391198""]",https://www.imdb.com/name/nm0002366/,False
nm0002412,Michael Fallavollita,,,"[""editor"", ""producer"", ""editorial_department""]","[""tt3358964"", ""tt0380008"", ""tt0120647"", ""tt0107290""]",https://www.imdb.com/name/nm0002412/,False
nm0002500,Tom McArdle,,,"[""editor"", ""actor"", ""editorial_department""]","[""tt1895587"", ""tt5301662"", ""tt1606392"", ""tt10696896""]",https://www.imdb.com/name/nm0002500/,False
nm0002546,Mena Suvari,1979,,"[""actress"", ""producer"", ""miscellaneous""]","[""tt0169547"", ""tt0163651"", ""tt0217630"", ""tt0421054""]",https://www.imdb.com/name/nm0002546/,False
nm0002557,Vanja Cernjul,,,"[""cinematographer"", ""camera_department"", ""producer""]","[""tt11198330"", ""tt3104988"", ""tt4998350"", ""tt18224594""]",https://www.imdb.com/name/nm0002557/,False
nm0002560,Adam Nordén,1971,,"[""composer"", ""music_department"", ""actor""]","[""tt2429292"", ""tt0448267"", ""tt0907683"", ""tt5603140""]",https://www.imdb.com/name/nm0002560/,False
nm0002599,Ricki Maslar,,,"[""casting_director"", ""casting_department"", ""producer""]","[""tt21157352"", ""tt16390372"", ""tt31727267"", ""tt0285728""]",https://www.imdb.com/name/nm0002599/,False
nm0002610,Chris Chomyn,,,"[""cinematographer"", ""camera_department"", ""miscellaneous""]","[""tt10946934"", ""tt4547948"", ""tt0281686"", ""tt0196708""]",https://www.imdb.com/name/nm0002610/,False
nm0002655,Tracy Granger,,,"[""editor"", ""editorial_department"", ""music_department""]","[""tt0171804"", ""tt2395417"", ""tt6601502"", ""tt0104321""]",https://www.imdb.com/name/nm0002655/,False
nm0002666,Nancy Klopper,,,"[""casting_director"", ""casting_department"", ""executive""]","[""tt0350258"", ""tt0120667"", ""tt0151804"", ""tt0118971""]",https://www.imdb.com/name/nm0002666/,False
nm0002717,Robert C. Jones,1936,2021,"[""editor"", ""writer"", ""editorial_department""]","[""tt0057193"", ""tt0077362"", ""tt0061735"", ""tt0066011""]",https://www.imdb.com/name/nm0002717/,False
nm0002776,Johnny Hallyday,1943,2017,"[""music_artist"", ""actor"", ""music_department""]","[""tt0301414"", ""tt0838232"", ""tt3922798"", ""tt1329454""]",https://www.imdb.com/name/nm0002776/,False
nm0002894,Anthony Gasparro,,,"[""production_designer"", ""art_director"", ""miscellaneous""]","[""tt22408160"", ""tt9231040"", ""tt30253473"", ""tt0455538""]",https://www.imdb.com/name/nm0002894/,False
nm0002901,Muse Watson,1948,,"[""actor"", ""producer"", ""soundtrack""]","[""tt0364845"", ""tt0455275"", ""tt0114496"", ""tt0119345""]",https://www.imdb.com/name/nm0002901/,False
nm0002994,Kevin McCarthy,1914,2010,"[""actor"", ""miscellaneous"", ""soundtrack""]","[""tt0049366"", ""tt0098546"", ""tt0078087"", ""tt0077745""]",https://www.imdb.com/name/nm0002994/,False
nm0003102,Job ter Burg,,,"[""editor"", ""editorial_department"", ""actor""]","[""tt26736843"", ""tt3716530"", ""tt11858890"", ""tt1895315""]",https://www.imdb.com/name/nm0003102/,False
nm0003151,Melissa Kent,,,"[""editor"", ""editorial_department"", ""actress""]","[""tt19853698"", ""tt0800325"", ""tt1655441"", ""tt0159097""]",https://www.imdb.com/name/nm0003151/,False
nm0003289,John Putch,,,"[""director"", ""writer"", ""producer""]","[""tt5047788"", ""tt24822574"", ""tt1407050"", ""tt32752472""]",https://www.imdb.com/name/nm0003289/,False
nm0003300,Duncan Kennedy,,,"[""writer""]","[""tt0149261"", ""tt1438173"", ""tt0112111"", ""tt7086706""]",https://www.imdb.com/name/nm0003300/,False
nm0003403,Timothy Bond,1942,,"[""director"", ""writer"", ""animation_department""]","[""tt0092357"", ""tt0098931"", ""tt0088476"", ""tt0127276""]",https://www.imdb.com/name/nm0003403/,False
nm0003458,Steven R. Monroe,1964,,"[""director"", ""camera_department"", ""producer""]","[""tt0090500"", ""tt0395585"", ""tt9876426"", ""tt1242432""]",https://www.imdb.com/name/nm0003458/,False
nm0003533,Shawn Paper,,,"[""editor"", ""producer"", ""editorial_department""]","[""tt1759761""]",https://www.imdb.com/name/nm0003533/,False
nm0003607,Nicola Piovani,1946,,"[""composer"", ""music_department"", ""actor""]","[""tt0118799"", ""tt0419198"", ""tt7736478"", ""tt0208990""]",https://www.imdb.com/name/nm0003607/,False
nm0003802,Uta Briesewitz,,,"[""director"", ""producer"", ""cinematographer""]","[""tt7462410"", ""tt4574334"", ""tt15384586"", ""tt0306414""]",https://www.imdb.com/name/nm0003802/,False
nm0003849,Daniel Hubbard,1975,,"[""casting_director"", ""casting_department"", ""producer""]","[""tt13210838"", ""tt1535109"", ""tt0440963"", ""tt1226271""]",https://www.imdb.com/name/nm0003849/,False
nm0003857,Mel Stewart,1929,2002,"[""actor"", ""writer"", ""archive_footage""]","[""tt0075590"", ""tt0085088"", ""tt0099180"", ""tt0070833""]",https://www.imdb.com/name/nm0003857/,False
nm0003910,Travis Fine,1968,,"[""actor"", ""writer"", ""director""]","[""tt2066176"", ""tt0103956"", ""tt10820264"", ""tt1525898""]",https://www.imdb.com/name/nm0003910/,False
nm0003915,Lindsay Chag,,,"[""casting_director"", ""casting_department"", ""producer""]","[""tt3118452"", ""tt0098084"", ""tt0107977"", ""tt0095705""]",https://www.imdb.com/name/nm0003915/,False
nm0003920,Michael Ellis,,,"[""editor"", ""sound_department"", ""editorial_department""]","[""tt0078346"", ""tt0115744"", ""tt0089370"", ""tt0914798""]",https://www.imdb.com/name/nm0003920/,False
nm0003993,Toby Jaffe,1961,,"[""producer""]","[""tt1634106"", ""tt1386703"", ""tt0114214"", ""tt0181316""]",https://www.imdb.com/name/nm0003993/,False
nm0004012,Simon Emanuel,,,"[""producer"", ""assistant_director"", ""production_manager""]","[""tt1201607"", ""tt1877830"", ""tt5180504"", ""tt3748528""]",https://www.imdb.com/name/nm0004012/,False
nm0004051,Brian Cox,1946,,"[""actor"", ""producer"", ""director""]","[""tt7660850"", ""tt0332452"", ""tt0290334"", ""tt0268126""]",https://www.imdb.com/name/nm0004051/,False
nm0004109,Gulshan Grover,1955,,"[""actor"", ""music_department"", ""archive_footage""]","[""tt5912310"", ""tt0120087"", ""tt1805263"", ""tt0150433""]",https://www.imdb.com/name/nm0004109/,False
nm0004132,Jill Footlick,,,"[""producer"", ""production_manager"", ""miscellaneous""]","[""tt11280740"", ""tt5057054"", ""tt4635282"", ""tt0203230""]",https://www.imdb.com/name/nm0004132/,False
nm0004162,Patti Podesta,,,"[""production_designer"", ""art_department"", ""miscellaneous""]","[""tt0107290"", ""tt0209144"", ""tt7144666"", ""tt0115736""]",https://www.imdb.com/name/nm0004162/,False
nm0004266,Anne Hathaway,1982,,"[""actress"", ""producer"", ""miscellaneous""]","[""tt1707386"", ""tt1084950"", ""tt1345836"", ""tt0758752""]",https://www.imdb.com/name/nm0004266/,False
nm0004309,Shirley Knight,1936,2020,"[""actress"", ""producer"", ""soundtrack""]","[""tt0119822"", ""tt1114740"", ""tt0056541"", ""tt0225071""]",https://www.imdb.com/name/nm0004309/,False
nm0004334,Rekha,1954,,"[""actress"", ""music_department"", ""miscellaneous""]","[""tt0254481"", ""tt0083248"", ""tt0432637"", ""tt0151206""]",https://www.imdb.com/name/nm0004334/,False
nm0004335,Hrithik Roshan,1974,,"[""actor"", ""assistant_director"", ""music_department""]","[""tt0432637"", ""tt1562872"", ""tt7430722"", ""tt0248126""]",https://www.imdb.com/name/nm0004335/,False
nm0004344,Michael Barrett,1970,,"[""cinematographer"", ""camera_department"", ""producer""]","[""tt1637725"", ""tt0373469"", ""tt0308055"", ""tt0247082""]",https://www.imdb.com/name/nm0004344/,False
nm0004347,Alain Goldman,,,"[""producer"", ""writer"", ""actor""]","[""tt0450188"", ""tt0364970"", ""tt2398149"", ""tt0112641""]",https://www.imdb.com/name/nm0004347/,False
nm0004363,Rakesh Roshan,1949,,"[""actor"", ""producer"", ""director""]","[""tt0254481"", ""tt0432637"", ""tt1029231"", ""tt0234000""]",https://www.imdb.com/name/nm0004363/,False
nm0004376,Franka Potente,1974,,"[""actress"", ""director"", ""writer""]","[""tt0130827"", ""tt0258463"", ""tt0372183"", ""tt0203632""]",https://www.imdb.com/name/nm0004376/,False
nm0004410,Mark Neveldine,,,"[""writer"", ""director"", ""producer""]","[""tt0479884"", ""tt1121931"", ""tt1034032"", ""tt1071875""]",https://www.imdb.com/name/nm0004410/,False
nm0004418,Kajol,1974,,"[""actress"", ""soundtrack"", ""archive_footage""]","[""tt0439662"", ""tt0172684"", ""tt1188996"", ""tt0248126""]",https://www.imdb.com/name/nm0004418/,False
nm0004436,Rajesh Roshan,1955,,"[""composer"", ""music_department"", ""actor""]","[""tt0234000"", ""tt0254481"", ""tt0432637"", ""tt5460276""]",https://www.imdb.com/name/nm0004436/,False
nm0004527,Daniel J. Heffner,1956,,"[""producer"", ""executive"", ""production_manager""]","[""tt11301886"", ""tt5834874"", ""tt13655328"", ""tt21807222""]",https://www.imdb.com/name/nm0004527/,False
nm0004569,Sanjay Dutt,1959,,"[""actor"", ""music_department"", ""producer""]","[""tt0374887"", ""tt0456144"", ""tt1849718"", ""tt0220832""]",https://www.imdb.com/name/nm0004569/,False
nm0004581,Harry Gregson-Williams,,,"[""composer"", ""music_department"", ""producer""]","[""tt9218128"", ""tt3659388"", ""tt0126029"", ""tt0328107""]",https://www.imdb.com/name/nm0004581/,False
nm0004626,Kareena Kapoor,1980,,"[""actress"", ""music_department"", ""make_up_department""]","[""tt1093370"", ""tt1187043"", ""tt0488414"", ""tt1562871""]",https://www.imdb.com/name/nm0004626/,False
nm0004669,Laura Albert,,,"[""stunts"", ""actress"", ""casting_department""]","[""tt0840361"", ""tt1586680"", ""tt0317740"", ""tt7942796""]",https://www.imdb.com/name/nm0004669/,False
nm0004754,Jessica Biel,1982,,"[""actress"", ""producer"", ""director""]","[""tt0443543"", ""tt1386703"", ""tt0435705"", ""tt0324216""]",https://www.imdb.com/name/nm0004754/,False
nm0004760,Jennifer Blanc-Biehn,1974,,"[""actress"", ""producer"", ""director""]","[""tt0204993"", ""tt2797642"", ""tt3552592"", ""tt1535616""]",https://www.imdb.com/name/nm0004760/,False
nm0004820,Morris Chestnut,1969,,"[""actor"", ""producer"", ""director""]","[""tt1650554"", ""tt1911644"", ""tt0168501"", ""tt0114781""]",https://www.imdb.com/name/nm0004820/,False
nm0004824,China Chow,1974,,"[""actress"", ""producer"", ""archive_sound""]","[""tt0120609"", ""tt0283003"", ""tt0384833"", ""tt0192111""]",https://www.imdb.com/name/nm0004824/,False
nm0004839,Coolio,1963,2022,"[""music_department"", ""actor"", ""composer""]","[""tt0287978"", ""tt0112792"", ""tt2222042"", ""tt0119807""]",https://www.imdb.com/name/nm0004839/,False
nm0004873,Andy Dick,1965,,"[""actor"", ""writer"", ""producer""]","[""tt0215129"", ""tt0110950"", ""tt0141369"", ""tt0424993""]",https://www.imdb.com/name/nm0004873/,False
nm0004912,Oded Fehr,1970,,"[""actor"", ""archive_footage""]","[""tt30955673"", ""tt5171438"", ""tt0120616"", ""tt0432021""]",https://www.imdb.com/name/nm0004912/,False
nm0004950,Jennifer Garner,1972,,"[""actress"", ""producer"", ""director""]","[""tt0285333"", ""tt0287978"", ""tt0337563"", ""tt0467406""]",https://www.imdb.com/name/nm0004950/,False
nm0004976,Brian Grazer,1951,,"[""producer"", ""actor"", ""writer""]","[""tt0268978"", ""tt0367279"", ""tt0112384"", ""tt0088161""]",https://www.imdb.com/name/nm0004976/,False
nm0004991,Hill Harper,1966,,"[""actor"", ""producer"", ""writer""]","[""tt0395843"", ""tt0192614"", ""tt0124718"", ""tt2388621""]",https://www.imdb.com/name/nm0004991/,False
nm0005003,Sean Hayes,1970,,"[""actor"", ""producer"", ""writer""]","[""tt0157246"", ""tt0312528"", ""tt0825232"", ""tt0383010""]",https://www.imdb.com/name/nm0005003/,False
nm0005007,Jill Hennessy,,,"[""actress"", ""director"", ""producer""]","[""tt0284718"", ""tt0098844"", ""tt0486946"", ""tt7187044""]",https://www.imdb.com/name/nm0005007/,False
nm0005017,Katie Holmes,1978,,"[""actress"", ""producer"", ""director""]","[""tt0134619"", ""tt0372784"", ""tt0810913"", ""tt0118300""]",https://www.imdb.com/name/nm0005017/,False
nm0005026,Kelly Hu,1968,,"[""actress"", ""soundtrack"", ""archive_footage""]","[""tt0290334"", ""tt0277296"", ""tt0471041"", ""tt0097388""]",https://www.imdb.com/name/nm0005026/,False
nm0005029,Oliver Hudson,1976,,"[""actor"", ""producer"", ""production_department""]","[""tt0454082"", ""tt2463288"", ""tt0263386"", ""tt0116253""]",https://www.imdb.com/name/nm0005029/,False
nm0005033,Sammo Kam-Bo Hung,1952,,"[""actor"", ""stunts"", ""producer""]","[""tt1220719"", ""tt0085211"", ""tt1386932"", ""tt0288045""]",https://www.imdb.com/name/nm0005033/,False
nm0005069,Spike Jonze,1969,,"[""producer"", ""writer"", ""director""]","[""tt1798709"", ""tt0120188"", ""tt0386117"", ""tt0120601""]",https://www.imdb.com/name/nm0005069/,False
nm0005085,Jamie Kennedy,1970,,"[""actor"", ""writer"", ""producer""]","[""tt0117571"", ""tt0120082"", ""tt0328099"", ""tt0362165""]",https://www.imdb.com/name/nm0005085/,False
nm0005086,Kathleen Kennedy,1953,,"[""producer"", ""miscellaneous"", ""actress""]","[""tt0421715"", ""tt0286106"", ""tt0401383"", ""tt0083866""]",https://www.imdb.com/name/nm0005086/,False
nm0005099,Heidi Klum,1973,,"[""producer"", ""actress"", ""writer""]","[""tt0437741"", ""tt0327679"", ""tt0196229"", ""tt0366629""]",https://www.imdb.com/name/nm0005099/,False
nm0005101,Harmony Korine,1973,,"[""director"", ""writer"", ""actor""]","[""tt0119237"", ""tt0113540"", ""tt2101441"", ""tt6511932""]",https://www.imdb.com/name/nm0005101/,False
nm0005110,Ashton Kutcher,1978,,"[""actor"", ""producer"", ""writer""]","[""tt0165598"", ""tt0305711"", ""tt0391304"", ""tt1103153""]",https://www.imdb.com/name/nm0005110/,False
nm0005162,Robert Loggia,1930,2015,"[""actor"", ""director"", ""miscellaneous""]","[""tt0094737"", ""tt0116629"", ""tt0116922"", ""tt0086250""]",https://www.imdb.com/name/nm0005162/,False
nm0005169,Natasha Lyonne,1979,,"[""actress"", ""producer"", ""writer""]","[""tt0163651"", ""tt2372162"", ""tt0179116"", ""tt0165710""]",https://www.imdb.com/name/nm0005169/,False
nm0005170,Bernie Mac,1957,2008,"[""actor"", ""writer"", ""producer""]","[""tt0285341"", ""tt0240772"", ""tt0372237"", ""tt0307987""]",https://www.imdb.com/name/nm0005170/,False
nm0005172,Norm MacDonald,1959,2021,"[""actor"", ""writer"", ""producer""]","[""tt0120654"", ""tt0112508"", ""tt0255798"", ""tt0118998""]",https://www.imdb.com/name/nm0005172/,False
nm0005185,Marla Maples,1963,,"[""actress"", ""producer"", ""miscellaneous""]","[""tt0116253"", ""tt0091499"", ""tt0147612"", ""tt0323120""]",https://www.imdb.com/name/nm0005185/,False
nm0005188,James Marsden,1973,,"[""actor"", ""producer"", ""miscellaneous""]","[""tt0427327"", ""tt0120903"", ""tt0461770"", ""tt0988595""]",https://www.imdb.com/name/nm0005188/,False
nm0005196,Paul Mazursky,1930,2014,"[""actor"", ""writer"", ""director""]","[""tt0078444"", ""tt0071598"", ""tt0064100"", ""tt0069808""]",https://www.imdb.com/name/nm0005196/,False
nm0005202,Eric McCormack,1963,,"[""actor"", ""producer"", ""director""]","[""tt0157246"", ""tt5651844"", ""tt1761811"", ""tt1714204""]",https://www.imdb.com/name/nm0005202/,False
nm0005218,Tim Meadows,1961,,"[""actor"", ""writer"", ""miscellaneous""]","[""tt0810913"", ""tt0377092"", ""tt0213790"", ""tt0841046""]",https://www.imdb.com/name/nm0005218/,False
nm0005278,Jerry O'Connell,1974,,"[""actor"", ""producer"", ""director""]","[""tt0092005"", ""tt0112167"", ""tt0257568"", ""tt0120082""]",https://www.imdb.com/name/nm0005278/,False
nm0005282,Mike O'Malley,1966,,"[""actor"", ""producer"", ""writer""]","[""tt0380623"", ""tt0765476"", ""tt0120647"", ""tt3263904""]",https://www.imdb.com/name/nm0005282/,False
nm0005377,Sam Rockwell,1968,,"[""actor"", ""producer"", ""director""]","[""tt1182345"", ""tt5027774"", ""tt0270288"", ""tt1931533""]",https://www.imdb.com/name/nm0005377/,False
nm0005403,Jason Schwartzman,1980,,"[""actor"", ""music_department"", ""producer""]","[""tt0128445"", ""tt0838221"", ""tt1748122"", ""tt0446029""]",https://www.imdb.com/name/nm0005403/,False
nm0005458,Jason Statham,1967,,"[""actor"", ""producer"", ""stunts""]","[""tt0479884"", ""tt2820852"", ""tt3079380"", ""tt4779682""]",https://www.imdb.com/name/nm0005458/,False
nm0005487,Andrea Thompson,1960,,"[""actress"", ""miscellaneous"", ""soundtrack""]","[""tt0106079"", ""tt0105946"", ""tt0094291"", ""tt0081858""]",https://www.imdb.com/name/nm0005487/,False
nm0005491,Maura Tierney,1965,,"[""actress"", ""producer"", ""soundtrack""]","[""tt0108757"", ""tt0119528"", ""tt1226837"", ""tt0278504""]",https://www.imdb.com/name/nm0005491/,False
nm0005511,Tracy Tweed,1965,,"[""actress"", ""archive_footage""]","[""tt0113481"", ""tt0104999"", ""tt0107680"", ""tt0104743""]",https://www.imdb.com/name/nm0005511/,False
nm0005512,Mike Tyson,1966,,"[""actor"", ""producer"", ""writer""]","[""tt1119646"", ""tt1411697"", ""tt2888046"", ""tt1661382""]",https://www.imdb.com/name/nm0005512/,False
nm0005524,Courtney B. Vance,1960,,"[""actor"", ""producer"", ""soundtrack""]","[""tt0099810"", ""tt0093137"", ""tt0186566"", ""tt0112792""]",https://www.imdb.com/name/nm0005524/,False
nm0005562,Owen Wilson,1968,,"[""actor"", ""producer"", ""writer""]","[""tt0265666"", ""tt0115734"", ""tt0396269"", ""tt0335438""]",https://www.imdb.com/name/nm0005562/,False
nm0005568,Russell Wong,1963,,"[""actor"", ""producer""]","[""tt0165929"", ""tt0102526"", ""tt0315297"", ""tt0378918""]",https://www.imdb.com/name/nm0005568/,False
nm0005602,Pierre Gill,,,"[""cinematographer"", ""director"", ""assistant_director""]","[""tt12324366"", ""tt10466872"", ""tt15358446"", ""tt1194238""]",https://www.imdb.com/name/nm0005602/,False
nm0005648,Bojan Bazelli,,,"[""cinematographer"", ""camera_department"", ""actor""]","[""tt1210819"", ""tt0356910"", ""tt0298130"", ""tt4731136""]",https://www.imdb.com/name/nm0005648/,False
nm0005655,Renato Berta,1945,,"[""cinematographer"", ""camera_department"", ""director""]","[""tt0092593"", ""tt11012320"", ""tt0105908"", ""tt0472521""]",https://www.imdb.com/name/nm0005655/,False
nm0005659,Ralf D. Bode,1941,2001,"[""cinematographer"", ""camera_department"", ""actor""]","[""tt0080661"", ""tt0098554"", ""tt0112883"", ""tt0094608""]",https://www.imdb.com/name/nm0005659/,False
nm0005678,Dean Cundey,1946,,"[""cinematographer"", ""camera_department"", ""miscellaneous""]","[""tt0107290"", ""tt0112384"", ""tt0096438"", ""tt0082340""]",https://www.imdb.com/name/nm0005678/,False
nm0005681,Pasqualino De Santis,1927,1996,"[""cinematographer"", ""camera_department""]","[""tt0063518"", ""tt0067445"", ""tt0071585"", ""tt0083226""]",https://www.imdb.com/name/nm0005681/,False
nm0005696,Robert Elswit,1950,,"[""cinematographer"", ""visual_effects"", ""camera_department""]","[""tt0469494"", ""tt0433383"", ""tt2872718"", ""tt0272338""]",https://www.imdb.com/name/nm0005696/,False
nm0005726,Jack N. Green,1946,,"[""camera_department"", ""cinematographer"", ""director""]","[""tt0105695"", ""tt0112579"", ""tt0379786"", ""tt0117998""]",https://www.imdb.com/name/nm0005726/,False
nm0005734,Conrad L. Hall,1926,2003,"[""cinematographer"", ""camera_department"", ""writer""]","[""tt0257044"", ""tt0169547"", ""tt0096244"", ""tt0064115""]",https://www.imdb.com/name/nm0005734/,False
nm0005749,Jeffrey Jur,,,"[""cinematographer"", ""camera_department"", ""soundtrack""]","[""tt8740790"", ""tt14661396"", ""tt0319969"", ""tt0092890""]",https://www.imdb.com/name/nm0005749/,False
nm0005755,Victor J. Kemper,1927,2023,"[""cinematographer"", ""camera_department"", ""archive_footage""]","[""tt0088930"", ""tt0080736"", ""tt0078718"", ""tt0085995""]",https://www.imdb.com/name/nm0005755/,False
nm0005758,Fred J. Koenekamp,1922,2017,"[""cinematographer"", ""camera_department"", ""archive_footage""]","[""tt0072308"", ""tt0066206"", ""tt0057765"", ""tt0086856""]",https://www.imdb.com/name/nm0005758/,False
nm0005765,Luigi Kuveiller,1927,2013,"[""cinematographer"", ""camera_department"", ""archive_footage""]","[""tt0053619"", ""tt0073582"", ""tt0065119"", ""tt0204098""]",https://www.imdb.com/name/nm0005765/,False
nm0005776,Karl Walter Lindenlaub,1957,,"[""cinematographer"", ""camera_department"", ""writer""]","[""tt0116629"", ""tt0111282"", ""tt0097910"", ""tt0105698""]",https://www.imdb.com/name/nm0005776/,False
nm0005791,Donald McAlpine,1934,,"[""cinematographer"", ""camera_department"", ""director""]","[""tt0203009"", ""tt0117509"", ""tt2910904"", ""tt0093773""]",https://www.imdb.com/name/nm0005791/,False
nm0005815,Sven Nykvist,1922,2006,"[""cinematographer"", ""director"", ""actor""]","[""tt0096332"", ""tt0083922"", ""tt0069467"", ""tt0091670""]",https://www.imdb.com/name/nm0005815/,False
nm0005831,Larry Pizer,1925,2008,"[""cinematographer"", ""camera_department"", ""assistant_director""]","[""tt0071994"", ""tt0202179"", ""tt0086443"", ""tt0062089""]",https://www.imdb.com/name/nm0005831/,False
nm0005855,Javier Salmones,1953,,"[""cinematographer"", ""camera_department""]","[""tt33293050"", ""tt0188620"", ""tt29270150"", ""tt0188030""]",https://www.imdb.com/name/nm0005855/,False
nm0005886,Vittorio Storaro,1940,,"[""cinematographer"", ""camera_department"", ""actor""]","[""tt0093389"", ""tt0099422"", ""tt0078788"", ""tt0082979""]",https://www.imdb.com/name/nm0005886/,False
nm0005891,Tim Suhrstedt,1948,,"[""cinematographer"", ""camera_department""]","[""tt0096928"", ""tt0387808"", ""tt0090887"", ""tt0095690""]",https://www.imdb.com/name/nm0005891/,False
nm0005923,Ric Waite,1933,2012,"[""cinematographer"", ""camera_department"", ""assistant_director""]","[""tt0083511"", ""tt0090859"", ""tt0102614"", ""tt0110725""]",https://www.imdb.com/name/nm0005923/,False
nm0005934,Robert D. Yeoman,1951,,"[""cinematographer"", ""camera_department"", ""actor""]","[""tt2278388"", ""tt14230388"", ""tt1748122"", ""tt0097240""]",https://www.imdb.com/name/nm0005934/,False
nm0005953,Luis Bacalov,1933,2017,"[""composer"", ""music_department"", ""writer""]","[""tt0110877"", ""tt1853728"", ""tt0266697"", ""tt0060315""]",https://www.imdb.com/name/nm0005953/,False
nm0005983,Rahul Dev Burman,1939,1994,"[""music_department"", ""composer"", ""actor""]","[""tt0073707"", ""tt33014583"", ""tt0109010"", ""tt0070935""]",https://www.imdb.com/name/nm0005983/,False
nm0006015,Bill Conti,1942,,"[""music_department"", ""composer"", ""actor""]","[""tt0082398"", ""tt0075148"", ""tt0086197"", ""tt0091326""]",https://www.imdb.com/name/nm0006015/,False
nm0006025,Mason Daring,1949,,"[""music_department"", ""composer"", ""actor""]","[""tt0120777"", ""tt0116905"", ""tt0337741"", ""tt0198021""]",https://www.imdb.com/name/nm0006025/,False
nm0006026,Guido De Angelis,1944,,"[""composer"", ""producer"", ""writer""]","[""tt0084935"", ""tt1028528"", ""tt0069095"", ""tt0462322""]",https://www.imdb.com/name/nm0006026/,False
nm0006027,Maurizio De Angelis,1947,,"[""composer"", ""producer"", ""music_department""]","[""tt0084935"", ""tt1028528"", ""tt0069095"", ""tt0462322""]",https://www.imdb.com/name/nm0006027/,False
nm0006031,Barry De Vorzon,1934,,"[""music_department"", ""composer"", ""producer""]","[""tt0080120"", ""tt0119081"", ""tt0257076"", ""tt0465234""]",https://www.imdb.com/name/nm0006031/,False
nm0006045,Steve Dorff,1949,,"[""composer"", ""music_department"", ""soundtrack""]","[""tt0094514"", ""tt0102266"", ""tt0088527"", ""tt0103855""]",https://www.imdb.com/name/nm0006045/,False
nm0006056,Cliff Eidelman,1964,,"[""composer"", ""music_department"", ""soundtrack""]","[""tt0102975"", ""tt1001508"", ""tt0120776"", ""tt0403508""]",https://www.imdb.com/name/nm0006056/,False
nm0006070,George Fenton,1949,,"[""composer"", ""music_department"", ""actor""]","[""tt0107048"", ""tt0120631"", ""tt1038919"", ""tt0386588""]",https://www.imdb.com/name/nm0006070/,False
nm0006075,Brad Fiedel,1951,,"[""music_department"", ""composer"", ""actor""]","[""tt0111503"", ""tt0103064"", ""tt0088247"", ""tt1340138""]",https://www.imdb.com/name/nm0006075/,False
nm0006133,James Newton Howard,1951,,"[""music_department"", ""composer"", ""soundtrack""]","[""tt0360717"", ""tt1392170"", ""tt0286106"", ""tt0368447""]",https://www.imdb.com/name/nm0006133/,False
nm0006137,Ilaiyaraaja,1943,,"[""music_artist"", ""composer"", ""music_department""]","[""tt0887769"", ""tt0101649"", ""tt0140448"", ""tt0093603""]",https://www.imdb.com/name/nm0006137/,False
nm0006149,Dana Kaproff,1954,,"[""composer"", ""music_department"", ""director""]","[""tt39150038"", ""tt6071534"", ""tt0080130"", ""tt0080437""]",https://www.imdb.com/name/nm0006149/,False
nm0006189,Brian May,1934,1997,"[""composer"", ""music_department"", ""soundtrack""]","[""tt0079501"", ""tt0082694"", ""tt0080453"", ""tt0083000""]",https://www.imdb.com/name/nm0006189/,False
nm0006204,Fred Mollin,,,"[""composer"", ""music_department"", ""actor""]","[""tt0097388"", ""tt0101046"", ""tt0095179"", ""tt0101226""]",https://www.imdb.com/name/nm0006204/,False
nm0006223,Jean-Claude Petit,1943,,"[""music_department"", ""composer"", ""actor""]","[""tt0099334"", ""tt0091288"", ""tt0144117"", ""tt0175142""]",https://www.imdb.com/name/nm0006223/,False
nm0006235,Rachel Portman,1960,,"[""composer"", ""music_department"", ""soundtrack""]","[""tt1334260"", ""tt0116191"", ""tt0241303"", ""tt0146984""]",https://www.imdb.com/name/nm0006235/,False
nm0006246,A.R. Rahman,1967,,"[""music_artist"", ""composer"", ""music_department""]","[""tt1010048"", ""tt0169102"", ""tt3148502"", ""tt0449994""]",https://www.imdb.com/name/nm0006246/,False
nm0006250,Joe Renzetti,,,"[""composer"", ""music_department"", ""actor""]","[""tt4513678"", ""tt8663516"", ""tt0488929"", ""tt0077280""]",https://www.imdb.com/name/nm0006250/,False
nm0006251,Graeme Revell,1955,,"[""composer"", ""music_department"", ""actor""]","[""tt0109506"", ""tt0120053"", ""tt0910936"", ""tt0146316""]",https://www.imdb.com/name/nm0006251/,False
nm0006264,Michel Rubini,,,"[""composer"", ""music_department"", ""actor""]","[""tt0091474"", ""tt0329717"", ""tt0085701"", ""tt0083467""]",https://www.imdb.com/name/nm0006264/,False
nm0006290,Howard Shore,1946,,"[""music_department"", ""composer"", ""actor""]","[""tt0120737"", ""tt0338751"", ""tt0903624"", ""tt1480656""]",https://www.imdb.com/name/nm0006290/,False
nm0006306,Christopher L. Stone,1952,,"[""composer"", ""music_department"", ""sound_department""]","[""tt0091083"", ""tt0106168"", ""tt0118665"", ""tt0097910""]",https://www.imdb.com/name/nm0006306/,False
nm0006353,Ronna Kress,,,"[""casting_department"", ""casting_director""]","[""tt0203009"", ""tt1392190"", ""tt2582846"", ""tt1431045""]",https://www.imdb.com/name/nm0006353/,False
nm0006418,Peter Alderliesten,1972,,"[""editor"", ""editorial_department""]","[""tt0314502"", ""tt4610378"", ""tt0468644"", ""tt0119448""]",https://www.imdb.com/name/nm0006418/,False
nm0006432,Christopher Walling,,,"[""camera_department"", ""cinematographer""]","[""tt0109307"", ""tt0275692"", ""tt2609912"", ""tt8667828""]",https://www.imdb.com/name/nm0006432/,False
nm0006445,Éric Rohmer,1920,2010,"[""director"", ""writer"", ""actor""]","[""tt0064612"", ""tt0086087"", ""tt0065772"", ""tt0137439""]",https://www.imdb.com/name/nm0006445/,False
nm0006534,Phil Hay,,,"[""writer"", ""producer"", ""actor""]","[""tt7137380"", ""tt2400463"", ""tt11875316"", ""tt0250224""]",https://www.imdb.com/name/nm0006534/,False
nm0006628,Nathalie Cheron,,,"[""casting_director"", ""casting_department""]","[""tt29768333"", ""tt31597947"", ""tt35699265"", ""tt27054614""]",https://www.imdb.com/name/nm0006628/,False
nm0006730,Scott K. Wallace,1955,,"[""editor"", ""editorial_department""]","[""tt0090305"", ""tt0088847"", ""tt0118798"", ""tt0088128""]",https://www.imdb.com/name/nm0006730/,False
nm0006762,Saeed Jaffrey,1929,2015,"[""actor"", ""miscellaneous"", ""archive_footage""]","[""tt0073341"", ""tt0091578"", ""tt0083987"", ""tt0087892""]",https://www.imdb.com/name/nm0006762/,False
nm0006763,Jackie Shroff,1957,,"[""actor"", ""producer"", ""soundtrack""]","[""tt0238936"", ""tt9531772"", ""tt0116391"", ""tt29613587""]",https://www.imdb.com/name/nm0006763/,False
nm0006780,Denis Maloney,,,"[""cinematographer"", ""camera_department"", ""producer""]","[""tt0129387"", ""tt0179116"", ""tt0208874"", ""tt0165832""]",https://www.imdb.com/name/nm0006780/,False
nm0006795,Salman Khan,1965,,"[""producer"", ""actor"", ""music_department""]","[""tt4832640"", ""tt3595298"", ""tt2016894"", ""tt2372222""]",https://www.imdb.com/name/nm0006795/,False
nm0006797,Bill Wilson,,,"[""writer""]","[""tt0192455""]",https://www.imdb.com/name/nm0006797/,False
nm0006830,John J. Kelly,1967,,"[""producer"", ""production_manager"", ""miscellaneous""]","[""tt34378301"", ""tt1840309"", ""tt6450804"", ""tt1431045""]",https://www.imdb.com/name/nm0006830/,False
nm0006904,Tony Gilroy,1956,,"[""writer"", ""producer"", ""director""]","[""tt0465538"", ""tt3748528"", ""tt9253284"", ""tt2872718""]",https://www.imdb.com/name/nm0006904/,False
nm0007011,Robert Salerno,,,"[""director"", ""writer"", ""producer""]","[""tt0315733"", ""tt1315981"", ""tt4550098"", ""tt29268110""]",https://www.imdb.com/name/nm0007011/,False
nm0007037,John Bailey,1942,2023,"[""cinematographer"", ""camera_department"", ""director""]","[""tt0107206"", ""tt0080365"", ""tt0102864"", ""tt0218817""]",https://www.imdb.com/name/nm0007037/,False
nm0007082,John Stockwell,1961,,"[""actor"", ""director"", ""writer""]","[""tt0092099"", ""tt0085333"", ""tt0300532"", ""tt0378109""]",https://www.imdb.com/name/nm0007082/,False
nm0007109,Susie Figgis,1948,2025,"[""casting_director"", ""casting_department""]","[""tt1935859"", ""tt1014759"", ""tt0241527"", ""tt0119164""]",https://www.imdb.com/name/nm0007109/,False
nm0007114,Sonali Bendre,1975,,"[""actress"", ""archive_footage""]","[""tt0200087"", ""tt20319332"", ""tt0255212"", ""tt0347304""]",https://www.imdb.com/name/nm0007114/,False
nm0007139,Hark Tsui,1950,,"[""producer"", ""director"", ""writer""]","[""tt1123373"", ""tt13462900"", ""tt0103285"", ""tt3950078""]",https://www.imdb.com/name/nm0007139/,False
nm0007144,Santosh Sivan,1964,,"[""cinematographer"", ""director"", ""producer""]","[""tt0293385"", ""tt0249371"", ""tt0169302"", ""tt0295294""]",https://www.imdb.com/name/nm0007144/,False
nm0008096,Michèle Abbé-Vannier,,,"[""production_designer"", ""art_department""]","[""tt0096994"", ""tt0113731"", ""tt0168333"", ""tt0074103""]",https://www.imdb.com/name/nm0008096/,False
nm0008447,Gene Abel,,,"[""art_director"", ""production_designer"", ""producer""]","[""tt0098375"", ""tt0099458"", ""tt0103102"", ""tt0328376""]",https://www.imdb.com/name/nm0008447/,False
nm0008496,Walter Abel,1898,1987,"[""actor"", ""soundtrack"", ""archive_footage""]","[""tt0038279"", ""tt0033722"", ""tt0037094"", ""tt0034862""]",https://www.imdb.com/name/nm0008496/,False
nm0009017,Jonathan Abrahams,,,"[""producer"", ""writer"", ""actor""]","[""tt0804503"", ""tt1714204"", ""tt2402061"", ""tt1519931""]",https://www.imdb.com/name/nm0009017/,False
nm0009424,Joe Absolom,1978,,"[""actor"", ""soundtrack"", ""archive_footage""]","[""tt2537176"", ""tt0408381"", ""tt0283160"", ""tt0251806""]",https://www.imdb.com/name/nm0009424/,False
nm0009629,Stefano Accorsi,1971,,"[""actor"", ""writer"", ""director""]","[""tt0274497"", ""tt31328588"", ""tt3270896"", ""tt4300480""]",https://www.imdb.com/name/nm0009629/,False
nm0009903,Andrej Acin,,,"[""director"", ""composer"", ""writer""]","[""tt5666440"", ""tt2334964"", ""tt1745788"", ""tt0425695""]",https://www.imdb.com/name/nm0009903/,False
nm0010207,Juana Acosta,1976,,"[""actress"", ""archive_footage""]","[""tt1321865"", ""tt6101820"", ""tt3673036"", ""tt35836959""]",https://www.imdb.com/name/nm0010207/,False
nm0010736,Amy Adams,1974,,"[""actress"", ""producer"", ""executive""]","[""tt2543164"", ""tt0461770"", ""tt0964517"", ""tt1560747""]",https://www.imdb.com/name/nm0010736/,False
nm0011709,John Addison,1920,1998,"[""music_department"", ""composer"", ""actor""]","[""tt0069281"", ""tt0075784"", ""tt0086765"", ""tt0057590""]",https://www.imdb.com/name/nm0011709/,False
nm0011753,Melyssa Ade,1976,,"[""actress"", ""miscellaneous""]","[""tt0211443"", ""tt0165832"", ""tt0283203"", ""tt1442065""]",https://www.imdb.com/name/nm0011753/,False
nm0011964,Adel Adham,1928,1996,"[""actor""]","[""tt15542142"", ""tt3834970"", ""tt0376703"", ""tt4148300""]",https://www.imdb.com/name/nm0011964/,False
nm0012081,Trace Adkins,1962,,"[""music_artist"", ""actor"", ""producer""]","[""tt1189340"", ""tt12731980"", ""tt1190617"", ""tt3014666""]",https://www.imdb.com/name/nm0012081/,False
nm0012541,Nikkhil Advani,1971,,"[""writer"", ""producer"", ""director""]","[""tt0347304"", ""tt28102595"", ""tt13868972"", ""tt2385104""]",https://www.imdb.com/name/nm0012541/,False
nm0013261,Frank Agrama,1930,2023,"[""producer"", ""director"", ""writer""]","[""tt0068202"", ""tt1111282"", ""tt0082237"", ""tt0075113""]",https://www.imdb.com/name/nm0013261/,False
nm0013761,Javier Aguirresarobe,1948,,"[""cinematographer"", ""camera_department"", ""director""]","[""tt0898367"", ""tt0230600"", ""tt0369702"", ""tt0287467""]",https://www.imdb.com/name/nm0013761/,False
nm0013832,Ah-Chik,,,"[""editor""]","[""tt0104684"", ""tt0108606"", ""tt12047394"", ""tt0106559""]",https://www.imdb.com/name/nm0013832/,False
nm0013842,Abolfazl Ahankhah,,,"[""actor""]","[""tt0100234""]",https://www.imdb.com/name/nm0013842/,False
nm0013843,Mahrokh Ahankhah,,,[],"[""tt0100234""]",https://www.imdb.com/name/nm0013843/,False
nm0013844,Mehrdad Ahankhah,,,"[""actor""]","[""tt0100234""]",https://www.imdb.com/name/nm0013844/,False
nm0013845,Monoochehr Ahankhah,,,[],"[""tt0100234""]",https://www.imdb.com/name/nm0013845/,False
nm0014101,Maher Ahmad,,,"[""production_designer"", ""art_department"", ""art_director""]","[""tt0115857"", ""tt0106977"", ""tt0112442"", ""tt2436386""]",https://www.imdb.com/name/nm0014101/,False
nm0014120,Haj Ali Reza Ahmadi,,,"[""actor""]","[""tt0100234""]",https://www.imdb.com/name/nm0014120/,False
nm0014558,Shō Aikawa,1961,,"[""actor"", ""music_department"", ""composer""]","[""tt0388556"", ""tt0361668"", ""tt0286751"", ""tt0241588""]",https://www.imdb.com/name/nm0014558/,False
nm0015124,Denis Akiyama,1952,2018,"[""actor"", ""archive_footage"", ""archive_sound""]","[""tt2120120"", ""tt1053424"", ""tt0113481"", ""tt1220634""]",https://www.imdb.com/name/nm0015124/,False
nm0015287,Javed Akhtar,1945,,"[""music_department"", ""writer"", ""actor""]","[""tt0169102"", ""tt1562872"", ""tt1024943"", ""tt0073707""]",https://www.imdb.com/name/nm0015287/,False
nm0016089,Zeki Alasya,1943,2015,"[""actor"", ""director"", ""writer""]","[""tt0491992"", ""tt0282977"", ""tt0282062"", ""tt0427427""]",https://www.imdb.com/name/nm0016089/,False
nm0016793,Karl-Otto Alberty,1933,2015,"[""actor"", ""miscellaneous"", ""archive_footage""]","[""tt0057115"", ""tt0065938"", ""tt0058947"", ""tt0064072""]",https://www.imdb.com/name/nm0016793/,False
nm0017006,Dan Albright,,2020,"[""actor""]","[""tt0141098"", ""tt0210945"", ""tt0119345"", ""tt0099153""]",https://www.imdb.com/name/nm0017006/,False
nm0017343,Damián Alcázar,1953,,"[""actor"", ""producer"", ""miscellaneous""]","[""tt0499448"", ""tt0313196"", ""tt0382621"", ""tt4707274""]",https://www.imdb.com/name/nm0017343/,False
nm0017793,Iván Aledo,1951,2020,"[""editor"", ""actor"", ""writer""]","[""tt0254455"", ""tt0133363"", ""tt0427582"", ""tt0314121""]",https://www.imdb.com/name/nm0017793/,False
nm0018132,Lisa Azuelos,1965,,"[""writer"", ""director"", ""producer""]","[""tt1194616"", ""tt2760634"", ""tt1592873"", ""tt7682382""]",https://www.imdb.com/name/nm0018132/,False
nm0019242,Daniel Alfredson,1959,,"[""producer"", ""director"", ""assistant_director""]","[""tt1216487"", ""tt1343097"", ""tt0937378"", ""tt0120329""]",https://www.imdb.com/name/nm0019242/,False
nm0019338,Zafer Algöz,1961,,"[""actor"", ""soundtrack""]","[""tt4728338"", ""tt3698408"", ""tt1286126"", ""tt1567448""]",https://www.imdb.com/name/nm0019338/,False
nm0019382,Mohammad Ali,1968,,"[""actor""]","[""tt4435072"", ""tt0816258"", ""tt0475735"", ""tt1582519""]",https://www.imdb.com/name/nm0019382/,False
nm0020122,Peter Allas,,,"[""actor"", ""director"", ""archive_footage""]","[""tt14879018"", ""tt2741602"", ""tt0098904"", ""tt0141842""]",https://www.imdb.com/name/nm0020122/,False
nm0020690,Jonas Allen,1971,,"[""producer""]","[""tt1029235"", ""tt9170516"", ""tt9112152"", ""tt9695118""]",https://www.imdb.com/name/nm0020690/,False
nm0020820,Matt Allen,,,"[""writer"", ""producer"", ""assistant_director""]","[""tt0369436"", ""tt15035246"", ""tt8385384"", ""tt19638078""]",https://www.imdb.com/name/nm0020820/,False
nm0022397,Craig Alpert,,,"[""editor"", ""editorial_department"", ""visual_effects""]","[""tt5950044"", ""tt5463162"", ""tt13143964"", ""tt9362930""]",https://www.imdb.com/name/nm0022397/,False
nm0022691,Marcela Altberg,,,"[""casting_director"", ""casting_department"", ""actress""]","[""tt1869416"", ""tt10785310"", ""tt4875150"", ""tt4612304""]",https://www.imdb.com/name/nm0022691/,False
nm0022827,Kathy Altieri,,,"[""animation_department"", ""production_designer"", ""art_director""]","[""tt0892769"", ""tt0103639"", ""tt0110357"", ""tt0097757""]",https://www.imdb.com/name/nm0022827/,False
nm0022939,Stephen Altman,1956,,"[""production_designer"", ""miscellaneous"", ""art_director""]","[""tt0280707"", ""tt0350258"", ""tt0119229"", ""tt2467046""]",https://www.imdb.com/name/nm0022939/,False
nm0023469,Joe Alves,1936,,"[""art_director"", ""production_designer"", ""art_department""]","[""tt0075860"", ""tt0085750"", ""tt0082340"", ""tt0073195""]",https://www.imdb.com/name/nm0023469/,False
nm0023937,Amar Mohile,,,"[""composer"", ""music_department"", ""sound_department""]","[""tt0254481"", ""tt4535650"", ""tt0213890"", ""tt9531772""]",https://www.imdb.com/name/nm0023937/,False
nm0025627,Tinnu Anand,1945,,"[""actor"", ""director"", ""writer""]","[""tt20850406"", ""tt1166100"", ""tt6836936"", ""tt0082594""]",https://www.imdb.com/name/nm0025627/,False
nm0025955,Adam Thomas Anderegg,,,"[""director"", ""producer"", ""writer""]","[""tt29253299"", ""tt16531614"", ""tt21825416"", ""tt7078004""]",https://www.imdb.com/name/nm0025955/,False
nm0026442,Brad Anderson,1964,,"[""director"", ""producer"", ""writer""]","[""tt0261983"", ""tt0361862"", ""tt0800241"", ""tt4669264""]",https://www.imdb.com/name/nm0026442/,False
nm0027164,Matthew R. Anderson,,,"[""stunts"", ""actor"", ""assistant_director""]","[""tt1270797"", ""tt1843866"", ""tt8688634"", ""tt2820852""]",https://www.imdb.com/name/nm0027164/,False
nm0027501,Terry Anderson,1959,,"[""miscellaneous"", ""producer"", ""writer""]","[""tt0448075"", ""tt0068007"", ""tt0154330"", ""tt0245625""]",https://www.imdb.com/name/nm0027501/,False
nm0027575,Whitney Anderson,,,"[""actress"", ""producer"", ""director""]","[""tt3045628"", ""tt1378167"", ""tt0452046"", ""tt2137109""]",https://www.imdb.com/name/nm0027575/,False
nm0027664,Erik Andersson,,,"[""producer"", ""editor"", ""editorial_department""]","[""tt9861200"", ""tt10928086"", ""tt13583090"", ""tt29005580""]",https://www.imdb.com/name/nm0027664/,False
nm0029125,Mark Andrus,,,"[""writer""]","[""tt0119822"", ""tt0791304"", ""tt0264796"", ""tt2465146""]",https://www.imdb.com/name/nm0029125/,False
nm0029264,Leif Andrée,1958,,"[""actor""]","[""tt0347457"", ""tt0465689"", ""tt1293400"", ""tt2180271""]",https://www.imdb.com/name/nm0029264/,False
nm0029375,Danielle Anezin,,,"[""editor"", ""director"", ""editorial_department""]","[""tt0233230"", ""tt0157117"", ""tt1430110"", ""tt0119927""]",https://www.imdb.com/name/nm0029375/,False
nm0029400,Michael Angarano,1987,,"[""actor"", ""director"", ""writer""]","[""tt0405325"", ""tt0865556"", ""tt2231253"", ""tt0181875""]",https://www.imdb.com/name/nm0029400/,False
nm0030136,Amanda Anka,1968,,"[""actress"", ""producer"", ""miscellaneous""]","[""tt0103893"", ""tt0116922"", ""tt0316732"", ""tt1421051""]",https://www.imdb.com/name/nm0030136/,False
nm0030572,Julie Ansell,,,"[""miscellaneous"", ""producer""]","[""tt1878870"", ""tt0371246"", ""tt1341188"", ""tt0200027""]",https://www.imdb.com/name/nm0030572/,False
nm0031045,Anthrax,,,"[""actor"", ""composer"", ""producer""]","[""tt0107362"", ""tt0228333"", ""tt1396484"", ""tt0176269""]",https://www.imdb.com/name/nm0031045/,False
nm0031694,S.M. Anwar,,,"[""cinematographer"", ""camera_department"", ""art_department""]","[""tt0073707"", ""tt0081491"", ""tt0152256"", ""tt0367695""]",https://www.imdb.com/name/nm0031694/,False
nm0031704,Anya,1976,,"[""actress""]","[""tt0294251"", ""tt0341495"", ""tt0292515"", ""tt1230545""]",https://www.imdb.com/name/nm0031704/,False
nm0031750,Amy Anzel,1973,,"[""producer"", ""executive"", ""actress""]","[""tt1650554"", ""tt13445464"", ""tt0837124"", ""tt0426313""]",https://www.imdb.com/name/nm0031750/,False
nm0031967,Aparna Sen,1945,,"[""actress"", ""director"", ""writer""]","[""tt0329393"", ""tt0249866"", ""tt0081968"", ""tt1620620""]",https://www.imdb.com/name/nm0031967/,False
nm0031976,Judd Apatow,1967,,"[""producer"", ""writer"", ""director""]","[""tt1723816"", ""tt9686708"", ""tt0478311"", ""tt0405422""]",https://www.imdb.com/name/nm0031976/,False
nm0032597,Deborah Aquila,1958,,"[""casting_director"", ""miscellaneous"", ""producer""]","[""tt0111161"", ""tt10366460"", ""tt3783958"", ""tt0117381""]",https://www.imdb.com/name/nm0032597/,False
nm0032714,Sherif Arafa,1960,,"[""director"", ""writer"", ""assistant_director""]","[""tt0444641"", ""tt1982848"", ""tt10503934"", ""tt1173901""]",https://www.imdb.com/name/nm0032714/,False
nm0032793,Angélica Aragón,1953,,"[""actress"", ""miscellaneous"", ""soundtrack""]","[""tt0313196"", ""tt0114887"", ""tt0222537"", ""tt0216516""]",https://www.imdb.com/name/nm0032793/,False
nm0032890,Kae Araki,1966,,"[""actress"", ""miscellaneous"", ""archive_sound""]","[""tt0106417"", ""tt0243694"", ""tt0109277"", ""tt3291680""]",https://www.imdb.com/name/nm0032890/,False
nm0032962,Tomas Arana,,,"[""actor"", ""producer"", ""archive_footage""]","[""tt0172495"", ""tt7157248"", ""tt0372183"", ""tt1219289""]",https://www.imdb.com/name/nm0032962/,False
nm0033389,Pascale Arbillot,1970,,"[""actress"", ""writer"", ""director""]","[""tt2190197"", ""tt1669694"", ""tt1440232"", ""tt1003027""]",https://www.imdb.com/name/nm0033389/,False
nm0033458,Allan Arbus,1918,2013,"[""actor"", ""soundtrack"", ""archive_footage""]","[""tt0068098"", ""tt0069897"", ""tt0077394"", ""tt0079100""]",https://www.imdb.com/name/nm0033458/,False
nm0034885,Takanori Arisawa,1951,2005,"[""composer"", ""music_department"", ""soundtrack""]","[""tt0407304"", ""tt0114327"", ""tt0109277"", ""tt0106417""]",https://www.imdb.com/name/nm0034885/,False
nm0036366,Bonnie Arnold,,,"[""producer"", ""production_department"", ""production_manager""]","[""tt0114709"", ""tt0892769"", ""tt2386490"", ""tt1646971""]",https://www.imdb.com/name/nm0036366/,False
nm0036641,Susan Arnold,,,"[""casting_director"", ""casting_department"", ""producer""]","[""tt0119229"", ""tt0106387"", ""tt0817538"", ""tt0171363""]",https://www.imdb.com/name/nm0036641/,False
nm0036651,Tichina Arnold,1969,,"[""actress"", ""producer"", ""director""]","[""tt0091419"", ""tt0460637"", ""tt0103488"", ""tt3231022""]",https://www.imdb.com/name/nm0036651/,False
nm0036880,Donn Aron,,,"[""editor"", ""editorial_department"", ""producer""]","[""tt0111301"", ""tt0095963"", ""tt0094025"", ""tt0099044""]",https://www.imdb.com/name/nm0036880/,False
nm0038000,Mary Gail Artz,1952,,"[""casting_director"", ""casting_department"", ""actress""]","[""tt0365929"", ""tt0306685"", ""tt0116830"", ""tt0264616""]",https://www.imdb.com/name/nm0038000/,False
nm0038169,Sagar Arya,,,"[""actor"", ""archive_footage"", ""archive_sound""]","[""tt0478942"", ""tt15600222"", ""tt1706317"", ""tt1275863""]",https://www.imdb.com/name/nm0038169/,False
nm0038978,Akiko Ashizawa,,,"[""cinematographer"", ""camera_department""]","[""tt13387422"", ""tt0938341"", ""tt4900708"", ""tt1818443""]",https://www.imdb.com/name/nm0038978/,False
nm0039162,Shawn Ashmore,1979,,"[""actor"", ""producer"", ""archive_footage""]","[""tt0290334"", ""tt1323045"", ""tt0376994"", ""tt0120903""]",https://www.imdb.com/name/nm0039162/,False
nm0039203,Dyrk Ashton,1962,,"[""actor"", ""editorial_department"", ""producer""]","[""tt0100258"", ""tt0113026"", ""tt9351610"", ""tt0201290""]",https://www.imdb.com/name/nm0039203/,False
nm0039591,Kumiko Asō,1978,,"[""actress"", ""soundtrack"", ""archive_footage""]","[""tt0286751"", ""tt0155796"", ""tt0405821"", ""tt0997193""]",https://www.imdb.com/name/nm0039591/,False
nm0039945,Sergey Astakhov,1953,,"[""cinematographer"", ""camera_department"", ""actor""]","[""tt0118767"", ""tt6537238"", ""tt2649128"", ""tt0156849""]",https://www.imdb.com/name/nm0039945/,False
nm0039958,Shay Astar,1981,,"[""actress"", ""writer"", ""music_department""]","[""tt0115082"", ""tt0101821"", ""tt2230123"", ""tt0096684""]",https://www.imdb.com/name/nm0039958/,False
nm0040662,Tom Atkins,1938,,"[""actor"", ""archive_footage""]","[""tt0085636"", ""tt0091630"", ""tt0080749"", ""tt1179891""]",https://www.imdb.com/name/nm0040662/,False
nm0040939,Yvan Attal,1965,,"[""actor"", ""writer"", ""director""]","[""tt0293564"", ""tt13285394"", ""tt0408306"", ""tt0269499""]",https://www.imdb.com/name/nm0040939/,False
nm0041226,Albert Au,1955,,"[""actor""]","[""tt0083199"", ""tt0287704"", ""tt0083039"", ""tt0095813""]",https://www.imdb.com/name/nm0041226/,False
nm0041542,Alexandra Auder,1971,,"[""actress"", ""producer"", ""writer""]","[""tt0114011"", ""tt0093186"", ""tt2004402"", ""tt0102316""]",https://www.imdb.com/name/nm0041542/,False
nm0042062,Haley Aull,,,"[""actress""]","[""tt0114496"", ""tt0103262""]",https://www.imdb.com/name/nm0042062/,False
nm0042660,Chris Auty,1957,,"[""producer"", ""miscellaneous"", ""actor""]","[""tt0117737"", ""tt0115964"", ""tt0421238"", ""tt0388377""]",https://www.imdb.com/name/nm0042660/,False
nm0042805,Erick Avari,,,"[""actor"", ""director"", ""writer""]","[""tt0280590"", ""tt0120616"", ""tt0111282"", ""tt5622316""]",https://www.imdb.com/name/nm0042805/,False
nm0042820,Suzan Avcı,1937,,"[""actress"", ""producer"", ""archive_footage""]","[""tt0311396"", ""tt0274843"", ""tt0413272"", ""tt0420147""]",https://www.imdb.com/name/nm0042820/,False
nm0042992,Scott Aversano,1970,,"[""producer"", ""production_manager""]","[""tt0368008"", ""tt1103153"", ""tt0372588"", ""tt1599348""]",https://www.imdb.com/name/nm0042992/,False
nm0043742,David Ayer,1968,,"[""producer"", ""writer"", ""director""]","[""tt1855199"", ""tt1742334"", ""tt1386697"", ""tt0433387""]",https://www.imdb.com/name/nm0043742/,False
nm0044859,Todd Babcock,1969,,"[""actor"", ""director"", ""writer""]","[""tt0133152"", ""tt0112178"", ""tt0120684"", ""tt0118276""]",https://www.imdb.com/name/nm0044859/,False
nm0045075,Jagapathi Babu,1962,,"[""actor"", ""producer"", ""archive_footage""]","[""tt7392212"", ""tt5098128"", ""tt3555036"", ""tt4727512""]",https://www.imdb.com/name/nm0045075/,False
nm0045791,Joanna Bacon,1953,2025,"[""actress""]","[""tt1032755"", ""tt0314331"", ""tt0808244"", ""tt0253200""]",https://www.imdb.com/name/nm0045791/,False
nm0045870,Jean-Pierre Bacri,1951,2021,"[""actor"", ""writer"", ""archive_footage""]","[""tt0374583"", ""tt0216787"", ""tt0118015"", ""tt0119828""]",https://www.imdb.com/name/nm0045870/,False
nm0045927,Bill Badalato,,,"[""producer"", ""production_manager"", ""writer""]","[""tt0118583"", ""tt0203019"", ""tt0115759"", ""tt0092099""]",https://www.imdb.com/name/nm0045927/,False
nm0045970,Justine Arteta,,,"[""casting_director"", ""casting_department"", ""producer""]","[""tt8749198"", ""tt8760670"", ""tt2937696"", ""tt0120601""]",https://www.imdb.com/name/nm0045970/,False
nm0046183,Annette Badland,1950,,"[""actress"", ""soundtrack"", ""archive_footage""]","[""tt0367594"", ""tt0081831"", ""tt10986410"", ""tt0090474""]",https://www.imdb.com/name/nm0046183/,False
nm0047268,Enzo Bulgarelli,,,"[""production_designer"", ""costume_designer"", ""art_director""]","[""tt0067355"", ""tt0158510"", ""tt0074442"", ""tt0072349""]",https://www.imdb.com/name/nm0047268/,False
nm0047700,Cynthia Bain,,,"[""miscellaneous"", ""actress"", ""producer""]","[""tt0095925"", ""tt0098375"", ""tt0078638"", ""tt0092475""]",https://www.imdb.com/name/nm0047700/,False
nm0047769,Alain Bainée,,,"[""production_designer"", ""art_department"", ""art_director""]","[""tt0800241"", ""tt16277242"", ""tt1715336"", ""tt1854513""]",https://www.imdb.com/name/nm0047769/,False
nm0048121,Miroslaw Baka,1963,,"[""actor"", ""miscellaneous""]","[""tt0095468"", ""tt0266543"", ""tt3714198"", ""tt0275072""]",https://www.imdb.com/name/nm0048121/,False
nm0048273,Blanche Baker,1956,,"[""actress"", ""writer"", ""producer""]","[""tt0830558"", ""tt0088128"", ""tt0772175"", ""tt0077025""]",https://www.imdb.com/name/nm0048273/,False
nm0048918,Sean Baker,,,"[""writer"", ""producer"", ""director""]","[""tt13453006"", ""tt3824458"", ""tt5649144"", ""tt28607951""]",https://www.imdb.com/name/nm0048918/,False
nm0049665,Nick Baldasare,,,"[""actor"", ""director"", ""writer""]","[""tt1654738"", ""tt0140614"", ""tt9351610"", ""tt0096919""]",https://www.imdb.com/name/nm0049665/,False
nm0049853,A. Michael Baldwin,1963,,"[""actor"", ""producer"", ""writer""]","[""tt0079714"", ""tt3627704"", ""tt3480662"", ""tt0138703""]",https://www.imdb.com/name/nm0049853/,False
nm0049987,Robert M. Baldwin,1933,,"[""cinematographer"", ""camera_department""]","[""tt0084704"", ""tt0099611"", ""tt0080707"", ""tt0067341""]",https://www.imdb.com/name/nm0049987/,False
nm0050421,Lori Ball,,,"[""editor"", ""editorial_department"", ""music_department""]","[""tt21057450"", ""tt13327038"", ""tt10653784"", ""tt6116060""]",https://www.imdb.com/name/nm0050421/,False
nm0050832,Florian Ballhaus,1965,,"[""cinematographer"", ""camera_department"", ""production_department""]","[""tt3410834"", ""tt2908446"", ""tt0119654"", ""tt0120685""]",https://www.imdb.com/name/nm0050832/,False
nm0050959,Pedro Pascal,1975,,"[""actor"", ""producer"", ""soundtrack""]","[""tt3581920"", ""tt8111088"", ""tt10676052"", ""tt4649466""]",https://www.imdb.com/name/nm0050959/,False
nm0051096,Alan Balsam,1950,1992,"[""editor"", ""editorial_department"", ""production_department""]","[""tt0088794"", ""tt0104694"", ""tt0088000"", ""tt0097481""]",https://www.imdb.com/name/nm0051096/,False
nm0051166,Ali Taner Baltaci,1977,,"[""director"", ""writer"", ""assistant_director""]","[""tt0827503"", ""tt1286126"", ""tt0470883"", ""tt33295134""]",https://www.imdb.com/name/nm0051166/,False
nm0051850,Sarvadaman Banerjee,,,"[""actor""]","[""tt27540542"", ""tt4169250"", ""tt0454314"", ""tt0268085""]",https://www.imdb.com/name/nm0051850/,False
nm0052218,Morwenna Banks,1961,,"[""actress"", ""writer"", ""producer""]","[""tt5839960"", ""tt32132630"", ""tt0760141"", ""tt2245003""]",https://www.imdb.com/name/nm0052218/,False
nm0052410,Reggie Bannister,1945,2026,"[""actor"", ""producer"", ""music_department""]","[""tt0079714"", ""tt0120524"", ""tt3627704"", ""tt0110823""]",https://www.imdb.com/name/nm0052410/,False
nm0053352,Billy Barber,,,"[""music_department"", ""composer"", ""producer""]","[""tt2883234"", ""tt0065272"", ""tt0117128"", ""tt0026846""]",https://www.imdb.com/name/nm0053352/,False
nm0053474,Zorie Barber,,,"[""actor"", ""writer"", ""producer""]","[""tt0174336"", ""tt4836300"", ""tt0113872""]",https://www.imdb.com/name/nm0053474/,False
nm0053903,Marc Barbé,1961,,"[""actor"", ""director"", ""writer""]","[""tt0450188"", ""tt6330052"", ""tt12672536"", ""tt0821009""]",https://www.imdb.com/name/nm0053903/,False
nm0054234,Kerry Barden,1969,,"[""casting_director"", ""casting_department"", ""producer""]","[""tt1454029"", ""tt1399683"", ""tt1895587"", ""tt0790636""]",https://www.imdb.com/name/nm0054234/,False
nm0054453,Nadia Barentin,1936,2011,"[""actress"", ""miscellaneous"", ""archive_sound""]","[""tt0100157"", ""tt0327369"", ""tt3805856"", ""tt0443354""]",https://www.imdb.com/name/nm0054453/,False
nm0055712,Milton Barnes,,,"[""actor"", ""miscellaneous"", ""soundtrack""]","[""tt1386703"", ""tt1663662"", ""tt1480656"", ""tt31433402""]",https://www.imdb.com/name/nm0055712/,False
nm0056041,Kacey Clarke,1988,,"[""actress"", ""writer"", ""producer""]","[""tt1220634"", ""tt0483776"", ""tt2537176"", ""tt2268018""]",https://www.imdb.com/name/nm0056041/,False
nm0056086,Luc Barnier,1954,2012,"[""editor"", ""director"", ""editorial_department""]","[""tt0401711"", ""tt1064932"", ""tt1321865"", ""tt2103267""]",https://www.imdb.com/name/nm0056086/,False
nm0056201,Bruce Baron,1949,2013,"[""actor"", ""archive_footage""]","[""tt0086135"", ""tt0081236"", ""tt0066151"", ""tt0082936""]",https://www.imdb.com/name/nm0056201/,False
nm0056770,Adriana Barraza,1956,,"[""miscellaneous"", ""director"", ""actress""]","[""tt0449467"", ""tt9362930"", ""tt1127180"", ""tt1206885""]",https://www.imdb.com/name/nm0056770/,False
nm0057187,K.K. Barrett,,,"[""production_designer"", ""art_director"", ""actor""]","[""tt1798709"", ""tt0422720"", ""tt7713068"", ""tt0477302""]",https://www.imdb.com/name/nm0057187/,False
nm0057623,Ghislain Barrois,,,"[""producer"", ""executive""]","[""tt1649419"", ""tt9742794"", ""tt5886440"", ""tt3319920""]",https://www.imdb.com/name/nm0057623/,False
nm0058089,Matthew Barry,,,"[""casting_director"", ""actor"", ""casting_department""]","[""tt1935136""]",https://www.imdb.com/name/nm0058089/,False
nm0058442,Phillip J. Bartell,,,"[""editor"", ""director"", ""writer""]","[""tt11655566"", ""tt3846674"", ""tt1695843"", ""tt5707802""]",https://www.imdb.com/name/nm0058442/,False
nm0059078,Carlo Bartolucci,,,"[""editorial_department"", ""editor""]","[""tt1570506"", ""tt0071950"", ""tt0079718"", ""tt0079120""]",https://www.imdb.com/name/nm0059078/,False
nm0059247,Sean Barton,1944,,"[""editor"", ""editorial_department"", ""assistant_director""]","[""tt0490181"", ""tt0086190"", ""tt0402910"", ""tt0097368""]",https://www.imdb.com/name/nm0059247/,False
nm0059431,Jay Baruchel,1982,,"[""actor"", ""producer"", ""director""]","[""tt1456635"", ""tt1245492"", ""tt0892769"", ""tt0963966""]",https://www.imdb.com/name/nm0059431/,False
nm0059570,Laurent Barès,,,"[""cinematographer"", ""camera_department"", ""director""]","[""tt1535616"", ""tt0109579"", ""tt0465494"", ""tt0856288""]",https://www.imdb.com/name/nm0059570/,False
nm0059627,Svetislav Basara,1953,,"[""actor"", ""writer""]","[""tt0283269"", ""tt33543132"", ""tt0279248"", ""tt22769974""]",https://www.imdb.com/name/nm0059627/,False
nm0059941,Cezmi Baskın,1949,,"[""actor""]","[""tt0270053"", ""tt0384116"", ""tt0893507"", ""tt0470883""]",https://www.imdb.com/name/nm0059941/,False
nm0060078,Lauren Bass,,,"[""casting_director"", ""casting_department"", ""producer""]","[""tt0822854"", ""tt2669336"", ""tt0479537"", ""tt1031280""]",https://www.imdb.com/name/nm0060078/,False
nm0060906,Frank Bates,,,"[""actor""]","[""tt0097074"", ""tt0100500"", ""tt4325810""]",https://www.imdb.com/name/nm0060906/,False
nm0062682,Beau Baxter,,,"[""actor"", ""miscellaneous""]","[""tt15552142"", ""tt1717500"", ""tt0098844"", ""tt0112022""]",https://www.imdb.com/name/nm0062682/,False
nm0064062,Eric L. Beason,,,"[""editor"", ""editorial_department"", ""sound_department""]","[""tt4160708"", ""tt0110308"", ""tt0206314"", ""tt0814335""]",https://www.imdb.com/name/nm0064062/,False
nm0064125,Stephen Beatrice,,,"[""production_designer"", ""art_director"", ""art_department""]","[""tt1452628"", ""tt0790712"", ""tt1091722"", ""tt0361127""]",https://www.imdb.com/name/nm0064125/,False
nm0064479,Simon Beaufoy,1967,,"[""writer"", ""producer"", ""director""]","[""tt1010048"", ""tt0119164"", ""tt1542344"", ""tt1951264""]",https://www.imdb.com/name/nm0064479/,False
nm0064546,Trace Beaulieu,1958,,"[""writer"", ""actor"", ""art_department""]","[""tt0094517"", ""tt0117128"", ""tt0289291"", ""tt0359720""]",https://www.imdb.com/name/nm0064546/,False
nm0064984,Sophie Becher,,,"[""production_designer"", ""art_department"", ""art_director""]","[""tt0425413"", ""tt8201852"", ""tt0375173"", ""tt0488085""]",https://www.imdb.com/name/nm0064984/,False
nm0065100,Christophe Beck,1968,,"[""composer"", ""music_department"", ""actor""]","[""tt2294629"", ""tt0478970"", ""tt0118276"", ""tt1204342""]",https://www.imdb.com/name/nm0065100/,False
nm0065270,Roxanne Beck,,,"[""writer"", ""actress"", ""miscellaneous""]","[""tt0384742"", ""tt0101084"", ""tt4076926"", ""tt0287635""]",https://www.imdb.com/name/nm0065270/,False
nm0065578,Samantha Esteban,,,"[""actress""]","[""tt0139654"", ""tt0433387"", ""tt3337194"", ""tt3566726""]",https://www.imdb.com/name/nm0065578/,False
nm0066080,Ramzy Bedia,1972,,"[""actor"", ""writer"", ""producer""]","[""tt0173554"", ""tt0259060"", ""tt1718801"", ""tt5058358""]",https://www.imdb.com/name/nm0066080/,False
nm0066607,Paul Beeson,1921,2001,"[""cinematographer"", ""camera_department"", ""visual_effects""]","[""tt0086006"", ""tt0096446"", ""tt0103644"", ""tt0097576""]",https://www.imdb.com/name/nm0066607/,False
nm0068187,Emma Bell,,,"[""actress"", ""director"", ""writer""]","[""tt1520211"", ""tt2392830"", ""tt1723760"", ""tt1622979""]",https://www.imdb.com/name/nm0068187/,False
nm0068260,Jamie Bell,1986,,"[""actor"", ""producer"", ""writer""]","[""tt0249462"", ""tt0489099"", ""tt1502712"", ""tt21192142""]",https://www.imdb.com/name/nm0068260/,False
nm0068328,Keith Bell,,,"[""producer"", ""production_manager""]","[""tt1289406"", ""tt6671850"", ""tt0471041"", ""tt0280609""]",https://www.imdb.com/name/nm0068328/,False
nm0069342,Véra Belmont,1932,,"[""producer"", ""writer"", ""director""]","[""tt0119623"", ""tt0088768"", ""tt0082484"", ""tt4264554""]",https://www.imdb.com/name/nm0069342/,False
nm0069683,Andrea Beltrão,1964,,"[""actress"", ""writer"", ""soundtrack""]","[""tt1392261"", ""tt10863980"", ""tt0119878"", ""tt29893969""]",https://www.imdb.com/name/nm0069683/,False
nm0069710,Frédérique Belvaux,,,"[""production_designer"", ""art_department"", ""art_director""]","[""tt0105682"", ""tt0194314"", ""tt0233418"", ""tt0107002""]",https://www.imdb.com/name/nm0069710/,False
nm0069711,Lucas Belvaux,1961,,"[""actor"", ""writer"", ""director""]","[""tt0233418"", ""tt0233230"", ""tt3489470"", ""tt0234940""]",https://www.imdb.com/name/nm0069711/,False
nm0069783,Anatoliy Beliy,1972,,"[""actor"", ""writer"", ""producer""]","[""tt2649128"", ""tt0459924"", ""tt33054177"", ""tt2094767""]",https://www.imdb.com/name/nm0069783/,False
nm0070474,Jack Bender,1949,,"[""producer"", ""director"", ""actor""]","[""tt0411008"", ""tt9813792"", ""tt0285333"", ""tt0103956""]",https://www.imdb.com/name/nm0070474/,False
nm0071660,Charles C. Bennett,1940,2002,"[""production_designer"", ""art_director"", ""art_department""]","[""tt0102526"", ""tt0303933"", ""tt0088514"", ""tt0110721""]",https://www.imdb.com/name/nm0071660/,False
nm0072099,Tracie Bennett,1961,,"[""actress"", ""sound_department"", ""music_department""]","[""tt7181546"", ""tt0098319"", ""tt0053494"", ""tt30834513""]",https://www.imdb.com/name/nm0072099/,False
nm0072330,Pierre Benque,,,"[""producer"", ""actor""]","[""tt0402043"", ""tt0310313"", ""tt4937882"", ""tt22888800""]",https://www.imdb.com/name/nm0072330/,False
nm0073490,Michael Berenbaum,1962,,"[""editor"", ""producer"", ""editorial_department""]","[""tt8110640"", ""tt12809988"", ""tt0159206"", ""tt0088680""]",https://www.imdb.com/name/nm0073490/,False
nm0074011,David Bergeaud,,,"[""composer"", ""music_department"", ""editor""]","[""tt0120901"", ""tt0808357"", ""tt0318462"", ""tt0199626""]",https://www.imdb.com/name/nm0074011/,False
nm0074092,Lovisa Bergenstråhle,1975,,"[""casting_director"", ""miscellaneous"", ""location_management""]","[""tt0117212"", ""tt0400425"", ""tt32206980"", ""tt0211160""]",https://www.imdb.com/name/nm0074092/,False
nm0075359,Xander Berkeley,1955,,"[""actor"", ""producer"", ""make_up_department""]","[""tt0103064"", ""tt0118571"", ""tt0184894"", ""tt0112384""]",https://www.imdb.com/name/nm0075359/,False
nm0075528,Greg Berlanti,1972,,"[""producer"", ""writer"", ""director""]","[""tt5164432"", ""tt1133985"", ""tt3107288"", ""tt2193021""]",https://www.imdb.com/name/nm0075528/,False
nm0075650,Charles Berling,1958,,"[""actor"", ""writer"", ""director""]","[""tt3716530"", ""tt0117477"", ""tt0168740"", ""tt0118834""]",https://www.imdb.com/name/nm0075650/,False
nm0075834,Rick Berman,1945,,"[""producer"", ""writer"", ""actor""]","[""tt0117731"", ""tt0111280"", ""tt0120844"", ""tt0244365""]",https://www.imdb.com/name/nm0075834/,False
nm0076346,Olivier Bernard,,,"[""composer"", ""actor"", ""music_department""]","[""tt0401711"", ""tt0168509"", ""tt0069930"", ""tt0114732""]",https://www.imdb.com/name/nm0076346/,False
nm0077127,Robert Bernstein,,,"[""producer"", ""production_department""]","[""tt1266029"", ""tt1181791"", ""tt0416508"", ""tt0760329""]",https://www.imdb.com/name/nm0077127/,False
nm0078473,Paul Hertzberg,,,"[""producer"", ""actor"", ""executive""]","[""tt1242432"", ""tt2537176"", ""tt0090659"", ""tt3350436""]",https://www.imdb.com/name/nm0078473/,False
nm0078517,Gene Bervoets,1956,,"[""actor"", ""archive_footage""]","[""tt0096163"", ""tt0926762"", ""tt0126764"", ""tt4084076""]",https://www.imdb.com/name/nm0078517/,False
nm0078654,Khairy Beshara,1947,,"[""director"", ""actor"", ""writer""]","[""tt2730212"", ""tt1808093"", ""tt0379271"", ""tt0203225""]",https://www.imdb.com/name/nm0078654/,False
nm0079056,Juel Bestrop,,,"[""casting_director"", ""casting_department"", ""camera_department""]","[""tt1119646"", ""tt2467372"", ""tt4384086"", ""tt2461150""]",https://www.imdb.com/name/nm0079056/,False
nm0079273,Paul Bettany,1971,,"[""actor"", ""producer"", ""writer""]","[""tt9140560""]",https://www.imdb.com/name/nm0079273/,False
nm0079348,Ugo Betti,1892,1953,"[""writer""]","[""tt0034506"", ""tt0035229"", ""tt0071363"", ""tt0038288""]",https://www.imdb.com/name/nm0079348/,False
nm0079430,Erik Betts,1967,,"[""stunts"", ""actor"", ""miscellaneous""]","[""tt0499549"", ""tt4630562"", ""tt0475784"", ""tt0317919""]",https://www.imdb.com/name/nm0079430/,False
nm0079667,Lucy Bevan,,,"[""casting_director"", ""casting_department"", ""miscellaneous""]","[""tt16311594"", ""tt1517268"", ""tt1877830"", ""tt12789558""]",https://www.imdb.com/name/nm0079667/,False
nm0079677,Tim Bevan,1957,,"[""producer"", ""actor"", ""executive""]","[""tt1707386"", ""tt17526714"", ""tt0475276"", ""tt0783233""]",https://www.imdb.com/name/nm0079677/,False
nm0080234,Rekha Bhardwaj,1964,,"[""music_artist"", ""music_department"", ""producer""]","[""tt2178470"", ""tt3390572"", ""tt4934950"", ""tt10350626""]",https://www.imdb.com/name/nm0080234/,False
nm0080235,Vishal Bhardwaj,1965,,"[""composer"", ""writer"", ""producer""]","[""tt3390572"", ""tt0488414"", ""tt4934950"", ""tt0379370""]",https://www.imdb.com/name/nm0080235/,False
nm0080238,Tanikella Bharani,1954,,"[""actor"", ""writer"", ""director""]","[""tt2742164"", ""tt10701074"", ""tt9537292"", ""tt1268906""]",https://www.imdb.com/name/nm0080238/,False
nm0080319,Mukesh Bhatt,,,"[""producer"", ""actor"", ""miscellaneous""]","[""tt2203308"", ""tt0190419"", ""tt1216300"", ""tt1020937""]",https://www.imdb.com/name/nm0080319/,False
nm0080327,Robin Bhatt,1946,,"[""writer"", ""assistant_director"", ""actor""]","[""tt0106333"", ""tt0254481"", ""tt2112124"", ""tt0117437""]",https://www.imdb.com/name/nm0080327/,False
nm0080432,Sachin Bhowmick,1930,2011,"[""writer"", ""director"", ""producer""]","[""tt0254481"", ""tt0147925"", ""tt0432637"", ""tt0136352""]",https://www.imdb.com/name/nm0080432/,False
nm0080945,Giulio Biccari,,,"[""cinematographer"", ""camera_department"", ""editor""]","[""tt27995113"", ""tt1474684"", ""tt11116780"", ""tt5743796""]",https://www.imdb.com/name/nm0080945/,False
nm0081572,Craig Bierko,1964,,"[""actor"", ""writer"", ""soundtrack""]","[""tt0139809"", ""tt0116908"", ""tt0362120"", ""tt0352248""]",https://www.imdb.com/name/nm0081572/,False
nm0082541,Jon Billington,,,"[""production_designer"", ""art_director"", ""art_department""]","[""tt1502397"", ""tt2788710"", ""tt0119116"", ""tt0120663""]",https://www.imdb.com/name/nm0082541/,False
nm0082776,Felix Binder,1977,,"[""director"", ""writer"", ""camera_department""]","[""tt2756792"", ""tt8639740"", ""tt21622000"", ""tt4942462""]",https://www.imdb.com/name/nm0082776/,False
nm0082921,Barbara Bingham,,,"[""actress"", ""producer"", ""writer""]","[""tt0097388"", ""tt11388822"", ""tt11235988"", ""tt10359820""]",https://www.imdb.com/name/nm0082921/,False
nm0083702,Barry Birnberg,,,"[""actor"", ""art_department""]","[""tt0094082"", ""tt0093075"", ""tt6029106"", ""tt0978809""]",https://www.imdb.com/name/nm0083702/,False
nm0084241,Claudio Bisio,1957,,"[""actor"", ""miscellaneous"", ""writer""]","[""tt18925116"", ""tt0438097"", ""tt0230011"", ""tt3416828""]",https://www.imdb.com/name/nm0084241/,False
nm0084695,Peter Biziou,1944,,"[""cinematographer"", ""camera_department"", ""producer""]","[""tt0095647"", ""tt0120382"", ""tt0081633"", ""tt0250797""]",https://www.imdb.com/name/nm0084695/,False
nm0085535,Terry Black,,,"[""writer"", ""producer"", ""miscellaneous""]","[""tt0096708"", ""tt0094961"", ""tt0221728"", ""tt0122837""]",https://www.imdb.com/name/nm0085535/,False
nm0085736,Dirk Blackman,,,"[""writer"", ""producer"", ""assistant_director""]","[""tt0462465"", ""tt0834001"", ""tt8427140"", ""tt11946300""]",https://www.imdb.com/name/nm0085736/,False
nm0085923,Ken Blackwell,,,"[""editor"", ""editorial_department"", ""actor""]","[""tt14857528"", ""tt29603959"", ""tt1320253"", ""tt0758746""]",https://www.imdb.com/name/nm0085923/,False
nm0087750,Dan Blasko,1953,,"[""actor"", ""archive_footage""]","[""tt0085750"", ""tt0995045""]",https://www.imdb.com/name/nm0087750/,False
nm0089502,Albert Pyun,1953,2022,"[""director"", ""writer"", ""producer""]","[""tt0091818"", ""tt0097138"", ""tt0084749"", ""tt7008310""]",https://www.imdb.com/name/nm0089502/,False
nm0090799,Michael Boddicker,1953,,"[""music_department"", ""composer"", ""sound_department""]","[""tt0085549"", ""tt0082869"", ""tt0093640"", ""tt1160419""]",https://www.imdb.com/name/nm0090799/,False
nm0090867,Kristina Boden,,,"[""editor"", ""editorial_department"", ""producer""]","[""tt0106519"", ""tt0086984"", ""tt0387514"", ""tt0989757""]",https://www.imdb.com/name/nm0090867/,False
nm0092061,Adam Bohling,,,"[""producer"", ""production_manager"", ""location_management""]","[""tt2066051"", ""tt2802144"", ""tt15009428"", ""tt1250777""]",https://www.imdb.com/name/nm0092061/,False
nm0093081,Icíar Bollaín,1967,,"[""actress"", ""director"", ""writer""]","[""tt0350193"", ""tt14077696"", ""tt10077544"", ""tt0780565""]",https://www.imdb.com/name/nm0093081/,False
nm0093131,Matthias Bolliger,1975,,"[""cinematographer"", ""camera_department"", ""director""]","[""tt0304332"", ""tt1132474"", ""tt12539222"", ""tt3544008""]",https://www.imdb.com/name/nm0093131/,False
nm0093151,Alun Bollinger,1948,,"[""cinematographer"", ""camera_department"", ""director""]","[""tt0110005"", ""tt0093640"", ""tt0120737"", ""tt0116365""]",https://www.imdb.com/name/nm0093151/,False
nm0093252,Luiz Bolognesi,1966,,"[""writer"", ""director"", ""producer""]","[""tt2231208"", ""tt14029622"", ""tt7754564"", ""tt0225399""]",https://www.imdb.com/name/nm0093252/,False
nm0093322,Ben Bolt,1952,2025,"[""director"", ""writer"", ""cinematographer""]","[""tt0118169"", ""tt1606375"", ""tt0408381"", ""tt1315968""]",https://www.imdb.com/name/nm0093322/,False
nm0093501,Adriano Bolzoni,1919,2005,"[""writer"", ""director""]","[""tt0058461"", ""tt0065413"", ""tt0188167"", ""tt0060706""]",https://www.imdb.com/name/nm0093501/,False
nm0093560,Mark Bomback,1971,,"[""producer"", ""writer"", ""script_department""]","[""tt2103281"", ""tt0335121"", ""tt3450958"", ""tt1386703""]",https://www.imdb.com/name/nm0093560/,False
nm0094884,Beverly Bonner,1943,2020,"[""actress"", ""director"", ""writer""]","[""tt0099611"", ""tt0083624"", ""tt13544092"", ""tt0099108""]",https://www.imdb.com/name/nm0094884/,False
nm0094993,Valérie Bonneton,1970,,"[""actress"", ""director"", ""writer""]","[""tt1440232"", ""tt1101174"", ""tt0353243"", ""tt0836700""]",https://www.imdb.com/name/nm0094993/,False
nm0095017,Hugh Bonneville,1963,,"[""actor"", ""soundtrack"", ""producer""]","[""tt6398184"", ""tt1109624"", ""tt4468740"", ""tt0125439""]",https://www.imdb.com/name/nm0095017/,False
nm0095930,Nick Boraine,1971,,"[""actor"", ""sound_department"", ""stunts""]","[""tt0364845"", ""tt10417512"", ""tt5296406"", ""tt2375692""]",https://www.imdb.com/name/nm0095930/,False
nm0097111,Sandro Borni,,,"[""camera_department"", ""cinematographer""]","[""tt0101366"", ""tt0102800"", ""tt0097007"", ""tt0070641""]",https://www.imdb.com/name/nm0097111/,False
nm0097347,James Borrelli,,,"[""writer""]","[""tt0097028""]",https://www.imdb.com/name/nm0097347/,False
nm0097785,Rose Bosch,1957,,"[""director"", ""writer"", ""producer""]","[""tt0412412"", ""tt1382725"", ""tt0103594"", ""tt3013588""]",https://www.imdb.com/name/nm0097785/,False
nm0098196,Réal Bossé,1962,,"[""actor"", ""writer"", ""soundtrack""]","[""tt1840973"", ""tt10307440"", ""tt1093815"", ""tt1899085""]",https://www.imdb.com/name/nm0098196/,False
nm0098357,Robert Boswell,1953,,"[""writer""]","[""tt0101629"", ""tt0312729"", ""tt4076926"", ""tt4283946""]",https://www.imdb.com/name/nm0098357/,False
nm0098810,Jacques Bouanich,,,"[""miscellaneous"", ""actor""]","[""tt0117500"", ""tt0363226"", ""tt0137523"", ""tt0257076""]",https://www.imdb.com/name/nm0098810/,False
nm0098928,Raymond Bouchard,1945,2026,"[""actor"", ""miscellaneous""]","[""tt0145487"", ""tt1399103"", ""tt0366532"", ""tt0120890""]",https://www.imdb.com/name/nm0098928/,False
nm0098949,Mathieu Bouchard-Malo,,,"[""editor"", ""editorial_department""]","[""tt9466894"", ""tt4881276"", ""tt8287690"", ""tt8553192""]",https://www.imdb.com/name/nm0098949/,False
nm0099366,Jean Bouise,1929,1989,"[""actor"", ""archive_footage""]","[""tt0095250"", ""tt0100263"", ""tt0065234"", ""tt0079002""]",https://www.imdb.com/name/nm0099366/,False
nm0099456,Antoinette Boulat,,,"[""director"", ""casting_director"", ""casting_department""]","[""tt14369304"", ""tt8847712"", ""tt1321865"", ""tt13649314""]",https://www.imdb.com/name/nm0099456/,False
nm0099828,Didier Bourdon,1959,,"[""actor"", ""writer"", ""director""]","[""tt0401445"", ""tt0114732"", ""tt0498116"", ""tt3092076""]",https://www.imdb.com/name/nm0099828/,False
nm0099909,John Bourgeois,,,"[""actor"", ""director"", ""producer""]","[""tt0210070"", ""tt0119731"", ""tt0165832"", ""tt0337697""]",https://www.imdb.com/name/nm0099909/,False
nm0100080,Mel Bourne,1923,2003,"[""production_designer"", ""art_director"", ""art_department""]","[""tt0087781"", ""tt0101889"", ""tt0083190"", ""tt0091474""]",https://www.imdb.com/name/nm0100080/,False
nm0100831,Deirdre Bowen,,,"[""casting_director"", ""casting_department"", ""actress""]","[""tt0399146"", ""tt14549466"", ""tt10365998"", ""tt1053424""]",https://www.imdb.com/name/nm0100831/,False
nm0100889,Michael Bowen,1958,,"[""actor"", ""soundtrack"", ""archive_footage""]","[""tt0266697"", ""tt0844708"", ""tt0087799"", ""tt0119396""]",https://www.imdb.com/name/nm0100889/,False
nm0101055,George Bowers,1944,2012,"[""editor"", ""director"", ""actor""]","[""tt0113845"", ""tt0086856"", ""tt0102945"", ""tt0120681""]",https://www.imdb.com/name/nm0101055/,False
nm0101273,Beth Bowling,,,"[""casting_director"", ""casting_department"", ""producer""]","[""tt4158110"", ""tt0212720"", ""tt0804503"", ""tt0167404""]",https://www.imdb.com/name/nm0101273/,False
nm0101522,Tip Boxell,,,"[""actor"", ""casting_director"", ""producer""]","[""tt0330136"", ""tt0088117"", ""tt0083909"", ""tt0191198""]",https://www.imdb.com/name/nm0101522/,False
nm0102316,Peter Boyle,1946,,"[""editor"", ""editorial_department"", ""sound_department""]","[""tt0274558"", ""tt0180073"", ""tt0102798"", ""tt0119925""]",https://www.imdb.com/name/nm0102316/,False
nm0102522,Petar Bozovic,1946,,"[""actor"", ""director"", ""writer""]","[""tt0079985"", ""tt0094242"", ""tt0116860"", ""tt0081580""]",https://www.imdb.com/name/nm0102522/,False
nm0103364,Paul Bradley,1956,,"[""producer"", ""miscellaneous"", ""actor""]","[""tt0107943"", ""tt0091867"", ""tt0093512"", ""tt0104454""]",https://www.imdb.com/name/nm0103364/,False
nm0103785,Zach Braff,1975,,"[""actor"", ""producer"", ""director""]","[""tt0333766"", ""tt0285403"", ""tt2870708"", ""tt1623205""]",https://www.imdb.com/name/nm0103785/,False
nm0103977,Brahmanandam,1956,,"[""actor"", ""music_department"", ""soundtrack""]","[""tt12735488"", ""tt1756476"", ""tt3142764"", ""tt0471571""]",https://www.imdb.com/name/nm0103977/,False
nm0104103,Vojislav 'Voja' Brajović,1949,,"[""actor"", ""archive_footage""]","[""tt1936924"", ""tt33309194"", ""tt0996982"", ""tt0071956""]",https://www.imdb.com/name/nm0104103/,False
nm0104114,Richard Brake,,,"[""actor"", ""archive_footage""]","[""tt0419706"", ""tt3835080"", ""tt2802144"", ""tt15791034""]",https://www.imdb.com/name/nm0104114/,False
nm0104783,Maryann Brandon,,,"[""editor"", ""producer"", ""editorial_department""]","[""tt2488496"", ""tt1355644"", ""tt0796366"", ""tt1650062""]",https://www.imdb.com/name/nm0104783/,False
nm0104807,Una Brandon-Jones,1916,2010,"[""actress"", ""archive_footage""]","[""tt0094336"", ""tt0103939"", ""tt0075472"", ""tt0074409""]",https://www.imdb.com/name/nm0104807/,False
nm0105475,Claude Brasseur,1936,2020,"[""actor"", ""soundtrack"", ""archive_footage""]","[""tt0057869"", ""tt0076852"", ""tt0106910"", ""tt0105448""]",https://www.imdb.com/name/nm0105475/,False
nm0105853,Steve Braun,1976,,"[""actor"", ""producer"", ""writer""]","[""tt0366551"", ""tt0250067"", ""tt0248644"", ""tt0804555""]",https://www.imdb.com/name/nm0105853/,False
nm0106243,Peter Bray,1948,2007,"[""producer"", ""production_manager"", ""actor""]","[""tt0165832"", ""tt0160009"", ""tt0081353"", ""tt0108756""]",https://www.imdb.com/name/nm0106243/,False
nm0106456,Paddy Breathnach,1964,,"[""director"", ""producer"", ""assistant_director""]","[""tt0126344"", ""tt4334482"", ""tt1185264"", ""tt0109064""]",https://www.imdb.com/name/nm0106456/,False
nm0106549,Laura Breckenridge,,,"[""actress"", ""production_department""]","[""tt0460671"", ""tt0476958"", ""tt0323120"", ""tt0247082""]",https://www.imdb.com/name/nm0106549/,False
nm0106709,Johnny Breedt,,,"[""production_designer"", ""art_department"", ""art_director""]","[""tt2304771"", ""tt4154916"", ""tt1706593"", ""tt2057392""]",https://www.imdb.com/name/nm0106709/,False
nm0108295,Paget Brewster,1969,,"[""actress"", ""producer"", ""soundtrack""]","[""tt0452046"", ""tt14500082"", ""tt9827854"", ""tt1439629""]",https://www.imdb.com/name/nm0108295/,False
nm0108355,Oto Brezina,1940,,"[""actor"", ""soundtrack"", ""archive_footage""]","[""tt0364986"", ""tt1352388"", ""tt1010271"", ""tt0976168""]",https://www.imdb.com/name/nm0108355/,False
nm0109208,Sarah Brightman,1960,,"[""actress"", ""music_department"", ""producer""]","[""tt0963194"", ""tt0122690"", ""tt0493464"", ""tt1536053""]",https://www.imdb.com/name/nm0109208/,False
nm0109774,David Brisbin,,,"[""production_designer"", ""art_director"", ""art_department""]","[""tt3499096"", ""tt1341338"", ""tt0970416"", ""tt1053891""]",https://www.imdb.com/name/nm0109774/,False
nm0111196,Paul Brogren,,,"[""actor"", ""visual_effects""]","[""tt0113409"", ""tt0165832"", ""tt0165710"", ""tt0120797""]",https://www.imdb.com/name/nm0111196/,False
nm0111341,Damian Bromley,,,"[""cinematographer"", ""camera_department"", ""director""]","[""tt0385705"", ""tt0160904"", ""tt2537176"", ""tt0241492""]",https://www.imdb.com/name/nm0111341/,False
nm0111379,Jean-Stéphane Bron,1969,,"[""director"", ""writer"", ""producer""]","[""tt0210582"", ""tt0472542"", ""tt3166562"", ""tt0381395""]",https://www.imdb.com/name/nm0111379/,False
nm0112085,Katherine Brooks,1976,,"[""director"", ""writer"", ""camera_department""]","[""tt0323120"", ""tt0246836"", ""tt0315845"", ""tt4320180""]",https://www.imdb.com/name/nm0112085/,False
nm0112883,Donna Brower,,,"[""transportation_department"", ""casting_director"", ""producer""]","[""tt1702439"", ""tt2388715"", ""tt5022702"", ""tt1715873""]",https://www.imdb.com/name/nm0112883/,False
nm0113221,Chad Brown,1961,2014,"[""actor""]","[""tt0140488"", ""tt0138976"", ""tt0791271"", ""tt0099108""]",https://www.imdb.com/name/nm0113221/,False
nm0114460,Ralph Brown,1957,,"[""actor"", ""writer"", ""producer""]","[""tt0103644"", ""tt0094336"", ""tt0120915"", ""tt0108525""]",https://www.imdb.com/name/nm0114460/,False
nm0114556,Robert Latham Brown,,,"[""production_manager"", ""producer"", ""assistant_director""]","[""tt0086190"", ""tt0164052"", ""tt0107977"", ""tt0257076""]",https://www.imdb.com/name/nm0114556/,False
nm0115764,Pieter Jan Brugge,1956,,"[""producer"", ""production_manager"", ""director""]","[""tt1542344"", ""tt0140352"", ""tt1034303"", ""tt0430357""]",https://www.imdb.com/name/nm0115764/,False
nm0115839,Benja Bruijning,1983,,"[""actor"", ""writer""]","[""tt1772452"", ""tt4283994"", ""tt3800028"", ""tt2226285""]",https://www.imdb.com/name/nm0115839/,False
nm0117290,Ian Bryce,,,"[""producer"", ""assistant_director"", ""production_manager""]","[""tt0120815"", ""tt0181875"", ""tt0418279"", ""tt0145487""]",https://www.imdb.com/name/nm0117290/,False
nm0117489,Bill Brzeski,,,"[""art_director"", ""production_designer"", ""art_department""]","[""tt0117008"", ""tt7975244"", ""tt9663764"", ""tt0119822""]",https://www.imdb.com/name/nm0117489/,False
nm0117779,Pasquale Buba,1946,2018,"[""editor"", ""miscellaneous"", ""sound_department""]","[""tt0113277"", ""tt0108238"", ""tt0077402"", ""tt0112641""]",https://www.imdb.com/name/nm0117779/,False
nm0117956,John Buchan,,,"[""casting_director"", ""casting_department"", ""producer""]","[""tt13669038"", ""tt8110640"", ""tt2120120"", ""tt0489099""]",https://www.imdb.com/name/nm0117956/,False
nm0118604,Gae S. Buckley,1957,,"[""production_designer"", ""art_department"", ""art_director""]","[""tt1037705"", ""tt0270288"", ""tt0115963"", ""tt0316356""]",https://www.imdb.com/name/nm0118604/,False
nm0118605,Gavin Buckley,,,"[""editor"", ""editorial_department"", ""visual_effects""]","[""tt33093531"", ""tt10982034"", ""tt33305711"", ""tt11379456""]",https://www.imdb.com/name/nm0118605/,False
nm0119322,Conrad Buff IV,1948,,"[""editor"", ""visual_effects"", ""editorial_department""]","[""tt0120338"", ""tt0103064"", ""tt0096754"", ""tt0146309""]",https://www.imdb.com/name/nm0119322/,False
nm0119501,Niall Buggy,1948,,"[""actor"", ""archive_footage""]","[""tt0070948"", ""tt0103644"", ""tt0795421"", ""tt0089420""]",https://www.imdb.com/name/nm0119501/,False
nm0119785,Bobby Bukowski,1953,,"[""cinematographer"", ""camera_department"", ""director""]","[""tt0137363"", ""tt4781612"", ""tt0357507"", ""tt1491044""]",https://www.imdb.com/name/nm0119785/,False
nm0119815,Bora Bulajic,,,"[""producer"", ""production_manager"", ""art_director""]","[""tt0119171"", ""tt0159752"", ""tt0250750"", ""tt0119655""]",https://www.imdb.com/name/nm0119815/,False
nm0120284,Andy Bumatai,,,"[""actor""]","[""tt0103518"", ""tt0092210"", ""tt0410987"", ""tt0112060""]",https://www.imdb.com/name/nm0120284/,False
nm0120431,Marie Bunel,1961,,"[""actress"", ""archive_footage""]","[""tt0372824"", ""tt0106618"", ""tt0098238"", ""tt0167524""]",https://www.imdb.com/name/nm0120431/,False
nm0120799,Jackie Burch,1951,2025,"[""casting_director"", ""casting_department"", ""actress""]","[""tt0095016"", ""tt0088847"", ""tt1392170"", ""tt4846340""]",https://www.imdb.com/name/nm0120799/,False
nm0121117,Mark Burg,1959,,"[""producer"", ""actor"", ""production_department""]","[""tt0369179"", ""tt0103112"", ""tt0387564"", ""tt0251160""]",https://www.imdb.com/name/nm0121117/,False
nm0122167,Ivan Burlyaev,1976,,"[""composer"", ""actor"", ""music_department""]","[""tt4731148"", ""tt1192431"", ""tt6537238"", ""tt3764724""]",https://www.imdb.com/name/nm0122167/,False
nm0122703,James C. Burns,1959,,"[""actor"", ""writer"", ""producer""]","[""tt1632479"", ""tt2387409"", ""tt8772296"", ""tt33015766""]",https://www.imdb.com/name/nm0122703/,False
nm0122809,Milly Burns,,,"[""art_department"", ""art_director"", ""production_designer""]","[""tt0081633"", ""tt0246544"", ""tt0076221"", ""tt0078488""]",https://www.imdb.com/name/nm0122809/,False
nm0123009,Jeff Burr,1961,2023,"[""director"", ""actor"", ""writer""]","[""tt0287733"", ""tt0233583"", ""tt0337899"", ""tt0091671""]",https://www.imdb.com/name/nm0123009/,False
nm0124792,Dick Butkus,1942,2023,"[""actor"", ""archive_footage""]","[""tt0099700"", ""tt0102266"", ""tt0146838"", ""tt0102517""]",https://www.imdb.com/name/nm0124792/,False
nm0124930,Gerard Butler,1969,,"[""actor"", ""producer"", ""camera_department""]","[""tt0416449"", ""tt1197624"", ""tt0293508"", ""tt1038919""]",https://www.imdb.com/name/nm0124930/,False
nm0125475,Norbert Leo Butz,1967,,"[""actor"", ""director"", ""soundtrack""]","[""tt11563598"", ""tt0480242"", ""tt0977855"", ""tt8740320""]",https://www.imdb.com/name/nm0125475/,False
nm0126250,Michael Byrne,1939,2026,"[""actor"", ""archive_footage""]","[""tt0097576"", ""tt0112573"", ""tt0164184"", ""tt0217505""]",https://www.imdb.com/name/nm0126250/,False
nm0126279,Rhonda Byrne,,,"[""producer"", ""writer""]","[""tt0846789"", ""tt4411584"", ""tt14428560"", ""tt0818641""]",https://www.imdb.com/name/nm0126279/,False
nm0126312,Burke Byrnes,1937,,"[""actor""]","[""tt0103956"", ""tt0095489"", ""tt0083530"", ""tt0079550""]",https://www.imdb.com/name/nm0126312/,False
nm0127810,Elisar Cabrera,1971,2020,"[""producer"", ""director"", ""writer""]","[""tt0109596"", ""tt8591170"", ""tt2830316"", ""tt0109402""]",https://www.imdb.com/name/nm0127810/,False
nm0128273,Alice Cadogan,1962,,"[""actress"", ""soundtrack""]","[""tt0086960"", ""tt0091630"", ""tt0083470"", ""tt0080240""]",https://www.imdb.com/name/nm0128273/,False
nm0129445,Todd Caldecott,1969,,"[""actor"", ""producer""]","[""tt0116287"", ""tt0097388"", ""tt0092312"", ""tt0121556""]",https://www.imdb.com/name/nm0129445/,False
nm0130005,George Calil,1973,,"[""actor"", ""producer"", ""production_department""]","[""tt0185906"", ""tt0458449"", ""tt0398037"", ""tt0452668""]",https://www.imdb.com/name/nm0130005/,False
nm0130736,Daniel Caltagirone,1972,,"[""actor""]","[""tt0253474"", ""tt0325703"", ""tt0163978"", ""tt0460791""]",https://www.imdb.com/name/nm0130736/,False
nm0131412,Sala Came,,,"[""actor""]","[""tt0104759"", ""tt0105249""]",https://www.imdb.com/name/nm0131412/,False
nm0131697,Patrick Cameron,,,"[""producer"", ""production_manager""]","[""tt2133239""]",https://www.imdb.com/name/nm0131697/,False
nm0131700,Paul Cameron,,,"[""cinematographer"", ""camera_department"", ""director""]","[""tt0369339"", ""tt0328107"", ""tt0453467"", ""tt0187078""]",https://www.imdb.com/name/nm0131700/,False
nm0131702,Peter Cameron,1959,,"[""writer""]","[""tt27549797"", ""tt27677165"", ""tt1703125"", ""tt0896923""]",https://www.imdb.com/name/nm0131702/,False
nm0132064,Bernard Campan,1958,,"[""actor"", ""writer"", ""director""]","[""tt13553662"", ""tt0114732"", ""tt3092076"", ""tt0286009""]",https://www.imdb.com/name/nm0132064/,False
nm0133091,Tom Campitelli,,,"[""actor""]","[""tt0099817"", ""tt0098079"", ""tt0097074"", ""tt0106492""]",https://www.imdb.com/name/nm0133091/,False
nm0133899,Guillaume Canet,1973,,"[""actor"", ""writer"", ""director""]","[""tt0364517"", ""tt0362225"", ""tt0424205"", ""tt1440232""]",https://www.imdb.com/name/nm0133899/,False
nm0134072,Bobby Cannavale,1970,,"[""actor"", ""writer"", ""producer""]","[""tt0340377"", ""tt0478970"", ""tt2334873"", ""tt1904996""]",https://www.imdb.com/name/nm0134072/,False
nm0134073,Enzo Cannavale,1928,2011,"[""actor"", ""miscellaneous"", ""archive_footage""]","[""tt0095765"", ""tt0135740"", ""tt0076544"", ""tt0070534""]",https://www.imdb.com/name/nm0134073/,False
nm0134253,Reuben Cannon,1946,,"[""casting_director"", ""casting_department"", ""producer""]","[""tt0116404"", ""tt27832244"", ""tt0422093"", ""tt0088939""]",https://www.imdb.com/name/nm0134253/,False
nm0134635,Neil Canton,1948,,"[""producer"", ""production_department"", ""miscellaneous""]","[""tt0088763"", ""tt0165832"", ""tt0113845"", ""tt0208988""]",https://www.imdb.com/name/nm0134635/,False
nm0135585,Freddy Rodríguez,,,"[""actor"", ""producer"", ""archive_footage""]","[""tt0248654"", ""tt1077258"", ""tt0112819"", ""tt0433387""]",https://www.imdb.com/name/nm0135585/,False
nm0136057,Luis Carballar,,,"[""editor"", ""editorial_department"", ""director""]","[""tt0245712"", ""tt6902332"", ""tt1127715"", ""tt0450340""]",https://www.imdb.com/name/nm0136057/,False
nm0136482,Lorne Cardinal,1964,,"[""actor"", ""director"", ""producer""]","[""tt6881158"", ""tt21309446"", ""tt9742936"", ""tt0278504""]",https://www.imdb.com/name/nm0136482/,False
nm0137063,Edward C. Carfagno,1907,1996,"[""art_director"", ""production_designer"", ""art_department""]","[""tt0052618"", ""tt0044391"", ""tt0070723"", ""tt0045943""]",https://www.imdb.com/name/nm0137063/,False
nm0137114,Timothy Carhart,1953,,"[""actor"", ""archive_footage""]","[""tt0103074"", ""tt0099810"", ""tt0109254"", ""tt0087332""]",https://www.imdb.com/name/nm0137114/,False
nm0138120,Ralph Carlsson,1952,,"[""actor""]","[""tt0150662"", ""tt1216487"", ""tt2113681"", ""tt29344903""]",https://www.imdb.com/name/nm0138120/,False
nm0138502,Don Carmody,1951,,"[""producer"", ""miscellaneous"", ""production_manager""]","[""tt0299658"", ""tt0084522"", ""tt0119217"", ""tt0252503""]",https://www.imdb.com/name/nm0138502/,False
nm0138753,Daniel Carnevale,1970,,"[""actor"", ""production_manager""]","[""tt0076500"", ""tt0096919"", ""tt7938492"", ""tt1355581""]",https://www.imdb.com/name/nm0138753/,False
nm0138878,John Carnochan,,,"[""editor"", ""editorial_department"", ""miscellaneous""]","[""tt1637725"", ""tt0097757"", ""tt0358082"", ""tt0462538""]",https://www.imdb.com/name/nm0138878/,False
nm0139111,Glenn Gordon Caron,1954,,"[""producer"", ""writer"", ""director""]","[""tt0088571"", ""tt0412175"", ""tt0212395"", ""tt5827228""]",https://www.imdb.com/name/nm0139111/,False
nm0139591,Allan Carr,1937,1999,"[""producer"", ""writer"", ""miscellaneous""]","[""tt0077631"", ""tt0080492"", ""tt0084021"", ""tt0088395""]",https://www.imdb.com/name/nm0139591/,False
nm0140614,Pierre Carrive,,,"[""actor"", ""writer""]","[""tt0090095"", ""tt0085426"", ""tt1931544"", ""tt5558814""]",https://www.imdb.com/name/nm0140614/,False
nm0140826,Gordon Carroll,1928,2005,"[""producer"", ""miscellaneous"", ""soundtrack""]","[""tt0118583"", ""tt0090605"", ""tt0370263"", ""tt0078748""]",https://www.imdb.com/name/nm0140826/,False
nm0140829,Gregory Carroll,,,"[""camera_department"", ""producer"", ""actor""]","[""tt0323120"", ""tt0407457"", ""tt1563069"", ""tt1477137""]",https://www.imdb.com/name/nm0140829/,False
nm0140848,Janet Carroll,1940,2012,"[""actress"", ""soundtrack"", ""archive_footage""]","[""tt0086200"", ""tt0278435"", ""tt0141098"", ""tt0097328""]",https://www.imdb.com/name/nm0140848/,False
nm0141437,Rick Carter,1952,,"[""production_designer"", ""art_department"", ""art_director""]","[""tt0499549"", ""tt2488496"", ""tt0443272"", ""tt14208870""]",https://www.imdb.com/name/nm0141437/,False
nm0141617,Finn Carter,1960,,"[""actress""]","[""tt0100814"", ""tt0097530"", ""tt0048845"", ""tt0105507""]",https://www.imdb.com/name/nm0141617/,False
nm0142081,William P. Cartlidge,1942,2021,"[""assistant_director"", ""producer"", ""production_manager""]","[""tt0079574"", ""tt0076752"", ""tt0062512"", ""tt0233044""]",https://www.imdb.com/name/nm0142081/,False
nm0142286,D.J. Caruso,1965,,"[""director"", ""producer"", ""writer""]","[""tt1464540"", ""tt1059786"", ""tt0107843"", ""tt0113972""]",https://www.imdb.com/name/nm0142286/,False
nm0142746,Eloy Casados,1949,2016,"[""actor""]","[""tt0329717"", ""tt0870111"", ""tt1478338"", ""tt0372873""]",https://www.imdb.com/name/nm0142746/,False
nm0143614,Rosalind Cash,1938,1995,"[""actress"", ""archive_footage""]","[""tt0067525"", ""tt0086856"", ""tt0072351"", ""tt0114609""]",https://www.imdb.com/name/nm0143614/,False
nm0144048,Matthew Cassel,,,"[""editorial_department"", ""editor"", ""actor""]","[""tt0120458"", ""tt0113492"", ""tt0108171"", ""tt0111301""]",https://www.imdb.com/name/nm0144048/,False
nm0144477,Jean-Michel Castanié,,,"[""actor""]","[""tt0090095"", ""tt0085426""]",https://www.imdb.com/name/nm0144477/,False
nm0145673,Pilar Castro,1970,,"[""actress"", ""assistant_director"", ""miscellaneous""]","[""tt4326444"", ""tt1728122"", ""tt14463484"", ""tt1166810""]",https://www.imdb.com/name/nm0145673/,False
nm0146166,Arnaldo Catinari,1964,,"[""director"", ""cinematographer"", ""camera_department""]","[""tt7197684"", ""tt14691760"", ""tt0997280"", ""tt3013610""]",https://www.imdb.com/name/nm0146166/,False
nm0146430,Pascal Caubère,,,"[""cinematographer"", ""camera_department"", ""actor""]","[""tt0342454"", ""tt0267165"", ""tt0349225"", ""tt0119615""]",https://www.imdb.com/name/nm0146430/,False
nm0147147,Henry Cavill,1983,,"[""actor"", ""miscellaneous"", ""producer""]","[""tt0770828"", ""tt2975590"", ""tt4912910"", ""tt1638355""]",https://www.imdb.com/name/nm0147147/,False
nm0147149,John Cavill,,,"[""cinematographer"", ""camera_department""]","[""tt4189022"", ""tt1442449"", ""tt0112230"", ""tt0120737""]",https://www.imdb.com/name/nm0147149/,False
nm0148081,Teco Celio,1952,,"[""actor""]","[""tt0111495"", ""tt10287954"", ""tt1456472"", ""tt0088626""]",https://www.imdb.com/name/nm0148081/,False
nm0148986,Neil Cervin,,,"[""cinematographer"", ""camera_department"", ""assistant_director""]","[""tt2193021"", ""tt7475590"", ""tt5197820"", ""tt0096446""]",https://www.imdb.com/name/nm0148986/,False
nm0149131,Kamil Çetin,1972,,"[""director"", ""cinematographer"", ""camera_department""]","[""tt7668842"", ""tt9124840"", ""tt2415946"", ""tt7588160""]",https://www.imdb.com/name/nm0149131/,False
nm0149146,Vojin Ćetković,1971,,"[""actor"", ""soundtrack"", ""archive_footage""]","[""tt1634013"", ""tt2160915"", ""tt0326449"", ""tt1039889""]",https://www.imdb.com/name/nm0149146/,False
nm0149150,Richard Cetrone,,,"[""stunts"", ""actor""]","[""tt2975590"", ""tt3778644"", ""tt3498820"", ""tt0451279""]",https://www.imdb.com/name/nm0149150/,False
nm0149290,Michael Chabon,1963,,"[""writer"", ""producer"", ""actor""]","[""tt0401729"", ""tt0185014"", ""tt8806524"", ""tt0316654""]",https://www.imdb.com/name/nm0149290/,False
nm0149828,Sudipta Chakraborty,,,"[""actress"", ""miscellaneous""]","[""tt0239251"", ""tt10294858"", ""tt8665824"", ""tt3276862""]",https://www.imdb.com/name/nm0149828/,False
nm0150522,Denise Chamian,,,"[""casting_director"", ""casting_department"", ""producer""]","[""tt1745960"", ""tt3704428"", ""tt0319061"", ""tt0120815""]",https://www.imdb.com/name/nm0150522/,False
nm0150720,Michael Champion,1946,2021,"[""actor"", ""archive_footage""]","[""tt0100802"", ""tt0086960"", ""tt0082517"", ""tt0103112""]",https://www.imdb.com/name/nm0150720/,False
nm0150894,Frankie Chan,1951,,"[""composer"", ""actor"", ""director""]","[""tt0109424"", ""tt0112913"", ""tt1424310"", ""tt0106409""]",https://www.imdb.com/name/nm0150894/,False
nm0150945,Kwong-Hung Joe Chan,,,"[""cinematographer"", ""camera_department"", ""art_department""]","[""tt0097659"", ""tt0117786"", ""tt1641638"", ""tt0118694""]",https://www.imdb.com/name/nm0150945/,False
nm0151119,Susanne Chan,,,"[""writer""]","[""tt0108606""]",https://www.imdb.com/name/nm0151119/,False
nm0151287,Samir Chanda,1957,2011,"[""art_director"", ""production_designer"", ""art_department""]","[""tt0405508"", ""tt0499375"", ""tt0479651"", ""tt2511784""]",https://www.imdb.com/name/nm0151287/,False
nm0151526,Chandramohan,1945,2023,"[""actor""]","[""tt0263623"", ""tt0187379"", ""tt0366840"", ""tt1790724""]",https://www.imdb.com/name/nm0151526/,False
nm0151533,Ravi K. Chandran,1965,,"[""cinematographer"", ""camera_department"", ""director""]","[""tt0375611"", ""tt0254481"", ""tt1188996"", ""tt0292490""]",https://www.imdb.com/name/nm0151533/,False
nm0151649,Peter Cheung,1945,,"[""editor"", ""actor"", ""editorial_department""]","[""tt0068935"", ""tt0127357"", ""tt0068767"", ""tt0104558""]",https://www.imdb.com/name/nm0151649/,False
nm0151654,Chang Chen,1976,,"[""actor"", ""director"", ""producer""]","[""tt0190332"", ""tt0101985"", ""tt0118845"", ""tt1326972""]",https://www.imdb.com/name/nm0151654/,False
nm0151858,William Chang,,,"[""costume_designer"", ""production_designer"", ""art_director""]","[""tt1462900"", ""tt0118694"", ""tt0212712"", ""tt0101258""]",https://www.imdb.com/name/nm0151858/,False
nm0152255,Paul Chaplin,1955,,"[""writer"", ""actor"", ""music_department""]","[""tt0094517"", ""tt0100133"", ""tt0117128"", ""tt0289291""]",https://www.imdb.com/name/nm0152255/,False
nm0152647,Antoine Chappey,1960,,"[""actor"", ""writer"", ""director""]","[""tt0158117"", ""tt43728373"", ""tt1559310"", ""tt0354356""]",https://www.imdb.com/name/nm0152647/,False
nm0152911,Dan Chariton,,,"[""actor"", ""writer"", ""miscellaneous""]","[""tt30144839"", ""tt0114898"", ""tt11271038"", ""tt14364480""]",https://www.imdb.com/name/nm0152911/,False
nm0153760,Gary Chase,1953,,"[""music_department"", ""composer"", ""actor""]","[""tt0127357"", ""tt0454945"", ""tt1424310"", ""tt1414382""]",https://www.imdb.com/name/nm0153760/,False
nm0154083,Sorapong Chatree,1950,2022,"[""actor"", ""archive_footage""]","[""tt0785035"", ""tt1262945"", ""tt0401248"", ""tt1653690""]",https://www.imdb.com/name/nm0154083/,False
nm0154139,Moushumi Chatterjee,1948,,"[""actress"", ""archive_footage""]","[""tt0303785"", ""tt0072100"", ""tt2819358"", ""tt3767372""]",https://www.imdb.com/name/nm0154139/,False
nm0154218,Mithilesh Chaturvedi,1954,2022,"[""actor""]","[""tt0254481"", ""tt0432637"", ""tt5466156"", ""tt0195231""]",https://www.imdb.com/name/nm0154218/,False
nm0154243,Ngo The Chau,1977,,"[""cinematographer"", ""director"", ""camera_department""]","[""tt0806910"", ""tt26733362"", ""tt6258718"", ""tt0442670""]",https://www.imdb.com/name/nm0154243/,False
nm0154653,Bhoomika Chawla,1978,,"[""actress"", ""miscellaneous""]","[""tt0374271"", ""tt20850406"", ""tt0360797"", ""tt0959328""]",https://www.imdb.com/name/nm0154653/,False
nm0155136,Marie Cheminal,,,"[""production_designer"", ""set_decorator"", ""art_department""]","[""tt0283900"", ""tt31411349"", ""tt0216787"", ""tt0869994""]",https://www.imdb.com/name/nm0155136/,False
nm0155147,Chen-Chi Lin,1955,,"[""actress""]","[""tt0072791"", ""tt0083199"", ""tt0080621"", ""tt1431695""]",https://www.imdb.com/name/nm0155147/,False
nm0155201,Daming Chen,,,"[""actor"", ""writer"", ""director""]","[""tt16225672"", ""tt0266697"", ""tt0118708"", ""tt0482051""]",https://www.imdb.com/name/nm0155201/,False
nm0155587,Kent Cheng,1951,,"[""actor"", ""director"", ""producer""]","[""tt0089259"", ""tt0101490"", ""tt2888046"", ""tt1386932""]",https://www.imdb.com/name/nm0155587/,False
nm0155624,Siu-Keung Cheng,1952,,"[""cinematographer"", ""camera_department"", ""director""]","[""tt2076298"", ""tt14032696"", ""tt20316748"", ""tt10283270""]",https://www.imdb.com/name/nm0155624/,False
nm0155642,Siu-Tung Ching,1953,,"[""stunts"", ""miscellaneous"", ""actor""]","[""tt0093978"", ""tt0432637"", ""tt0299977"", ""tt1029231""]",https://www.imdb.com/name/nm0155642/,False
nm0155692,Ellen Chenoweth,1946,,"[""casting_director"", ""casting_department""]","[""tt0477348"", ""tt8110640"", ""tt1019452"", ""tt13238346""]",https://www.imdb.com/name/nm0155692/,False
nm0156376,Scott Chestnut,,,"[""editor"", ""producer"", ""writer""]","[""tt2910814"", ""tt0206314"", ""tt4357394"", ""tt0105226""]",https://www.imdb.com/name/nm0156376/,False
nm0156506,Kwok-Keung Cheung,1955,,"[""actor"", ""assistant_director"", ""stunts""]","[""tt0110577"", ""tt0100584"", ""tt8165192"", ""tt0098711""]",https://www.imdb.com/name/nm0156506/,False
nm0156522,Sharla Cheung,1967,,"[""actress"", ""miscellaneous"", ""producer""]","[""tt0097244"", ""tt0104770"", ""tt0103045"", ""tt0100963""]",https://www.imdb.com/name/nm0156522/,False
nm0156567,Eddie Cheung,1963,,"[""actor""]","[""tt37061805"", ""tt2717822"", ""tt0415380"", ""tt0374184""]",https://www.imdb.com/name/nm0156567/,False
nm0156709,Randy Cheveldave,,,"[""producer"", ""production_manager"", ""assistant_director""]","[""tt0160277"", ""tt0097388"", ""tt3274632"", ""tt0117308""]",https://www.imdb.com/name/nm0156709/,False
nm0156850,Fidelis Cheza,1947,2015,"[""actor""]","[""tt0119463"", ""tt0089421"", ""tt0092534"", ""tt0104759""]",https://www.imdb.com/name/nm0156850/,False
nm0156858,Shefali Shah,1972,,"[""actress"", ""producer"", ""director""]","[""tt0459293"", ""tt4110568"", ""tt14152140"", ""tt0195231""]",https://www.imdb.com/name/nm0156858/,False
nm0156875,Charlie Chin,1948,,"[""actor""]","[""tt1205520"", ""tt1440148"", ""tt0090342"", ""tt0089177""]",https://www.imdb.com/name/nm0156875/,False
nm0156902,Chi Jan Ha,,,"[""actress""]","[""tt0090956"", ""tt0100968"", ""tt0103296"", ""tt0121419""]",https://www.imdb.com/name/nm0156902/,False
nm0156956,Doug Chiang,1962,,"[""production_designer"", ""art_department"", ""miscellaneous""]","[""tt3748528"", ""tt0104070"", ""tt0109830"", ""tt8111088""]",https://www.imdb.com/name/nm0156956/,False
nm0157575,Martin Childs,1954,,"[""production_designer"", ""art_director"", ""art_department""]","[""tt0138097"", ""tt4786824"", ""tt0180073"", ""tt0104036""]",https://www.imdb.com/name/nm0157575/,False
nm0157963,John Chinosiyani,,,"[""actor""]","[""tt0104759"", ""tt0105249"", ""tt0133308"", ""tt0167378""]",https://www.imdb.com/name/nm0157963/,False
nm0157971,Paul Chun,1945,,"[""actor"", ""director"", ""animation_department""]","[""tt0090940"", ""tt0111770"", ""tt0090952"", ""tt1075419""]",https://www.imdb.com/name/nm0157971/,False
nm0158306,David Chisum,1971,,"[""actor""]","[""tt5511582"", ""tt0780583"", ""tt0364845"", ""tt0773262""]",https://www.imdb.com/name/nm0158306/,False
nm0158626,John Cho,1972,,"[""actor"", ""producer"", ""miscellaneous""]","[""tt0796366"", ""tt0366551"", ""tt7668870"", ""tt1408101""]",https://www.imdb.com/name/nm0158626/,False
nm0158856,Choi Min-sik,1962,,"[""actor"", ""archive_footage""]","[""tt0364569"", ""tt1588170"", ""tt0289181"", ""tt2872732""]",https://www.imdb.com/name/nm0158856/,False
nm0159052,John Chong,,,"[""producer"", ""miscellaneous"", ""writer""]","[""tt1371111"", ""tt0157366"", ""tt1124052"", ""tt0338564""]",https://www.imdb.com/name/nm0159052/,False
nm0159137,Kathleen Chopin,,,"[""casting_director"", ""casting_department"", ""producer""]","[""tt4136084"", ""tt0472027"", ""tt0386588"", ""tt0196229""]",https://www.imdb.com/name/nm0159137/,False
nm0159147,Aditya Chopra,1971,,"[""producer"", ""writer"", ""director""]","[""tt0213890"", ""tt1182937"", ""tt0420332"", ""tt0112870""]",https://www.imdb.com/name/nm0159147/,False
nm0159440,Cheung-Kan Chow,1951,2013,"[""editor"", ""director"", ""miscellaneous""]","[""tt0098187"", ""tt0099719"", ""tt0100625"", ""tt0087959""]",https://www.imdb.com/name/nm0159440/,False
nm0159789,Hayden Christensen,1981,,"[""actor"", ""producer"", ""archive_footage""]","[""tt0121765"", ""tt0121766"", ""tt0489099"", ""tt0264796""]",https://www.imdb.com/name/nm0159789/,False
nm0159922,Tove Christensen,1973,,"[""producer"", ""executive"", ""actor""]","[""tt0323944"", ""tt2490326"", ""tt1452628"", ""tt1552224""]",https://www.imdb.com/name/nm0159922/,False
nm0160988,Art Chudabala,1970,,"[""actor"", ""editor"", ""director""]","[""tt0375679"", ""tt0111293"", ""tt0097438"", ""tt0200276""]",https://www.imdb.com/name/nm0160988/,False
nm0161127,Bruce Chun,1963,,"[""cinematographer"", ""camera_department""]","[""tt0479647"", ""tt0790602"", ""tt0274297"", ""tt1458915""]",https://www.imdb.com/name/nm0161127/,False
nm0161182,Wai-Chiu Chung,,,"[""editor"", ""editorial_department"", ""director""]","[""tt9597838"", ""tt3003668"", ""tt5847286"", ""tt2063011""]",https://www.imdb.com/name/nm0161182/,False
nm0161204,Danny Chung,,,"[""composer"", ""actor"", ""music_department""]","[""tt0118845"", ""tt0096461"", ""tt0094387"", ""tt0096032""]",https://www.imdb.com/name/nm0161204/,False
nm0161205,David Chung,,,"[""cinematographer"", ""director"", ""camera_department""]","[""tt0079146"", ""tt0095937"", ""tt0103285"", ""tt0093426""]",https://www.imdb.com/name/nm0161205/,False
nm0161980,Jude Ciccolella,1947,,"[""actor"", ""soundtrack"", ""archive_footage""]","[""tt0253754"", ""tt0362227"", ""tt0104348"", ""tt0285331""]",https://www.imdb.com/name/nm0161980/,False
nm0162485,Francesco Cinquemani,1978,2024,"[""director"", ""writer"", ""producer""]","[""tt31896057"", ""tt4073890"", ""tt5629524"", ""tt5862166""]",https://www.imdb.com/name/nm0162485/,False
nm0162911,Roberto Citran,1955,,"[""actor"", ""miscellaneous""]","[""tt0875034"", ""tt0111459"", ""tt20215234"", ""tt0395169""]",https://www.imdb.com/name/nm0162911/,False
nm0162989,Stefan Ciupek,1976,,"[""camera_department"", ""miscellaneous"", ""cinematographer""]","[""tt10548174"", ""tt1010048"", ""tt1343727"", ""tt0870984""]",https://www.imdb.com/name/nm0162989/,False
nm0163659,Anthony Clark,1964,,"[""actor"", ""writer"", ""producer""]","[""tt0117500"", ""tt0247144"", ""tt0101748"", ""tt0108327""]",https://www.imdb.com/name/nm0163659/,False
nm0164809,Jason Clarke,1969,,"[""actor"", ""producer"", ""archive_footage""]","[""tt1790885"", ""tt2396589"", ""tt2103281"", ""tt1340138""]",https://www.imdb.com/name/nm0164809/,False
nm0165049,Warren Clarke,1947,2014,"[""actor"", ""producer"", ""director""]","[""tt0066921"", ""tt0083943"", ""tt0088286"", ""tt0442632""]",https://www.imdb.com/name/nm0165049/,False
nm0166625,Graeme Clifford,1942,,"[""director"", ""editor"", ""assistant_director""]","[""tt0069995"", ""tt0088866"", ""tt0073629"", ""tt0082934""]",https://www.imdb.com/name/nm0166625/,False
nm0167081,Del Close,1934,1999,"[""actor"", ""miscellaneous"", ""director""]","[""tt0094761"", ""tt0091042"", ""tt0094226"", ""tt0083190""]",https://www.imdb.com/name/nm0167081/,False
nm0167467,Aurore Clément,1945,,"[""actress"", ""soundtrack"", ""archive_footage""]","[""tt0078788"", ""tt0087884"", ""tt0422720"", ""tt2056771""]",https://www.imdb.com/name/nm0167467/,False
nm0167649,Kim Coates,1958,,"[""actor"", ""producer"", ""archive_footage""]","[""tt6423364"", ""tt1124373"", ""tt1456635"", ""tt5516154""]",https://www.imdb.com/name/nm0167649/,False
nm0168054,Cosima Coccheri,,,"[""actress""]","[""tt0169164"", ""tt0169832"", ""tt0210247""]",https://www.imdb.com/name/nm0168054/,False
nm0168213,Shannon Cochran,1958,,"[""actress"", ""archive_footage""]","[""tt0298130"", ""tt0253754"", ""tt0106145"", ""tt5968394""]",https://www.imdb.com/name/nm0168213/,False
nm0168554,Camille Coduri,1965,,"[""actress"", ""archive_footage""]","[""tt1514041"", ""tt0093771"", ""tt0102216"", ""tt0810722""]",https://www.imdb.com/name/nm0168554/,False
nm0169230,Barbara Cohen,1952,2006,"[""casting_director"", ""casting_department"", ""producer""]","[""tt0306685"", ""tt0116830"", ""tt0264616"", ""tt0373469""]",https://www.imdb.com/name/nm0169230/,False
nm0169555,Lester Cohen,,,"[""production_designer"", ""actor"", ""art_department""]","[""tt0104573"", ""tt15474916"", ""tt0118887"", ""tt2401256""]",https://www.imdb.com/name/nm0169555/,False
nm0169680,Peter M. Cohen,,,"[""producer"", ""writer"", ""director""]","[""tt2254101"", ""tt0174336"", ""tt1068979"", ""tt1483207""]",https://www.imdb.com/name/nm0169680/,False
nm0169892,David Cohn,,,"[""casting_director"", ""casting_department"", ""producer""]","[""tt0097388"", ""tt0095271"", ""tt0091213"", ""tt0218107""]",https://www.imdb.com/name/nm0169892/,False
nm0171109,Kim Coleman,,,"[""casting_director"", ""casting_department"", ""producer""]","[""tt7349662"", ""tt4648786"", ""tt6905686"", ""tt5707802""]",https://www.imdb.com/name/nm0171109/,False
nm0171428,Eileen Colgan,1934,2014,"[""actress"", ""archive_footage""]","[""tt0104231"", ""tt0097937"", ""tt0111112"", ""tt0058853""]",https://www.imdb.com/name/nm0171428/,False
nm0171630,Adrià Collado,1972,,"[""actor"", ""miscellaneous"", ""soundtrack""]","[""tt0791231"", ""tt0116250"", ""tt0280507"", ""tt0169025""]",https://www.imdb.com/name/nm0171630/,False
nm0171722,John Collee,,,"[""writer"", ""producer"", ""script_department""]","[""tt0311113"", ""tt9214772"", ""tt10399902"", ""tt5112584""]",https://www.imdb.com/name/nm0171722/,False
nm0171773,Stan Collet,1973,2025,"[""editor"", ""editorial_department"", ""producer""]","[""tt0401711"", ""tt28291010"", ""tt0250223"", ""tt2249221""]",https://www.imdb.com/name/nm0171773/,False
nm0172394,Jodi Collins,,,"[""casting_director"", ""casting_department"", ""manager""]","[""tt0498323"", ""tt4424656"", ""tt7261310"", ""tt0132665""]",https://www.imdb.com/name/nm0172394/,False
nm0172510,Marie Collins,,,"[""actress"", ""music_department""]","[""tt2235695"", ""tt0208349"", ""tt0168386"", ""tt1510690""]",https://www.imdb.com/name/nm0172510/,False
nm0172604,Pauline Collins,1940,2025,"[""actress"", ""soundtrack"", ""archive_footage""]","[""tt0098319"", ""tt1441951"", ""tt1182350"", ""tt0066722""]",https://www.imdb.com/name/nm0172604/,False
nm0173225,Mary Colquhoun,1940,2000,"[""casting_director"", ""casting_department""]","[""tt0088680"", ""tt0097441"", ""tt0111143"", ""tt0115956""]",https://www.imdb.com/name/nm0173225/,False
nm0173680,Danny Comden,1969,,"[""actor"", ""writer"", ""producer""]","[""tt0120461"", ""tt0381505"", ""tt0275692"", ""tt0146336""]",https://www.imdb.com/name/nm0173680/,False
nm0173798,Bob Comfort,1940,2010,"[""writer"", ""producer"", ""actor""]","[""tt0101748"", ""tt0116439"", ""tt0084986"", ""tt0085041""]",https://www.imdb.com/name/nm0173798/,False
nm0174909,Shelley Conn,,,"[""actress"", ""producer"", ""archive_footage""]","[""tt13159924"", ""tt1869454"", ""tt8740790"", ""tt9448932""]",https://www.imdb.com/name/nm0174909/,False
nm0174934,Shane Connaughton,1947,,"[""writer"", ""actor"", ""producer""]","[""tt0097937"", ""tt0377524"", ""tt0114307"", ""tt0103586""]",https://www.imdb.com/name/nm0174934/,False
nm0175008,Lindsey Connell,,,"[""actress"", ""director"", ""writer""]","[""tt0805564"", ""tt1387133"", ""tt2039338"", ""tt0285492""]",https://www.imdb.com/name/nm0175008/,False
nm0175239,Frank Conniff,1956,,"[""writer"", ""actor"", ""producer""]","[""tt0094517"", ""tt1912398"", ""tt0235923"", ""tt0115341""]",https://www.imdb.com/name/nm0175239/,False
nm0175814,Frances Conroy,1953,,"[""actress"", ""soundtrack"", ""archive_footage""]","[""tt0248654"", ""tt7286456"", ""tt0252076"", ""tt0338751""]",https://www.imdb.com/name/nm0175814/,False
nm0175820,Jack Conroy,1944,2019,"[""cinematographer"", ""camera_department"", ""director""]","[""tt4329516"", ""tt0082348"", ""tt0070948"", ""tt0097937""]",https://www.imdb.com/name/nm0175820/,False
nm0175916,Paddy Considine,1973,,"[""actor"", ""writer"", ""director""]","[""tt0419677"", ""tt1213663"", ""tt0298845"", ""tt1204340""]",https://www.imdb.com/name/nm0175916/,False
nm0175931,Anne Consigny,1963,,"[""actress"", ""director"", ""cinematographer""]","[""tt3716530"", ""tt0401383"", ""tt6938828"", ""tt0808339""]",https://www.imdb.com/name/nm0175931/,False
nm0176175,Mark Consuelos,1971,,"[""actor"", ""producer"", ""writer""]","[""tt0065272"", ""tt0373474"", ""tt0465624"", ""tt1385867""]",https://www.imdb.com/name/nm0176175/,False
nm0176249,Mark Conte,,,"[""editor"", ""editorial_department""]","[""tt0216216"", ""tt0101764"", ""tt0100029"", ""tt0098536""]",https://www.imdb.com/name/nm0176249/,False
nm0176256,Bob Conte,,,"[""producer"", ""writer"", ""script_department""]","[""tt0455362"", ""tt0098645"", ""tt1186795"", ""tt32323148""]",https://www.imdb.com/name/nm0176256/,False
nm0176263,Tony Conte,1964,,"[""actor"", ""writer"", ""director""]","[""tt0115303"", ""tt6320638"", ""tt0299283"", ""tt0790602""]",https://www.imdb.com/name/nm0176263/,False
nm0176448,James A. Contner,1947,,"[""director"", ""camera_department"", ""cinematographer""]","[""tt0118276"", ""tt0078346"", ""tt0244365"", ""tt0080569""]",https://www.imdb.com/name/nm0176448/,False
nm0176660,Craig Conway,1975,,"[""actor"", ""producer"", ""writer""]","[""tt0483607"", ""tt0280609"", ""tt4621398"", ""tt0435625""]",https://www.imdb.com/name/nm0176660/,False
nm0177639,Jennifer Coolidge,1961,,"[""actress"", ""writer"", ""soundtrack""]","[""tt0310281"", ""tt0356470"", ""tt0250494"", ""tt9686790""]",https://www.imdb.com/name/nm0177639/,False
nm0178680,Michael Copeman,1950,,"[""actor"", ""production_department"", ""miscellaneous""]","[""tt0091064"", ""tt0266452"", ""tt0101264"", ""tt0116329""]",https://www.imdb.com/name/nm0178680/,False
nm0179680,Allan Corduner,1950,,"[""actor"", ""producer"", ""director""]","[""tt1034303"", ""tt0379889"", ""tt0151568"", ""tt0485947""]",https://www.imdb.com/name/nm0179680/,False
nm0179749,Michael Corenblith,1951,,"[""production_designer"", ""art_department"", ""set_decorator""]","[""tt0112384"", ""tt2140373"", ""tt0870111"", ""tt0170016""]",https://www.imdb.com/name/nm0179749/,False
nm0181202,Robert W. Cort,,,"[""producer"", ""executive""]","[""tt0094889"", ""tt0113862"", ""tt1340138"", ""tt0096928""]",https://www.imdb.com/name/nm0181202/,False
nm0181741,Don Coscarelli,1954,,"[""writer"", ""director"", ""producer""]","[""tt0281686"", ""tt0079714"", ""tt1783732"", ""tt0083630""]",https://www.imdb.com/name/nm0181741/,False
nm0182551,George Costello,,,"[""production_designer"", ""art_director"", ""assistant_director""]","[""tt0088247"", ""tt0097637"", ""tt0091630"", ""tt0489235""]",https://www.imdb.com/name/nm0182551/,False
nm0182688,George Costigan,1947,,"[""actor"", ""writer"", ""archive_footage""]","[""tt0337909"", ""tt3428912"", ""tt0094421"", ""tt1212419""]",https://www.imdb.com/name/nm0182688/,False
nm0185088,Joel Cox,1942,,"[""editor"", ""editorial_department"", ""music_department""]","[""tt0327056"", ""tt0105695"", ""tt0418689"", ""tt1392214""]",https://www.imdb.com/name/nm0185088/,False
nm0185272,Tony Cox,1958,,"[""actor"", ""stunts"", ""producer""]","[""tt0307987"", ""tt0094012"", ""tt1798603"", ""tt0799949""]",https://www.imdb.com/name/nm0185272/,False
nm0185404,Richard Coyle,1972,,"[""actor"", ""soundtrack""]","[""tt0473075"", ""tt0237123"", ""tt1525366"", ""tt0375920""]",https://www.imdb.com/name/nm0185404/,False
nm0185576,Kerry Crabbe,1946,2024,"[""producer"", ""script_department"", ""writer""]","[""tt0105150"", ""tt0113249"", ""tt0091762"", ""tt0082733""]",https://www.imdb.com/name/nm0185576/,False
nm0185749,Shawn Crahan,1969,,"[""actor"", ""director"", ""music_department""]","[""tt0120804"", ""tt0963194"", ""tt0246894"", ""tt27743490""]",https://www.imdb.com/name/nm0185749/,False
nm0185819,Daniel Craig,1968,,"[""actor"", ""producer"", ""soundtrack""]","[""tt2382320"", ""tt0381061"", ""tt1074638"", ""tt2379713""]",https://www.imdb.com/name/nm0185819/,False
nm0186118,Mildred Cram,1889,1985,"[""writer"", ""miscellaneous""]","[""tt0050105"", ""tt0031593"", ""tt0027041"", ""tt0017439""]",https://www.imdb.com/name/nm0186118/,False
nm0186505,Bryan Cranston,1956,,"[""actor"", ""producer"", ""writer""]","[""tt0903747"", ""tt0212671"", ""tt3203606"", ""tt1024648""]",https://www.imdb.com/name/nm0186505/,False
nm0186521,Tony Cranstoun,,,"[""editor"", ""editorial_department"", ""sound_department""]","[""tt8368406"", ""tt0129711"", ""tt1638002"", ""tt4708346""]",https://www.imdb.com/name/nm0186521/,False
nm0186569,Dani,1944,2022,"[""actress"", ""composer"", ""soundtrack""]","[""tt0070460"", ""tt0078771"", ""tt0444112"", ""tt10127684""]",https://www.imdb.com/name/nm0186569/,False
nm0187936,Andrea Crisanti,1936,2012,"[""production_designer"", ""art_director"", ""art_department""]","[""tt0095765"", ""tt0110917"", ""tt1405810"", ""tt0086022""]",https://www.imdb.com/name/nm0187936/,False
nm0188219,Keith Critchlow,,,"[""director"", ""writer"", ""editor""]","[""tt0072757"", ""tt0090274"", ""tt0090927"", ""tt0093793""]",https://www.imdb.com/name/nm0188219/,False
nm0189167,Glen Cross,,,"[""actor"", ""sound_department""]","[""tt0266452"", ""tt2189221"", ""tt0117716"", ""tt1183865""]",https://www.imdb.com/name/nm0189167/,False
nm0189172,Harley Cross,1978,,"[""actor"", ""producer"", ""archive_footage""]","[""tt0092632"", ""tt0212235"", ""tt0101504"", ""tt0096698""]",https://www.imdb.com/name/nm0189172/,False
nm0189285,Tom Cross,,,"[""editorial_department"", ""editor"", ""actor""]","[""tt2582802"", ""tt5478478"", ""tt2382320"", ""tt10640346""]",https://www.imdb.com/name/nm0189285/,False
nm0189887,Marie-Josée Croze,1970,,"[""actress"", ""archive_footage""]","[""tt0338135"", ""tt0408306"", ""tt0401383"", ""tt0220627""]",https://www.imdb.com/name/nm0189887/,False
nm0190177,Susan R. Crutcher,1947,,"[""editor"", ""editorial_department"", ""music_department""]","[""tt0077745"", ""tt0086197"", ""tt0080117"", ""tt0109665""]",https://www.imdb.com/name/nm0190177/,False
nm0191147,Michael Cuesta,1963,,"[""producer"", ""director"", ""writer""]","[""tt0242587"", ""tt1216491"", ""tt1796960"", ""tt1450330""]",https://www.imdb.com/name/nm0191147/,False
nm0191333,Gesine Cukrowski,1968,,"[""actress""]","[""tt0295254"", ""tt0157232"", ""tt0092429"", ""tt2162289""]",https://www.imdb.com/name/nm0191333/,False
nm0191412,Rory Culkin,1989,,"[""actor"", ""producer"", ""archive_footage""]","[""tt0286106"", ""tt0377091"", ""tt0203230"", ""tt4669296""]",https://www.imdb.com/name/nm0191412/,False
nm0191442,Brett Cullen,1956,,"[""actor"", ""camera_department"", ""producer""]","[""tt0259324"", ""tt1582248"", ""tt0191397"", ""tt1839578""]",https://www.imdb.com/name/nm0191442/,False
nm0191633,John Cullum,1930,,"[""actor"", ""director"", ""writer""]","[""tt0098878"", ""tt1175709"", ""tt0068156"", ""tt0443465""]",https://www.imdb.com/name/nm0191633/,False
nm0191783,Ji-Tu Cumbuka,1940,2017,"[""actor""]","[""tt0097481"", ""tt0073349"", ""tt0074430"", ""tt0088850""]",https://www.imdb.com/name/nm0191783/,False
nm0191794,Dragomir Cumic,1937,2013,"[""actor"", ""miscellaneous""]","[""tt0174108"", ""tt0939806"", ""tt0383905"", ""tt0200743""]",https://www.imdb.com/name/nm0191794/,False
nm0192377,Liam Cunningham,1961,,"[""actor"", ""director"", ""producer""]","[""tt0986233"", ""tt0460989"", ""tt0471041"", ""tt0800320""]",https://www.imdb.com/name/nm0192377/,False
nm0193295,Cliff Curtis,1968,,"[""actor"", ""producer"", ""archive_footage""]","[""tt3231054"", ""tt2192016"", ""tt0448134"", ""tt1657507""]",https://www.imdb.com/name/nm0193295/,False
nm0193551,Robert Curtis Brown,1957,,"[""actor"", ""soundtrack""]","[""tt5834204"", ""tt12887536"", ""tt0086465"", ""tt7053188""]",https://www.imdb.com/name/nm0193551/,False
nm0193657,Niamh Cusack,1959,,"[""actress"", ""archive_footage""]","[""tt15782690"", ""tt27131358"", ""tt1441953"", ""tt0296886""]",https://www.imdb.com/name/nm0193657/,False
nm0194052,Ivo Cutzarida,,,"[""actor"", ""archive_footage""]","[""tt0452668"", ""tt0282313"", ""tt0224867"", ""tt0233559""]",https://www.imdb.com/name/nm0194052/,False
nm0194143,Zoran Cvijanovic,1958,,"[""actor"", ""producer"", ""soundtrack""]","[""tt0116860"", ""tt22054934"", ""tt0279248"", ""tt1372301""]",https://www.imdb.com/name/nm0194143/,False
nm0194230,Jon Cypher,1932,2026,"[""actor"", ""soundtrack"", ""archive_footage""]","[""tt0093507"", ""tt0098375"", ""tt0094462"", ""tt0112022""]",https://www.imdb.com/name/nm0194230/,False
nm0194234,Charles Cyphers,1939,2024,"[""actor"", ""archive_footage""]","[""tt0077651"", ""tt0097815"", ""tt0074156"", ""tt0080749""]",https://www.imdb.com/name/nm0194234/,False
nm0194305,Piotr Cyrwus,1961,,"[""actor"", ""director"", ""writer""]","[""tt0108052"", ""tt0170351"", ""tt0441074"", ""tt9506474""]",https://www.imdb.com/name/nm0194305/,False
nm0195224,John D'Andrea,,,"[""composer"", ""music_department"", ""soundtrack""]","[""tt0096542"", ""tt0266987"", ""tt1714203"", ""tt1469304""]",https://www.imdb.com/name/nm0195224/,False
nm0195476,Chris D'Arienzo,1972,,"[""writer"", ""actor"", ""director""]","[""tt1336608"", ""tt0482461"", ""tt0116705"", ""tt2567858""]",https://www.imdb.com/name/nm0195476/,False
nm0195937,Neil D'Souza,,,"[""actor""]","[""tt1450321"", ""tt1235189"", ""tt2218003"", ""tt2395417""]",https://www.imdb.com/name/nm0195937/,False
nm0196331,Max Da-Yung Wang,,,"[""cinematographer"", ""camera_department""]","[""tt1079360"", ""tt7946836"", ""tt1274418"", ""tt1667150""]",https://www.imdb.com/name/nm0196331/,False
nm0196592,Cameron Daddo,1965,,"[""actor"", ""producer"", ""director""]","[""tt0460829"", ""tt0208620"", ""tt0468988"", ""tt1378167""]",https://www.imdb.com/name/nm0196592/,False
nm0196723,Hans Dagelet,1945,,"[""actor"", ""soundtrack"", ""archive_footage""]","[""tt0247131"", ""tt0178141"", ""tt0495568"", ""tt5538142""]",https://www.imdb.com/name/nm0196723/,False
nm0196762,Jensen Daggett,1969,,"[""actress"", ""miscellaneous""]","[""tt0097388"", ""tt0120742"", ""tt0101120"", ""tt0112163""]",https://www.imdb.com/name/nm0196762/,False
nm0197354,Elizabeth Daily,,,"[""actress"", ""producer"", ""miscellaneous""]","[""tt0089791"", ""tt0086525"", ""tt8741368"", ""tt0175058""]",https://www.imdb.com/name/nm0197354/,False
nm0197490,Baldwyn Dakile,,,"[""actor"", ""archive_footage""]","[""tt0079718"", ""tt0076544"", ""tt0084121"", ""tt1822838""]",https://www.imdb.com/name/nm0197490/,False
nm0199312,Eric Dane,1972,2026,"[""actor"", ""producer"", ""soundtrack""]","[""tt0376994"", ""tt0426459"", ""tt0413573"", ""tt1126591""]",https://www.imdb.com/name/nm0199312/,False
nm0199559,Goran Danicic,1962,2021,"[""actor""]","[""tt0191733"", ""tt0331282"", ""tt0383846"", ""tt11007186""]",https://www.imdb.com/name/nm0199559/,False
nm0199945,Glenn Daniels,,,"[""casting_director"", ""casting_department"", ""manager""]","[""tt0105793"", ""tt0103241"", ""tt0094884"", ""tt0098439""]",https://www.imdb.com/name/nm0199945/,False
nm0200610,Raoul Dantec,,,"[""actor""]","[""tt0118584"", ""tt0310313"", ""tt0282251""]",https://www.imdb.com/name/nm0200610/,False
nm0200702,Dany Boon,1966,,"[""actor"", ""writer"", ""producer""]","[""tt1064932"", ""tt0424205"", ""tt5736696"", ""tt1149361""]",https://www.imdb.com/name/nm0200702/,False
nm0201669,Jean-Pierre Darroussin,1953,,"[""actor"", ""director"", ""writer""]","[""tt1508675"", ""tt0118015"", ""tt0474312"", ""tt0319130""]",https://www.imdb.com/name/nm0201669/,False
nm0202102,Ali Reza Zarrindast,,,"[""cinematographer"", ""camera_department"", ""editor""]","[""tt0100234"", ""tt7901882"", ""tt1431326"", ""tt2548096""]",https://www.imdb.com/name/nm0202102/,False
nm0202253,Raven Dauda,,,"[""actress"", ""archive_footage""]","[""tt0119731"", ""tt2639336"", ""tt0245803"", ""tt0176783""]",https://www.imdb.com/name/nm0202253/,False
nm0202681,Delmer Daves,1904,1977,"[""writer"", ""director"", ""actor""]","[""tt0050105"", ""tt0046936"", ""tt0058949"", ""tt0053320""]",https://www.imdb.com/name/nm0202681/,False
nm0202885,Filip David,1940,2025,"[""writer"", ""miscellaneous"", ""script_department""]","[""tt0076276"", ""tt0283269"", ""tt0079659"", ""tt0174353""]",https://www.imdb.com/name/nm0202885/,False
nm0202966,Keith David,1956,,"[""actor"", ""producer"", ""miscellaneous""]","[""tt0780521"", ""tt0096256"", ""tt0120591"", ""tt0084787""]",https://www.imdb.com/name/nm0202966/,False
nm0203993,Terence Davies,1945,2023,"[""writer"", ""director"", ""actor""]","[""tt0095037"", ""tt0200720"", ""tt6852178"", ""tt1232790""]",https://www.imdb.com/name/nm0203993/,False
nm0204030,William Davies,,,"[""writer"", ""producer"", ""script_department""]","[""tt0105477"", ""tt0892769"", ""tt0424095"", ""tt6921996""]",https://www.imdb.com/name/nm0204030/,False
nm0204523,Duane Davis,,,"[""actor"", ""producer""]","[""tt0228333"", ""tt0107889"", ""tt0094721"", ""tt0094072""]",https://www.imdb.com/name/nm0204523/,False
nm0204567,Elliot Davis,1948,,"[""cinematographer"", ""camera_department"", ""visual_effects""]","[""tt0120780"", ""tt1099212"", ""tt0355702"", ""tt0114660""]",https://www.imdb.com/name/nm0204567/,False
nm0204979,Kim Davis-Wagner,,,"[""casting_director"", ""casting_department"", ""producer""]","[""tt2937696"", ""tt0120601"", ""tt0449059"", ""tt4622512""]",https://www.imdb.com/name/nm0204979/,False
nm0205023,Leo Davis,,,"[""casting_director"", ""casting_department""]","[""tt3480822"", ""tt0436697"", ""tt0387131"", ""tt2906216""]",https://www.imdb.com/name/nm0205023/,False
nm0205423,Sammi Davis,1964,,"[""actress"", ""camera_department"", ""producer""]","[""tt0113101"", ""tt0093771"", ""tt0101121"", ""tt0928363""]",https://www.imdb.com/name/nm0205423/,False
nm0206175,Kim Dawson,,,"[""producer"", ""writer"", ""production_manager""]","[""tt21515872"", ""tt0108308"", ""tt0100758"", ""tt0103060""]",https://www.imdb.com/name/nm0206175/,False
nm0207663,Cian de Buitléar,,,"[""cinematographer"", ""camera_department"", ""producer""]","[""tt0126344"", ""tt0120815"", ""tt0374018"", ""tt0118760""]",https://www.imdb.com/name/nm0207663/,False
nm0208426,Cécile de France,1975,,"[""actress"", ""miscellaneous"", ""writer""]","[""tt0283900"", ""tt0338095"", ""tt1212419"", ""tt0409184""]",https://www.imdb.com/name/nm0208426/,False
nm0209336,Danny De La Paz,1957,,"[""actor"", ""producer"", ""casting_department""]","[""tt0103671"", ""tt0097889"", ""tt0078898"", ""tt0083619""]",https://www.imdb.com/name/nm0209336/,False
nm0209569,Dino De Laurentiis,1919,2010,"[""producer"", ""miscellaneous"", ""production_manager""]","[""tt0050783"", ""tt0047528"", ""tt0066549"", ""tt0118771""]",https://www.imdb.com/name/nm0209569/,False
nm0209574,Guido De Laurentiis,,,"[""producer"", ""production_manager"", ""costume_designer""]","[""tt1924396"", ""tt0117959"", ""tt0107040"", ""tt0089013""]",https://www.imdb.com/name/nm0209574/,False
nm0210348,Sig De Miguel,,,"[""casting_director"", ""casting_department"", ""producer""]","[""tt0253754"", ""tt0475276"", ""tt2400463"", ""tt0269095""]",https://www.imdb.com/name/nm0210348/,False
nm0210485,Jean Cullen De Moura,,,"[""director"", ""producer"", ""animation_department""]","[""tt0129167"", ""tt2231208"", ""tt0138749"", ""tt0120762""]",https://www.imdb.com/name/nm0210485/,False
nm0210487,Marcelo Fernandes De Moura,,,"[""producer"", ""animation_department"", ""director""]","[""tt0129167"", ""tt2231208"", ""tt0120762"", ""tt0117705""]",https://www.imdb.com/name/nm0210487/,False
nm0211318,Russell De Rozario,,,"[""production_designer"", ""actor"", ""art_department""]","[""tt7347266"", ""tt2802144"", ""tt15009428"", ""tt1250777""]",https://www.imdb.com/name/nm0211318/,False
nm0212297,Joost de Vries,,,"[""producer"", ""production_department"", ""executive""]","[""tt3464902"", ""tt3814486"", ""tt2170228"", ""tt1302570""]",https://www.imdb.com/name/nm0212297/,False
nm0213450,Dean DeBlois,1970,,"[""writer"", ""animation_department"", ""director""]","[""tt0275847"", ""tt0892769"", ""tt1646971"", ""tt2386490""]",https://www.imdb.com/name/nm0213450/,False
nm0213795,Erin Deck,,,"[""editor"", ""editorial_department""]","[""tt1017460"", ""tt0285492"", ""tt0384488"", ""tt9174724""]",https://www.imdb.com/name/nm0213795/,False
nm0214038,Cécile Decugis,1930,2017,"[""editor"", ""director"", ""writer""]","[""tt0053198"", ""tt7762178"", ""tt39026335"", ""tt0054389""]",https://www.imdb.com/name/nm0214038/,False
nm0214105,Isabelle Dedieu,,,"[""editor"", ""editorial_department"", ""actress""]","[""tt0338135"", ""tt8286894"", ""tt0092090"", ""tt0097635""]",https://www.imdb.com/name/nm0214105/,False
nm0214725,Rolf Degerlund,1952,,"[""actor""]","[""tt1343097"", ""tt1634549"", ""tt0185112"", ""tt0997023""]",https://www.imdb.com/name/nm0214725/,False
nm0215008,Zora DeHorter,1968,2024,"[""casting_director"", ""casting_department"", ""producer""]","[""tt0106145"", ""tt0284837"", ""tt0315064"", ""tt6724914""]",https://www.imdb.com/name/nm0215008/,False
nm0215269,Fred Dekker,1959,,"[""producer"", ""writer"", ""director""]","[""tt0093560"", ""tt0091630"", ""tt0107978"", ""tt3829266""]",https://www.imdb.com/name/nm0215269/,False
nm0215550,Riccardo Del Fra,1956,,"[""composer"", ""music_department"", ""soundtrack""]","[""tt0491175"", ""tt5580390"", ""tt4971344"", ""tt4136084""]",https://www.imdb.com/name/nm0215550/,False
nm0216342,Simon Delaney,1970,,"[""actor"", ""writer"", ""soundtrack""]","[""tt32536315"", ""tt8599532"", ""tt31029686"", ""tt21822590""]",https://www.imdb.com/name/nm0216342/,False
nm0216560,Suzanne DeLaurentiis,,,"[""producer"", ""writer"", ""actress""]","[""tt0360323"", ""tt8318702"", ""tt2062661"", ""tt2294663""]",https://www.imdb.com/name/nm0216560/,False
nm0217120,Benoît Delhomme,1961,,"[""cinematographer"", ""camera_department"", ""director""]","[""tt13397574"", ""tt6938828"", ""tt2980516"", ""tt1972571""]",https://www.imdb.com/name/nm0217120/,False
nm0217324,Jean Dell,,,"[""actor"", ""writer"", ""archive_footage""]","[""tt0383216"", ""tt2235695"", ""tt0310203"", ""tt1322116""]",https://www.imdb.com/name/nm0217324/,False
nm0217486,Marie Delleskog,1957,,"[""actress""]","[""tt1067733"", ""tt0937378"", ""tt0087677"", ""tt1846197""]",https://www.imdb.com/name/nm0217486/,False
nm0217898,Lorayn DeLuca,,,"[""actress"", ""producer"", ""director""]","[""tt13799800"", ""tt18224746"", ""tt11608126"", ""tt13433666""]",https://www.imdb.com/name/nm0217898/,False
nm0218674,Darcy DeMoss,1963,,"[""actress"", ""stunts"", ""miscellaneous""]","[""tt0092718"", ""tt0091080"", ""tt8516596"", ""tt1231287""]",https://www.imdb.com/name/nm0218674/,False
nm0219088,Aleksandar Denic,1963,,"[""production_designer"", ""art_department"", ""set_decorator""]","[""tt1991245"", ""tt0109354"", ""tt0114787"", ""tt1191971""]",https://www.imdb.com/name/nm0219088/,False
nm0219611,Sally Dennison,1941,,"[""casting_director"", ""casting_department"", ""production_department""]","[""tt0093870"", ""tt0100502"", ""tt0075860"", ""tt0078966""]",https://www.imdb.com/name/nm0219611/,False
nm0219752,Cheryl Dent,,,"[""actress"", ""miscellaneous"", ""set_decorator""]","[""tt4824316"", ""tt12160826"", ""tt35664696"", ""tt37207304""]",https://www.imdb.com/name/nm0219752/,False
nm0220735,Michael Des Barres,1948,,"[""actor"", ""composer"", ""writer""]","[""tt1399045"", ""tt0062376"", ""tt1918727"", ""tt0265307""]",https://www.imdb.com/name/nm0220735/,False
nm0220807,Anang Desai,1953,,"[""actor"", ""archive_footage""]","[""tt0083987"", ""tt5165344"", ""tt1727829"", ""tt0157217""]",https://www.imdb.com/name/nm0220807/,False
nm0220834,Nitin Chandrakant Desai,,2023,"[""art_director"", ""production_designer"", ""art_department""]","[""tt0238936"", ""tt0169102"", ""tt0449994"", ""tt0374887""]",https://www.imdb.com/name/nm0220834/,False
nm0220976,Alex Descas,1958,,"[""actor"", ""miscellaneous""]","[""tt1135092"", ""tt0204700"", ""tt0379217"", ""tt0100536""]",https://www.imdb.com/name/nm0220976/,False
nm0221040,Yves Deschamps,,,"[""editor"", ""editorial_department"", ""script_department""]","[""tt0372824"", ""tt0240088"", ""tt0093769"", ""tt1002920""]",https://www.imdb.com/name/nm0221040/,False
nm0221042,Caleb Deschanel,1944,,"[""cinematographer"", ""director"", ""camera_department""]","[""tt0335345"", ""tt0187393"", ""tt0078841"", ""tt5311542""]",https://www.imdb.com/name/nm0221042/,False
nm0221130,Donna DeSeta,,,"[""casting_director"", ""casting_department"", ""producer""]","[""tt0337978"", ""tt0493464"", ""tt1013743"", ""tt0461770""]",https://www.imdb.com/name/nm0221130/,False
nm0221218,Makrand Deshpande,1966,,"[""actor"", ""script_department"", ""writer""]","[""tt9214772"", ""tt0449965"", ""tt0200087"", ""tt11663228""]",https://www.imdb.com/name/nm0221218/,False
nm0221638,Naomi Despres,,,"[""producer"", ""director"", ""writer""]","[""tt0257756"", ""tt1216491"", ""tt13045486"", ""tt0120906""]",https://www.imdb.com/name/nm0221638/,False
nm0221662,Alain Desrochers,,,"[""director"", ""writer"", ""actor""]","[""tt0239271"", ""tt0317668"", ""tt4738174"", ""tt1625015""]",https://www.imdb.com/name/nm0221662/,False
nm0221801,Cece De Stefano,,,"[""production_designer"", ""art_department"", ""art_director""]","[""tt15514498"", ""tt5308322"", ""tt11685912"", ""tt7671598""]",https://www.imdb.com/name/nm0221801/,False
nm0222048,Ira Deutchman,,,"[""producer"", ""miscellaneous"", ""director""]","[""tt0165832"", ""tt0120577"", ""tt0280456"", ""tt0093509""]",https://www.imdb.com/name/nm0222048/,False
nm0222150,Prabhu Deva,1973,,"[""actor"", ""miscellaneous"", ""director""]","[""tt1084972"", ""tt0323013"", ""tt1305797"", ""tt2077833""]",https://www.imdb.com/name/nm0222150/,False
nm0222593,Aidan Devine,1968,,"[""actor""]","[""tt0399146"", ""tt1386697"", ""tt0462465"", ""tt5090568""]",https://www.imdb.com/name/nm0222593/,False
nm0222752,Alan Devlin,1948,2011,"[""actor""]","[""tt1216492"", ""tt0081070"", ""tt0093431"", ""tt0283096""]",https://www.imdb.com/name/nm0222752/,False
nm0223437,Louis Dezseran,,,"[""actor"", ""miscellaneous""]","[""tt2793490"", ""tt3717448"", ""tt0185101"", ""tt3856856""]",https://www.imdb.com/name/nm0223437/,False
nm0223522,David Dhawan,1955,,"[""director"", ""editor"", ""writer""]","[""tt0106204"", ""tt0418362"", ""tt0267548"", ""tt0207341""]",https://www.imdb.com/name/nm0223522/,False
nm0223737,Pia Di Ciaula,,,"[""editor"", ""music_department"", ""editorial_department""]","[""tt12610390"", ""tt6938856"", ""tt1204340"", ""tt4786824""]",https://www.imdb.com/name/nm0223737/,False
nm0224477,Alex Diakun,1946,,"[""actor"", ""archive_footage""]","[""tt0097388"", ""tt0443701"", ""tt0120901"", ""tt0067411""]",https://www.imdb.com/name/nm0224477/,False
nm0225669,John Dickson,,,"[""music_department"", ""composer"", ""actor""]","[""tt0810788"", ""tt1129427"", ""tt0487037"", ""tt0295701""]",https://www.imdb.com/name/nm0225669/,False
nm0225768,Gerda Diddens,,,"[""casting_director"", ""casting_department"", ""assistant_director""]","[""tt0485947"", ""tt0283509"", ""tt0364517"", ""tt0258112""]",https://www.imdb.com/name/nm0225768/,False
nm0226148,Trygve Allister Diesen,,,"[""director"", ""writer"", ""producer""]","[""tt7875794"", ""tt0310261"", ""tt0972883"", ""tt0120766""]",https://www.imdb.com/name/nm0226148/,False
nm0226813,Garret Dillahunt,,,"[""actor"", ""producer"", ""director""]","[""tt2024544"", ""tt0348914"", ""tt0477348"", ""tt1615919""]",https://www.imdb.com/name/nm0226813/,False
nm0226936,Sean Dillingham,,,"[""actor"", ""writer"", ""director""]","[""tt14715170"", ""tt0337692"", ""tt21801834"", ""tt11976532""]",https://www.imdb.com/name/nm0226936/,False
nm0227039,Melinda Dillon,1939,2023,"[""actress"", ""soundtrack"", ""archive_footage""]","[""tt0175880"", ""tt0075860"", ""tt0085334"", ""tt0093148""]",https://www.imdb.com/name/nm0227039/,False
nm0227958,Stefano Dionisi,1966,,"[""actor"", ""miscellaneous"", ""soundtrack""]","[""tt0113483"", ""tt0105739"", ""tt1866379"", ""tt0463283""]",https://www.imdb.com/name/nm0227958/,False
nm0227997,Mónica Dionne,,,"[""actress""]","[""tt0115571"", ""tt0164877"", ""tt0907301"", ""tt1684928""]",https://www.imdb.com/name/nm0227997/,False
nm0228850,Humphrey Dixon,1944,,"[""editor"", ""editorial_department"", ""director""]","[""tt0091867"", ""tt0215750"", ""tt0360201"", ""tt1613750""]",https://www.imdb.com/name/nm0228850/,False
nm0228938,Pam Dixon,,,"[""casting_director"", ""casting_department"", ""producer""]","[""tt11827628"", ""tt5918982"", ""tt21867434"", ""tt0113189""]",https://www.imdb.com/name/nm0228938/,False
nm0229314,Nikola Djuricko,1974,,"[""actor"", ""director"", ""writer""]","[""tt1714209"", ""tt0816711"", ""tt11040844"", ""tt10455028""]",https://www.imdb.com/name/nm0229314/,False
nm0230279,David Dodson,,,"[""editor"", ""director"", ""writer""]","[""tt5754992"", ""tt0462465"", ""tt0213050"", ""tt42210687""]",https://www.imdb.com/name/nm0230279/,False
nm0231409,Faith Domergue,1924,1999,"[""actress"", ""archive_footage""]","[""tt0047577"", ""tt0043131"", ""tt0048215"", ""tt0051247""]",https://www.imdb.com/name/nm0231409/,False
nm0231646,Judah Domke,1970,,"[""actor""]","[""tt0174336"", ""tt0174885"", ""tt0111252""]",https://www.imdb.com/name/nm0231646/,False
nm0232979,Fiona Donovan,,,"[""art_department"", ""production_designer"", ""art_director""]","[""tt2258904"", ""tt9214692"", ""tt2557478"", ""tt4052882""]",https://www.imdb.com/name/nm0232979/,False
nm0233145,Alison Doody,1966,,"[""actress"", ""archive_footage""]","[""tt0097576"", ""tt0090264"", ""tt0110442"", ""tt8178634""]",https://www.imdb.com/name/nm0233145/,False
nm0233306,Robert DoQui,1934,2008,"[""actor"", ""miscellaneous"", ""soundtrack""]","[""tt0093870"", ""tt0100502"", ""tt0107978"", ""tt0108122""]",https://www.imdb.com/name/nm0233306/,False
nm0233499,Chad Döreck,,,"[""actor"", ""director"", ""producer""]","[""tt18335752"", ""tt9827854"", ""tt15399898"", ""tt0318233""]",https://www.imdb.com/name/nm0233499/,False
nm0234385,Michel Doset,,,"[""actor""]","[""tt0085426""]",https://www.imdb.com/name/nm0234385/,False
nm0234864,Marion Dougherty,1923,2011,"[""casting_department"", ""casting_director"", ""producer""]","[""tt0093409"", ""tt0118883"", ""tt0102266"", ""tt0120784""]",https://www.imdb.com/name/nm0234864/,False
nm0235143,Kirk Douglas,,,"[""cinematographer"", ""camera_department"", ""visual_effects""]","[""tt0120461"", ""tt0110725"", ""tt0112384"", ""tt1986202""]",https://www.imdb.com/name/nm0235143/,False
nm0235427,Gary Dourdan,1966,,"[""actor"", ""producer"", ""director""]","[""tt0247082"", ""tt0118583"", ""tt0124901"", ""tt22181284""]",https://www.imdb.com/name/nm0235427/,False
nm0235652,Ann Dowd,1956,,"[""actress"", ""producer"", ""soundtrack""]","[""tt1971352"", ""tt7784604"", ""tt0333766"", ""tt1600196""]",https://www.imdb.com/name/nm0235652/,False
nm0235683,Nancy Dowd,1945,,"[""writer"", ""director"", ""actress""]","[""tt0076723"", ""tt0077362"", ""tt0084271"", ""tt0097731""]",https://www.imdb.com/name/nm0235683/,False
nm0235960,Robin Atkin Downes,1976,,"[""actor"", ""miscellaneous"", ""sound_department""]","[""tt2975590"", ""tt10167284"", ""tt2386490"", ""tt3065204""]",https://www.imdb.com/name/nm0235960/,False
nm0236279,Arthur Conan Doyle,1859,1930,"[""writer"", ""producer"", ""actor""]","[""tt0988045"", ""tt1475582"", ""tt0086661"", ""tt0163492""]",https://www.imdb.com/name/nm0236279/,False
nm0236313,Christopher Doyle,1952,,"[""cinematographer"", ""actor"", ""director""]","[""tt0842929"", ""tt0299977"", ""tt0212712"", ""tt0118694""]",https://www.imdb.com/name/nm0236313/,False
nm0236405,Julian Doyle,1942,,"[""director"", ""editor"", ""assistant_director""]","[""tt0088846"", ""tt0081633"", ""tt0974536"", ""tt0071853""]",https://www.imdb.com/name/nm0236405/,False
nm0236462,Patrick Doyle,1953,,"[""composer"", ""actor"", ""music_department""]","[""tt3402236"", ""tt1217209"", ""tt0330373"", ""tt0106519""]",https://www.imdb.com/name/nm0236462/,False
nm0236519,Brian Doyle-Murray,1945,,"[""actor"", ""writer"", ""music_department""]","[""tt0080487"", ""tt0102138"", ""tt0107048"", ""tt0105793""]",https://www.imdb.com/name/nm0236519/,False
nm0236884,Diane Drake,,,"[""writer"", ""actress""]","[""tt0110737"", ""tt7634968"", ""tt0207201"", ""tt1667150""]",https://www.imdb.com/name/nm0236884/,False
nm0236946,Judith Drake,1942,2022,"[""actress"", ""producer"", ""archive_footage""]","[""tt0138524"", ""tt0829297"", ""tt0437863"", ""tt0251736""]",https://www.imdb.com/name/nm0236946/,False
nm0237244,Milena Dravić,1940,2018,"[""actress"", ""soundtrack"", ""archive_footage""]","[""tt0067958"", ""tt0056366"", ""tt0180005"", ""tt0122995""]",https://www.imdb.com/name/nm0237244/,False
nm0237779,Jorge Drexler,1964,,"[""composer"", ""actor"", ""music_department""]","[""tt0318462"", ""tt1186357"", ""tt0495219"", ""tt0231040""]",https://www.imdb.com/name/nm0237779/,False
nm0238369,Éric Drouin,,,"[""editor"", ""editorial_department""]","[""tt0790602"", ""tt0380089"", ""tt2552026"", ""tt1625015""]",https://www.imdb.com/name/nm0238369/,False
nm0238635,Karen Drury,1958,,"[""actress""]","[""tt0108687"", ""tt2395417"", ""tt0096555"", ""tt0096546""]",https://www.imdb.com/name/nm0238635/,False
nm0238841,Don Mancini,1963,,"[""writer"", ""producer"", ""director""]","[""tt0387575"", ""tt0144120"", ""tt8388390"", ""tt0094862""]",https://www.imdb.com/name/nm0238841/,False
nm0238898,Daphne Du Maurier,1907,1989,"[""writer"", ""archive_footage""]","[""tt0056869"", ""tt0032976"", ""tt2235695"", ""tt0069995""]",https://www.imdb.com/name/nm0238898/,False
nm0239541,Dana Dubovsky,,,"[""producer"", ""writer"", ""actress""]","[""tt1844770"", ""tt1422653"", ""tt0452668"", ""tt0353357""]",https://www.imdb.com/name/nm0239541/,False
nm0239575,Martin Dubreuil,1972,,"[""actor"", ""music_department"", ""sound_department""]","[""tt0445054"", ""tt5515966"", ""tt8674518"", ""tt9327584""]",https://www.imdb.com/name/nm0239575/,False
nm0240239,William Duell,1923,2011,"[""actor"", ""soundtrack"", ""archive_footage""]","[""tt0073486"", ""tt0068156"", ""tt0251127"", ""tt0119360""]",https://www.imdb.com/name/nm0240239/,False
nm0240783,Denny Dugally,,,"[""production_designer"", ""art_department"", ""art_director""]","[""tt7255502"", ""tt10323338"", ""tt2660888"", ""tt0367279""]",https://www.imdb.com/name/nm0240783/,False
nm0241173,Clark Duke,,,"[""actor"", ""director"", ""writer""]","[""tt9139586"", ""tt1231587"", ""tt1250777"", ""tt0386676""]",https://www.imdb.com/name/nm0241173/,False
nm0241538,Antoine du Merle,1988,,"[""actor"", ""miscellaneous""]","[""tt0215757"", ""tt1124397"", ""tt0114790"", ""tt0114732""]",https://www.imdb.com/name/nm0241538/,False
nm0242172,David Dundas,1945,,"[""actor"", ""composer"", ""music_department""]","[""tt0094336"", ""tt0186045"", ""tt0064699"", ""tt0192071""]",https://www.imdb.com/name/nm0242172/,False
nm0242491,Andrew Dunn,,,"[""cinematographer"", ""camera_department"", ""producer""]","[""tt8521718"", ""tt1659337"", ""tt1570728"", ""tt0929632""]",https://www.imdb.com/name/nm0242491/,False
nm0243355,Albert Dupontel,1964,,"[""actor"", ""writer"", ""director""]","[""tt0290673"", ""tt2853614"", ""tt5258850"", ""tt10196398""]",https://www.imdb.com/name/nm0243355/,False
nm0243806,Kevin Durand,1974,,"[""actor"", ""director"", ""writer""]","[""tt3402138"", ""tt11389872"", ""tt27489557"", ""tt0955308""]",https://www.imdb.com/name/nm0243806/,False
nm0244349,Alexandra Durrell,,,"[""actress"", ""producer""]","[""tt0096344"", ""tt0108447""]",https://www.imdb.com/name/nm0244349/,False
nm0244900,Rajatabha Dutta,1967,,"[""actor"", ""music_department""]","[""tt0249866"", ""tt4959358"", ""tt6396296"", ""tt3329526""]",https://www.imdb.com/name/nm0244900/,False
nm0245112,Clea DuVall,1977,,"[""actress"", ""writer"", ""producer""]","[""tt1024648"", ""tt0133751"", ""tt0179116"", ""tt0309698""]",https://www.imdb.com/name/nm0245112/,False
nm0245653,Dale Dye,1944,,"[""actor"", ""miscellaneous"", ""writer""]","[""tt0117060"", ""tt1013743"", ""tt0266987"", ""tt0091763""]",https://www.imdb.com/name/nm0245653/,False
nm0247590,Nathan Easterling,1972,,"[""editor"", ""editorial_department"", ""production_department""]","[""tt13745850"", ""tt3914054"", ""tt6548228"", ""tt3921180""]",https://www.imdb.com/name/nm0247590/,False
nm0247762,Kyle Eastwood,1968,,"[""music_department"", ""composer"", ""actor""]","[""tt1205489"", ""tt1057500"", ""tt0498380"", ""tt0327056""]",https://www.imdb.com/name/nm0247762/,False
nm0248121,Riccardo Eberspacher,,,"[""composer"", ""music_department""]","[""tt0890885"", ""tt4073890"", ""tt1746624"", ""tt2510268""]",https://www.imdb.com/name/nm0248121/,False
nm0248616,John M. Eckert,,,"[""producer"", ""production_manager"", ""assistant_director""]","[""tt0120609"", ""tt0242445"", ""tt0299658"", ""tt0217630""]",https://www.imdb.com/name/nm0248616/,False
nm0249378,Matthew Edison,1975,,"[""actor"", ""writer"", ""director""]","[""tt0103352"", ""tt0158466"", ""tt1312171"", ""tt9111220""]",https://www.imdb.com/name/nm0249378/,False
nm0249661,Sebastian Edschmid,1965,,"[""cinematographer"", ""camera_department"", ""writer""]","[""tt1181791"", ""tt0218141"", ""tt0289733"", ""tt0316290""]",https://www.imdb.com/name/nm0249661/,False
nm0249921,Daryl Edwards,1961,,"[""actor""]","[""tt8421350"", ""tt3322312"", ""tt2149175"", ""tt0098844""]",https://www.imdb.com/name/nm0249921/,False
nm0250659,Christopher Egan,1984,,"[""actor"", ""assistant_director"", ""archive_footage""]","[""tt0432021"", ""tt0449010"", ""tt1137462"", ""tt3079768""]",https://www.imdb.com/name/nm0250659/,False
nm0251204,Corky Ehlers,,,"[""editor"", ""editorial_department""]","[""tt0085750"", ""tt0107007"", ""tt0096639"", ""tt0102005""]",https://www.imdb.com/name/nm0251204/,False
nm0251382,Richard Ehrlich,,,"[""actor""]","[""tt0107818"", ""tt0112112"", ""tt0109360"", ""tt0275692""]",https://www.imdb.com/name/nm0251382/,False
nm0251416,Ehsaan Noorani,,,"[""composer"", ""music_department"", ""actor""]","[""tt0347304"", ""tt1188996"", ""tt1562872"", ""tt2372678""]",https://www.imdb.com/name/nm0251416/,False
nm0251632,Philippe Eidel,1956,2018,"[""composer"", ""music_department"", ""actor""]","[""tt0115940"", ""tt0106573"", ""tt0097810"", ""tt0096994""]",https://www.imdb.com/name/nm0251632/,False
nm0252478,Kerstin Ekman,1933,,"[""writer""]","[""tt0054420"", ""tt0937378"", ""tt11862812"", ""tt0220936""]",https://www.imdb.com/name/nm0252478/,False
nm0252578,Hassan El Adl,,,"[""actor""]","[""tt0418906"", ""tt43399803"", ""tt0119629"", ""tt15671280""]",https://www.imdb.com/name/nm0252578/,False
nm0252770,Hanan Turk,1975,,"[""actress""]","[""tt0479901"", ""tt0366581"", ""tt0328349"", ""tt1050719""]",https://www.imdb.com/name/nm0252770/,False
nm0252850,Soheir El-Morshidy,1946,,"[""actress""]","[""tt37916810"", ""tt32832275"", ""tt36460261"", ""tt0066379""]",https://www.imdb.com/name/nm0252850/,False
nm0253486,Jonathan Elias,1956,,"[""music_department"", ""composer"", ""producer""]","[""tt0091635"", ""tt0409459"", ""tt1082601"", ""tt0800325""]",https://www.imdb.com/name/nm0253486/,False
nm0254069,Penny Ellers,,,"[""casting_director"", ""miscellaneous"", ""casting_department""]","[""tt0092319"", ""tt0346222"", ""tt0090274"", ""tt0168344""]",https://www.imdb.com/name/nm0254069/,False
nm0254277,Marcus Elliott,,,"[""cinematographer"", ""camera_department"", ""actor""]","[""tt0110215"", ""tt0293664"", ""tt5499908"", ""tt2247314""]",https://www.imdb.com/name/nm0254277/,False
nm0254398,Caroline Elliott,1985,,"[""actress""]","[""tt0107438"", ""tt0238550"", ""tt0118040"", ""tt0112111""]",https://www.imdb.com/name/nm0254398/,False
nm0254673,William A. Elliott,,,"[""production_designer"", ""art_director"", ""art_department""]","[""tt0094226"", ""tt0228333"", ""tt0119664"", ""tt0117218""]",https://www.imdb.com/name/nm0254673/,False
nm0255353,Lisa Ellzey,,,"[""producer"", ""miscellaneous"", ""production_manager""]","[""tt1291584"", ""tt0320661"", ""tt32434379"", ""tt10059518""]",https://www.imdb.com/name/nm0255353/,False
nm0255573,Michael Elphick,1946,2002,"[""actor"", ""archive_footage""]","[""tt0080678"", ""tt0087280"", ""tt0085615"", ""tt0094336""]",https://www.imdb.com/name/nm0255573/,False
nm0256318,Lisa Emery,1952,,"[""actress"", ""soundtrack""]","[""tt1814621"", ""tt0250797"", ""tt0111742"", ""tt5071412""]",https://www.imdb.com/name/nm0256318/,False
nm0256343,Ross Emery,,,"[""cinematographer"", ""camera_department"", ""assistant_director""]","[""tt0133093"", ""tt15940132"", ""tt9376612"", ""tt14174940""]",https://www.imdb.com/name/nm0256343/,False
nm0256475,François Emmanuelli,,,"[""production_designer"", ""art_director"", ""actor""]","[""tt0283900"", ""tt1675434"", ""tt2800240"", ""tt0189916""]",https://www.imdb.com/name/nm0256475/,False
nm0257187,Julie Engelbrecht,1984,,"[""actress"", ""miscellaneous"", ""archive_footage""]","[""tt1618442"", ""tt2654620"", ""tt0384369"", ""tt0365675""]",https://www.imdb.com/name/nm0257187/,False
nm0257417,Bryan England,,,"[""cinematographer"", ""camera_department"", ""actor""]","[""tt0097388"", ""tt0134269"", ""tt0118452"", ""tt0092030""]",https://www.imdb.com/name/nm0257417/,False
nm0257934,Takaaki Enoki,1956,,"[""actor"", ""archive_footage""]","[""tt0099753"", ""tt6344334"", ""tt0888679"", ""tt0316665""]",https://www.imdb.com/name/nm0257934/,False
nm0258414,Jacqueline Epskamp,,,"[""writer"", ""miscellaneous"", ""director""]","[""tt1691232"", ""tt6132250"", ""tt1394226"", ""tt2421012""]",https://www.imdb.com/name/nm0258414/,False
nm0258673,Mehmet Ali Erbil,1957,,"[""actor""]","[""tt5610466"", ""tt0470833"", ""tt0415850"", ""tt5610558""]",https://www.imdb.com/name/nm0258673/,False
nm0258881,Kemal Kenan Ergen,1967,2022,"[""writer""]","[""tt3475504"", ""tt0366842"", ""tt4325152"", ""tt0427323""]",https://www.imdb.com/name/nm0258881/,False
nm0259445,Tom Erisman,1954,,"[""cinematographer"", ""camera_department"", ""art_department""]","[""tt7174134"", ""tt3430416"", ""tt0480268"", ""tt1954315""]",https://www.imdb.com/name/nm0259445/,False
nm0259472,Altan Erkekli,1955,,"[""actor""]","[""tt0270053"", ""tt1202363"", ""tt0470883"", ""tt6316138""]",https://www.imdb.com/name/nm0259472/,False
nm0260389,Jean-Yves Escoffier,1950,2003,"[""cinematographer"", ""camera_department"", ""archive_footage""]","[""tt0101318"", ""tt0179626"", ""tt0119217"", ""tt0308383""]",https://www.imdb.com/name/nm0260389/,False
nm0260675,John Eskow,,2024,"[""writer"", ""producer""]","[""tt0120746"", ""tt0099005"", ""tt0098097"", ""tt12586592""]",https://www.imdb.com/name/nm0260675/,False
nm0261124,Jonathan Espolin-Johnson,,,"[""actor""]","[""tt5191110"", ""tt2102465"", ""tt3132500"", ""tt0914364""]",https://www.imdb.com/name/nm0261124/,False
nm0261695,María Esteve,1974,,"[""actress"", ""soundtrack"", ""archive_footage""]","[""tt0301524"", ""tt0242285"", ""tt0175942"", ""tt0446312""]",https://www.imdb.com/name/nm0261695/,False
nm0262909,John Evans,1943,2019,"[""actor""]","[""tt1132290"", ""tt0123816"", ""tt0076909"", ""tt0163016""]",https://www.imdb.com/name/nm0262909/,False
nm0263988,Marty P. Ewing,,,"[""assistant_director"", ""producer"", ""production_manager""]","[""tt1396484"", ""tt7349950"", ""tt0119094"", ""tt0181875""]",https://www.imdb.com/name/nm0263988/,False
nm0264554,Françoise Fabian,1933,,"[""actress"", ""writer"", ""soundtrack""]","[""tt0064612"", ""tt0061395"", ""tt0069815"", ""tt2315200""]",https://www.imdb.com/name/nm0264554/,False
nm0264679,Jean-Marc Fabre,1964,,"[""cinematographer"", ""assistant_director"", ""director""]","[""tt0108044"", ""tt10098442"", ""tt1469862"", ""tt1533813""]",https://www.imdb.com/name/nm0264679/,False
nm0265189,Kate Fahy,1950,,"[""actress"", ""miscellaneous""]","[""tt1034303"", ""tt0483719"", ""tt22898462"", ""tt0101123""]",https://www.imdb.com/name/nm0265189/,False
nm0265637,Michael Fairman,1934,,"[""actor"", ""writer"", ""director""]","[""tt0166924"", ""tt0455760"", ""tt0146309"", ""tt0083395""]",https://www.imdb.com/name/nm0265637/,False
nm0265670,Frankie Faison,1949,,"[""actor"", ""soundtrack"", ""archive_footage""]","[""tt0094898"", ""tt0097216"", ""tt0381707"", ""tt0155267""]",https://www.imdb.com/name/nm0265670/,False
nm0266113,Stefano Falivene,,,"[""cinematographer"", ""camera_department"", ""director""]","[""tt0362270"", ""tt0317740"", ""tt0116040"", ""tt0102070""]",https://www.imdb.com/name/nm0266113/,False
nm0266236,Kort Falkenberg,1917,2006,"[""actor"", ""sound_department""]","[""tt0098105"", ""tt0055666"", ""tt0096707"", ""tt0096684""]",https://www.imdb.com/name/nm0266236/,False
nm0267115,Hossain Farazmand,,,"[""actor""]","[""tt0100234"", ""tt12690018""]",https://www.imdb.com/name/nm0267115/,False
nm0267789,Paul Farmer,,,"[""actor""]","[""tt0096344""]",https://www.imdb.com/name/nm0267789/,False
nm0267812,Vera Farmiga,1973,,"[""actress"", ""producer"", ""director""]","[""tt0407887"", ""tt1193138"", ""tt1148204"", ""tt2188671""]",https://www.imdb.com/name/nm0267812/,False
nm0268199,Colin Farrell,1976,,"[""actor"", ""producer"", ""director""]","[""tt3464902"", ""tt0780536"", ""tt1931533"", ""tt0257076""]",https://www.imdb.com/name/nm0268199/,False
nm0268297,Nicholas Farrell,1955,,"[""actor"", ""archive_footage""]","[""tt0454776"", ""tt0116477"", ""tt1007029"", ""tt0082158""]",https://www.imdb.com/name/nm0268297/,False
nm0268356,Tom Riis Farrell,1959,,"[""actor""]","[""tt0108160"", ""tt0327162"", ""tt0181875"", ""tt0105323""]",https://www.imdb.com/name/nm0268356/,False
nm0268647,Felicia Fasano,1965,,"[""casting_director"", ""casting_department"", ""producer""]","[""tt4370596"", ""tt0904208"", ""tt4094300"", ""tt0307987""]",https://www.imdb.com/name/nm0268647/,False
nm0269419,Pierfrancesco Favino,1969,,"[""actor"", ""miscellaneous"", ""producer""]","[""tt0816711"", ""tt1979320"", ""tt7736478"", ""tt1565068""]",https://www.imdb.com/name/nm0269419/,False
nm0269463,Jon Favreau,1966,,"[""producer"", ""actor"", ""writer""]","[""tt2883512"", ""tt0371746"", ""tt0117802"", ""tt4154796""]",https://www.imdb.com/name/nm0269463/,False
nm0270119,Luciano Federico,,,"[""actor"", ""director"", ""writer""]","[""tt0213847"", ""tt0335345"", ""tt0142063"", ""tt0122335""]",https://www.imdb.com/name/nm0270119/,False
nm0270454,Kaja Fehr,1950,,"[""editor"", ""editorial_department""]","[""tt0089841"", ""tt0110763"", ""tt0455275"", ""tt1844624""]",https://www.imdb.com/name/nm0270454/,False
nm0270549,Erik Feig,,,"[""producer"", ""production_manager"", ""miscellaneous""]","[""tt31184028"", ""tt4425200"", ""tt21232992"", ""tt1099212""]",https://www.imdb.com/name/nm0270549/,False
nm0270559,Kevin Feige,1973,,"[""producer"", ""miscellaneous"", ""production_manager""]","[""tt1825683"", ""tt4154796"", ""tt2015381"", ""tt10872600""]",https://www.imdb.com/name/nm0270559/,False
nm0271076,Leslee Feldman,,,"[""casting_director"", ""casting_department""]","[""tt0307453"", ""tt15047880"", ""tt1219827"", ""tt1677720""]",https://www.imdb.com/name/nm0271076/,False
nm0271474,Todd Fellman,,,"[""producer"", ""assistant_director"", ""production_department""]","[""tt0433362"", ""tt5461944"", ""tt5797184"", ""tt3758172""]",https://www.imdb.com/name/nm0271474/,False
nm0271479,Eric Fellner,1959,,"[""producer"", ""executive"", ""production_department""]","[""tt1707386"", ""tt17526714"", ""tt0475276"", ""tt0783233""]",https://www.imdb.com/name/nm0271479/,False
nm0271657,Tom Felton,1987,,"[""actor"", ""producer"", ""director""]","[""tt0241527"", ""tt1318514"", ""tt0304141"", ""tt0417741""]",https://www.imdb.com/name/nm0271657/,False
nm0272090,Thomas Fenton,,,"[""writer"", ""camera_department"", ""director""]","[""tt0890870"", ""tt2537176"", ""tt0128620"", ""tt0106761""]",https://www.imdb.com/name/nm0272090/,False
nm0272401,Craig Ferguson,1962,,"[""writer"", ""music_department"", ""actor""]","[""tt0325352"", ""tt1449283"", ""tt1646971"", ""tt0195234""]",https://www.imdb.com/name/nm0272401/,False
nm0272471,Jay Ferguson,1947,,"[""composer"", ""music_department"", ""actor""]","[""tt1378167"", ""tt0088247"", ""tt8946378"", ""tt0305357""]",https://www.imdb.com/name/nm0272471/,False
nm0273208,Álvaro Fernández Armero,1969,,"[""director"", ""writer"", ""producer""]","[""tt0103988"", ""tt14369598"", ""tt5868802"", ""tt0242285""]",https://www.imdb.com/name/nm0273208/,False
nm0273362,Adolfo Fernández,1958,2025,"[""actor"", ""miscellaneous"", ""archive_footage""]","[""tt0231040"", ""tt0287467"", ""tt0463451"", ""tt0242154""]",https://www.imdb.com/name/nm0273362/,False
nm0273832,Gustavo Ferrada,,,"[""producer"", ""actor"", ""director""]","[""tt4729430"", ""tt0395125"", ""tt4102336"", ""tt0325145""]",https://www.imdb.com/name/nm0273832/,False
nm0274684,Martin Ferrero,1947,,"[""actor"", ""soundtrack"", ""archive_footage""]","[""tt0107290"", ""tt0093748"", ""tt0113277"", ""tt0086759""]",https://www.imdb.com/name/nm0274684/,False
nm0275244,Larry Fessenden,1963,,"[""actor"", ""producer"", ""director""]","[""tt0113241"", ""tt8695030"", ""tt1853739"", ""tt0275067""]",https://www.imdb.com/name/nm0275244/,False
nm0275417,Mark Feuerstein,1971,,"[""actor"", ""producer"", ""writer""]","[""tt0207201"", ""tt1034303"", ""tt2101569"", ""tt0388125""]",https://www.imdb.com/name/nm0275417/,False
nm0275736,Necla Fide,1958,,"[""actress""]","[""tt1322930"", ""tt0182060"", ""tt1691341"", ""tt8473152""]",https://www.imdb.com/name/nm0275736/,False
nm0276059,Ted Field,1953,,"[""producer"", ""actor"", ""miscellaneous""]","[""tt0094889"", ""tt0113862"", ""tt0296572"", ""tt1411250""]",https://www.imdb.com/name/nm0276059/,False
nm0276169,Tom Holland,1943,,"[""actor"", ""writer"", ""director""]","[""tt0089175"", ""tt0094862"", ""tt0086154"", ""tt8663516""]",https://www.imdb.com/name/nm0276169/,False
nm0276405,Steven Fierberg,,,"[""cinematographer"", ""camera_department"", ""director""]","[""tt8962124"", ""tt2699110"", ""tt0758752"", ""tt0274812""]",https://www.imdb.com/name/nm0276405/,False
nm0277124,Vince Filippone,,,"[""editorial_department"", ""visual_effects"", ""editor""]","[""tt1464540"", ""tt8851668"", ""tt1270797"", ""tt0120685""]",https://www.imdb.com/name/nm0277124/,False
nm0278139,Mali Finn,1938,2007,"[""casting_director"", ""casting_department""]","[""tt0119488"", ""tt0499549"", ""tt0120338"", ""tt0117060""]",https://www.imdb.com/name/nm0278139/,False
nm0278168,Sarah Finn,,,"[""casting_director"", ""producer"", ""casting_department""]","[""tt0375679"", ""tt4154796"", ""tt6710474"", ""tt5027774""]",https://www.imdb.com/name/nm0278168/,False
nm0278868,David Fischer,,,"[""production_designer"", ""art_director"", ""art_department""]","[""tt0093886"", ""tt0097388"", ""tt0088024"", ""tt0156442""]",https://www.imdb.com/name/nm0278868/,False
nm0279651,Lucy Fisher,,,"[""producer"", ""executive""]","[""tt9218128"", ""tt1343092"", ""tt1840309"", ""tt0397535""]",https://www.imdb.com/name/nm0279651/,False
nm0280494,Brian Fitzpatrick,1957,,"[""actor""]","[""tt0128886"", ""tt0065272"", ""tt1219024"", ""tt0092325""]",https://www.imdb.com/name/nm0280494/,False
nm0280959,Thierry Flamand,1953,,"[""production_designer"", ""actor"", ""art_director""]","[""tt2316801"", ""tt0228786"", ""tt0795370"", ""tt0101458""]",https://www.imdb.com/name/nm0280959/,False
nm0280999,Sylvia Flammer,,,"[""actress""]","[""tt0281686"", ""tt0138703""]",https://www.imdb.com/name/nm0280999/,False
nm0281074,Markus Flanagan,1964,,"[""actor"", ""writer"", ""producer""]","[""tt1055292"", ""tt0094746"", ""tt0431197"", ""tt0814314""]",https://www.imdb.com/name/nm0281074/,False
nm0281448,Kate Fleetwood,1972,,"[""actress"", ""soundtrack"", ""archive_footage""]","[""tt0926084"", ""tt1707386"", ""tt2488496"", ""tt4669264""]",https://www.imdb.com/name/nm0281448/,False
nm0282268,Frank Flick,,,"[""camera_department"", ""cinematographer"", ""visual_effects""]","[""tt1684562"", ""tt9376612"", ""tt14174940"", ""tt2316204""]",https://www.imdb.com/name/nm0282268/,False
nm0282463,Bjørn Floberg,1947,,"[""actor"", ""archive_footage""]","[""tt7319496"", ""tt2802144"", ""tt0281924"", ""tt0119375""]",https://www.imdb.com/name/nm0282463/,False
nm0282530,Suzanne Flon,1918,2005,"[""actress"", ""archive_footage"", ""archive_sound""]","[""tt0057427"", ""tt0044926"", ""tt0322289"", ""tt0059825""]",https://www.imdb.com/name/nm0282530/,False
nm0283200,Kim Flowers,,,"[""actress"", ""archive_footage""]","[""tt0118583"", ""tt0120669"", ""tt0109444"", ""tt0127722""]",https://www.imdb.com/name/nm0283200/,False
nm0283477,Jim Flynn,,,"[""editor"", ""editorial_department"", ""visual_effects""]","[""tt8740790"", ""tt33336202"", ""tt6763664"", ""tt2203939""]",https://www.imdb.com/name/nm0283477/,False
nm0283809,Allan Foenander,1929,2021,"[""casting_director"", ""casting_department""]","[""tt0079428"", ""tt0081809"", ""tt0078474"", ""tt0070939""]",https://www.imdb.com/name/nm0283809/,False
nm0283810,Stéphane Foenkinos,1968,,"[""casting_director"", ""actor"", ""casting_department""]","[""tt1605783"", ""tt3640424"", ""tt1828995"", ""tt0381061""]",https://www.imdb.com/name/nm0283810/,False
nm0284261,Ruy Folguera,,,"[""composer"", ""music_department"", ""actor""]","[""tt0120812"", ""tt0970416"", ""tt0293564"", ""tt0367479""]",https://www.imdb.com/name/nm0284261/,False
nm0284272,Abel Folk,1959,,"[""actor"", ""director"", ""miscellaneous""]","[""tt0086190"", ""tt12829756"", ""tt0120737"", ""tt0144214""]",https://www.imdb.com/name/nm0284272/,False
nm0284608,Feng Tien,1928,2015,"[""actor"", ""director"", ""assistant_director""]","[""tt0092263"", ""tt0068767"", ""tt0070800"", ""tt0185174""]",https://www.imdb.com/name/nm0284608/,False
nm0284860,Stéphane Fontaine,,,"[""cinematographer"", ""camera_department""]","[""tt1235166"", ""tt3553976"", ""tt1619029"", ""tt20215234""]",https://www.imdb.com/name/nm0284860/,False
nm0286247,Michel Forget,1942,,"[""actor"", ""archive_footage""]","[""tt0299283"", ""tt0170966"", ""tt0279083"", ""tt0090467""]",https://www.imdb.com/name/nm0286247/,False
nm0286331,Chaka Forman,,,"[""actor""]","[""tt0433387"", ""tt0106079"", ""tt0291001"", ""tt0166044""]",https://www.imdb.com/name/nm0286331/,False
nm0286782,Cecilia Forsberg,,,"[""producer"", ""production_department"", ""production_manager""]","[""tt1686313"", ""tt5183654"", ""tt36617411"", ""tt13316790""]",https://www.imdb.com/name/nm0286782/,False
nm0287071,Rosemary Forsyth,1943,,"[""actress"", ""archive_footage""]","[""tt0109635"", ""tt0228333"", ""tt0059711"", ""tt0116040""]",https://www.imdb.com/name/nm0287071/,False
nm0287759,David Foster,1929,2019,"[""producer"", ""miscellaneous"", ""executive""]","[""tt0298814"", ""tt0120746"", ""tt0084787"", ""tt0233469""]",https://www.imdb.com/name/nm0287759/,False
nm0287898,Jon Foster,1984,,"[""actor"", ""producer""]","[""tt0441796"", ""tt0181852"", ""tt0865554"", ""tt0348593""]",https://www.imdb.com/name/nm0287898/,False
nm0288260,Olwen Fouéré,,,"[""actress"", ""writer"", ""director""]","[""tt26736843"", ""tt11755740"", ""tt6998518"", ""tt2580382""]",https://www.imdb.com/name/nm0288260/,False
nm0288911,Celestia Fox,,,"[""casting_director"", ""casting_department"", ""producer""]","[""tt0320691"", ""tt0091419"", ""tt0091605"", ""tt0107943""]",https://www.imdb.com/name/nm0288911/,False
nm0289694,Kevin Scott Frakes,1978,,"[""producer"", ""actor"", ""assistant_director""]","[""tt7784604"", ""tt2911666"", ""tt4972582"", ""tt3544112""]",https://www.imdb.com/name/nm0289694/,False
nm0290050,Massimo Franciosa,1924,1998,"[""writer"", ""director""]","[""tt0057091"", ""tt0056389"", ""tt0050435"", ""tt0054248""]",https://www.imdb.com/name/nm0290050/,False
nm0290475,Don Francks,1932,2016,"[""actor"", ""music_department"", ""writer""]","[""tt0082782"", ""tt0082509"", ""tt0113481"", ""tt0368794""]",https://www.imdb.com/name/nm0290475/,False
nm0290556,James Franco,1978,,"[""actor"", ""producer"", ""director""]","[""tt3521126"", ""tt2101441"", ""tt1542344"", ""tt0910936""]",https://www.imdb.com/name/nm0290556/,False
nm0291314,John Frankish,,,"[""art_department"", ""art_director"", ""production_designer""]","[""tt0241303"", ""tt0280707"", ""tt6654210"", ""tt0088846""]",https://www.imdb.com/name/nm0291314/,False
nm0292114,Duncan Fraser,,,"[""actor""]","[""tt0404032"", ""tt3829266"", ""tt0111438"", ""tt0397313""]",https://www.imdb.com/name/nm0292114/,False
nm0292132,Greig Fraser,1975,,"[""cinematographer"", ""producer"", ""camera_department""]","[""tt1160419"", ""tt3748528"", ""tt1790885"", ""tt1877830""]",https://www.imdb.com/name/nm0292132/,False
nm0292250,Tom Fraser,,,"[""camera_department"", ""cinematographer""]","[""tt0120591"", ""tt0251736"", ""tt0105402"", ""tt0092455""]",https://www.imdb.com/name/nm0292250/,False
nm0293422,J.E. Freeman,1946,2014,"[""actor"", ""archive_footage""]","[""tt0100150"", ""tt0118583"", ""tt0105112"", ""tt0112722""]",https://www.imdb.com/name/nm0293422/,False
nm0294580,James Frey,1969,,"[""producer"", ""writer"", ""actor""]","[""tt8722346"", ""tt1464540"", ""tt0168197"", ""tt12992178""]",https://www.imdb.com/name/nm0294580/,False
nm0294969,Paul Fried,,,"[""editor"", ""production_manager""]","[""tt0096087"", ""tt0084704"", ""tt0094827"", ""tt0098230""]",https://www.imdb.com/name/nm0294969/,False
nm0295264,Josh Friedman,,,"[""writer"", ""producer""]","[""tt11389872"", ""tt10676052"", ""tt1757678"", ""tt6450804""]",https://www.imdb.com/name/nm0295264/,False
nm0295437,Inka Friedrich,1965,,"[""actress""]","[""tt0477877"", ""tt2779016"", ""tt1780856"", ""tt1346960""]",https://www.imdb.com/name/nm0295437/,False
nm0296219,Joanne Froggatt,1980,,"[""actress"", ""producer"", ""executive""]","[""tt31510819"", ""tt1606375"", ""tt28509857"", ""tt6021284""]",https://www.imdb.com/name/nm0296219/,False
nm0296243,Clayton Frohman,,,"[""writer"", ""composer"", ""actor""]","[""tt1034303"", ""tt0086510"", ""tt0097182"", ""tt0099245""]",https://www.imdb.com/name/nm0296243/,False
nm0296339,Mike Fromentin,1972,,"[""editor"", ""editorial_department"", ""sound_department""]","[""tt3256226"", ""tt0346491"", ""tt13968396"", ""tt1075113""]",https://www.imdb.com/name/nm0296339/,False
nm0296403,Dean E. Fronk,,,"[""casting_director"", ""casting_department"", ""producer""]","[""tt2467046"", ""tt9419834"", ""tt0251736"", ""tt0851530""]",https://www.imdb.com/name/nm0296403/,False
nm0296534,Lindsay Frost,1962,,"[""actress"", ""archive_footage""]","[""tt0298130"", ""tt0233469"", ""tt0094961"", ""tt0106004""]",https://www.imdb.com/name/nm0296534/,False
nm0296594,Catherine Frot,1956,,"[""actress"", ""writer"", ""soundtrack""]","[""tt4428788"", ""tt0119038"", ""tt0118015"", ""tt1206478""]",https://www.imdb.com/name/nm0296594/,False
nm0296809,Jan Frycz,1954,2026,"[""actor"", ""soundtrack""]","[""tt0357037"", ""tt0426173"", ""tt11368998"", ""tt0400688""]",https://www.imdb.com/name/nm0296809/,False
nm0297149,Jun Fubuki,1952,,"[""actress"", ""archive_footage""]","[""tt0286751"", ""tt0102480"", ""tt0495596"", ""tt1798188""]",https://www.imdb.com/name/nm0297149/,False
nm0297229,Jason Fuchs,1986,,"[""actor"", ""writer"", ""producer""]","[""tt0451279"", ""tt7349950"", ""tt15009428"", ""tt1667889""]",https://www.imdb.com/name/nm0297229/,False
nm0297921,Rica Fukami,1963,,"[""actress"", ""miscellaneous"", ""soundtrack""]","[""tt0388944"", ""tt0103369"", ""tt11655566"", ""tt0106417""]",https://www.imdb.com/name/nm0297921/,False
nm0298089,Christopher Fulford,1955,,"[""actor""]","[""tt0457513"", ""tt0424205"", ""tt1837636"", ""tt0093771""]",https://www.imdb.com/name/nm0298089/,False
nm0298282,Lance Fuller,1928,2001,"[""actor"", ""archive_footage""]","[""tt0047577"", ""tt0051666"", ""tt0048474"", ""tt0049403""]",https://www.imdb.com/name/nm0298282/,False
nm0299228,Toru Furuya,1953,,"[""actor"", ""soundtrack"", ""archive_footage""]","[""tt0851578"", ""tt2263944"", ""tt0095262"", ""tt0103369""]",https://www.imdb.com/name/nm0299228/,False
nm0299479,Mac Fyfe,,,"[""actor"", ""archive_footage""]","[""tt0192614"", ""tt1401607"", ""tt1215482"", ""tt1149608""]",https://www.imdb.com/name/nm0299479/,False
nm0300166,Mike Gabrawy,1969,,"[""producer"", ""visual_effects"", ""production_department""]","[""tt5461944"", ""tt0120804"", ""tt0116629"", ""tt0111282""]",https://www.imdb.com/name/nm0300166/,False
nm0301157,Diane Gaidry,1964,2019,"[""actress"", ""producer""]","[""tt0323120"", ""tt0309521"", ""tt0342823"", ""tt6492186""]",https://www.imdb.com/name/nm0301157/,False
nm0301168,Truman Gaige,1906,2002,"[""actor""]","[""tt0370179"", ""tt0087354"", ""tt0190169"", ""tt0062284""]",https://www.imdb.com/name/nm0301168/,False
nm0301428,Nick Gaitatjis,,,"[""director"", ""producer"", ""writer""]","[""tt1309575"", ""tt3761100"", ""tt4077102"", ""tt0483631""]",https://www.imdb.com/name/nm0301428/,False
nm0301826,Bob Gale,1951,,"[""writer"", ""producer"", ""director""]","[""tt0088763"", ""tt0165832"", ""tt0099088"", ""tt0096874""]",https://www.imdb.com/name/nm0301826/,False
nm0303348,Nigel Galt,1953,,"[""sound_department"", ""editor"", ""editorial_department""]","[""tt8883524"", ""tt0808265"", ""tt0120663"", ""tt0093058""]",https://www.imdb.com/name/nm0303348/,False
nm0303922,Mercedes Gamero,,,"[""producer"", ""actress"", ""miscellaneous""]","[""tt3253930"", ""tt1715336"", ""tt6908274"", ""tt1937149""]",https://www.imdb.com/name/nm0303922/,False
nm0304265,Delhi Ganesh,1944,2024,"[""actor"", ""producer""]","[""tt2112124"", ""tt0215037"", ""tt0093603"", ""tt1355546""]",https://www.imdb.com/name/nm0304265/,False
nm0304708,Eddy Ko,1937,,"[""actor"", ""stunts""]","[""tt0122151"", ""tt0113326"", ""tt3659388"", ""tt0079051""]",https://www.imdb.com/name/nm0304708/,False
nm0304840,Dániel Garas,1973,,"[""cinematographer"", ""actor"", ""camera_department""]","[""tt8648880"", ""tt4733346"", ""tt2102465"", ""tt0273840""]",https://www.imdb.com/name/nm0304840/,False
nm0305309,Ken Garcia,,2012,"[""actor"", ""director"", ""writer""]","[""tt2288493"", ""tt0460636"", ""tt0787407"", ""tt1045673""]",https://www.imdb.com/name/nm0305309/,False
nm0305365,Nanou Garcia,,,"[""actress"", ""writer"", ""miscellaneous""]","[""tt0120890"", ""tt0887883"", ""tt1007028"", ""tt0105682""]",https://www.imdb.com/name/nm0305365/,False
nm0307245,Michael Garfath,1944,,"[""camera_department"", ""cinematographer""]","[""tt0159382"", ""tt0093771"", ""tt0245095"", ""tt0319531""]",https://www.imdb.com/name/nm0307245/,False
nm0307534,Joel Marsh Garland,1975,,"[""actor"", ""director"", ""cinematographer""]","[""tt2372162"", ""tt2562232"", ""tt1038919"", ""tt0247199""]",https://www.imdb.com/name/nm0307534/,False
nm0307781,Lisa Garneri,,,"[""actress""]","[""tt0087821""]",https://www.imdb.com/name/nm0307781/,False
nm0309369,Charles Gassot,,,"[""producer"", ""actor"", ""writer""]","[""tt0296093"", ""tt0216787"", ""tt0415160"", ""tt0314063""]",https://www.imdb.com/name/nm0309369/,False
nm0309373,David Gasster,,,"[""actor""]","[""tt0138703""]",https://www.imdb.com/name/nm0309373/,False
nm0309693,Mark Gatiss,1966,,"[""actor"", ""writer"", ""producer""]","[""tt0184135"", ""tt1475582"", ""tt0371724"", ""tt7230406""]",https://www.imdb.com/name/nm0309693/,False
nm0310221,Gautami,1968,,"[""actress"", ""producer"", ""writer""]","[""tt4429128"", ""tt11227418"", ""tt0119385"", ""tt0317671""]",https://www.imdb.com/name/nm0310221/,False
nm0310329,Yvan Gauthier,1969,,"[""producer"", ""director"", ""editor""]","[""tt5420210"", ""tt5862166"", ""tt5792656"", ""tt3212232""]",https://www.imdb.com/name/nm0310329/,False
nm0310341,Eric Gautier,1961,,"[""cinematographer"", ""camera_department"", ""miscellaneous""]","[""tt0318462"", ""tt0758758"", ""tt7298400"", ""tt0401711""]",https://www.imdb.com/name/nm0310341/,False
nm0311469,Bill Geddie,1955,2023,"[""producer"", ""director"", ""writer""]","[""tt0326459"", ""tt0123366"", ""tt0118040"", ""tt0421427""]",https://www.imdb.com/name/nm0311469/,False
nm0311508,Jeffrey Lau,,,"[""writer"", ""director"", ""producer""]","[""tt0114996"", ""tt0112778"", ""tt0373074"", ""tt4862468""]",https://www.imdb.com/name/nm0311508/,False
nm0311696,Marco van Geffen,,,"[""writer"", ""director"", ""producer""]","[""tt1630562"", ""tt0446460"", ""tt3544008"", ""tt3620418""]",https://www.imdb.com/name/nm0311696/,False
nm0312064,Anna Geislerová,1976,,"[""actress"", ""producer"", ""miscellaneous""]","[""tt4190530"", ""tt0288330"", ""tt0145929"", ""tt1808331""]",https://www.imdb.com/name/nm0312064/,False
nm0313531,Matthew George,,,"[""producer"", ""writer"", ""director""]","[""tt5362988"", ""tt2368254"", ""tt4778988"", ""tt0245905""]",https://www.imdb.com/name/nm0313531/,False
nm0313885,Naomi Geraghty,,,"[""editor"", ""editorial_department"", ""director""]","[""tt1987680"", ""tt1219289"", ""tt0395169"", ""tt0298845""]",https://www.imdb.com/name/nm0313885/,False
nm0313962,Jude Gerard Prest,,,"[""producer"", ""director"", ""writer""]","[""tt1967678"", ""tt35628853"", ""tt0408129"", ""tt1281313""]",https://www.imdb.com/name/nm0313962/,False
nm0314514,Lauren German,1978,,"[""actress"", ""soundtrack"", ""archive_footage""]","[""tt0498353"", ""tt1535616"", ""tt0324216"", ""tt0281358""]",https://www.imdb.com/name/nm0314514/,False
nm0314611,Tygo Gernandt,1974,,"[""actor"", ""writer"", ""director""]","[""tt1181791"", ""tt1895315"", ""tt0446460"", ""tt3202306""]",https://www.imdb.com/name/nm0314611/,False
nm0315023,Bianca Gervais,1985,,"[""actress"", ""miscellaneous"", ""director""]","[""tt1424797"", ""tt1905041"", ""tt1210819"", ""tt5954296""]",https://www.imdb.com/name/nm0315023/,False
nm0315767,Massimo Ghini,1954,,"[""actor"", ""miscellaneous"", ""soundtrack""]","[""tt0111124"", ""tt0102987"", ""tt7105944"", ""tt1075114""]",https://www.imdb.com/name/nm0315767/,False
nm0315974,Michael Giacchino,1967,,"[""composer"", ""music_department"", ""actor""]","[""tt0796366"", ""tt3450958"", ""tt1877830"", ""tt2103281""]",https://www.imdb.com/name/nm0315974/,False
nm0316084,Stefano Giambanco,,,"[""production_designer"", ""costume_designer"", ""costume_department""]","[""tt0430746"", ""tt0346786"", ""tt0092765"", ""tt1383252""]",https://www.imdb.com/name/nm0316084/,False
nm0316774,Jennifer Gibgot,,,"[""producer"", ""actress"", ""executive""]","[""tt0427327"", ""tt1336608"", ""tt0960731"", ""tt0477071""]",https://www.imdb.com/name/nm0316774/,False
nm0317218,William Gibson,1948,,"[""writer"", ""producer"", ""actor""]","[""tt0113481"", ""tt0106179"", ""tt0409138"", ""tt31512174""]",https://www.imdb.com/name/nm0317218/,False
nm0318150,Lewis Gilbert,1920,2018,"[""director"", ""writer"", ""producer""]","[""tt0060086"", ""tt0085478"", ""tt0079574"", ""tt0113269""]",https://www.imdb.com/name/nm0318150/,False
nm0318429,David Giler,1943,2020,"[""producer"", ""writer"", ""script_department""]","[""tt0090605"", ""tt0103644"", ""tt0118583"", ""tt0281322""]",https://www.imdb.com/name/nm0318429/,False
nm0318570,Charles Gillibert,1977,,"[""producer"", ""actor"", ""production_manager""]","[""tt3966404"", ""tt2452254"", ""tt3147312"", ""tt2427892""]",https://www.imdb.com/name/nm0318570/,False
nm0318617,Andy Gill,,,"[""stunts"", ""actor"", ""assistant_director""]","[""tt1825683"", ""tt4630562"", ""tt3498820"", ""tt1843866""]",https://www.imdb.com/name/nm0318617/,False
nm0318639,Chris Gill,,,"[""editor"", ""editorial_department"", ""assistant_director""]","[""tt27367464"", ""tt1540133"", ""tt6212478"", ""tt0448134""]",https://www.imdb.com/name/nm0318639/,False
nm0318733,Scott J. Gill,,,"[""writer"", ""producer"", ""director""]","[""tt0282856"", ""tt0437325"", ""tt0281686"", ""tt0843835""]",https://www.imdb.com/name/nm0318733/,False
nm0318761,Hugh Gillin,1925,2004,"[""actor"", ""soundtrack"", ""archive_footage""]","[""tt0099088"", ""tt0086154"", ""tt0095088"", ""tt0083530""]",https://www.imdb.com/name/nm0318761/,False
nm0319673,John Gilroy,1959,,"[""editor"", ""producer"", ""editorial_department""]","[""tt3748528"", ""tt2872718"", ""tt1663662"", ""tt1291584""]",https://www.imdb.com/name/nm0319673/,False
nm0320234,Bruno Gunn,,,"[""actor"", ""stunts""]","[""tt0475784"", ""tt1951264"", ""tt6151526"", ""tt0386676""]",https://www.imdb.com/name/nm0320234/,False
nm0320636,Benoît Girard,1932,2017,"[""actor"", ""miscellaneous""]","[""tt1734326"", ""tt0208629"", ""tt0446233"", ""tt0167718""]",https://www.imdb.com/name/nm0320636/,False
nm0322173,Corinna Glaus,1957,,"[""casting_director"", ""casting_department"", ""script_department""]","[""tt0830515"", ""tt1568346"", ""tt0353161"", ""tt6506264""]",https://www.imdb.com/name/nm0322173/,False
nm0322785,James Glickenhaus,1950,,"[""writer"", ""director"", ""producer""]","[""tt0084704"", ""tt0096087"", ""tt0080707"", ""tt0114676""]",https://www.imdb.com/name/nm0322785/,False
nm0322946,Yoram Globus,1943,,"[""producer"", ""miscellaneous"", ""writer""]","[""tt0090859"", ""tt0089489"", ""tt0089941"", ""tt0097138""]",https://www.imdb.com/name/nm0322946/,False
nm0322977,Nebojsa Glogovac,1969,2018,"[""actor"", ""producer""]","[""tt5207158"", ""tt0209180"", ""tt0855822"", ""tt0478813""]",https://www.imdb.com/name/nm0322977/,False
nm0323276,Marko Glusac,1969,2012,"[""editor"", ""actor""]","[""tt1517225"", ""tt0320795"", ""tt0930856"", ""tt1634013""]",https://www.imdb.com/name/nm0323276/,False
nm0323886,Philippe Godeau,,,"[""producer"", ""director"", ""writer""]","[""tt1245771"", ""tt2655788"", ""tt0485947"", ""tt8058904""]",https://www.imdb.com/name/nm0323886/,False
nm0323922,Joyce Godenzi,1965,,"[""actress"", ""archive_footage""]","[""tt0117786"", ""tt0090956"", ""tt0090722"", ""tt0100048""]",https://www.imdb.com/name/nm0323922/,False
nm0324247,James Godwin,,,"[""actor"", ""miscellaneous"", ""art_department""]","[""tt1308728"", ""tt1464580"", ""tt0438097"", ""tt1204342""]",https://www.imdb.com/name/nm0324247/,False
nm0324788,Siena Goines,,,"[""actress"", ""producer""]","[""tt0475784"", ""tt0253867"", ""tt0805663"", ""tt1582458""]",https://www.imdb.com/name/nm0324788/,False
nm0324875,Menahem Golan,1929,2014,"[""producer"", ""writer"", ""director""]","[""tt0080380"", ""tt0090859"", ""tt0089489"", ""tt0093692""]",https://www.imdb.com/name/nm0324875/,False
nm0325219,Howard Goldberg,,,"[""writer"", ""director"", ""producer""]","[""tt2314374"", ""tt0119049"", ""tt0074149"", ""tt28437488""]",https://www.imdb.com/name/nm0325219/,False
nm0325221,Iddo Goldberg,1975,,"[""actor"", ""producer"", ""director""]","[""tt6156584"", ""tt2442560"", ""tt1730768"", ""tt2963254""]",https://www.imdb.com/name/nm0325221/,False
nm0325229,Jason Goldberg,1972,,"[""producer"", ""writer"", ""director""]","[""tt0289879"", ""tt1103153"", ""tt1186370"", ""tt0372237""]",https://www.imdb.com/name/nm0325229/,False
nm0325317,Stu Goldberg,,,"[""composer"", ""music_department"", ""soundtrack""]","[""tt22246560"", ""tt15716528"", ""tt10516322"", ""tt5066870""]",https://www.imdb.com/name/nm0325317/,False
nm0325358,Mark Goldblatt,,,"[""editor"", ""editorial_department"", ""director""]","[""tt0103064"", ""tt0376994"", ""tt0078087"", ""tt0111503""]",https://www.imdb.com/name/nm0325358/,False
nm0325778,Gary Goldman,1953,,"[""writer"", ""producer"", ""director""]","[""tt0100802"", ""tt0435705"", ""tt1386703"", ""tt0181689""]",https://www.imdb.com/name/nm0325778/,False
nm0325858,Mia Goldman,1954,,"[""editor"", ""editorial_department"", ""sound_department""]","[""tt0259446"", ""tt0345228"", ""tt0086837"", ""tt0082089""]",https://www.imdb.com/name/nm0325858/,False
nm0325903,Scott Goldman,,,"[""legal"", ""producer"", ""production_department""]","[""tt1078588"", ""tt0159876"", ""tt28182783"", ""tt0172469""]",https://www.imdb.com/name/nm0325903/,False
nm0326040,Akiva Goldsman,1962,,"[""producer"", ""writer"", ""script_department""]","[""tt0268978"", ""tt0118688"", ""tt12327578"", ""tt0352248""]",https://www.imdb.com/name/nm0326040/,False
nm0326092,Josh Goldsmith,1970,,"[""producer"", ""writer"", ""music_department""]","[""tt0165581"", ""tt7634968"", ""tt0337563"", ""tt0207201""]",https://www.imdb.com/name/nm0326092/,False
nm0326252,Julie Goldstein,,,"[""producer"", ""writer"", ""production_manager""]","[""tt1276104"", ""tt2140379"", ""tt1214962"", ""tt5155780""]",https://www.imdb.com/name/nm0326252/,False
nm0326558,Markus Goller,1969,,"[""editor"", ""director"", ""producer""]","[""tt7225386"", ""tt5521594"", ""tt1712175"", ""tt2669766""]",https://www.imdb.com/name/nm0326558/,False
nm0326632,Andrew Golov,,,"[""editorial_department"", ""producer"", ""miscellaneous""]","[""tt7985704"", ""tt11083552"", ""tt0330793"", ""tt32357218""]",https://www.imdb.com/name/nm0326632/,False
nm0328223,Iván González,,,"[""actor""]","[""tt1535616"", ""tt2409818"", ""tt9471828"", ""tt13964390""]",https://www.imdb.com/name/nm0328223/,False
nm0328604,Milton Gonçalves,1933,2022,"[""actor"", ""director"", ""archive_footage""]","[""tt0293007"", ""tt0189039"", ""tt0208635"", ""tt0149462""]",https://www.imdb.com/name/nm0328604/,False
nm0329481,Ginnifer Goodwin,1978,,"[""actress"", ""producer"", ""soundtrack""]","[""tt26443597"", ""tt1843230"", ""tt1001508"", ""tt0421030""]",https://www.imdb.com/name/nm0329481/,False
nm0330077,Charles Gordon,1947,2020,"[""producer"", ""writer"", ""actor""]","[""tt0114898"", ""tt0097351"", ""tt0097737"", ""tt0095016""]",https://www.imdb.com/name/nm0330077/,False
nm0330371,Kim Gordon,1953,,"[""actress"", ""composer"", ""director""]","[""tt6288124"", ""tt0368794"", ""tt0403217"", ""tt1355630""]",https://www.imdb.com/name/nm0330371/,False
nm0330951,Stephanie Gorin,,,"[""casting_director"", ""casting_department"", ""actress""]","[""tt19244304"", ""tt8368368"", ""tt26676489"", ""tt9288030""]",https://www.imdb.com/name/nm0330951/,False
nm0331341,Tamara Gorski,1968,,"[""actress"", ""director"", ""writer""]","[""tt1458175"", ""tt0119731"", ""tt0114681"", ""tt0162065""]",https://www.imdb.com/name/nm0331341/,False
nm0331683,Gherardo Gossi,,,"[""cinematographer"", ""camera_department"", ""miscellaneous""]","[""tt1934234"", ""tt2418510"", ""tt1966637"", ""tt1833781""]",https://www.imdb.com/name/nm0331683/,False
nm0331956,Carl Gottlieb,1938,,"[""writer"", ""producer"", ""actor""]","[""tt0077766"", ""tt0082146"", ""tt0085450""]",https://www.imdb.com/name/nm0331956/,False
nm0332148,Col Goudie,1961,,"[""editor"", ""sound_department"", ""producer""]","[""tt3748528"", ""tt1470827"", ""tt7598106"", ""tt9165824""]",https://www.imdb.com/name/nm0332148/,False
nm0332184,Alfred Gough,1967,,"[""writer"", ""producer"", ""director""]","[""tt0279600"", ""tt2049403"", ""tt0316654"", ""tt1464540""]",https://www.imdb.com/name/nm0332184/,False
nm0332734,Tatiana Gousseff,1970,,"[""actress"", ""writer""]","[""tt30426197"", ""tt8201404"", ""tt14612196"", ""tt1745066""]",https://www.imdb.com/name/nm0332734/,False
nm0332871,Govinda,1963,,"[""actor"", ""music_department"", ""producer""]","[""tt0101616"", ""tt0807758"", ""tt2556308"", ""tt3017412""]",https://www.imdb.com/name/nm0332871/,False
nm0333123,Christine Gozlan,1958,,"[""producer"", ""production_manager"", ""assistant_director""]","[""tt0383694"", ""tt0254686"", ""tt0216890"", ""tt0363532""]",https://www.imdb.com/name/nm0333123/,False
nm0333307,Xando Graça,,,"[""actor""]","[""tt0861739"", ""tt0149539"", ""tt0312773"", ""tt5822138""]",https://www.imdb.com/name/nm0333307/,False
nm0333763,Judy Grafe,1944,2021,"[""actress"", ""archive_footage""]","[""tt0105933"", ""tt0099611"", ""tt0092494"", ""tt0106664""]",https://www.imdb.com/name/nm0333763/,False
nm0333778,Ilene Graff,1949,,"[""actress"", ""soundtrack""]","[""tt0083470"", ""tt0088576"", ""tt0323120"", ""tt0104670""]",https://www.imdb.com/name/nm0333778/,False
nm0333951,C.J. Graham,,,"[""actor"", ""producer"", ""stunts""]","[""tt0091080"", ""tt40504744"", ""tt29515795"", ""tt8773662""]",https://www.imdb.com/name/nm0333951/,False
nm0334138,John R. Graham,,,"[""composer"", ""music_department"", ""soundtrack""]","[""tt8651604"", ""tt0109520"", ""tt1212974"", ""tt5595168""]",https://www.imdb.com/name/nm0334138/,False
nm0334436,Elaine Grainger,,,"[""casting_director"", ""casting_department"", ""producer""]","[""tt3014866"", ""tt1297919"", ""tt1959563"", ""tt3171832""]",https://www.imdb.com/name/nm0334436/,False
nm0334930,Philippe Grandrieux,1954,,"[""director"", ""writer"", ""cinematographer""]","[""tt1270702"", ""tt0166808"", ""tt4315174"", ""tt2007401""]",https://www.imdb.com/name/nm0334930/,False
nm0334931,Hervé Grandsart,,,"[""miscellaneous"", ""assistant_director"", ""actor""]","[""tt0074870"", ""tt0086087"", ""tt0110963"", ""tt1304873""]",https://www.imdb.com/name/nm0334931/,False
nm0335344,David Marshall Grant,1955,,"[""producer"", ""actor"", ""writer""]","[""tt0458352"", ""tt0099005"", ""tt0327162"", ""tt0104291""]",https://www.imdb.com/name/nm0335344/,False
nm0335400,Garrett Grant,,,"[""producer"", ""production_manager"", ""director""]","[""tt10838180"", ""tt8106534"", ""tt0427327"", ""tt9362930""]",https://www.imdb.com/name/nm0335400/,False
nm0335494,Kate Jennings Grant,1970,,"[""actress""]","[""tt5519574"", ""tt4270492"", ""tt0758752"", ""tt0870111""]",https://www.imdb.com/name/nm0335494/,False
nm0335519,Lee Grant,1925,,"[""actress"", ""director"", ""writer""]","[""tt0061811"", ""tt0166924"", ""tt0077394"", ""tt0075648""]",https://www.imdb.com/name/nm0335519/,False
nm0337157,Gavin Grazer,1961,,"[""actor"", ""director"", ""producer""]","[""tt0412080"", ""tt0765429"", ""tt0170016"", ""tt0108525""]",https://www.imdb.com/name/nm0337157/,False
nm0338323,Scott Patrick Green,,,"[""camera_department"", ""actor"", ""miscellaneous""]","[""tt0119217"", ""tt4062536"", ""tt4913966"", ""tt3892172""]",https://www.imdb.com/name/nm0338323/,False
nm0338418,Nancy Green-Keyes,,2024,"[""casting_director"", ""producer"", ""casting_department""]","[""tt0218967"", ""tt0332280"", ""tt3057572"", ""tt0120812""]",https://www.imdb.com/name/nm0338418/,False
nm0338642,Christopher Greenbury,1951,2007,"[""editor"", ""editorial_department"", ""actor""]","[""tt0169547"", ""tt0486946"", ""tt0129387"", ""tt0107659""]",https://www.imdb.com/name/nm0338642/,False
nm0339391,Sarah Greenwood,1960,,"[""production_designer"", ""set_decorator""]","[""tt1781769"", ""tt0783233"", ""tt1517268"", ""tt0988045""]",https://www.imdb.com/name/nm0339391/,False
nm0339460,Judy Greer,1975,,"[""actress"", ""producer"", ""director""]","[""tt0337563"", ""tt0369610"", ""tt0478970"", ""tt2103281""]",https://www.imdb.com/name/nm0339460/,False
nm0340518,Benoit Grey,,,"[""music_department"", ""composer"", ""miscellaneous""]","[""tt0319262"", ""tt0822847"", ""tt0970416"", ""tt0139809""]",https://www.imdb.com/name/nm0340518/,False
nm0340608,Lauren Grey,,,"[""casting_director"", ""casting_department"", ""actress""]","[""tt7440726"", ""tt13018148"", ""tt14440068"", ""tt8005626""]",https://www.imdb.com/name/nm0340608/,False
nm0340864,Frank Griebe,1964,,"[""cinematographer"", ""camera_department"", ""producer""]","[""tt0130827"", ""tt1371111"", ""tt0246677"", ""tt0396171""]",https://www.imdb.com/name/nm0340864/,False
nm0341737,Rachel Griffiths,1967,,"[""actress"", ""producer"", ""writer""]","[""tt0248654"", ""tt0110598"", ""tt0221027"", ""tt0265662""]",https://www.imdb.com/name/nm0341737/,False
nm0341743,Richard Griffiths,1947,2013,"[""actor"", ""writer"", ""archive_footage""]","[""tt0295297"", ""tt0094336"", ""tt0464049"", ""tt0162661""]",https://www.imdb.com/name/nm0341743/,False
nm0343312,Christian Grosrichard,,,"[""production_designer"", ""actor""]","[""tt0087289"", ""tt0085426"", ""tt0090090"", ""tt7000188""]",https://www.imdb.com/name/nm0343312/,False
nm0344265,Klaus-Dieter Gruber,1961,,"[""production_designer"", ""art_department"", ""set_decorator""]","[""tt2620974"", ""tt14917354"", ""tt26440619"", ""tt6675244""]",https://www.imdb.com/name/nm0344265/,False
nm0344603,Olivier Gruner,1960,,"[""actor"", ""producer"", ""stunts""]","[""tt3099370"", ""tt0167215"", ""tt1578265"", ""tt16235342""]",https://www.imdb.com/name/nm0344603/,False
nm0345000,Cornelia Gröschel,1987,,"[""actress""]","[""tt0806910"", ""tt0280732"", ""tt2756792"", ""tt12875782""]",https://www.imdb.com/name/nm0345000/,False
nm0345022,Stein Grønli,1947,,"[""actor"", ""miscellaneous""]","[""tt1118649"", ""tt0145571"", ""tt0177446"", ""tt2102465""]",https://www.imdb.com/name/nm0345022/,False
nm0345491,Richard Guay,,,"[""producer"", ""miscellaneous"", ""writer""]","[""tt0098528"", ""tt0165798"", ""tt0482599"", ""tt0362269""]",https://www.imdb.com/name/nm0345491/,False
nm0345577,Francesco Guccini,1940,2026,"[""actor"", ""composer"", ""music_department""]","[""tt0410459"", ""tt12463560"", ""tt0209912"", ""tt0178697""]",https://www.imdb.com/name/nm0345577/,False
nm0345798,Amr Abdulgalil,1963,,"[""actor""]","[""tt3334996"", ""tt12204810"", ""tt2002606"", ""tt31962435""]",https://www.imdb.com/name/nm0345798/,False
nm0346096,Tonino Guerra,1920,2012,"[""writer"", ""actor"", ""assistant_director""]","[""tt0071129"", ""tt0060176"", ""tt0053619"", ""tt0087537""]",https://www.imdb.com/name/nm0346096/,False
nm0346415,Nicholas Guest,,,"[""actor"", ""miscellaneous"", ""production_department""]","[""tt0086465"", ""tt0097958"", ""tt0375568"", ""tt0275277""]",https://www.imdb.com/name/nm0346415/,False
nm0346595,Noel Gugliemi,1970,,"[""actor"", ""producer"", ""director""]","[""tt0232500"", ""tt0139654"", ""tt0421073"", ""tt6491178""]",https://www.imdb.com/name/nm0346595/,False
nm0346676,Benoît Guichard,,,"[""writer""]","[""tt0790602"", ""tt0239271"", ""tt0986220"", ""tt5091612""]",https://www.imdb.com/name/nm0346676/,False
nm0347122,Alain Guillo,,,"[""actor""]","[""tt9164788"", ""tt0422015"", ""tt0473570"", ""tt0110922""]",https://www.imdb.com/name/nm0347122/,False
nm0347384,Ed Guiney,,,"[""producer"", ""executive""]","[""tt3170832"", ""tt5083738"", ""tt14230458"", ""tt1540133""]",https://www.imdb.com/name/nm0347384/,False
nm0347775,Caio Gullane,,,"[""producer"", ""miscellaneous"", ""production_manager""]","[""tt5805768"", ""tt0945383"", ""tt14029622"", ""tt28608358""]",https://www.imdb.com/name/nm0347775/,False
nm0348123,Ismail Günes,1961,,"[""director"", ""assistant_director"", ""writer""]","[""tt2207439"", ""tt0266546"", ""tt0482359"", ""tt8172068""]",https://www.imdb.com/name/nm0348123/,False
nm0348246,Gunnam Gangaraju,,,"[""writer"", ""producer"", ""director""]","[""tt0266727"", ""tt5345958"", ""tt0460394"", ""tt6854376""]",https://www.imdb.com/name/nm0348246/,False
nm0349076,Luis Gustavo,1934,2021,"[""actor"", ""soundtrack"", ""archive_footage""]","[""tt0429743"", ""tt0209610"", ""tt0147748"", ""tt0209819""]",https://www.imdb.com/name/nm0349076/,False
nm0349427,Emilio Gutiérrez Caba,1942,,"[""actor"", ""miscellaneous"", ""archive_footage""]","[""tt0255067"", ""tt1506996"", ""tt0421445"", ""tt0447779""]",https://www.imdb.com/name/nm0349427/,False
nm0350453,Jake Gyllenhaal,1980,,"[""actor"", ""producer"", ""camera_department""]","[""tt2872718"", ""tt0388795"", ""tt0246578"", ""tt1392214""]",https://www.imdb.com/name/nm0350453/,False
nm0351352,Coşkun Göğen,1945,,"[""actor""]","[""tt0384116"", ""tt4105670"", ""tt14495812"", ""tt1861340""]",https://www.imdb.com/name/nm0351352/,False
nm0352032,Kamal Haasan,1954,,"[""actor"", ""music_department"", ""writer""]","[""tt0479651"", ""tt2199711"", ""tt0093603"", ""tt0222012""]",https://www.imdb.com/name/nm0352032/,False
nm0352057,Kathleen Haase,,,"[""visual_effects"", ""producer"", ""miscellaneous""]","[""tt3315342"", ""tt1731141"", ""tt2058673"", ""tt3717252""]",https://www.imdb.com/name/nm0352057/,False
nm0352166,David M. Haber,1927,2006,"[""art_director"", ""art_department"", ""production_designer""]","[""tt0118928"", ""tt0077294"", ""tt0100405"", ""tt0119190""]",https://www.imdb.com/name/nm0352166/,False
nm0352524,David Hackl,,,"[""director"", ""production_designer"", ""producer""]","[""tt1132626"", ""tt3876910"", ""tt1694021"", ""tt3727202""]",https://www.imdb.com/name/nm0352524/,False
nm0353137,Andrew Hafitz,,,"[""editor"", ""editorial_department"", ""miscellaneous""]","[""tt0242193"", ""tt1759744"", ""tt0120728"", ""tt0420291""]",https://www.imdb.com/name/nm0353137/,False
nm0353813,Juliette Hagopian,,,"[""producer"", ""director"", ""production_manager""]","[""tt2226162"", ""tt2112210"", ""tt25602750"", ""tt6083962""]",https://www.imdb.com/name/nm0353813/,False
nm0354653,Hakuryû,1952,,"[""actor"", ""music_department""]","[""tt0119250"", ""tt0098360"", ""tt0901487"", ""tt1360091""]",https://www.imdb.com/name/nm0354653/,False
nm0354948,Jonathan Hale,,,"[""camera_department"", ""cinematographer"", ""director""]","[""tt26537573"", ""tt0356009"", ""tt0391095"", ""tt0351955""]",https://www.imdb.com/name/nm0354948/,False
nm0355722,Jess Hall,1971,,"[""cinematographer"", ""camera_department""]","[""tt1219827"", ""tt0425112"", ""tt10676052"", ""tt2209764""]",https://www.imdb.com/name/nm0355722/,False
nm0355915,Michael Keys Hall,,,"[""actor""]","[""tt0119978"", ""tt0120184"", ""tt0125534"", ""tt0094756""]",https://www.imdb.com/name/nm0355915/,False
nm0356002,Pippa Hall,,,"[""casting_department"", ""casting_director"", ""make_up_department""]","[""tt0249462"", ""tt0278731"", ""tt0425413"", ""tt0119683""]",https://www.imdb.com/name/nm0356002/,False
nm0356017,Rebecca Hall,1982,,"[""actress"", ""producer"", ""director""]","[""tt0497465"", ""tt0840361"", ""tt0482571"", ""tt4666726""]",https://www.imdb.com/name/nm0356017/,False
nm0356515,Fredrik Hallgren,1973,,"[""actor"", ""writer"", ""miscellaneous""]","[""tt5372890"", ""tt2797278"", ""tt2132829""]",https://www.imdb.com/name/nm0356515/,False
nm0357212,Eben Ham,,,"[""actor"", ""miscellaneous""]","[""tt0452046"", ""tt0460649"", ""tt1837576"", ""tt0108965""]",https://www.imdb.com/name/nm0357212/,False
nm0357269,Takeshi Hamada,,,"[""cinematographer"", ""camera_department"", ""miscellaneous""]","[""tt1069238"", ""tt0106456"", ""tt27502365"", ""tt2210842""]",https://www.imdb.com/name/nm0357269/,False
nm0357319,Kazuya Hamana,,,"[""producer"", ""miscellaneous""]","[""tt1853614"", ""tt5607028"", ""tt0384819"", ""tt0473064""]",https://www.imdb.com/name/nm0357319/,False
nm0357835,Eddie Hamilton,,,"[""editor"", ""editorial_department"", ""music_department""]","[""tt1745960"", ""tt4912910"", ""tt9603212"", ""tt2802144""]",https://www.imdb.com/name/nm0357835/,False
nm0357861,Gary Hamilton,,,"[""producer"", ""executive"", ""writer""]","[""tt6053438"", ""tt5461944"", ""tt2397535"", ""tt5918982""]",https://www.imdb.com/name/nm0357861/,False
nm0358006,Kristina Hamilton-Grobler,,,"[""editor"", ""editorial_department"", ""writer""]","[""tt26598805"", ""tt9340526"", ""tt0835434"", ""tt4181172""]",https://www.imdb.com/name/nm0358006/,False
nm0358316,Jon Hamm,1971,,"[""actor"", ""producer"", ""director""]","[""tt0804503"", ""tt0840361"", ""tt1647668"", ""tt0978764""]",https://www.imdb.com/name/nm0358316/,False
nm0358638,Alec Hammond,,,"[""production_designer"", ""art_director"", ""art_department""]","[""tt11358390"", ""tt3410834"", ""tt2908446"", ""tt0246578""]",https://www.imdb.com/name/nm0358638/,False
nm0359168,Keiko Han,1953,,"[""actress"", ""soundtrack"", ""archive_footage""]","[""tt0103369"", ""tt0386917"", ""tt0084564"", ""tt0109277""]",https://www.imdb.com/name/nm0359168/,False
nm0359845,A.K. Hangal,1914,2012,"[""actor""]","[""tt0073707"", ""tt0169102"", ""tt0107249"", ""tt0080982""]",https://www.imdb.com/name/nm0359845/,False
nm0359880,Cochin Hanifa,1951,2010,"[""actor"", ""writer"", ""director""]","[""tt1305797"", ""tt0376127"", ""tt0320229"", ""tt0271695""]",https://www.imdb.com/name/nm0359880/,False
nm0360067,Daniel P. Hanley,1955,,"[""editor"", ""editorial_department"", ""actor""]","[""tt1979320"", ""tt0870111"", ""tt0112384"", ""tt0268978""]",https://www.imdb.com/name/nm0360067/,False
nm0360346,Peter Hannan,1941,,"[""cinematographer"", ""camera_department"", ""visual_effects""]","[""tt0206634"", ""tt0067959"", ""tt0162661"", ""tt0398017""]",https://www.imdb.com/name/nm0360346/,False
nm0360964,Lisa M. Hansen,,,"[""producer"", ""production_manager"", ""actress""]","[""tt1242432"", ""tt2537176"", ""tt0099546"", ""tt0092767""]",https://www.imdb.com/name/nm0360964/,False
nm0361719,Ernest Harada,1944,2019,"[""actor"", ""soundtrack""]","[""tt0104070"", ""tt0090274"", ""tt0092666"", ""tt0087175""]",https://www.imdb.com/name/nm0361719/,False
nm0362165,Tim Maurice-Jones,,,"[""cinematographer"", ""camera_department"", ""director""]","[""tt1596365"", ""tt2368619"", ""tt0365686"", ""tt1250777""]",https://www.imdb.com/name/nm0362165/,False
nm0362566,Catherine Hardwicke,1955,,"[""director"", ""production_designer"", ""producer""]","[""tt1099212"", ""tt0328538"", ""tt0355702"", ""tt5941692""]",https://www.imdb.com/name/nm0362566/,False
nm0362766,Tom Hardy,1977,,"[""actor"", ""producer"", ""writer""]","[""tt1375666"", ""tt1345836"", ""tt2692904"", ""tt1392190""]",https://www.imdb.com/name/nm0362766/,False
nm0363259,John Harle,1956,,"[""composer"", ""music_department"", ""soundtrack""]","[""tt0115355"", ""tt0107822"", ""tt0097108"", ""tt0015881""]",https://www.imdb.com/name/nm0363259/,False
nm0363390,J. Boyce Harman Jr.,,,"[""production_manager"", ""producer"", ""assistant_director""]","[""tt0108451"", ""tt0096087"", ""tt0084704"", ""tt0089847""]",https://www.imdb.com/name/nm0363390/,False
nm0363473,Allan Harmon,,,"[""assistant_director"", ""director"", ""producer""]","[""tt1765510"", ""tt3063462"", ""tt1538019"", ""tt0087928""]",https://www.imdb.com/name/nm0363473/,False
nm0363487,Cynde Harmon,,,"[""producer"", ""miscellaneous"", ""actress""]","[""tt7271620"", ""tt3063462"", ""tt1538019"", ""tt0106179""]",https://www.imdb.com/name/nm0363487/,False
nm0363736,Gale Harold,1969,,"[""actor"", ""producer"", ""archive_footage""]","[""tt0262985"", ""tt0348914"", ""tt3250650"", ""tt1837654""]",https://www.imdb.com/name/nm0363736/,False
nm0364429,Andy Harris,,,"[""production_designer"", ""art_director"", ""actor""]","[""tt2262161"", ""tt0377184"", ""tt7241926"", ""tt0120001""]",https://www.imdb.com/name/nm0364429/,False
nm0364890,Johnny Harris,1973,,"[""actor"", ""writer"", ""director""]","[""tt33265765"", ""tt8230448"", ""tt13068346"", ""tt3582020""]",https://www.imdb.com/name/nm0364890/,False
nm0365281,Rosemary Harris,1927,,"[""actress"", ""soundtrack"", ""archive_footage""]","[""tt0145487"", ""tt0413300"", ""tt0316654"", ""tt0292963""]",https://www.imdb.com/name/nm0365281/,False
nm0365623,Harvey Harrison,1944,,"[""camera_department"", ""cinematographer"", ""assistant_director""]","[""tt0434409"", ""tt0118661"", ""tt0238380"", ""tt0113189""]",https://www.imdb.com/name/nm0365623/,False
nm0365988,Jamie Harrold,,,"[""actor"", ""soundtrack"", ""archive_footage""]","[""tt0227445"", ""tt0164184"", ""tt0195685"", ""tt0125209""]",https://www.imdb.com/name/nm0365988/,False
nm0366363,John Hart,,,"[""producer"", ""location_management"", ""executive""]","[""tt0171804"", ""tt0203230"", ""tt0959337"", ""tt0377107""]",https://www.imdb.com/name/nm0366363/,False
nm0367431,Anthony Harvey,1930,2017,"[""editor"", ""director"", ""editorial_department""]","[""tt0063227"", ""tt0056193"", ""tt0057012"", ""tt0060358""]",https://www.imdb.com/name/nm0367431/,False
nm0368089,Isao Hashizume,1941,,"[""actor""]","[""tt2576852"", ""tt0092048"", ""tt1477109"", ""tt0353761""]",https://www.imdb.com/name/nm0368089/,False
nm0368142,Peter Haskell,1934,2010,"[""actor"", ""archive_footage""]","[""tt0103956"", ""tt0099253"", ""tt0063877"", ""tt0074047""]",https://www.imdb.com/name/nm0368142/,False
nm0368248,Paul Haslinger,1962,,"[""composer"", ""music_department"", ""sound_department""]","[""tt13045814"", ""tt2543312"", ""tt0320691"", ""tt4779020""]",https://www.imdb.com/name/nm0368248/,False
nm0368601,Maire Hastings,,,"[""actress""]","[""tt0062414"", ""tt0058842"", ""tt1129415"", ""tt6910006""]",https://www.imdb.com/name/nm0368601/,False
nm0369834,Bernard Havet,,,"[""actor""]","[""tt0085426""]",https://www.imdb.com/name/nm0369834/,False
nm0369954,Keeley Hawes,1976,,"[""actress"", ""producer"", ""writer""]","[""tt7493974"", ""tt33246591"", ""tt35725229"", ""tt21096438""]",https://www.imdb.com/name/nm0369954/,False
nm0370181,Martin Hawkins,,,"[""camera_department"", ""cinematographer"", ""archive_footage""]","[""tt2725962"", ""tt0164250"", ""tt1086191"", ""tt2582590""]",https://www.imdb.com/name/nm0370181/,False
nm0370400,Gillian Hawser,,,"[""casting_director"", ""actress"", ""casting_department""]","[""tt14813212"", ""tt1536537"", ""tt6237612"", ""tt0393329""]",https://www.imdb.com/name/nm0370400/,False
nm0370626,Jun'ichirô Hayashi,,,"[""cinematographer"", ""producer"", ""camera_department""]","[""tt0286751"", ""tt0308379"", ""tt0178868"", ""tt0160442""]",https://www.imdb.com/name/nm0370626/,False
nm0370914,Robert Hayes,,,"[""cinematographer"", ""camera_department"", ""director""]","[""tt0093731"", ""tt0087910"", ""tt0758762"", ""tt0112112""]",https://www.imdb.com/name/nm0370914/,False
nm0371010,Evan Hayes,,,"[""producer"", ""miscellaneous"", ""production_department""]","[""tt7775622"", ""tt32572716"", ""tt2719848"", ""tt13944138""]",https://www.imdb.com/name/nm0371010/,False
nm0371125,Lindsey Hayes Kroeger,,,"[""casting_department"", ""casting_director""]","[""tt0397442"", ""tt0482606"", ""tt1144884"", ""tt1135084""]",https://www.imdb.com/name/nm0371125/,False
nm0371675,Trevor Haysom,,,"[""producer"", ""miscellaneous"", ""assistant_director""]","[""tt0385017"", ""tt0095631"", ""tt1414378"", ""tt0085933""]",https://www.imdb.com/name/nm0371675/,False
nm0372117,Anthony Head,1954,2026,"[""actor"", ""soundtrack"", ""archive_footage""]","[""tt0118276"", ""tt0963194"", ""tt0421994"", ""tt1071875""]",https://www.imdb.com/name/nm0372117/,False
nm0372176,Lena Headey,1973,,"[""actress"", ""producer"", ""director""]","[""tt0416449"", ""tt1374989"", ""tt0944947"", ""tt1343727""]",https://www.imdb.com/name/nm0372176/,False
nm0372961,Jessica Hecht,1964,,"[""actress"", ""soundtrack"", ""archive_footage""]","[""tt1178663"", ""tt0108778"", ""tt0371257"", ""tt0480242""]",https://www.imdb.com/name/nm0372961/,False
nm0373092,Christian Hecq,,,"[""actor"", ""miscellaneous"", ""writer""]","[""tt0397508"", ""tt2441982"", ""tt0307343"", ""tt0169485""]",https://www.imdb.com/name/nm0373092/,False
nm0373154,Rob Hedden,1954,,"[""writer"", ""director"", ""miscellaneous""]","[""tt0097388"", ""tt0443473"", ""tt0157472"", ""tt0473153""]",https://www.imdb.com/name/nm0373154/,False
nm0374189,Alan Heim,1936,,"[""editor"", ""sound_department"", ""music_department""]","[""tt0078754"", ""tt0074958"", ""tt0120586"", ""tt0180052""]",https://www.imdb.com/name/nm0374189/,False
nm0374829,Heikki Hela,1964,,"[""actor"", ""writer"", ""composer""]","[""tt0133906"", ""tt0472501"", ""tt0331041"", ""tt0113580""]",https://www.imdb.com/name/nm0374829/,False
nm0375370,Paul M. Heller,1927,2020,"[""producer"", ""art_director"", ""writer""]","[""tt0070034"", ""tt0097937"", ""tt0094336"", ""tt0074409""]",https://www.imdb.com/name/nm0375370/,False
nm0375550,Pini Hellstedt,1963,,"[""cinematographer"", ""camera_department"", ""actor""]","[""tt0323551"", ""tt1454505"", ""tt0997188"", ""tt0249131""]",https://www.imdb.com/name/nm0375550/,False
nm0375809,David Helpern,,,"[""producer"", ""director"", ""writer""]","[""tt0074635"", ""tt0094961"", ""tt0079931"", ""tt1341809""]",https://www.imdb.com/name/nm0375809/,False
nm0375990,Mahmoud Hemida,1953,,"[""actor"", ""producer""]","[""tt0208176"", ""tt0115477"", ""tt0425223"", ""tt7464158""]",https://www.imdb.com/name/nm0375990/,False
nm0376365,Cathy Henderson,1948,2014,"[""casting_director"", ""casting_department"", ""producer""]","[""tt0098546"", ""tt0120524"", ""tt0190524"", ""tt0197096""]",https://www.imdb.com/name/nm0376365/,False
nm0376963,Frank Henenlotter,1950,,"[""director"", ""writer"", ""editor""]","[""tt0094793"", ""tt0974977"", ""tt0099611"", ""tt0083624""]",https://www.imdb.com/name/nm0376963/,False
nm0377609,Sven Henriksen,1955,,"[""actor""]","[""tt0125507"", ""tt0177446"", ""tt0937378"", ""tt0860866""]",https://www.imdb.com/name/nm0377609/,False
nm0377839,Gloria Henry,1923,2021,"[""actress"", ""soundtrack"", ""archive_footage""]","[""tt0041100"", ""tt0041582"", ""tt0126630"", ""tt0039228""]",https://www.imdb.com/name/nm0377839/,False
nm0377844,Guy Henry,1960,,"[""actor"", ""archive_footage""]","[""tt3748528"", ""tt0926084"", ""tt0384766"", ""tt0434409""]",https://www.imdb.com/name/nm0377844/,False
nm0378194,Christian Henson,1971,,"[""composer"", ""music_department"", ""miscellaneous""]","[""tt1181791"", ""tt1187064"", ""tt0360139"", ""tt0266987""]",https://www.imdb.com/name/nm0378194/,False
nm0378529,Devorah Herbert,,,"[""production_designer"", ""art_department"", ""miscellaneous""]","[""tt1855199"", ""tt0331811"", ""tt1742334"", ""tt0433387""]",https://www.imdb.com/name/nm0378529/,False
nm0378764,Evan Hercules,1934,2007,"[""production_designer"", ""art_director"", ""miscellaneous""]","[""tt0077928"", ""tt0093771"", ""tt0059963"", ""tt0091853""]",https://www.imdb.com/name/nm0378764/,False
nm0378800,Richard Herd,1932,2020,"[""actor"", ""miscellaneous"", ""archive_footage""]","[""tt0074119"", ""tt0078966"", ""tt5052448"", ""tt7959026""]",https://www.imdb.com/name/nm0378800/,False
nm0378929,Ralph Herforth,1960,,"[""actor"", ""archive_footage""]","[""tt0811080"", ""tt0402022"", ""tt0119472"", ""tt7160372""]",https://www.imdb.com/name/nm0378929/,False
nm0379179,Mark Herman,1954,,"[""writer"", ""director"", ""editor""]","[""tt0914798"", ""tt0115744"", ""tt0246875"", ""tt0147004""]",https://www.imdb.com/name/nm0379179/,False
nm0379257,Imor Hermann,,,"[""casting_director"", ""casting_department"", ""miscellaneous""]","[""tt0150662"", ""tt0203166"", ""tt2364975"", ""tt0937378""]",https://www.imdb.com/name/nm0379257/,False
nm0379408,Sandra Hermida,1972,,"[""producer"", ""production_manager"", ""miscellaneous""]","[""tt16277242"", ""tt1649419"", ""tt3416532"", ""tt0464141""]",https://www.imdb.com/name/nm0379408/,False
nm0379596,Jay Hernandez,1978,,"[""actor"", ""producer"", ""director""]","[""tt0450278"", ""tt1386697"", ""tt0498353"", ""tt0390022""]",https://www.imdb.com/name/nm0379596/,False
nm0379855,Ángel Hernández Zoido,1962,,"[""editor"", ""director"", ""writer""]","[""tt0325145"", ""tt4771896"", ""tt1735945"", ""tt1422032""]",https://www.imdb.com/name/nm0379855/,False
nm0380214,Paula Herold,,,"[""casting_director"", ""casting_department"", ""producer""]","[""tt0094737"", ""tt0092513"", ""tt0092699"", ""tt0111127""]",https://www.imdb.com/name/nm0380214/,False
nm0380244,Ken Heron,1955,,"[""actor""]","[""tt0091630""]",https://www.imdb.com/name/nm0380244/,False
nm0380705,Rowdy Herrington,1951,,"[""writer"", ""director"", ""miscellaneous""]","[""tt23469812"", ""tt0375104"", ""tt0098206"", ""tt0108238""]",https://www.imdb.com/name/nm0380705/,False
nm0380980,Marshall Herskovitz,1952,,"[""producer"", ""writer"", ""director""]","[""tt0092492"", ""tt0325710"", ""tt0181865"", ""tt0202198""]",https://www.imdb.com/name/nm0380980/,False
nm0381478,Jared Hess,1979,,"[""producer"", ""director"", ""writer""]","[""tt0374900"", ""tt1161418"", ""tt3566834"", ""tt0457510""]",https://www.imdb.com/name/nm0381478/,False
nm0381483,Joe Hess,1945,,"[""actor"", ""stunts""]","[""tt0172156"", ""tt0109040"", ""tt0103855"", ""tt0120780""]",https://www.imdb.com/name/nm0381483/,False
nm0381537,Will Hess,1972,,"[""producer"", ""director"", ""writer""]","[""tt1091863"", ""tt3243342"", ""tt3243452"", ""tt8304920""]",https://www.imdb.com/name/nm0381537/,False
nm0381675,Holly Hester,,,"[""producer"", ""production_department"", ""writer""]","[""tt0220624"", ""tt0108761"", ""tt0106017"", ""tt0111945""]",https://www.imdb.com/name/nm0381675/,False
nm0381833,Marlies Heuer,1954,,"[""actress""]","[""tt1239446"", ""tt0419952"", ""tt1112789"", ""tt0247131""]",https://www.imdb.com/name/nm0381833/,False
nm0381857,Charles Heung,1948,,"[""miscellaneous"", ""producer"", ""actor""]","[""tt0097244"", ""tt0101763"", ""tt0115693"", ""tt0109683""]",https://www.imdb.com/name/nm0381857/,False
nm0381858,Jimmy Heung,,2014,"[""miscellaneous"", ""producer"", ""director""]","[""tt0098708"", ""tt0097337"", ""tt0097244"", ""tt0109962""]",https://www.imdb.com/name/nm0381858/,False
nm0382268,David Heyman,1961,,"[""producer"", ""actor"", ""executive""]","[""tt1454468"", ""tt7653254"", ""tt7131622"", ""tt0304141""]",https://www.imdb.com/name/nm0382268/,False
nm0382781,Emma E. Hickox,1964,,"[""editor"", ""editorial_department""]","[""tt0366627"", ""tt23476986"", ""tt0281358"", ""tt1336608""]",https://www.imdb.com/name/nm0382781/,False
nm0383213,Kari Hietalahti,1964,,"[""actor"", ""writer"", ""soundtrack""]","[""tt2145703"", ""tt36119435"", ""tt7555400"", ""tt2428924""]",https://www.imdb.com/name/nm0383213/,False
nm0383396,Jack Higgins,1929,2022,"[""writer""]","[""tt0074452"", ""tt0093771"", ""tt0063781"", ""tt0069515""]",https://www.imdb.com/name/nm0383396/,False
nm0384060,Bernard Hill,1944,2024,"[""actor"", ""miscellaneous"", ""soundtrack""]","[""tt0167260"", ""tt0167261"", ""tt0120338"", ""tt0277296""]",https://www.imdb.com/name/nm0384060/,False
nm0384528,Mike Hill,1949,2023,"[""editor"", ""editorial_department"", ""actor""]","[""tt1979320"", ""tt0870111"", ""tt0112384"", ""tt0268978""]",https://www.imdb.com/name/nm0384528/,False
nm0384900,Randi Hiller,,,"[""casting_director"", ""casting_department"", ""producer""]","[""tt0247425"", ""tt0371746"", ""tt0375679"", ""tt1291584""]",https://www.imdb.com/name/nm0384900/,False
nm0385296,Paris Hilton,1981,,"[""actress"", ""producer"", ""writer""]","[""tt0804492"", ""tt0963194"", ""tt0397065"", ""tt0417056""]",https://www.imdb.com/name/nm0385296/,False
nm0385644,Cheryl Hines,1965,,"[""actress"", ""producer"", ""director""]","[""tt0264235"", ""tt0473308"", ""tt0449089"", ""tt1142988""]",https://www.imdb.com/name/nm0385644/,False
nm0386420,Leona Hirota,1963,,"[""actress"", ""director"", ""writer""]","[""tt0103316"", ""tt0102617"", ""tt4275130"", ""tt0166314""]",https://www.imdb.com/name/nm0386420/,False
nm0386504,Karl T. Hirsch,1970,,"[""editorial_department"", ""editor"", ""producer""]","[""tt0183137"", ""tt0238344"", ""tt0444965"", ""tt1598642""]",https://www.imdb.com/name/nm0386504/,False
nm0386595,David Hirschfelder,,,"[""composer"", ""music_department"", ""actor""]","[""tt0117631"", ""tt0127536"", ""tt3007512"", ""tt2910904""]",https://www.imdb.com/name/nm0386595/,False
nm0386664,Janet Hirshenson,,,"[""casting_director"", ""casting_department""]","[""tt0098067"", ""tt0241527"", ""tt0099785"", ""tt0098635""]",https://www.imdb.com/name/nm0386664/,False
nm0386752,Aya Hisakawa,1968,,"[""actress"", ""music_department"", ""soundtrack""]","[""tt3215154"", ""tt0328738"", ""tt0243558"", ""tt0364863""]",https://www.imdb.com/name/nm0386752/,False
nm0386991,Rupert Hitzig,1938,,"[""producer"", ""director"", ""writer""]","[""tt0070022"", ""tt0083336"", ""tt0082145"", ""tt0085750""]",https://www.imdb.com/name/nm0386991/,False
nm0387319,Josie Ho,1974,,"[""actress"", ""producer"", ""miscellaneous""]","[""tt0891592"", ""tt2071550"", ""tt1598778"", ""tt1407972""]",https://www.imdb.com/name/nm0387319/,False
nm0387337,Leonard Ho,1925,1997,"[""miscellaneous"", ""producer"", ""production_manager""]","[""tt0127357"", ""tt0117786"", ""tt0113326"", ""tt0089374""]",https://www.imdb.com/name/nm0387337/,False
nm0387809,Jeff Hochendoner,1964,,"[""actor""]","[""tt1464540"", ""tt1179891"", ""tt0477080"", ""tt1458175""]",https://www.imdb.com/name/nm0387809/,False
nm0387987,Kane Hodder,1955,,"[""actor"", ""stunts"", ""producer""]","[""tt0114369"", ""tt0287978"", ""tt0340855"", ""tt0422401""]",https://www.imdb.com/name/nm0387987/,False
nm0388198,Mike Hodges,1932,2022,"[""director"", ""producer"", ""writer""]","[""tt0080745"", ""tt0099143"", ""tt0067128"", ""tt0072267""]",https://www.imdb.com/name/nm0388198/,False
nm0388273,Joel Hodgson,1960,,"[""writer"", ""music_department"", ""actor""]","[""tt0094517"", ""tt6782014"", ""tt0298457"", ""tt0365523""]",https://www.imdb.com/name/nm0388273/,False
nm0389285,Florian Hoffmeister,1970,,"[""cinematographer"", ""camera_department"", ""director""]","[""tt2356777"", ""tt14444726"", ""tt8888462"", ""tt7740510""]",https://www.imdb.com/name/nm0389285/,False
nm0390232,Marjean Holden,1964,,"[""actress"", ""stunts"", ""director""]","[""tt0119707"", ""tt0215392"", ""tt0149437"", ""tt0340163""]",https://www.imdb.com/name/nm0390232/,False
nm0390253,Peter Holden,,,"[""actor"", ""director"", ""producer""]","[""tt1285016"", ""tt1345836"", ""tt1426329"", ""tt1219024""]",https://www.imdb.com/name/nm0390253/,False
nm0390576,Zsuzsa Holl,1949,,"[""actress""]","[""tt0914798"", ""tt0116557"", ""tt0136743"", ""tt0124191""]",https://www.imdb.com/name/nm0390576/,False
nm0390822,Savage Steve Holland,1960,,"[""animation_department"", ""director"", ""writer""]","[""tt0088794"", ""tt0092412"", ""tt9098432"", ""tt1131746""]",https://www.imdb.com/name/nm0390822/,False
nm0391221,Bruce Hollister,,,"[""art_director"", ""production_designer"", ""producer""]","[""tt0323120"", ""tt2475272"", ""tt0429373"", ""tt1196326""]",https://www.imdb.com/name/nm0391221/,False
nm0391291,Beverly Holloway,,,"[""casting_director"", ""casting_department"", ""assistant_director""]","[""tt6450186"", ""tt11388278"", ""tt5622316"", ""tt27589772""]",https://www.imdb.com/name/nm0391291/,False
nm0391789,Darren T. Holmes,,,"[""editorial_department"", ""editor"", ""production_manager""]","[""tt5198068"", ""tt0892769"", ""tt0382932"", ""tt0481499""]",https://www.imdb.com/name/nm0391789/,False
nm0391980,Nick Holmes,1981,,"[""actor"", ""editor"", ""cinematographer""]","[""tt2015381"", ""tt1512235"", ""tt0485782"", ""tt0238784""]",https://www.imdb.com/name/nm0391980/,False
nm0393240,Hong Kyung-pyo,,,"[""cinematographer"", ""director"", ""writer""]","[""tt1706620"", ""tt6751668"", ""tt7282468"", ""tt5215952""]",https://www.imdb.com/name/nm0393240/,False
nm0393700,Jeremy Hoop,1972,,"[""actor""]","[""tt0330136"", ""tt0268200"", ""tt5689374"", ""tt2144001""]",https://www.imdb.com/name/nm0393700/,False
nm0393922,Richard Hoover,,,"[""production_designer"", ""art_director"", ""art_department""]","[""tt0120784"", ""tt0265349"", ""tt2126357"", ""tt0395972""]",https://www.imdb.com/name/nm0393922/,False
nm0394119,Billy Hopkins,1958,,"[""casting_director"", ""casting_department"", ""actor""]","[""tt2396589"", ""tt0929632"", ""tt0102138"", ""tt0093010""]",https://www.imdb.com/name/nm0394119/,False
nm0394564,William Horberg,,,"[""producer"", ""writer"", ""actor""]","[""tt0159365"", ""tt0419887"", ""tt0134119"", ""tt0120148""]",https://www.imdb.com/name/nm0394564/,False
nm0394852,Jessica Horn,1978,,"[""actress"", ""camera_department"", ""production_department""]","[""tt0963194"", ""tt10714856"", ""tt0487144"", ""tt0904127""]",https://www.imdb.com/name/nm0394852/,False
nm0394889,Michelle Horn,1987,,"[""actress"", ""miscellaneous"", ""soundtrack""]","[""tt0340163"", ""tt0252019"", ""tt4154916"", ""tt0106145""]",https://www.imdb.com/name/nm0394889/,False
nm0396554,Jan Houllevigue,,,"[""production_designer"", ""art_director"", ""director""]","[""tt32768323"", ""tt11097384"", ""tt0203119"", ""tt39453578""]",https://www.imdb.com/name/nm0396554/,False
nm0396924,Carice van Houten,1976,,"[""actress"", ""producer"", ""writer""]","[""tt0944947"", ""tt0389557"", ""tt0985699"", ""tt1053424""]",https://www.imdb.com/name/nm0396924/,False
nm0397171,Bryce Dallas Howard,1981,,"[""actress"", ""director"", ""producer""]","[""tt8041270"", ""tt1454029"", ""tt2085059"", ""tt8111088""]",https://www.imdb.com/name/nm0397171/,False
nm0397208,Clark Howard,,,"[""writer""]","[""tt0047708"", ""tt0092656"", ""tt0055657"", ""tt0088476""]",https://www.imdb.com/name/nm0397208/,False
nm0398861,Hung Poon,,,"[""editor"", ""miscellaneous"", ""assistant_director""]","[""tt1462900"", ""tt0080179"", ""tt0097618"", ""tt0105859""]",https://www.imdb.com/name/nm0398861/,False
nm0399003,Jianxin Huang,1954,,"[""producer"", ""director"", ""writer""]","[""tt0913968"", ""tt13462900"", ""tt12624504"", ""tt0487942""]",https://www.imdb.com/name/nm0399003/,False
nm0399069,Wing-Hang Wong,1959,,"[""cinematographer"", ""camera_department""]","[""tt0092263"", ""tt0097202"", ""tt0104684"", ""tt0865556""]",https://www.imdb.com/name/nm0399069/,False
nm0399590,Cooper Huckabee,1951,,"[""actor"", ""archive_footage""]","[""tt0107007"", ""tt0082427"", ""tt0186566"", ""tt0144214""]",https://www.imdb.com/name/nm0399590/,False
nm0400223,Neal Huff,,,"[""actor"", ""soundtrack"", ""archive_footage""]","[""tt1895587"", ""tt1748122"", ""tt1452628"", ""tt0142342""]",https://www.imdb.com/name/nm0400223/,False
nm0400291,Phyllis Huffman,1944,2006,"[""casting_department"", ""casting_director"", ""actress""]","[""tt0327056"", ""tt0405159"", ""tt0186566"", ""tt0309377""]",https://www.imdb.com/name/nm0400291/,False
nm0400486,Bronwen Hughes,,,"[""director"", ""producer"", ""writer""]","[""tt0429087"", ""tt0903747"", ""tt3032476"", ""tt21072112""]",https://www.imdb.com/name/nm0400486/,False
nm0401727,Alan Hume,1924,2010,"[""cinematographer"", ""camera_department"", ""director""]","[""tt0089489"", ""tt0089941"", ""tt0086190"", ""tt0086034""]",https://www.imdb.com/name/nm0401727/,False
nm0402116,Cemal Hünal,1976,,"[""actor"", ""writer"", ""assistant_director""]","[""tt1322930"", ""tt1147691"", ""tt2441426"", ""tt0216250""]",https://www.imdb.com/name/nm0402116/,False
nm0403397,Shane Hurlbut,1964,,"[""cinematographer"", ""camera_department"", ""director""]","[""tt0438488"", ""tt0303933"", ""tt1591479"", ""tt19853698""]",https://www.imdb.com/name/nm0403397/,False
nm0404509,Jon Hutman,,,"[""production_designer"", ""art_department"", ""art_director""]","[""tt4995540"", ""tt2119543"", ""tt0337741"", ""tt1809398""]",https://www.imdb.com/name/nm0404509/,False
nm0404510,Mark Hutman,,,"[""production_designer"", ""art_department"", ""miscellaneous""]","[""tt0119558"", ""tt1327801"", ""tt0119396"", ""tt7634968""]",https://www.imdb.com/name/nm0404510/,False
nm0404806,Fedja van Huêt,1973,,"[""actor"", ""archive_footage""]","[""tt0119448"", ""tt19837660"", ""tt11847834"", ""tt14253846""]",https://www.imdb.com/name/nm0404806/,False
nm0404830,Sabine Hviid,1976,,"[""production_designer"", ""art_department"", ""miscellaneous""]","[""tt14253846"", ""tt10288566"", ""tt2818178"", ""tt4659056""]",https://www.imdb.com/name/nm0404830/,False
nm0405190,Marc Hyman,,,"[""writer"", ""script_department"", ""miscellaneous""]","[""tt13186306"", ""tt0181739"", ""tt0418279"", ""tt0314498""]",https://www.imdb.com/name/nm0405190/,False
nm0406157,Hümeyra,1947,,"[""actress"", ""soundtrack""]","[""tt0476735"", ""tt1151808"", ""tt0426988"", ""tt0200404""]",https://www.imdb.com/name/nm0406157/,False
nm0406772,Takashige Ichise,1961,,"[""producer"", ""writer"", ""director""]","[""tt0308379"", ""tt0482599"", ""tt0391198"", ""tt0382628""]",https://www.imdb.com/name/nm0406772/,False
nm0406969,Edgar Ievins,,,"[""producer""]","[""tt0094793"", ""tt0099611"", ""tt0083624"", ""tt0103773""]",https://www.imdb.com/name/nm0406969/,False
nm0407552,Kunihiko Ikuhara,1964,,"[""director"", ""writer"", ""assistant_director""]","[""tt2017925"", ""tt3981544"", ""tt8096510"", ""tt0243558""]",https://www.imdb.com/name/nm0407552/,False
nm0408371,Shafi Inamdar,1945,1996,"[""actor"", ""director"", ""writer""]","[""tt0286705"", ""tt0091267"", ""tt0294230"", ""tt0087474""]",https://www.imdb.com/name/nm0408371/,False
nm0408389,Türker İnanoğlu,1936,2024,"[""producer"", ""director"", ""assistant_director""]","[""tt0845088"", ""tt0434735"", ""tt0301266"", ""tt0429107""]",https://www.imdb.com/name/nm0408389/,False
nm0408538,Lorenza Indovina,1966,,"[""actress"", ""miscellaneous"", ""director""]","[""tt0209912"", ""tt0169543"", ""tt5938544"", ""tt0153464""]",https://www.imdb.com/name/nm0408538/,False
nm0408591,Ralph Ineson,1969,,"[""actor"", ""producer"", ""soundtrack""]","[""tt4263482"", ""tt9243804"", ""tt11858890"", ""tt10676052""]",https://www.imdb.com/name/nm0408591/,False
nm0408636,Angelo Infanti,1939,2010,"[""actor"", ""producer"", ""archive_footage""]","[""tt0068646"", ""tt0892318"", ""tt0083680"", ""tt0072824""]",https://www.imdb.com/name/nm0408636/,False
nm0409790,Honey Irani,1955,,"[""writer"", ""actress"", ""assistant_director""]","[""tt0254481"", ""tt0234000"", ""tt0109555"", ""tt0250483""]",https://www.imdb.com/name/nm0409790/,False
nm0409997,Cornell Woolrich,1903,1968,"[""writer""]","[""tt0047396"", ""tt0042046"", ""tt0218922"", ""tt0038360""]",https://www.imdb.com/name/nm0409997/,False
nm0410211,Paula Irvine,1968,,"[""actress"", ""archive_footage""]","[""tt0095863"", ""tt0086793"", ""tt0096707"", ""tt0110823""]",https://www.imdb.com/name/nm0410211/,False
nm0410521,Levie Isaacks,1946,,"[""cinematographer"", ""camera_department"", ""director""]","[""tt0110978"", ""tt0107387"", ""tt0096708"", ""tt0212671""]",https://www.imdb.com/name/nm0410521/,False
nm0410530,Antony Rufus-Isaacs,1943,,"[""producer"", ""executive""]","[""tt0091635"", ""tt0097074"", ""tt0069803"", ""tt0337631""]",https://www.imdb.com/name/nm0410530/,False
nm0410539,David Isaacs,1949,,"[""miscellaneous"", ""writer"", ""producer""]","[""tt0083399"", ""tt0068098"", ""tt0804503"", ""tt0106004""]",https://www.imdb.com/name/nm0410539/,False
nm0410622,Katharine Isabelle,1981,,"[""actress"", ""archive_footage""]","[""tt0210070"", ""tt1959332"", ""tt0329101"", ""tt0278504""]",https://www.imdb.com/name/nm0410622/,False
nm0411539,Puneet Issar,1959,,"[""actor"", ""director"", ""writer""]","[""tt0158417"", ""tt1504687"", ""tt0297416"", ""tt0415003""]",https://www.imdb.com/name/nm0411539/,False
nm0411731,Robert Ito,1931,,"[""actor"", ""miscellaneous"", ""archive_footage""]","[""tt0086856"", ""tt0073631"", ""tt0106179"", ""tt0074042""]",https://www.imdb.com/name/nm0411731/,False
nm0412353,Tim Ives,,,"[""cinematographer"", ""camera_department""]","[""tt4574334"", ""tt9114512"", ""tt9185206"", ""tt8746478""]",https://www.imdb.com/name/nm0412353/,False
nm0412370,Bob Ivy,,,"[""stunts"", ""actor"", ""director""]","[""tt0281686"", ""tt0114168"", ""tt0101662"", ""tt0093605""]",https://www.imdb.com/name/nm0412370/,False
nm0412465,James Ivory,1928,,"[""director"", ""writer"", ""producer""]","[""tt5726616"", ""tt0107943"", ""tt0091867"", ""tt0104454""]",https://www.imdb.com/name/nm0412465/,False
nm0412588,Basil Iwanyk,1970,,"[""producer"", ""production_department"", ""production_manager""]","[""tt3397884"", ""tt0840361"", ""tt4425200"", ""tt5362988""]",https://www.imdb.com/name/nm0412588/,False
nm0413520,Fiona Jackson,,,"[""casting_director"", ""casting_department""]","[""tt0116287"", ""tt0097388"", ""tt0088559"", ""tt0101629""]",https://www.imdb.com/name/nm0413520/,False
nm0413701,John Jackson,,,"[""casting_director"", ""casting_department"", ""producer""]","[""tt0375063"", ""tt0257360"", ""tt1033575"", ""tt1821549""]",https://www.imdb.com/name/nm0413701/,False
nm0413778,Leonard Jackson,1928,2013,"[""actor"", ""writer""]","[""tt0088939"", ""tt0074281"", ""tt0118883"", ""tt0247744""]",https://www.imdb.com/name/nm0413778/,False
nm0414014,Ruth Jackson,,,"[""producer"", ""director"", ""miscellaneous""]","[""tt0150915"", ""tt0429290"", ""tt0212380"", ""tt0119494""]",https://www.imdb.com/name/nm0414014/,False
nm0414173,Jacno,1957,2009,"[""actor"", ""composer"", ""music_department""]","[""tt0283900"", ""tt0087821"", ""tt1264912"", ""tt1931470""]",https://www.imdb.com/name/nm0414173/,False
nm0414820,Dean Jacobson,,,"[""actor"", ""casting_director"", ""casting_department""]","[""tt0103956"", ""tt0110216"", ""tt0107895"", ""tt0097768""]",https://www.imdb.com/name/nm0414820/,False
nm0414910,Rick Jacobson,,,"[""director"", ""producer"", ""writer""]","[""tt9104544"", ""tt13989030"", ""tt4189022"", ""tt1442449""]",https://www.imdb.com/name/nm0414910/,False
nm0414981,Ellen Jacoby,,,"[""casting_department"", ""casting_director"", ""actress""]","[""tt0111503"", ""tt0330793"", ""tt0111255"", ""tt0134273""]",https://www.imdb.com/name/nm0414981/,False
nm0415139,Catherine Jacques,,,"[""producer"", ""production_manager"", ""actress""]","[""tt5569560"", ""tt4315174"", ""tt0194314"", ""tt0120124""]",https://www.imdb.com/name/nm0415139/,False
nm0415191,Yves Jacques,1956,,"[""actor"", ""director"", ""producer""]","[""tt0338135"", ""tt0090985"", ""tt0253839"", ""tt0338751""]",https://www.imdb.com/name/nm0415191/,False
nm0415492,Sheila Jaffe,,,"[""casting_director"", ""casting_department"", ""actress""]","[""tt0387199"", ""tt0317740"", ""tt0964517"", ""tt1637725""]",https://www.imdb.com/name/nm0415492/,False
nm0415528,Madhur Jaffrey,1933,,"[""actress"", ""writer"", ""director""]","[""tt0111742"", ""tt0152256"", ""tt0059709"", ""tt0387514""]",https://www.imdb.com/name/nm0415528/,False
nm0415833,Jainendra Jain,,,"[""writer"", ""music_department"", ""director""]","[""tt0359492"", ""tt0374271"", ""tt0117374"", ""tt0078204""]",https://www.imdb.com/name/nm0415833/,False
nm0417301,Janakaraj,,,"[""actor"", ""music_department""]","[""tt7019842"", ""tt0093603"", ""tt0105271"", ""tt0139876""]",https://www.imdb.com/name/nm0417301/,False
nm0418450,Agnès Jaoui,1964,,"[""actress"", ""writer"", ""director""]","[""tt0216787"", ""tt0374583"", ""tt0118015"", ""tt2241691""]",https://www.imdb.com/name/nm0418450/,False
nm0419473,Maia Javan,,,"[""production_designer"", ""art_department"", ""producer""]","[""tt0202677"", ""tt1850397"", ""tt0378109"", ""tt0125211""]",https://www.imdb.com/name/nm0419473/,False
nm0419605,Jina Jay,,,"[""casting_director"", ""casting_department""]","[""tt2085059"", ""tt3748528"", ""tt2278388"", ""tt1160419""]",https://www.imdb.com/name/nm0419605/,False
nm0419633,Ricky Jay,1946,2018,"[""actor"", ""miscellaneous"", ""writer""]","[""tt0175880"", ""tt0118749"", ""tt0252503"", ""tt0120347""]",https://www.imdb.com/name/nm0419633/,False
nm0419677,Manoj K. Jayan,1966,,"[""actor"", ""music_department"", ""director""]","[""tt1671456"", ""tt0887769"", ""tt0353235"", ""tt0228808""]",https://www.imdb.com/name/nm0419677/,False
nm0419688,Jayaram,1964,,"[""actor"", ""music_department"", ""miscellaneous""]","[""tt2187153"", ""tt9537292"", ""tt26439764"", ""tt10701074""]",https://www.imdb.com/name/nm0419688/,False
nm0419741,Smita Jaykar,,,"[""actress""]","[""tt0238936"", ""tt0200087"", ""tt1252596"", ""tt0150992""]",https://www.imdb.com/name/nm0419741/,False
nm0420747,Jane Jenkins,1943,,"[""casting_director"", ""casting_department"", ""actress""]","[""tt0268978"", ""tt0104257"", ""tt0112384"", ""tt0093779""]",https://www.imdb.com/name/nm0420747/,False
nm0420893,Karl Jenkins,1944,,"[""music_artist"", ""music_department"", ""composer""]","[""tt0388377"", ""tt2368840"", ""tt4451540"", ""tt0074769""]",https://www.imdb.com/name/nm0420893/,False
nm0421087,Lucinda Jenney,1954,,"[""actress"", ""archive_footage""]","[""tt0095953"", ""tt0120791"", ""tt0113627"", ""tt0250224""]",https://www.imdb.com/name/nm0421087/,False
nm0421891,Maral Djerejian,,,"[""producer"", ""production_designer"", ""miscellaneous""]","[""tt0375063"", ""tt0235379"", ""tt0169183"", ""tt3633084""]",https://www.imdb.com/name/nm0421891/,False
nm0422319,James Jeter,1921,2007,"[""actor"", ""camera_department"", ""archive_footage""]","[""tt0082085"", ""tt0080881"", ""tt0107808"", ""tt0074205""]",https://www.imdb.com/name/nm0422319/,False
nm0422638,Wen Jiang,1963,,"[""actor"", ""director"", ""writer""]","[""tt3748528"", ""tt1533117"", ""tt0245929"", ""tt0769507""]",https://www.imdb.com/name/nm0422638/,False
nm0422998,Lucía Jiménez,1978,,"[""actress"", ""producer"", ""director""]","[""tt29932719"", ""tt0115772"", ""tt0455584"", ""tt0122335""]",https://www.imdb.com/name/nm0422998/,False
nm0423158,Harry Jierjian,,,"[""editor"", ""miscellaneous"", ""editorial_department""]","[""tt1896747"", ""tt5164432"", ""tt8416494"", ""tt3107288""]",https://www.imdb.com/name/nm0423158/,False
nm0423280,Cho Young-wuk,1962,,"[""composer"", ""music_department"", ""producer""]","[""tt12477480"", ""tt4016934"", ""tt0364569"", ""tt6878038""]",https://www.imdb.com/name/nm0423280/,False
nm0424060,Scarlett Johansson,1984,,"[""actress"", ""producer"", ""director""]","[""tt0335266"", ""tt1798709"", ""tt0848228"", ""tt3480822""]",https://www.imdb.com/name/nm0424060/,False
nm0424101,Hiroo Johar,,,"[""producer""]","[""tt7098658"", ""tt2178470"", ""tt28259207"", ""tt1188996""]",https://www.imdb.com/name/nm0424101/,False
nm0424103,Karan Johar,1972,,"[""producer"", ""actor"", ""director""]","[""tt0248126"", ""tt0172684"", ""tt0347304"", ""tt1188996""]",https://www.imdb.com/name/nm0424103/,False
nm0424453,Adam Johnson,,,"[""actor"", ""writer"", ""soundtrack""]","[""tt7612548"", ""tt4236770"", ""tt2467372"", ""tt4181172""]",https://www.imdb.com/name/nm0424453/,False
nm0424559,Bart Johnson,,,"[""actor"", ""writer"", ""director""]","[""tt0962726"", ""tt1600194"", ""tt0475293"", ""tt0810900""]",https://www.imdb.com/name/nm0424559/,False
nm0424594,Bill Johnson,,,"[""editor"", ""director"", ""editorial_department""]","[""tt0200276"", ""tt1489428"", ""tt0117128"", ""tt3230854""]",https://www.imdb.com/name/nm0424594/,False
nm0424660,Bridget Johnson,,,"[""producer"", ""director"", ""cinematographer""]","[""tt0119822"", ""tt0116695"", ""tt0206314"", ""tt0200027""]",https://www.imdb.com/name/nm0424660/,False
nm0424848,Dakota Johnson,1989,,"[""actress"", ""producer"", ""director""]","[""tt2322441"", ""tt1285016"", ""tt4465564"", ""tt4477536""]",https://www.imdb.com/name/nm0424848/,False
nm0425168,Greg Johnson,1959,,"[""actor"", ""music_department"", ""writer""]","[""tt0412080"", ""tt0107822"", ""tt32558992"", ""tt1540996""]",https://www.imdb.com/name/nm0425168/,False
nm0425364,Jesse V. Johnson,1971,,"[""director"", ""writer"", ""stunts""]","[""tt8836988"", ""tt32801387"", ""tt10933680"", ""tt21301418""]",https://www.imdb.com/name/nm0425364/,False
nm0425741,Mark Johnson,1945,,"[""producer"", ""assistant_director"", ""actor""]","[""tt0095953"", ""tt14849194"", ""tt0363771"", ""tt9243946""]",https://www.imdb.com/name/nm0425741/,False
nm0425904,Noel Johnson,1916,1999,"[""actor"", ""archive_footage""]","[""tt0068611"", ""tt0094336"", ""tt0082398"", ""tt0054511""]",https://www.imdb.com/name/nm0425904/,False
nm0426157,Russell Johnson,1924,2014,"[""actor"", ""miscellaneous"", ""soundtrack""]","[""tt0057751"", ""tt0045920"", ""tt0047577"", ""tt0050147""]",https://www.imdb.com/name/nm0426157/,False
nm0426206,Sean Cw Johnson,1978,,"[""actor"", ""archive_footage""]","[""tt0280969"", ""tt0264097"", ""tt0112022"", ""tt0287871""]",https://www.imdb.com/name/nm0426206/,False
nm0426665,John Dennis Johnston,1950,,"[""actor"", ""producer"", ""archive_footage""]","[""tt0083511"", ""tt0111756"", ""tt0088194"", ""tt0075860""]",https://www.imdb.com/name/nm0426665/,False
nm0427136,Pierre Jolivet,1952,,"[""writer"", ""director"", ""actor""]","[""tt0102930"", ""tt0085426"", ""tt0210163"", ""tt0090090""]",https://www.imdb.com/name/nm0427136/,False
nm0427456,Allison Jones,,,"[""casting_director"", ""casting_department"", ""producer""]","[""tt1517268"", ""tt4925292"", ""tt0120647"", ""tt35538033""]",https://www.imdb.com/name/nm0427456/,False
nm0427638,Bridget Jones,1964,,"[""writer"", ""actress"", ""director""]","[""tt0094517"", ""tt0117128"", ""tt38946451"", ""tt21337168""]",https://www.imdb.com/name/nm0427638/,False
nm0428065,Felicity Jones,1983,,"[""actress"", ""producer"", ""executive""]","[""tt3748528"", ""tt2980516"", ""tt1758692"", ""tt3062096""]",https://www.imdb.com/name/nm0428065/,False
nm0429069,Rashida Jones,1976,,"[""actress"", ""producer"", ""writer""]","[""tt1266020"", ""tt1405365"", ""tt1285016"", ""tt1155056""]",https://www.imdb.com/name/nm0429069/,False
nm0429363,Toby Jones,1966,,"[""actor"", ""writer"", ""producer""]","[""tt1340800"", ""tt0458339"", ""tt1392170"", ""tt0446755""]",https://www.imdb.com/name/nm0429363/,False
nm0429645,Bengt Jonsson,,,"[""camera_department"", ""cinematographer"", ""director""]","[""tt0360009"", ""tt1603257"", ""tt0310910"", ""tt0412080""]",https://www.imdb.com/name/nm0429645/,False
nm0430107,Michael B. Jordan,1987,,"[""actor"", ""producer"", ""director""]","[""tt1825683"", ""tt3076658"", ""tt2334649"", ""tt6343314""]",https://www.imdb.com/name/nm0430107/,False
nm0430801,Manohar Shyam Joshi,1933,2006,"[""writer""]","[""tt0096922"", ""tt0096827"", ""tt0389586"", ""tt0222012""]",https://www.imdb.com/name/nm0430801/,False
nm0431259,Dragan Jovanovic,1965,,"[""actor""]","[""tt0181845"", ""tt0382487"", ""tt2779874"", ""tt0191733""]",https://www.imdb.com/name/nm0431259/,False
nm0432429,Jeon Mi-seon,1972,2019,"[""actress"", ""archive_footage""]","[""tt0353969"", ""tt1216496"", ""tt10438454"", ""tt3155654""]",https://www.imdb.com/name/nm0432429/,False
nm0433339,Nancy Juvonen,1967,,"[""producer"", ""writer"", ""actress""]","[""tt0246578"", ""tt0160127"", ""tt5033998"", ""tt0343660""]",https://www.imdb.com/name/nm0433339/,False
nm0433922,Wi Kuki Kaa,1938,2006,"[""actor"", ""sound_department""]","[""tt0086993"", ""tt0093615"", ""tt0086497"", ""tt0390579""]",https://www.imdb.com/name/nm0433922/,False
nm0434060,Mahmoud Kabil,1946,,"[""actor"", ""director""]","[""tt3334996"", ""tt10936282"", ""tt36954151"", ""tt0079718""]",https://www.imdb.com/name/nm0434060/,False
nm0434430,Georgi Kadurin,,,"[""actor""]","[""tt2329674"", ""tt5645592"", ""tt0339135"", ""tt1650527""]",https://www.imdb.com/name/nm0434430/,False
nm0434716,Timo Kahilainen,1963,,"[""actor"", ""writer"", ""music_department""]","[""tt1774400"", ""tt2901962"", ""tt0174404"", ""tt0113580""]",https://www.imdb.com/name/nm0434716/,False
nm0434883,Michael Kahn,1930,,"[""editor"", ""editorial_department"", ""producer""]","[""tt3581652"", ""tt0181689"", ""tt0120815"", ""tt0107290""]",https://www.imdb.com/name/nm0434883/,False
nm0436722,Jarosław Kamiński,1960,,"[""editor"", ""miscellaneous"", ""editorial_department""]","[""tt6543652"", ""tt8633462"", ""tt2718492"", ""tt9362492""]",https://www.imdb.com/name/nm0436722/,False
nm0437093,Venus Kanani,,,"[""casting_director"", ""casting_department"", ""production_department""]","[""tt1840309"", ""tt1093357"", ""tt3410834"", ""tt2140379""]",https://www.imdb.com/name/nm0437093/,False
nm0437393,Michael Kane,1922,2020,"[""writer"", ""director""]","[""tt0083111"", ""tt0085154"", ""tt0081529"", ""tt0079308""]",https://www.imdb.com/name/nm0437393/,False
nm0437580,Takeshi Kaneshiro,1973,,"[""actor"", ""music_department"", ""miscellaneous""]","[""tt0112913"", ""tt0385004"", ""tt0109424"", ""tt0425637""]",https://www.imdb.com/name/nm0437580/,False
nm0437630,Kar-Ying Law,1947,,"[""actor"", ""music_department"", ""soundtrack""]","[""tt0109962"", ""tt0111767"", ""tt0116014"", ""tt0114996""]",https://www.imdb.com/name/nm0437630/,False
nm0437840,Piyush Kanojia,,,"[""composer"", ""music_department"", ""actor""]","[""tt7099668"", ""tt1263679"", ""tt0296621"", ""tt2370852""]",https://www.imdb.com/name/nm0437840/,False
nm0438092,Dimple Kapadia,1957,,"[""actress"", ""archive_footage""]","[""tt6723592"", ""tt12844910"", ""tt0292490"", ""tt0886539""]",https://www.imdb.com/name/nm0438092/,False
nm0438266,Jeff Kaplan,,,"[""writer"", ""director"", ""actor""]","[""tt10676052"", ""tt1990420"", ""tt0472538"", ""tt21822124""]",https://www.imdb.com/name/nm0438266/,False
nm0438463,Anil Kapoor,1956,,"[""actor"", ""producer"", ""music_department""]","[""tt1010048"", ""tt13751694"", ""tt0488798"", ""tt7431594""]",https://www.imdb.com/name/nm0438463/,False
nm0438471,Ekta Kapoor,1975,,"[""writer"", ""producer"", ""director""]","[""tt3911870"", ""tt0278212"", ""tt5323298"", ""tt7147670""]",https://www.imdb.com/name/nm0438471/,False
nm0438501,Rishi Kapoor,1952,2020,"[""actor"", ""music_department"", ""producer""]","[""tt1849718"", ""tt0886539"", ""tt4900716"", ""tt1275863""]",https://www.imdb.com/name/nm0438501/,False
nm0438506,Shobha Kapoor,,,"[""producer"", ""writer"", ""miscellaneous""]","[""tt5323298"", ""tt4434004"", ""tt0278212"", ""tt1954206""]",https://www.imdb.com/name/nm0438506/,False
nm0439308,Hassan Agha Karimi,,,"[""production_manager"", ""director"", ""producer""]","[""tt0100234"", ""tt1134580"", ""tt33455334"", ""tt38493184""]",https://www.imdb.com/name/nm0439308/,False
nm0439563,Elizabeth Karlsen,,,"[""producer"", ""production_manager"", ""assistant_director""]","[""tt2402927"", ""tt9051908"", ""tt0104036"", ""tt3312830""]",https://www.imdb.com/name/nm0439563/,False
nm0439635,Håkan Karlsson,1964,,"[""editor"", ""producer"", ""editorial_department""]","[""tt1343097"", ""tt2917388"", ""tt0125072"", ""tt4061010""]",https://www.imdb.com/name/nm0439635/,False
nm0439767,Marin Karmitz,1938,,"[""producer"", ""director"", ""assistant_director""]","[""tt0108394"", ""tt0111495"", ""tt0111507"", ""tt1020773""]",https://www.imdb.com/name/nm0439767/,False
nm0439768,Nathanaël Karmitz,1978,,"[""producer"", ""miscellaneous"", ""executive""]","[""tt4645368"", ""tt27714581"", ""tt27847051"", ""tt2427892""]",https://www.imdb.com/name/nm0439768/,False
nm0439844,Tom Karnowski,,,"[""producer"", ""production_manager"", ""writer""]","[""tt14364480"", ""tt11564570"", ""tt6294822"", ""tt2527336""]",https://www.imdb.com/name/nm0439844/,False
nm0440017,Laura Karpman,,,"[""composer"", ""music_department"", ""director""]","[""tt21097264"", ""tt23561236"", ""tt6905686"", ""tt10676048""]",https://www.imdb.com/name/nm0440017/,False
nm0440171,Eric Karson,,,"[""director"", ""producer"", ""actor""]","[""tt0100029"", ""tt0081259"", ""tt0099039"", ""tt0091688""]",https://www.imdb.com/name/nm0440171/,False
nm0440259,Andres Karu,,,"[""cinematographer"", ""camera_department"", ""editor""]","[""tt7311036"", ""tt4299972"", ""tt2392383"", ""tt6059570""]",https://www.imdb.com/name/nm0440259/,False
nm0440279,Dusan Karuovic,1945,1997,"[""composer"", ""actor"", ""music_department""]","[""tt0099172"", ""tt0180139"", ""tt0096966"", ""tt0106736""]",https://www.imdb.com/name/nm0440279/,False
nm0440459,Jonathan Kasdan,1979,,"[""writer"", ""actor"", ""producer""]","[""tt1763303"", ""tt3778644"", ""tt0419843"", ""tt0085244""]",https://www.imdb.com/name/nm0440459/,False
nm0440511,Daniel Kash,1959,,"[""actor"", ""director"", ""producer""]","[""tt0090605"", ""tt0848557"", ""tt1234721"", ""tt2023587""]",https://www.imdb.com/name/nm0440511/,False
nm0440604,Anurag Kashyap,1972,,"[""producer"", ""writer"", ""actor""]","[""tt1954470"", ""tt1639426"", ""tt1327035"", ""tt3322420""]",https://www.imdb.com/name/nm0440604/,False
nm0441030,Kasthuri Shankar,,,"[""actress""]","[""tt0116630"", ""tt39917515"", ""tt0305204"", ""tt18559904""]",https://www.imdb.com/name/nm0441030/,False
nm0441964,Haruhiko Katô,1975,,"[""actor""]","[""tt0286751"", ""tt0237970"", ""tt0332563"", ""tt35099477""]",https://www.imdb.com/name/nm0441964/,False
nm0442080,Amy J. Kaufman,,,"[""producer"", ""production_manager"", ""location_management""]","[""tt0211933"", ""tt0240890"", ""tt0368794"", ""tt7137906""]",https://www.imdb.com/name/nm0442080/,False
nm0442090,Avy Kaufman,,,"[""casting_director"", ""casting_department"", ""producer""]","[""tt0388795"", ""tt27714581"", ""tt0406375"", ""tt10514222""]",https://www.imdb.com/name/nm0442090/,False
nm0442479,Satish Kaushik,1956,2023,"[""actor"", ""director"", ""producer""]","[""tt0374271"", ""tt9569610"", ""tt0119862"", ""tt0085743""]",https://www.imdb.com/name/nm0442479/,False
nm0442766,Kenji Kawai,1957,,"[""composer"", ""music_department"", ""sound_department""]","[""tt1220719"", ""tt0347246"", ""tt2076298"", ""tt1219827""]",https://www.imdb.com/name/nm0442766/,False
nm0443018,Chloe Kay,,,"[""actress"", ""costume_department""]","[""tt0281686"", ""tt0138703""]",https://www.imdb.com/name/nm0443018/,False
nm0443478,Allan Kayser,1963,,"[""actor""]","[""tt0091630"", ""tt0085050"", ""tt2630310"", ""tt2786780""]",https://www.imdb.com/name/nm0443478/,False
nm0443582,Nicholas Kazan,1945,,"[""writer"", ""producer"", ""script_department""]","[""tt0119099"", ""tt0100486"", ""tt3503406"", ""tt0182789""]",https://www.imdb.com/name/nm0443582/,False
nm0444208,Anna Keaveney,1949,2004,"[""actress"", ""archive_footage""]","[""tt0227984"", ""tt0383694"", ""tt0284837"", ""tt0302103""]",https://www.imdb.com/name/nm0444208/,False
nm0444534,David Keeley,1961,,"[""actor"", ""soundtrack""]","[""tt0368008"", ""tt1132290"", ""tt0159920"", ""tt12992082""]",https://www.imdb.com/name/nm0444534/,False
nm0444872,Jeanne Kef,,,"[""editor"", ""editorial_department"", ""sound_department""]","[""tt0091288"", ""tt0094828"", ""tt0088297"", ""tt0098488""]",https://www.imdb.com/name/nm0444872/,False
nm0445140,Andy Keir,,,"[""editor"", ""writer"", ""editorial_department""]","[""tt30459041"", ""tt15435876"", ""tt5743796"", ""tt0299117""]",https://www.imdb.com/name/nm0445140/,False
nm0445843,Ben Kellett,,,"[""director"", ""producer"", ""assistant_director""]","[""tt21259542"", ""tt1888075"", ""tt1819022"", ""tt10181132""]",https://www.imdb.com/name/nm0445843/,False
nm0446466,Jeanette O'Connor,,,"[""actress"", ""casting_director"", ""producer""]","[""tt31938062"", ""tt3468798"", ""tt5016504"", ""tt2249007""]",https://www.imdb.com/name/nm0446466/,False
nm0447513,Rez Kempton,,,"[""actor"", ""producer"", ""director""]","[""tt2345759"", ""tt2901006"", ""tt1870538"", ""tt9362722""]",https://www.imdb.com/name/nm0447513/,False
nm0448223,Merle Kennedy,1967,,"[""actress"", ""writer""]","[""tt0303361"", ""tt0258470"", ""tt0177971"", ""tt0110216""]",https://www.imdb.com/name/nm0448223/,False
nm0448457,Bill Kenney,,,"[""art_director"", ""production_designer"", ""art_department""]","[""tt0098439"", ""tt0090859"", ""tt0095956"", ""tt0097770""]",https://www.imdb.com/name/nm0448457/,False
nm0448979,Andrea Kenyon,,,"[""casting_department"", ""casting_director"", ""actress""]","[""tt1588173"", ""tt1423894"", ""tt1877832"", ""tt0319262""]",https://www.imdb.com/name/nm0448979/,False
nm0449201,Diane Kerbel,,,"[""casting_director"", ""casting_department"", ""miscellaneous""]","[""tt1234721"", ""tt0352248"", ""tt0245803"", ""tt0905372""]",https://www.imdb.com/name/nm0449201/,False
nm0449299,Tig Notaro,1971,,"[""actress"", ""writer"", ""producer""]","[""tt4947608"", ""tt0993840"", ""tt14599526"", ""tt7401588""]",https://www.imdb.com/name/nm0449299/,False
nm0449444,David Kern,,,"[""editor"", ""editorial_department"", ""sound_department""]","[""tt5433140"", ""tt5433138"", ""tt3731562"", ""tt2820852""]",https://www.imdb.com/name/nm0449444/,False
nm0450005,Myron Kerstein,,,"[""editor"", ""editorial_department"", ""miscellaneous""]","[""tt8721424"", ""tt1262426"", ""tt1321510"", ""tt3104988""]",https://www.imdb.com/name/nm0450005/,False
nm0450267,Robert Kessel,,,"[""producer"", ""miscellaneous"", ""production_manager""]","[""tt2543472"", ""tt10696896"", ""tt1860357"", ""tt9071322""]",https://www.imdb.com/name/nm0450267/,False
nm0450381,Rick Kesler,,,"[""actor"", ""archive_footage""]","[""tt0096919"", ""tt31219366"", ""tt0382011"", ""tt0308039""]",https://www.imdb.com/name/nm0450381/,False
nm0450975,Konstantin Khabenskiy,1972,,"[""actor"", ""director"", ""producer""]","[""tt0493464"", ""tt0409904"", ""tt0403358"", ""tt5135336""]",https://www.imdb.com/name/nm0450975/,False
nm0451127,Alisher Khamidkhodzhaev,1969,,"[""cinematographer"", ""camera_department""]","[""tt1284576"", ""tt2190483"", ""tt0445161"", ""tt22900230""]",https://www.imdb.com/name/nm0451127/,False
nm0451272,Mushtaq Khan,1969,,"[""actor"", ""sound_department"", ""miscellaneous""]","[""tt5697728"", ""tt27510174"", ""tt0488798"", ""tt0242519""]",https://www.imdb.com/name/nm0451272/,False
nm0451379,Akshaye Khanna,1975,,"[""actor"", ""music_department"", ""soundtrack""]","[""tt33014583"", ""tt0292490"", ""tt0118751"", ""tt27922706""]",https://www.imdb.com/name/nm0451379/,False
nm0451561,Sachin Khedekar,1965,,"[""actor"", ""miscellaneous""]","[""tt1385824"", ""tt20850406"", ""tt1849718"", ""tt5165344""]",https://www.imdb.com/name/nm0451561/,False
nm0451600,Anupam Kher,1955,,"[""actor"", ""producer"", ""director""]","[""tt5461944"", ""tt6986710"", ""tt0088031"", ""tt0466460""]",https://www.imdb.com/name/nm0451600/,False
nm0451787,Darius Khondji,,,"[""cinematographer"", ""camera_department"", ""actor""]","[""tt1602620"", ""tt0114369"", ""tt0101700"", ""tt1605783""]",https://www.imdb.com/name/nm0451787/,False
nm0451884,Callie Khouri,1957,,"[""writer"", ""producer"", ""director""]","[""tt0103074"", ""tt2281375"", ""tt0279778"", ""tt0114496""]",https://www.imdb.com/name/nm0451884/,False
nm0452021,Akash Khurana,,,"[""actor"", ""writer"", ""director""]","[""tt0106333"", ""tt10986404"", ""tt0254481"", ""tt33014583""]",https://www.imdb.com/name/nm0452021/,False
nm0452102,Abbas Kiarostami,1940,2016,"[""writer"", ""director"", ""editor""]","[""tt1020773"", ""tt0120265"", ""tt0209463"", ""tt0111845""]",https://www.imdb.com/name/nm0452102/,False
nm0452123,Gary B. Kibbe,1941,2020,"[""camera_department"", ""cinematographer""]","[""tt0096256"", ""tt0114857"", ""tt0116225"", ""tt0090728""]",https://www.imdb.com/name/nm0452123/,False
nm0452190,Gordan Kicic,1977,,"[""actor"", ""writer"", ""producer""]","[""tt12802376"", ""tt11081744"", ""tt0331282"", ""tt0996982""]",https://www.imdb.com/name/nm0452190/,False
nm0452839,Jun'ichi Kikuchi,,,"[""editor"", ""editorial_department""]","[""tt0286751"", ""tt0117615"", ""tt0794350"", ""tt0105388""]",https://www.imdb.com/name/nm0452839/,False
nm0453312,Tracy Kilpatrick,,,"[""casting_department"", ""casting_director"", ""producer""]","[""tt10612922"", ""tt2180339"", ""tt0790636"", ""tt1981677""]",https://www.imdb.com/name/nm0453312/,False
nm0453656,Kim Sang-beom,1954,,"[""editor"", ""producer""]","[""tt12477480"", ""tt0364569"", ""tt1527793"", ""tt1527788""]",https://www.imdb.com/name/nm0453656/,False
nm0453808,Jeffrey L. Kimball,1943,,"[""cinematographer"", ""camera_department"", ""visual_effects""]","[""tt0120755"", ""tt0338337"", ""tt0253754"", ""tt0108399""]",https://www.imdb.com/name/nm0453808/,False
nm0453994,Jimmy Kimmel,1967,,"[""actor"", ""producer"", ""writer""]","[""tt0320037"", ""tt0202741"", ""tt0118515"", ""tt0318959""]",https://www.imdb.com/name/nm0453994/,False
nm0454117,Tae Kimura,1971,,"[""actress""]","[""tt1245489"", ""tt1379211"", ""tt0209631"", ""tt0430651""]",https://www.imdb.com/name/nm0454117/,False
nm0454560,Charles Klausmeyer,1963,,"[""producer"", ""actor"", ""writer""]","[""tt0096344"", ""tt35117728"", ""tt3691518"", ""tt0772202""]",https://www.imdb.com/name/nm0454560/,False
nm0455057,Matt King,1968,,"[""actor"", ""writer"", ""producer""]","[""tt1172570"", ""tt1032755"", ""tt0387764"", ""tt0374853""]",https://www.imdb.com/name/nm0455057/,False
nm0455253,Sandy King,1952,,"[""script_department"", ""producer"", ""director""]","[""tt0114852"", ""tt0096256"", ""tt0228333"", ""tt0113409""]",https://www.imdb.com/name/nm0455253/,False
nm0455481,Karen Kingsbury,,,"[""writer"", ""producer"", ""executive""]","[""tt37282369"", ""tt22334258"", ""tt7949624"", ""tt21157352""]",https://www.imdb.com/name/nm0455481/,False
nm0456077,Güven Kıraç,1968,,"[""actor"", ""art_director"", ""producer""]","[""tt0347048"", ""tt1671465"", ""tt0425079"", ""tt0156038""]",https://www.imdb.com/name/nm0456077/,False
nm0456158,Jack Kirby,1917,1994,"[""writer"", ""miscellaneous"", ""animation_department""]","[""tt1825683"", ""tt0371746"", ""tt1641384"", ""tt4154796""]",https://www.imdb.com/name/nm0456158/,False
nm0456562,Tim Kirk,,,"[""producer"", ""writer"", ""director""]","[""tt2085910"", ""tt7473034"", ""tt6182720"", ""tt10369628""]",https://www.imdb.com/name/nm0456562/,False
nm0456587,Clare Kirkconnell,1953,,"[""actress""]","[""tt0094961"", ""tt0077058"", ""tt0088478"", ""tt0110849""]",https://www.imdb.com/name/nm0456587/,False
nm0457410,Ravi Kishan,1969,,"[""actor"", ""producer""]","[""tt21626284"", ""tt15516446"", ""tt11976134"", ""tt31183656""]",https://www.imdb.com/name/nm0457410/,False
nm0458005,Leif Axel Kjeldsen,1954,,"[""editor"", ""editorial_department"", ""set_decorator""]","[""tt1132620"", ""tt0100674"", ""tt0096116"", ""tt17595262""]",https://www.imdb.com/name/nm0458005/,False
nm0458251,Cédric Klapisch,1961,,"[""director"", ""actor"", ""writer""]","[""tt0283900"", ""tt13531468"", ""tt0118015"", ""tt0105260""]",https://www.imdb.com/name/nm0458251/,False
nm0458648,Andreas Klein,,,"[""producer"", ""executive"", ""visual_effects""]","[""tt0313911"", ""tt0311429"", ""tt0181865"", ""tt0367478""]",https://www.imdb.com/name/nm0458648/,False
nm0459705,Gustav Kling,1946,2023,"[""actor""]","[""tt0937378"", ""tt0097415"", ""tt0326709"", ""tt0077881""]",https://www.imdb.com/name/nm0459705/,False
nm0459732,Mårten Klingberg,1968,,"[""actor"", ""director"", ""writer""]","[""tt0311977"", ""tt15216170"", ""tt0907683"", ""tt9894440""]",https://www.imdb.com/name/nm0459732/,False
nm0460008,Karen Klopfenstein,1971,,"[""producer"", ""writer"", ""director""]","[""tt0246836"", ""tt0323120"", ""tt0290373"", ""tt0273754""]",https://www.imdb.com/name/nm0460008/,False
nm0460288,Vincent Klyn,1960,,"[""actor"", ""producer""]","[""tt0097138"", ""tt0102685"", ""tt0106761"", ""tt0265198""]",https://www.imdb.com/name/nm0460288/,False
nm0461149,Zachary Knighton,1978,,"[""actor"", ""director"", ""producer""]","[""tt0455960"", ""tt0337697"", ""tt0976247"", ""tt1441135""]",https://www.imdb.com/name/nm0461149/,False
nm0461306,John Knoll,1962,,"[""visual_effects"", ""miscellaneous"", ""actor""]","[""tt3748528"", ""tt1663662"", ""tt0121766"", ""tt0121765""]",https://www.imdb.com/name/nm0461306/,False
nm0461712,Erik Knudsen,1988,,"[""actor"", ""director"", ""soundtrack""]","[""tt0446029"", ""tt1262416"", ""tt0432348"", ""tt0403702""]",https://www.imdb.com/name/nm0461712/,False
nm0461774,Michael N. Knue,,,"[""editor"", ""editorial_department"", ""assistant_director""]","[""tt3322312"", ""tt2357547"", ""tt0097770"", ""tt0120177""]",https://www.imdb.com/name/nm0461774/,False
nm0462723,Christopher Koefoed,1951,,"[""editor"", ""editorial_department"", ""writer""]","[""tt0096754"", ""tt0084726"", ""tt0102945"", ""tt0096487""]",https://www.imdb.com/name/nm0462723/,False
nm0462895,David Koepp,1963,,"[""writer"", ""miscellaneous"", ""producer""]","[""tt0107290"", ""tt0164181"", ""tt30988739"", ""tt0117060""]",https://www.imdb.com/name/nm0462895/,False
nm0463056,Rick Kofoed,,,"[""production_designer"", ""art_director"", ""art_department""]","[""tt0089869"", ""tt0103612"", ""tt0388377"", ""tt1059233""]",https://www.imdb.com/name/nm0463056/,False
nm0463359,Abby Kohn,1971,,"[""writer"", ""producer"", ""director""]","[""tt6791096"", ""tt1292566"", ""tt1001508"", ""tt0151738""]",https://www.imdb.com/name/nm0463359/,False
nm0463539,Manisha Koirala,1970,,"[""actress"", ""music_department"", ""producer""]","[""tt0164538"", ""tt6452574"", ""tt0112553"", ""tt15204292""]",https://www.imdb.com/name/nm0463539/,False
nm0463592,Kyôko Koizumi,1966,,"[""actress"", ""writer"", ""producer""]","[""tt0938341"", ""tt0460845"", ""tt1255872"", ""tt0322909""]",https://www.imdb.com/name/nm0463592/,False
nm0464595,Robert Komatsu,,,"[""editor"", ""editorial_department"", ""visual_effects""]","[""tt21942598"", ""tt9244556"", ""tt8385474"", ""tt2543312""]",https://www.imdb.com/name/nm0464595/,False
nm0465067,Bill Kong,,,"[""producer"", ""miscellaneous"", ""production_manager""]","[""tt0190332"", ""tt0385004"", ""tt0473444"", ""tt0446059""]",https://www.imdb.com/name/nm0465067/,False
nm0465503,Louis Koo,1970,,"[""actor"", ""producer"", ""soundtrack""]","[""tt7375466"", ""tt0841150"", ""tt7245176"", ""tt33348127""]",https://www.imdb.com/name/nm0465503/,False
nm0467451,Vuk Kostic,1979,,"[""actor"", ""producer"", ""soundtrack""]","[""tt0292432"", ""tt0331282"", ""tt10554232"", ""tt5907796""]",https://www.imdb.com/name/nm0467451/,False
nm0467977,Oren Koules,1961,,"[""producer"", ""actor""]","[""tt0890870"", ""tt0387564"", ""tt0251160"", ""tt0963194""]",https://www.imdb.com/name/nm0467977/,False
nm0468048,Christophe Kourotchkine,1966,,"[""actor"", ""miscellaneous""]","[""tt0936501"", ""tt2404311"", ""tt0450188"", ""tt1825703""]",https://www.imdb.com/name/nm0468048/,False
nm0468637,Peter B. Kowalski,,,"[""cinematographer"", ""camera_department"", ""director""]","[""tt2402207"", ""tt8362852"", ""tt3766376"", ""tt4396630""]",https://www.imdb.com/name/nm0468637/,False
nm0468746,Koyuki,1976,,"[""actress"", ""executive"", ""archive_footage""]","[""tt0325710"", ""tt0286751"", ""tt0399866"", ""tt0806027""]",https://www.imdb.com/name/nm0468746/,False
nm0470981,Thomas Kretschmann,1962,,"[""actor"", ""miscellaneous"", ""archive_footage""]","[""tt0360717"", ""tt0318627"", ""tt0187738"", ""tt0493464""]",https://www.imdb.com/name/nm0470981/,False
nm0471447,Ramya Krishnan,1970,,"[""actress"", ""soundtrack"", ""archive_footage""]","[""tt2631186"", ""tt4849438"", ""tt11663228"", ""tt7019942""]",https://www.imdb.com/name/nm0471447/,False
nm0473218,Christiane Krüger,1945,,"[""actress"", ""writer"", ""soundtrack""]","[""tt0071663"", ""tt0220212"", ""tt0088727"", ""tt0061315""]",https://www.imdb.com/name/nm0473218/,False
nm0473997,Sara Kugelmass,,,"[""production_designer"", ""art_department"", ""art_director""]","[""tt0147612"", ""tt1312171"", ""tt0960890"", ""tt13413498""]",https://www.imdb.com/name/nm0473997/,False
nm0474609,Atul Kulkarni,1965,,"[""actor"", ""producer"", ""writer""]","[""tt0405508"", ""tt10028196"", ""tt9094442"", ""tt0222012""]",https://www.imdb.com/name/nm0474609/,False
nm0474697,Cassandra Kulukundis,,,"[""producer"", ""casting_director"", ""casting_department""]","[""tt30144839"", ""tt1791528"", ""tt11271038"", ""tt0469494""]",https://www.imdb.com/name/nm0474697/,False
nm0474709,Robert Kulzer,,,"[""producer"", ""writer"", ""camera_department""]","[""tt1855325"", ""tt1220634"", ""tt1502712"", ""tt6920084""]",https://www.imdb.com/name/nm0474709/,False
nm0474871,Sai Kumar,1960,,"[""actor"", ""miscellaneous"", ""music_department""]","[""tt4432480"", ""tt1603362"", ""tt26903104"", ""tt27540542""]",https://www.imdb.com/name/nm0474871/,False
nm0475070,Kunchan,,,"[""actor""]","[""tt3417422"", ""tt0271663"", ""tt2218988"", ""tt0268954""]",https://www.imdb.com/name/nm0475070/,False
nm0475365,Nina Kunzendorf,1971,,"[""actress"", ""soundtrack""]","[""tt2764784"", ""tt0806910"", ""tt1429390"", ""tt2404425""]",https://www.imdb.com/name/nm0475365/,False
nm0475625,Dirk Kurbjuweit,1962,,"[""writer"", ""actor""]","[""tt14917354"", ""tt0267427"", ""tt1075116"", ""tt0379484""]",https://www.imdb.com/name/nm0475625/,False
nm0475853,Yôsuke Kuroda,1968,,"[""writer"", ""miscellaneous"", ""actor""]","[""tt5626028"", ""tt7978710"", ""tt1726286"", ""tt11107074""]",https://www.imdb.com/name/nm0475853/,False
nm0475878,Hitomi Kuroki,1960,,"[""actress"", ""director"", ""miscellaneous""]","[""tt0308379"", ""tt0120120"", ""tt0091333"", ""tt3398268""]",https://www.imdb.com/name/nm0475878/,False
nm0475905,Kiyoshi Kurosawa,1955,,"[""director"", ""writer"", ""actor""]","[""tt0286751"", ""tt0123948"", ""tt0938341"", ""tt4173478""]",https://www.imdb.com/name/nm0475905/,False
nm0477035,Corey Yuen,1951,2022,"[""actor"", ""stunts"", ""director""]","[""tt0094374"", ""tt0425637"", ""tt0293662"", ""tt0106936""]",https://www.imdb.com/name/nm0477035/,False
nm0477099,Shan Kwan,1933,2012,"[""actor"", ""producer"", ""director""]","[""tt0094357"", ""tt0470191"", ""tt0095403"", ""tt6792776""]",https://www.imdb.com/name/nm0477099/,False
nm0477129,Ken Kwapis,1957,,"[""director"", ""producer"", ""writer""]","[""tt4947608"", ""tt1178665"", ""tt3095080"", ""tt1430615""]",https://www.imdb.com/name/nm0477129/,False
nm0477274,Chi-Leung Kwong,,,"[""editor"", ""editorial_department"", ""miscellaneous""]","[""tt0109424"", ""tt2186715"", ""tt0271946"", ""tt0226693""]",https://www.imdb.com/name/nm0477274/,False
nm0477286,Peter Kwong,1952,2025,"[""actor"", ""stunts"", ""archive_footage""]","[""tt0090728"", ""tt2490326"", ""tt0091129"", ""tt0097438""]",https://www.imdb.com/name/nm0477286/,False
nm0479779,Patrick Labyorteaux,1965,,"[""actor"", ""writer"", ""producer""]","[""tt0097493"", ""tt0103596"", ""tt0094072"", ""tt0112022""]",https://www.imdb.com/name/nm0479779/,False
nm0479951,Ronald Lacey,1935,1991,"[""actor"", ""director"", ""producer""]","[""tt0082971"", ""tt0086856"", ""tt0089893"", ""tt0083943""]",https://www.imdb.com/name/nm0479951/,False
nm0481568,Bappi Lahiri,1952,2022,"[""music_artist"", ""composer"", ""music_department""]","[""tt1954206"", ""tt2574698"", ""tt0088099"", ""tt0084385""]",https://www.imdb.com/name/nm0481568/,False
nm0482559,Ardy Lam,,,"[""cinematographer"", ""actor"", ""producer""]","[""tt0117011"", ""tt0104558"", ""tt0103285"", ""tt0099426""]",https://www.imdb.com/name/nm0482559/,False
nm0482580,Ching-Ying Lam,1952,1997,"[""actor"", ""producer"", ""stunts""]","[""tt0089371"", ""tt0085211"", ""tt0068935"", ""tt0067824""]",https://www.imdb.com/name/nm0482580/,False
nm0482628,Ka-Tung Lam,1967,,"[""actor"", ""producer"", ""writer""]","[""tt1220719"", ""tt0338564"", ""tt14032696"", ""tt14713814""]",https://www.imdb.com/name/nm0482628/,False
nm0482695,Suet Lam,1964,,"[""actor"", ""production_manager"", ""miscellaneous""]","[""tt0373074"", ""tt0250638"", ""tt3504824"", ""tt1075419""]",https://www.imdb.com/name/nm0482695/,False
nm0482697,Siu-Lam Tang,,,"[""composer"", ""music_department"", ""sound_department""]","[""tt0089374"", ""tt0118845"", ""tt0118694"", ""tt0091431""]",https://www.imdb.com/name/nm0482697/,False
nm0482961,Irene Lamb,,,"[""casting_director"", ""casting_department""]","[""tt0076759"", ""tt0088846"", ""tt0355295"", ""tt0082186""]",https://www.imdb.com/name/nm0482961/,False
nm0483678,Neil Lamont,1961,,"[""production_designer"", ""art_director"", ""art_department""]","[""tt3748528"", ""tt3778644"", ""tt4123432"", ""tt1201607""]",https://www.imdb.com/name/nm0483678/,False
nm0484023,Maurice Lamy,1963,,"[""actor"", ""archive_footage""]","[""tt0101700"", ""tt0099009"", ""tt0085526"", ""tt0281108""]",https://www.imdb.com/name/nm0484023/,False
nm0484123,David Lancaster,,,"[""producer"", ""actor"", ""assistant_director""]","[""tt0780504"", ""tt2582802"", ""tt2872718"", ""tt15364972""]",https://www.imdb.com/name/nm0484123/,False
nm0484504,Vincent Landay,,,"[""producer"", ""assistant_director"", ""production_manager""]","[""tt2802850"", ""tt1798709"", ""tt0268126"", ""tt0120601""]",https://www.imdb.com/name/nm0484504/,False
nm0484970,Dorota Landowska,1968,,"[""actress"", ""director"", ""writer""]","[""tt2190324"", ""tt0230656"", ""tt1840786"", ""tt1801844""]",https://www.imdb.com/name/nm0484970/,False
nm0484981,Sylvie Landra,,,"[""editor"", ""producer"", ""editorial_department""]","[""tt0119116"", ""tt0110413"", ""tt0151137"", ""tt0327554""]",https://www.imdb.com/name/nm0484981/,False
nm0485968,Pascal Lengagne,1967,,"[""composer"", ""music_department"", ""soundtrack""]","[""tt0257264"", ""tt1935194"", ""tt8655470"", ""tt15340790""]",https://www.imdb.com/name/nm0485968/,False
nm0486068,Allison Lange,1978,,"[""actress"", ""writer""]","[""tt0448120"", ""tt0485782"", ""tt1670375"", ""tt0261199""]",https://www.imdb.com/name/nm0486068/,False
nm0486130,Heike Lange,1977,,"[""production_designer"", ""art_department"", ""art_director""]","[""tt30876483"", ""tt21927594"", ""tt6905756"", ""tt1643222""]",https://www.imdb.com/name/nm0486130/,False
nm0486799,Jos Laniado,,,"[""actor"", ""producer"", ""writer""]","[""tt2084952"", ""tt1595859"", ""tt2357547""]",https://www.imdb.com/name/nm0486799/,False
nm0487166,Yorgos Lanthimos,1973,,"[""director"", ""writer"", ""producer""]","[""tt3464902"", ""tt5715874"", ""tt1379182"", ""tt14230458""]",https://www.imdb.com/name/nm0487166/,False
nm0487254,Gérard Lanvin,1950,,"[""actor"", ""writer"", ""music_department""]","[""tt0411272"", ""tt0216787"", ""tt0084540"", ""tt0109800""]",https://www.imdb.com/name/nm0487254/,False
nm0487884,Alexandra Maria Lara,1978,,"[""actress"", ""miscellaneous"", ""soundtrack""]","[""tt0363163"", ""tt1979320"", ""tt0976051"", ""tt0421082""]",https://www.imdb.com/name/nm0487884/,False
nm0488095,Vincent Laresca,1974,,"[""actor"", ""archive_footage""]","[""tt0117509"", ""tt0355702"", ""tt0103759"", ""tt0118971""]",https://www.imdb.com/name/nm0488095/,False
nm0489162,Chatarina Larsson,1947,,"[""actress""]","[""tt4080728"", ""tt0421947"", ""tt0907702"", ""tt0117212""]",https://www.imdb.com/name/nm0489162/,False
nm0490375,David Michael Latt,1966,,"[""producer"", ""director"", ""writer""]","[""tt2724064"", ""tt3843168"", ""tt0271018"", ""tt8923854""]",https://www.imdb.com/name/nm0490375/,False
nm0490489,Andy Lau,1961,,"[""actor"", ""producer"", ""art_department""]","[""tt0338564"", ""tt0374339"", ""tt0385004"", ""tt0913968""]",https://www.imdb.com/name/nm0490489/,False
nm0490497,Billy Lau,,,"[""actor"", ""director"", ""writer""]","[""tt0089371"", ""tt0090956"", ""tt0102332"", ""tt0098155""]",https://www.imdb.com/name/nm0490497/,False
nm0490513,Ching-Wan Lau,1964,,"[""actor"", ""soundtrack"", ""archive_footage""]","[""tt0115693"", ""tt0969269"", ""tt10283270"", ""tt1371585""]",https://www.imdb.com/name/nm0490513/,False
nm0490521,Damian Lau,1949,,"[""actor"", ""producer"", ""director""]","[""tt0084924"", ""tt0110054"", ""tt0104770"", ""tt0105619""]",https://www.imdb.com/name/nm0490521/,False
nm0490707,Carlos Lauchu,1961,,"[""actor"", ""producer"", ""writer""]","[""tt0111282"", ""tt0117723"", ""tt1209361"", ""tt0385664""]",https://www.imdb.com/name/nm0490707/,False
nm0491426,Lucie Laurier,1975,,"[""actress"", ""archive_footage""]","[""tt0260866"", ""tt0479647"", ""tt3578560"", ""tt0366532""]",https://www.imdb.com/name/nm0491426/,False
nm0491551,Žarko Laušević,1960,2023,"[""actor"", ""archive_footage""]","[""tt0124035"", ""tt0096966"", ""tt0106458"", ""tt3168940""]",https://www.imdb.com/name/nm0491551/,False
nm0491590,Ed Lauter,1938,2013,"[""actor"", ""archive_footage""]","[""tt0277371"", ""tt0085382"", ""tt0074751"", ""tt0102803""]",https://www.imdb.com/name/nm0491590/,False
nm0492249,Konstantin Lavronenko,1961,,"[""actor"", ""archive_footage""]","[""tt0376968"", ""tt1573109"", ""tt6087226"", ""tt0488905""]",https://www.imdb.com/name/nm0492249/,False
nm0492396,Ta-Yu Lo,1954,,"[""composer"", ""music_department"", ""actor""]","[""tt0434008"", ""tt0105619"", ""tt4392726"", ""tt0099079""]",https://www.imdb.com/name/nm0492396/,False
nm0492909,Marc Lawrence,1959,,"[""writer"", ""producer"", ""miscellaneous""]","[""tt0212346"", ""tt0313737"", ""tt0758766"", ""tt1314228""]",https://www.imdb.com/name/nm0492909/,False
nm0492923,Mark Lawrence,,,"[""editor"", ""editorial_department"", ""actor""]","[""tt0108803"", ""tt0108828"", ""tt0278251"", ""tt0094412""]",https://www.imdb.com/name/nm0492923/,False
nm0493029,Stephen Lawrence,,,"[""editor"", ""sound_department"", ""production_manager""]","[""tt2234222"", ""tt1885102"", ""tt0283205"", ""tt1414374""]",https://www.imdb.com/name/nm0493029/,False
nm0493339,Tony Lawson,1944,,"[""editor"", ""producer"", ""editorial_department""]","[""tt0086993"", ""tt0069995"", ""tt0072684"", ""tt0067800""]",https://www.imdb.com/name/nm0493339/,False
nm0494043,Hugues Le Bars,1950,2014,"[""actor"", ""composer"", ""music_department""]","[""tt0104003"", ""tt0107459"", ""tt0293672"", ""tt0429052""]",https://www.imdb.com/name/nm0494043/,False
nm0494264,Kit Le Fever,,,"[""actor""]","[""tt0087354"", ""tt0093029"", ""tt0095188"", ""tt0086814""]",https://www.imdb.com/name/nm0494264/,False
nm0494504,Anne Le Ny,1962,,"[""actress"", ""writer"", ""director""]","[""tt1675434"", ""tt10696896"", ""tt0969701"", ""tt2474438""]",https://www.imdb.com/name/nm0494504/,False
nm0494623,FM Le Sieur,,,"[""composer"", ""soundtrack"", ""music_department""]","[""tt19636984"", ""tt3501112"", ""tt1595680"", ""tt9487594""]",https://www.imdb.com/name/nm0494623/,False
nm0496055,George Lechaptois,,,"[""cinematographer"", ""camera_department"", ""producer""]","[""tt4680196"", ""tt7374926"", ""tt33852162"", ""tt8525070""]",https://www.imdb.com/name/nm0496055/,False
nm0496129,Marjorie Lecker,1966,,"[""casting_director"", ""casting_department"", ""producer""]","[""tt1194417"", ""tt5890496"", ""tt5865052"", ""tt0484098""]",https://www.imdb.com/name/nm0496129/,False
nm0497010,Choon-yeon Lee,,,"[""producer"", ""actor""]","[""tt2990738"", ""tt1517239"", ""tt0336678"", ""tt0368563""]",https://www.imdb.com/name/nm0497010/,False
nm0497231,Erica Li,,,"[""writer"", ""director"", ""actress""]","[""tt1641638"", ""tt9597838"", ""tt14892164"", ""tt2495118""]",https://www.imdb.com/name/nm0497231/,False
nm0497631,Lee Jung-jae,1972,,"[""actor"", ""director"", ""producer""]","[""tt6931658"", ""tt3008014"", ""tt2625030"", ""tt10919420""]",https://www.imdb.com/name/nm0497631/,False
nm0497689,King Man Lee,,,"[""art_director"", ""production_designer"", ""art_department""]","[""tt0121787"", ""tt0084056"", ""tt0156588"", ""tt0108281""]",https://www.imdb.com/name/nm0497689/,False
nm0497952,Happy Hsu,,,"[""producer"", ""assistant_director"", ""miscellaneous""]","[""tt8587122"", ""tt13093146"", ""tt2927080""]",https://www.imdb.com/name/nm0497952/,False
nm0498165,RonReaco Lee,1976,,"[""actor"", ""director"", ""producer""]","[""tt0372237"", ""tt0097441"", ""tt0286486"", ""tt3231022""]",https://www.imdb.com/name/nm0498165/,False
nm0498241,Shawn Lee,1990,,"[""actor""]","[""tt2140559"", ""tt21040318"", ""tt12427752"", ""tt1356802""]",https://www.imdb.com/name/nm0498241/,False
nm0498278,Stan Lee,1922,2018,"[""producer"", ""writer"", ""actor""]","[""tt2250912"", ""tt1211837"", ""tt1825683"", ""tt3896198""]",https://www.imdb.com/name/nm0498278/,False
nm0498449,Will Yun Lee,,,"[""actor"", ""producer"", ""soundtrack""]","[""tt33764258"", ""tt2261227"", ""tt6470478"", ""tt1430132""]",https://www.imdb.com/name/nm0498449/,False
nm0499791,Fredric Lehne,1959,,"[""actor"", ""director"", ""writer""]","[""tt1485796"", ""tt5838338"", ""tt1790885"", ""tt0081283""]",https://www.imdb.com/name/nm0499791/,False
nm0501168,Guillaume Lemay-Thivierge,1976,,"[""actor"", ""assistant_director"", ""director""]","[""tt0790602"", ""tt0094325"", ""tt0435761"", ""tt1466570""]",https://www.imdb.com/name/nm0501168/,False
nm0501256,Valérie Lemercier,1964,,"[""actress"", ""director"", ""writer""]","[""tt0108500"", ""tt9735462"", ""tt1067774"", ""tt0424338""]",https://www.imdb.com/name/nm0501256/,False
nm0501565,Guenia Lemos,1975,,"[""actress"", ""director"", ""writer""]","[""tt28281591"", ""tt14647462"", ""tt28302495"", ""tt0098844""]",https://www.imdb.com/name/nm0501565/,False
nm0502351,Nicole Marie Lenz,1980,,"[""actress""]","[""tt0310910"", ""tt0395843"", ""tt1078588""]",https://www.imdb.com/name/nm0502351/,False
nm0502954,John R. Leonetti,1956,,"[""cinematographer"", ""camera_department"", ""director""]","[""tt3322940"", ""tt1457767"", ""tt2226417"", ""tt0119707""]",https://www.imdb.com/name/nm0502954/,False
nm0502970,David Leong,,,"[""actor"", ""producer""]","[""tt0214728"", ""tt0170626"", ""tt0283380"", ""tt0266407""]",https://www.imdb.com/name/nm0502970/,False
nm0503182,Antonio Leotti,,,"[""writer"", ""actor"", ""director""]","[""tt0297353"", ""tt4173336"", ""tt13113298"", ""tt1571402""]",https://www.imdb.com/name/nm0503182/,False
nm0503548,Cory Lerios,,,"[""composer"", ""music_department"", ""editor""]","[""tt0096542"", ""tt0266987"", ""tt1714203"", ""tt1469304""]",https://www.imdb.com/name/nm0503548/,False
nm0504320,Anton Lesser,1952,,"[""actor"", ""archive_footage""]","[""tt1298650"", ""tt6108178"", ""tt0944947"", ""tt0482546""]",https://www.imdb.com/name/nm0504320/,False
nm0504495,Mark L. Lester,,,"[""producer"", ""director"", ""writer""]","[""tt0088944"", ""tt0083739"", ""tt0087262"", ""tt0102915""]",https://www.imdb.com/name/nm0504495/,False
nm0504899,Tony Ka Fai Leung,1958,,"[""actor"", ""producer"", ""director""]","[""tt0434008"", ""tt0109688"", ""tt0101316"", ""tt34610311""]",https://www.imdb.com/name/nm0504899/,False
nm0505059,Elisabeth Leustig,1945,1995,"[""casting_director"", ""casting_department""]","[""tt0099348"", ""tt0105265"", ""tt0120053"", ""tt0087985""]",https://www.imdb.com/name/nm0505059/,False
nm0505230,Jeremy Leven,1941,,"[""writer"", ""producer"", ""director""]","[""tt0112883"", ""tt0433035"", ""tt0332280"", ""tt0146984""]",https://www.imdb.com/name/nm0505230/,False
nm0505485,Primo Levi,1919,1987,"[""writer"", ""archive_footage""]","[""tt0117959"", ""tt0466932"", ""tt6055814"", ""tt15806996""]",https://www.imdb.com/name/nm0505485/,False
nm0505867,Ken Levine,1950,,"[""writer"", ""miscellaneous"", ""producer""]","[""tt0083399"", ""tt0106004"", ""tt0068098"", ""tt0111877""]",https://www.imdb.com/name/nm0505867/,False
nm0506075,Monica Levinson,,,"[""producer"", ""director"", ""soundtrack""]","[""tt15232564"", ""tt3553976"", ""tt13143964"", ""tt31122777""]",https://www.imdb.com/name/nm0506075/,False
nm0506217,Heidi Levitt,,,"[""casting_director"", ""producer"", ""casting_department""]","[""tt1655442"", ""tt0102138"", ""tt0113987"", ""tt0117500""]",https://www.imdb.com/name/nm0506217/,False
nm0506634,Stuart Levy,,,"[""editor"", ""sound_department"", ""editorial_department""]","[""tt1100089"", ""tt8404256"", ""tt17490712"", ""tt2908446""]",https://www.imdb.com/name/nm0506634/,False
nm0506802,Ben Lewin,1946,,"[""writer"", ""director"", ""producer""]","[""tt1866249"", ""tt7392014"", ""tt4602066"", ""tt4652650""]",https://www.imdb.com/name/nm0506802/,False
nm0506991,Bubba Lewis,1989,,"[""actor""]","[""tt0418689"", ""tt0375104"", ""tt0974661"", ""tt0804432""]",https://www.imdb.com/name/nm0506991/,False
nm0507010,Carol Lewis,,,"[""casting_director"", ""casting_department"", ""producer""]","[""tt0118771"", ""tt0113972"", ""tt0141926"", ""tt0105226""]",https://www.imdb.com/name/nm0507010/,False
nm0507161,Ellen Lewis,,,"[""casting_director"", ""casting_department"", ""miscellaneous""]","[""tt5537002"", ""tt8695030"", ""tt0407887"", ""tt1677720""]",https://www.imdb.com/name/nm0507161/,False
nm0507347,Jenny Lewis,,,"[""casting_director"", ""casting_department""]","[""tt35495073"", ""tt14261112"", ""tt30412869"", ""tt21867434""]",https://www.imdb.com/name/nm0507347/,False
nm0507913,Katia Lewkowicz,1973,,"[""actress"", ""director"", ""writer""]","[""tt3645154"", ""tt1838625"", ""tt9372172"", ""tt0494977""]",https://www.imdb.com/name/nm0507913/,False
nm0508373,Chengru Li,,,"[""actor"", ""director"", ""archive_footage""]","[""tt27122853"", ""tt2240937"", ""tt1340810"", ""tt5870766""]",https://www.imdb.com/name/nm0508373/,False
nm0508579,Zhuoyi Li,,,"[""art_director"", ""production_designer""]","[""tt1667150"", ""tt0234837"", ""tt4542692""]",https://www.imdb.com/name/nm0508579/,False
nm0508732,Matthew Libatique,1968,,"[""cinematographer"", ""camera_department"", ""actor""]","[""tt0947798"", ""tt0138704"", ""tt0180093"", ""tt1517451""]",https://www.imdb.com/name/nm0508732/,False
nm0508988,Andrew Licht,1957,,"[""producer"", ""writer"", ""executive""]","[""tt0114898"", ""tt0115798"", ""tt0138510"", ""tt0494238""]",https://www.imdb.com/name/nm0508988/,False
nm0509490,Terry Liebling,1942,2001,"[""casting_director"", ""casting_department""]","[""tt0086856"", ""tt0082934"", ""tt0080684"", ""tt0078788""]",https://www.imdb.com/name/nm0509490/,False
nm0509870,Luciano Ligabue,1960,,"[""music_artist"", ""actor"", ""composer""]","[""tt0169164"", ""tt6917242"", ""tt0287393"", ""tt9323156""]",https://www.imdb.com/name/nm0509870/,False
nm0510330,Tom Lillard,1938,2019,"[""actor""]","[""tt0082340"", ""tt0109665"", ""tt0079180"", ""tt0116260""]",https://www.imdb.com/name/nm0510330/,False
nm0510935,Hon-Lam Pau,1919,2007,"[""actor""]","[""tt0090350"", ""tt0097244"", ""tt0098954"", ""tt0101305""]",https://www.imdb.com/name/nm0510935/,False
nm0511186,Ewa J. Lind,,,"[""editor"", ""editorial_department"", ""sound_department""]","[""tt0246853"", ""tt2198235"", ""tt0860866"", ""tt2883352""]",https://www.imdb.com/name/nm0511186/,False
nm0511859,Sofia Lindgren,1965,,"[""editor"", ""editorial_department"", ""script_department""]","[""tt0385751"", ""tt2353767"", ""tt14664414"", ""tt11806034""]",https://www.imdb.com/name/nm0511859/,False
nm0511979,John Lindley,,,"[""cinematographer"", ""camera_department"", ""director""]","[""tt0120789"", ""tt0298814"", ""tt0113845"", ""tt0105435""]",https://www.imdb.com/name/nm0511979/,False
nm0512328,Karen Lindsay-Stewart,,,"[""casting_director"", ""casting_department""]","[""tt0241527"", ""tt0422720"", ""tt1440292"", ""tt2628232""]",https://www.imdb.com/name/nm0512328/,False
nm0512543,Karl Ludwig Lindt,1902,1971,"[""actor"", ""archive_footage""]","[""tt0047577"", ""tt0052656"", ""tt0052657"", ""tt0050087""]",https://www.imdb.com/name/nm0512543/,False
nm0513021,Mark Linn-Baker,1954,,"[""actor"", ""director"", ""producer""]","[""tt0084370"", ""tt1185836"", ""tt0090501"", ""tt0105017""]",https://www.imdb.com/name/nm0513021/,False
nm0513373,Anne-Séverine Liotard,,,"[""actress""]","[""tt0087821""]",https://www.imdb.com/name/nm0513373/,False
nm0514998,Ray Lui,1956,,"[""actor"", ""assistant_director""]","[""tt0101490"", ""tt2109248"", ""tt0992911"", ""tt0111760""]",https://www.imdb.com/name/nm0514998/,False
nm0515123,Eric Lively,1981,,"[""actor""]","[""tt0457297"", ""tt0169247"", ""tt0163651"", ""tt0378793""]",https://www.imdb.com/name/nm0515123/,False
nm0515128,Jason Lively,1968,,"[""actor"", ""director"", ""camera_department""]","[""tt0089670"", ""tt0091630"", ""tt0078607"", ""tt0085271""]",https://www.imdb.com/name/nm0515128/,False
nm0516056,Lauren Lloyd,,,"[""producer"", ""casting_director"", ""miscellaneous""]","[""tt0337921"", ""tt0120685"", ""tt0190865"", ""tt0096875""]",https://www.imdb.com/name/nm0516056/,False
nm0516316,Lo Lieh,1939,2002,"[""actor"", ""director"", ""producer""]","[""tt0070800"", ""tt0202706"", ""tt0078243"", ""tt0104558""]",https://www.imdb.com/name/nm0516316/,False
nm0516319,Lowell Lo,,,"[""composer"", ""actor"", ""music_department""]","[""tt0097202"", ""tt0286112"", ""tt1602572"", ""tt0098155""]",https://www.imdb.com/name/nm0516319/,False
nm0517235,Lisa Lobel,,,"[""casting_director"", ""casting_department"", ""producer""]","[""tt33332385"", ""tt14849194"", ""tt33071426"", ""tt11514868""]",https://www.imdb.com/name/nm0517235/,False
nm0517506,Annie Ross,1930,2020,"[""actress"", ""music_department"", ""miscellaneous""]","[""tt0108122"", ""tt0086393"", ""tt0094142"", ""tt0100436""]",https://www.imdb.com/name/nm0517506/,False
nm0517589,John Logan,1961,,"[""writer"", ""producer"", ""script_department""]","[""tt0338751"", ""tt1074638"", ""tt1192628"", ""tt0172495""]",https://www.imdb.com/name/nm0517589/,False
nm0517844,Alison Lohman,1979,,"[""actress"", ""director"", ""producer""]","[""tt1127180"", ""tt0283139"", ""tt0325805"", ""tt0319061""]",https://www.imdb.com/name/nm0517844/,False
nm0518669,Andrew London,,,"[""editor"", ""sound_department"", ""editorial_department""]","[""tt0114069"", ""tt0095956"", ""tt0093748"", ""tt0086154""]",https://www.imdb.com/name/nm0518669/,False
nm0518715,Jason London,1972,,"[""actor"", ""producer"", ""writer""]","[""tt0106677"", ""tt0114682"", ""tt0102388"", ""tt0144814""]",https://www.imdb.com/name/nm0518715/,False
nm0518757,Michael London,,,"[""producer"", ""miscellaneous"", ""production_manager""]","[""tt0375063"", ""tt0857191"", ""tt0315983"", ""tt0328538""]",https://www.imdb.com/name/nm0518757/,False
nm0519434,Robert Longo,1953,,"[""director"", ""actor"", ""writer""]","[""tt0113481"", ""tt0094674"", ""tt0096708"", ""tt0475130""]",https://www.imdb.com/name/nm0519434/,False
nm0519456,Eva Longoria,1975,,"[""actress"", ""producer"", ""director""]","[""tt0410975"", ""tt0433387"", ""tt0443632"", ""tt7547410""]",https://www.imdb.com/name/nm0519456/,False
nm0520064,George Lopez,1961,,"[""producer"", ""actor"", ""writer""]","[""tt0310460"", ""tt0817230"", ""tt0424774"", ""tt9362930""]",https://www.imdb.com/name/nm0520064/,False
nm0520265,Rodrigo Lopresti,1976,,"[""actor"", ""producer"", ""director""]","[""tt6548228"", ""tt6267960"", ""tt3899676"", ""tt6048596""]",https://www.imdb.com/name/nm0520265/,False
nm0520770,Daniele Lorenzano,,,"[""producer""]","[""tt0096535"", ""tt0104759"", ""tt0105249"", ""tt0100597""]",https://www.imdb.com/name/nm0520770/,False
nm0521051,Jean-Pierre Lorit,1960,,"[""actor"", ""soundtrack""]","[""tt0362225"", ""tt0111495"", ""tt4758646"", ""tt0217119""]",https://www.imdb.com/name/nm0521051/,False
nm0521087,George Loros,1934,,"[""actor"", ""archive_footage""]","[""tt0096087"", ""tt0071042"", ""tt0081871"", ""tt0141842""]",https://www.imdb.com/name/nm0521087/,False
nm0521482,Howard Lotker,1980,,"[""actor""]","[""tt0183790"", ""tt0404390"", ""tt0485985"", ""tt0452668""]",https://www.imdb.com/name/nm0521482/,False
nm0521858,Daniel Louis,1953,,"[""producer"", ""production_manager"", ""camera_department""]","[""tt0338135"", ""tt1258134"", ""tt2229319"", ""tt0275560""]",https://www.imdb.com/name/nm0521858/,False
nm0522454,H.P. Lovecraft,1890,1937,"[""writer"", ""archive_footage""]","[""tt5073642"", ""tt0089885"", ""tt0091083"", ""tt7133366""]",https://www.imdb.com/name/nm0522454/,False
nm0523381,Junie Lowry Johnson,,,"[""casting_director"", ""casting_department"", ""miscellaneous""]","[""tt0119229"", ""tt0248654"", ""tt0410975"", ""tt0844441""]",https://www.imdb.com/name/nm0523381/,False
nm0523415,Loy Mendonsa,,,"[""composer"", ""music_department"", ""actor""]","[""tt0347304"", ""tt2356180"", ""tt1188996"", ""tt1562872""]",https://www.imdb.com/name/nm0523415/,False
nm0524197,Josh Lucas,1971,,"[""actor"", ""producer"", ""cinematographer""]","[""tt1950186"", ""tt0256415"", ""tt0385726"", ""tt4236770""]",https://www.imdb.com/name/nm0524197/,False
nm0524528,Fabrice Luchini,1951,,"[""actor"", ""writer"", ""producer""]","[""tt1964624"", ""tt0796335"", ""tt0115638"", ""tt2207050""]",https://www.imdb.com/name/nm0524528/,False
nm0525023,Karen Ludwig,1942,,"[""actress"", ""director"", ""casting_department""]","[""tt0079522"", ""tt1800246"", ""tt0146309"", ""tt0076999""]",https://www.imdb.com/name/nm0525023/,False
nm0525601,Keye Luke,1904,1991,"[""actor"", ""art_department"", ""script_department""]","[""tt0099700"", ""tt0087363"", ""tt0099012"", ""tt0028707""]",https://www.imdb.com/name/nm0525601/,False
nm0525921,Joanna Lumley,1946,,"[""actress"", ""producer"", ""director""]","[""tt0105929"", ""tt0993846"", ""tt0116683"", ""tt0121164""]",https://www.imdb.com/name/nm0525921/,False
nm0526019,Diego Luna,1979,,"[""actor"", ""producer"", ""director""]","[""tt3748528"", ""tt0245574"", ""tt2262227"", ""tt0316356""]",https://www.imdb.com/name/nm0526019/,False
nm0526695,Fong Lung,1954,2008,"[""actor"", ""stunts"", ""miscellaneous""]","[""tt0098708"", ""tt0165211"", ""tt0187015"", ""tt0168043""]",https://www.imdb.com/name/nm0526695/,False
nm0526712,Tin Sang Lung,,,"[""actor"", ""assistant_director"", ""miscellaneous""]","[""tt0093367"", ""tt0094852"", ""tt0094146"", ""tt0101305""]",https://www.imdb.com/name/nm0526712/,False
nm0526860,Min Luong,,,"[""actress""]","[""tt0090728"", ""tt0097438"", ""tt0095376""]",https://www.imdb.com/name/nm0526860/,False
nm0526874,Andy Luotto,1950,,"[""actor"", ""miscellaneous"", ""writer""]","[""tt0085625"", ""tt0085454"", ""tt0179577"", ""tt3500508""]",https://www.imdb.com/name/nm0526874/,False
nm0527095,Gwyn Lurie,,,"[""writer"", ""producer""]","[""tt4383594"", ""tt1613062"", ""tt0458324"", ""tt0124205""]",https://www.imdb.com/name/nm0527095/,False
nm0528391,Martin Lynch,,,"[""writer""]","[""tt0093771"", ""tt0934711"", ""tt9657880"", ""tt32379157""]",https://www.imdb.com/name/nm0528391/,False
nm0528485,Tristan Lynch,,,"[""producer"", ""soundtrack""]","[""tt7080960"", ""tt4463816"", ""tt1439572"", ""tt7737734""]",https://www.imdb.com/name/nm0528485/,False
nm0529099,Kely Lyons,,,"[""producer"", ""director"", ""writer""]","[""tt0095709"", ""tt0477517"", ""tt0388377"", ""tt4186234""]",https://www.imdb.com/name/nm0529099/,False
nm0529591,Pascal Légitimus,1959,,"[""actor"", ""writer"", ""producer""]","[""tt0305357"", ""tt0303714"", ""tt3092076"", ""tt0246431""]",https://www.imdb.com/name/nm0529591/,False
nm0530316,Pepa López,,,"[""actress"", ""archive_footage""]","[""tt0343503"", ""tt0362345"", ""tt2471072"", ""tt1188965""]",https://www.imdb.com/name/nm0530316/,False
nm0531546,Simon MacCorkindale,1952,2010,"[""actor"", ""producer"", ""director""]","[""tt0085750"", ""tt0077413"", ""tt0081858"", ""tt0098773""]",https://www.imdb.com/name/nm0531546/,False
nm0531722,Gary McDonald,1961,,"[""actor"", ""producer"", ""writer""]","[""tt1217301"", ""tt0117589"", ""tt0783598"", ""tt9748424""]",https://www.imdb.com/name/nm0531722/,False
nm0531933,Shauna Macdonald,1981,,"[""actress"", ""sound_department"", ""soundtrack""]","[""tt0435625"", ""tt1073105"", ""tt1450321"", ""tt0490181""]",https://www.imdb.com/name/nm0531933/,False
nm0532193,Matthew Macfadyen,1974,,"[""actor"", ""producer"", ""soundtrack""]","[""tt7660850"", ""tt0795368"", ""tt1509767"", ""tt0414387""]",https://www.imdb.com/name/nm0532193/,False
nm0532683,Gabriel Macht,1972,,"[""actor"", ""producer"", ""director""]","[""tt0343737"", ""tt0369672"", ""tt0831887"", ""tt1632701""]",https://www.imdb.com/name/nm0532683/,False
nm0532698,Doug MacHugh,,,"[""actor"", ""producer"", ""writer""]","[""tt0090305"", ""tt0103919"", ""tt0090735"", ""tt0093220""]",https://www.imdb.com/name/nm0532698/,False
nm0532866,Woods Mackintosh,1939,2019,"[""production_designer"", ""art_director"", ""art_department""]","[""tt0112864"", ""tt0116040"", ""tt0102070"", ""tt0085750""]",https://www.imdb.com/name/nm0532866/,False
nm0533439,Amanda Mackey,1951,2022,"[""casting_director"", ""casting_department"", ""producer""]","[""tt0475394"", ""tt0104694"", ""tt0114924"", ""tt0311289""]",https://www.imdb.com/name/nm0533439/,False
nm0533564,Gillies MacKinnon,1948,,"[""director"", ""writer"", ""soundtrack""]","[""tt0114474"", ""tt0117969"", ""tt0105150"", ""tt0308772""]",https://www.imdb.com/name/nm0533564/,False
nm0534543,Marianne Maddalena,,,"[""producer"", ""actress"", ""miscellaneous""]","[""tt0111686"", ""tt0120082"", ""tt0219653"", ""tt0105121""]",https://www.imdb.com/name/nm0534543/,False
nm0534852,Nandu Madhav,,,"[""actor""]","[""tt21048424"", ""tt33083754"", ""tt1524539"", ""tt36537780""]",https://www.imdb.com/name/nm0534852/,False
nm0534858,Kavya Madhavan,1984,,"[""actress"", ""music_department"", ""soundtrack""]","[""tt1922632"", ""tt0266288"", ""tt0353725"", ""tt0356970""]",https://www.imdb.com/name/nm0534858/,False
nm0536582,Hugh Maguire,1933,2023,"[""actor""]","[""tt1452628"", ""tt11525644"", ""tt5606664"", ""tt2975590""]",https://www.imdb.com/name/nm0536582/,False
nm0536708,Shankar Mahadevan,1967,,"[""music_artist"", ""music_department"", ""composer""]","[""tt0347304"", ""tt1188996"", ""tt0292490"", ""tt2372678""]",https://www.imdb.com/name/nm0536708/,False
nm0537892,Francine Maisler,,,"[""casting_director"", ""casting_department"", ""producer""]","[""tt2024544"", ""tt1663202"", ""tt2562232"", ""tt7660850""]",https://www.imdb.com/name/nm0537892/,False
nm0537977,Rabiranjan Maitra,,,"[""editor"", ""sound_department"", ""actor""]","[""tt1404094"", ""tt3825436"", ""tt1400528"", ""tt1496834""]",https://www.imdb.com/name/nm0537977/,False
nm0538532,Mohsen Makhmalbaf,1957,,"[""writer"", ""editor"", ""director""]","[""tt0116384"", ""tt0283431"", ""tt0092651"", ""tt0104974""]",https://www.imdb.com/name/nm0538532/,False
nm0538755,Biljana Maksic,1961,,"[""writer"", ""actress"", ""producer""]","[""tt0331282"", ""tt0292432"", ""tt2395395"", ""tt0116860""]",https://www.imdb.com/name/nm0538755/,False
nm0539156,Yann Malcor,,,"[""editor"", ""editorial_department"", ""assistant_director""]","[""tt0211915"", ""tt12808182"", ""tt32138452"", ""tt29195603""]",https://www.imdb.com/name/nm0539156/,False
nm0539482,Annet Malherbe,1957,,"[""actress"", ""casting_director"", ""writer""]","[""tt0477217"", ""tt0124272"", ""tt1954315"", ""tt2367533""]",https://www.imdb.com/name/nm0539482/,False
nm0539497,Pawan Malhotra,1958,,"[""actor"", ""costume_department"", ""production_department""]","[""tt0400234"", ""tt2356180"", ""tt0461936"", ""tt5165344""]",https://www.imdb.com/name/nm0539497/,False
nm0540075,Jim Mallon,1956,,"[""producer"", ""writer"", ""actor""]","[""tt0094517"", ""tt0117128"", ""tt0289291"", ""tt2935638""]",https://www.imdb.com/name/nm0540075/,False
nm0541136,Pyotr Mamonov,1951,2021,"[""actor"", ""director"", ""archive_footage""]","[""tt0851577"", ""tt1651118"", ""tt0100757"", ""tt1718800""]",https://www.imdb.com/name/nm0541136/,False
nm0542062,Matt Manfredi,1971,,"[""writer"", ""producer"", ""director""]","[""tt2400463"", ""tt0790736"", ""tt7137380"", ""tt0277615""]",https://www.imdb.com/name/nm0542062/,False
nm0542157,Vachik Mangassarian,1943,2022,"[""actor""]","[""tt1277737"", ""tt15488088"", ""tt0083470"", ""tt1378167""]",https://www.imdb.com/name/nm0542157/,False
nm0542343,Kalabhavan Mani,1971,2016,"[""actor"", ""music_department"", ""writer""]","[""tt1305797"", ""tt0376127"", ""tt0228808"", ""tt0400585""]",https://www.imdb.com/name/nm0542343/,False
nm0542493,Justin Monjo,,,"[""writer"", ""producer"", ""actor""]","[""tt0118929"", ""tt0187636"", ""tt3758172"", ""tt0094764""]",https://www.imdb.com/name/nm0542493/,False
nm0542498,Mahesh Manjrekar,1953,,"[""writer"", ""producer"", ""actor""]","[""tt1010048"", ""tt0294662"", ""tt0261545"", ""tt0220832""]",https://www.imdb.com/name/nm0542498/,False
nm0543383,Taryn Manning,1978,,"[""actress"", ""producer"", ""soundtrack""]","[""tt2372162"", ""tt0410097"", ""tt0275022"", ""tt0298203""]",https://www.imdb.com/name/nm0543383/,False
nm0543657,Paulina Manov,1975,,"[""actress""]","[""tt0292432"", ""tt0283269"", ""tt28283178"", ""tt12528714""]",https://www.imdb.com/name/nm0543657/,False
nm0543739,Clint Mansell,1963,,"[""composer"", ""music_department"", ""actor""]","[""tt0947798"", ""tt0414993"", ""tt1182345"", ""tt8122018""]",https://www.imdb.com/name/nm0543739/,False
nm0544718,Kate Mara,1983,,"[""actress"", ""producer"", ""soundtrack""]","[""tt1502712"", ""tt1481572"", ""tt0822854"", ""tt3659388""]",https://www.imdb.com/name/nm0544718/,False
nm0545838,André Marcon,1948,,"[""actor""]","[""tt4428788"", ""tt2398149"", ""tt0462667"", ""tt2315200""]",https://www.imdb.com/name/nm0545838/,False
nm0547713,Dragan Marinkovic,1950,,"[""director"", ""writer"", ""producer""]","[""tt6827140"", ""tt0368689"", ""tt0283269"", ""tt0109354""]",https://www.imdb.com/name/nm0547713/,False
nm0548257,Laurence Mark,,,"[""producer"", ""miscellaneous"", ""executive""]","[""tt0343818"", ""tt0443489"", ""tt0427470"", ""tt0181536""]",https://www.imdb.com/name/nm0548257/,False
nm0548664,Olivera Markovic,1925,2011,"[""actress"", ""soundtrack"", ""archive_footage""]","[""tt0055447"", ""tt0085215"", ""tt0055059"", ""tt0171753""]",https://www.imdb.com/name/nm0548664/,False
nm0548943,Richard Marks,1943,2018,"[""editor"", ""editorial_department"", ""producer""]","[""tt0119822"", ""tt0078788"", ""tt0099422"", ""tt0092699""]",https://www.imdb.com/name/nm0548943/,False
nm0549436,Heidi Marnhout,1974,,"[""actress"", ""archive_footage""]","[""tt0281686"", ""tt0162065"", ""tt0138703"", ""tt0780567""]",https://www.imdb.com/name/nm0549436/,False
nm0549570,Dudu Marote,,,"[""composer""]","[""tt0166851"", ""tt0452664"", ""tt10510234""]",https://www.imdb.com/name/nm0549570/,False
nm0549686,Suse Marquardt,,,"[""casting_director"", ""casting_department"", ""assistant_director""]","[""tt22852560"", ""tt29567915"", ""tt6470924"", ""tt6839788""]",https://www.imdb.com/name/nm0549686/,False
nm0550371,Eddie Marsan,1968,,"[""actor"", ""soundtrack"", ""archive_footage""]","[""tt1045670"", ""tt1213663"", ""tt0383694"", ""tt0315733""]",https://www.imdb.com/name/nm0550371/,False
nm0551185,Steve Marshall,1968,,"[""actor"", ""archive_footage""]","[""tt0091630"", ""tt1673399"", ""tt0088579"", ""tt0092312""]",https://www.imdb.com/name/nm0551185/,False
nm0551766,Christian Marti,,,"[""production_designer"", ""art_department"", ""set_decorator""]","[""tt0091288"", ""tt13389730"", ""tt0091480"", ""tt0113362""]",https://www.imdb.com/name/nm0551766/,False
nm0552275,Faith Martin,,,"[""casting_director"", ""casting_department"", ""producer""]","[""tt0105488"", ""tt4443658"", ""tt1288558"", ""tt0316396""]",https://www.imdb.com/name/nm0552275/,False
nm0552455,James Martin,,,"[""producer"", ""writer"", ""actor""]","[""tt1525366"", ""tt1064979"", ""tt1046936"", ""tt1942150""]",https://www.imdb.com/name/nm0552455/,False
nm0553106,Svante Martin,1948,,"[""actor"", ""archive_footage""]","[""tt0837106"", ""tt1392307"", ""tt0107078"", ""tt0165030""]",https://www.imdb.com/name/nm0553106/,False
nm0555093,Fele Martínez,1975,,"[""actor"", ""director"", ""writer""]","[""tt0125659"", ""tt0117883"", ""tt0275491"", ""tt10035166""]",https://www.imdb.com/name/nm0555093/,False
nm0555424,Tomoyuki Maruo,,,"[""art_director"", ""production_designer"", ""set_decorator""]","[""tt0123948"", ""tt0286751"", ""tt6298600"", ""tt0929860""]",https://www.imdb.com/name/nm0555424/,False
nm0556343,Vladimir Mashkov,1963,,"[""actor"", ""producer"", ""director""]","[""tt1229238"", ""tt0416099"", ""tt0159273"", ""tt5987402""]",https://www.imdb.com/name/nm0556343/,False
nm0556965,Steve Mason,1954,,"[""cinematographer"", ""camera_department"", ""director""]","[""tt0105488"", ""tt0210584"", ""tt0246894"", ""tt0433387""]",https://www.imdb.com/name/nm0556965/,False
nm0557608,Nicholas Mastandrea,1955,,"[""assistant_director"", ""camera_department"", ""producer""]","[""tt1517260"", ""tt1276104"", ""tt2140379"", ""tt0117571""]",https://www.imdb.com/name/nm0557608/,False
nm0557609,Valerio Mastandrea,1972,,"[""actor"", ""producer"", ""writer""]","[""tt4901306"", ""tt7106968"", ""tt29429122"", ""tt2370096""]",https://www.imdb.com/name/nm0557609/,False
nm0557780,Christina Mastin,,,"[""actress""]","[""tt0175541"", ""tt0101748"", ""tt0160540"", ""tt1528781""]",https://www.imdb.com/name/nm0557780/,False
nm0557870,Ruggero Mastroianni,1929,1996,"[""editor"", ""editorial_department"", ""actor""]","[""tt0090055"", ""tt0071129"", ""tt0091113"", ""tt0087034""]",https://www.imdb.com/name/nm0557870/,False
nm0558577,Richard Matheson,1926,2013,"[""writer"", ""miscellaneous"", ""actor""]","[""tt0050539"", ""tt0085750"", ""tt0088478"", ""tt0433035""]",https://www.imdb.com/name/nm0558577/,False
nm0558726,Thom Mathews,1958,,"[""actor"", ""producer"", ""archive_footage""]","[""tt0089907"", ""tt0091080"", ""tt0101482"", ""tt0095990""]",https://www.imdb.com/name/nm0558726/,False
nm0559430,Ryûhei Matsuda,1983,,"[""actor"", ""archive_footage""]","[""tt2315226"", ""tt0213682"", ""tt2265171"", ""tt0309291""]",https://www.imdb.com/name/nm0559430/,False
nm0559613,Masatoshi Matsuo,1978,,"[""actor""]","[""tt0286751"", ""tt2243192"", ""tt1024703"", ""tt0260123""]",https://www.imdb.com/name/nm0559613/,False
nm0559664,Yuki Matsushita,1968,,"[""actress"", ""archive_footage""]","[""tt0350118"", ""tt0186764"", ""tt0435238"", ""tt30870534""]",https://www.imdb.com/name/nm0559664/,False
nm0559804,Rocco Matteo,,,"[""production_designer"", ""art_director"", ""art_department""]","[""tt5822112"", ""tt6510950"", ""tt1567215"", ""tt0118379""]",https://www.imdb.com/name/nm0559804/,False
nm0559879,Charles Matthau,,,"[""director"", ""writer"", ""producer""]","[""tt0938305"", ""tt0113211"", ""tt7875168"", ""tt0095047""]",https://www.imdb.com/name/nm0559879/,False
nm0559977,Dakin Matthews,1940,,"[""actor"", ""producer"", ""soundtrack""]","[""tt1403865"", ""tt0103956"", ""tt0111333"", ""tt0443272""]",https://www.imdb.com/name/nm0559977/,False
nm0560412,André Mattos,1961,,"[""actor"", ""writer"", ""producer""]","[""tt1555149"", ""tt2707408"", ""tt0995868"", ""tt5991954""]",https://www.imdb.com/name/nm0560412/,False
nm0560864,Sharon Maughan,1950,,"[""actress"", ""producer"", ""miscellaneous""]","[""tt0200465"", ""tt0815236"", ""tt2669336"", ""tt4045444""]",https://www.imdb.com/name/nm0560864/,False
nm0560945,Armistead Maupin,1944,,"[""writer"", ""producer"", ""actor""]","[""tt0106148"", ""tt0448075"", ""tt0245625"", ""tt7087260""]",https://www.imdb.com/name/nm0560945/,False
nm0560962,Carmen Maura,1945,,"[""actress"", ""miscellaneous"", ""soundtrack""]","[""tt0095675"", ""tt0441909"", ""tt0255067"", ""tt2404738""]",https://www.imdb.com/name/nm0560962/,False
nm0561033,Lisa Maurer,,,"[""producer"", ""actress"", ""writer""]","[""tt0080120"", ""tt0085750"", ""tt0082573"", ""tt0091213""]",https://www.imdb.com/name/nm0561033/,False
nm0561158,Claire Maurier,1929,2026,"[""actress"", ""miscellaneous"", ""archive_footage""]","[""tt0053198"", ""tt0211915"", ""tt0081678"", ""tt0058343""]",https://www.imdb.com/name/nm0561158/,False
nm0561430,Yorgos Mavropsaridis,,,"[""editor"", ""actor"", ""editorial_department""]","[""tt14230458"", ""tt5083738"", ""tt3464902"", ""tt1379182""]",https://www.imdb.com/name/nm0561430/,False
nm0562003,Jodhi May,1975,,"[""actress"", ""director"", ""writer""]","[""tt0104691"", ""tt0111205"", ""tt0096464"", ""tt0129111""]",https://www.imdb.com/name/nm0562003/,False
nm0562762,Jef Maynard,,,"[""miscellaneous"", ""art_director"", ""art_department""]","[""tt0094517"", ""tt0117128"", ""tt0289291""]",https://www.imdb.com/name/nm0562762/,False
nm0563604,Carl Mazzocone,1958,,"[""producer"", ""actor"", ""location_management""]","[""tt0963194"", ""tt0106471"", ""tt1572315"", ""tt0088172""]",https://www.imdb.com/name/nm0563604/,False
nm0564109,Amanda McArthur,,,"[""production_designer"", ""art_department""]","[""tt1937264"", ""tt0472160"", ""tt0101452"", ""tt13640696""]",https://www.imdb.com/name/nm0564109/,False
nm0564559,Valerie McCaffrey,1955,,"[""casting_director"", ""manager"", ""producer""]","[""tt0186151"", ""tt0118929"", ""tt0107076"", ""tt0119695""]",https://www.imdb.com/name/nm0564559/,False
nm0564586,Howard McCain,,,"[""director"", ""writer"", ""art_department""]","[""tt0462465"", ""tt3759962"", ""tt0834001"", ""tt0118051""]",https://www.imdb.com/name/nm0564586/,False
nm0564760,Nicholas McCallum,1956,,"[""production_designer"", ""miscellaneous"", ""art_department""]","[""tt0881320"", ""tt34748740"", ""tt4915672"", ""tt1438173""]",https://www.imdb.com/name/nm0564760/,False
nm0564970,Leo McCarey,1896,1969,"[""director"", ""writer"", ""producer""]","[""tt0050105"", ""tt0036872"", ""tt0037536"", ""tt0028597""]",https://www.imdb.com/name/nm0564970/,False
nm0565056,Anne McCarthy,,,"[""casting_director"", ""casting_department"", ""producer""]","[""tt1477834"", ""tt5606664"", ""tt6763664"", ""tt10574558""]",https://www.imdb.com/name/nm0565056/,False
nm0565157,Jeanne McCarthy,,,"[""casting_director"", ""casting_department"", ""actress""]","[""tt0338013"", ""tt0105812"", ""tt1232829"", ""tt0091954""]",https://www.imdb.com/name/nm0565157/,False
nm0565366,Jesse McCartney,1987,,"[""actor"", ""composer"", ""producer""]","[""tt0435679"", ""tt1615918"", ""tt0952640"", ""tt1991245""]",https://www.imdb.com/name/nm0565366/,False
nm0566699,Victor Miller,1940,2026,"[""writer"", ""actor"", ""producer""]","[""tt0065272"", ""tt0211443"", ""tt4420040"", ""tt0080761""]",https://www.imdb.com/name/nm0566699/,False
nm0567055,Stephen McCrum,,,"[""producer"", ""director""]","[""tt1819022"", ""tt0278251"", ""tt1678749"", ""tt0478937""]",https://www.imdb.com/name/nm0567055/,False
nm0567332,Stella McCusker,1942,,"[""actress"", ""talent_agent""]","[""tt1238291"", ""tt11286640"", ""tt3102900"", ""tt0333278""]",https://www.imdb.com/name/nm0567332/,False
nm0567720,David McDonald,,,"[""cinematographer""]","[""tt0070190"", ""tt0075237"", ""tt0064761"", ""tt0459293""]",https://www.imdb.com/name/nm0567720/,False
nm0568400,Ian McElhinney,1948,,"[""actor"", ""director"", ""soundtrack""]","[""tt0116477"", ""tt3748528"", ""tt0944947"", ""tt0970411""]",https://www.imdb.com/name/nm0568400/,False
nm0569000,Darren McGavin,1922,2006,"[""actor"", ""director"", ""producer""]","[""tt0085334"", ""tt0112508"", ""tt0091828"", ""tt0067490""]",https://www.imdb.com/name/nm0569000/,False
nm0569651,James McGowan,1960,,"[""actor"", ""archive_footage""]","[""tt1386703"", ""tt1386697"", ""tt2389280"", ""tt5119116""]",https://www.imdb.com/name/nm0569651/,False
nm0570570,Tim McInnerny,1956,,"[""actor"", ""soundtrack"", ""archive_footage""]","[""tt0125439"", ""tt0944947"", ""tt9218128"", ""tt16283804""]",https://www.imdb.com/name/nm0570570/,False
nm0570615,John McIntire,1907,1991,"[""actor"", ""soundtrack"", ""archive_footage""]","[""tt0054215"", ""tt0098536"", ""tt0076618"", ""tt0042208""]",https://www.imdb.com/name/nm0570615/,False
nm0571353,Donna McKenna,,,"[""casting_director"", ""producer"", ""casting_department""]","[""tt3417316"", ""tt3070476"", ""tt3484812"", ""tt8128856""]",https://www.imdb.com/name/nm0571353/,False
nm0571407,Paul McKenna,1958,,"[""actor"", ""sound_department"", ""writer""]","[""tt0090670"", ""tt7089872"", ""tt0093347"", ""tt0161356""]",https://www.imdb.com/name/nm0571407/,False
nm0571549,Julia McKenzie,1941,,"[""actress"", ""music_department"", ""writer""]","[""tt0465551"", ""tt0325123"", ""tt0974077"", ""tt1734537""]",https://www.imdb.com/name/nm0571549/,False
nm0572261,Ron McLarty,1947,2020,"[""actor"", ""soundtrack""]","[""tt0119925"", ""tt2170593"", ""tt0098772"", ""tt0088612""]",https://www.imdb.com/name/nm0572261/,False
nm0572951,Tom McLoughlin,1950,,"[""writer"", ""producer"", ""director""]","[""tt0091080"", ""tt0092834"", ""tt0102960"", ""tt0258967""]",https://www.imdb.com/name/nm0572951/,False
nm0574590,Tom McSweeney,1960,,"[""casting_director"", ""casting_department"", ""director""]","[""tt0443473"", ""tt2222042"", ""tt0419946"", ""tt14060094""]",https://www.imdb.com/name/nm0574590/,False
nm0574803,Debbie McWilliams,,,"[""casting_director"", ""casting_department"", ""producer""]","[""tt2382320"", ""tt0113189"", ""tt0830515"", ""tt0381061""]",https://www.imdb.com/name/nm0574803/,False
nm0575468,Elli Medeiros,1956,,"[""actress"", ""composer"", ""writer""]","[""tt0280665"", ""tt1022606"", ""tt0167925"", ""tt0319768""]",https://www.imdb.com/name/nm0575468/,False
nm0576751,Melcher Meirmans,1969,,"[""composer"", ""music_department"", ""sound_department""]","[""tt3089778"", ""tt1286784"", ""tt0828594"", ""tt0204055""]",https://www.imdb.com/name/nm0576751/,False
nm0577293,Sérgio Mekler,,,"[""editor"", ""writer"", ""camera_department""]","[""tt10785310"", ""tt0318590"", ""tt0117264"", ""tt2027178""]",https://www.imdb.com/name/nm0577293/,False
nm0577818,Beppie Melissen,1951,,"[""actress"", ""writer"", ""archive_footage""]","[""tt7865162"", ""tt1700423"", ""tt23847516"", ""tt1591190""]",https://www.imdb.com/name/nm0577818/,False
nm0578080,Selton Mello,1972,,"[""actor"", ""director"", ""writer""]","[""tt14961016"", ""tt33244668"", ""tt1921043"", ""tt0489458""]",https://www.imdb.com/name/nm0578080/,False
nm0578444,Michael L. Meltzer,,,"[""producer"", ""miscellaneous""]","[""tt0093185"", ""tt0094961"", ""tt7356246"", ""tt0120627""]",https://www.imdb.com/name/nm0578444/,False
nm0578538,Michael Melvoin,1937,2012,"[""music_department"", ""composer"", ""actor""]","[""tt0372532"", ""tt0337741"", ""tt0090660"", ""tt0343737""]",https://www.imdb.com/name/nm0578538/,False
nm0578853,Ben Mendelsohn,1969,,"[""actor"", ""producer"", ""script_department""]","[""tt3748528"", ""tt1313092"", ""tt1345836"", ""tt1677720""]",https://www.imdb.com/name/nm0578853/,False
nm0579148,Bingen Mendizábal,,,"[""composer"", ""music_department"", ""soundtrack""]","[""tt9760852"", ""tt0107479"", ""tt0380281"", ""tt1873536""]",https://www.imdb.com/name/nm0579148/,False
nm0579595,Alex Menglet,1956,,"[""actor"", ""archive_footage""]","[""tt0172543"", ""tt0266138"", ""tt0115886"", ""tt0088630""]",https://www.imdb.com/name/nm0579595/,False
nm0579756,Biju Menon,1970,,"[""actor"", ""music_department"", ""producer""]","[""tt11322920"", ""tt4110972"", ""tt13342406"", ""tt2355765""]",https://www.imdb.com/name/nm0579756/,False
nm0579766,Rajiv Menon,1963,,"[""actor"", ""cinematographer"", ""director""]","[""tt0242572"", ""tt2344672"", ""tt0499375"", ""tt0274789""]",https://www.imdb.com/name/nm0579766/,False
nm0579840,Irfan Mensur,1952,,"[""actor"", ""miscellaneous"", ""archive_footage""]","[""tt4348012"", ""tt0425695"", ""tt0073660"", ""tt14895146""]",https://www.imdb.com/name/nm0579840/,False
nm0580101,Kad Merad,1964,,"[""actor"", ""writer"", ""director""]","[""tt1064932"", ""tt0372824"", ""tt4835480"", ""tt0485241""]",https://www.imdb.com/name/nm0580101/,False
nm0580255,Darren Peter Mercer,,,"[""actor""]","[""tt0104759"", ""tt0105249""]",https://www.imdb.com/name/nm0580255/,False
nm0580526,Micole Mercurio,1938,2016,"[""actress""]","[""tt0114924"", ""tt0085549"", ""tt0161081"", ""tt0109446""]",https://www.imdb.com/name/nm0580526/,False
nm0580679,Johnny Meres,1958,,"[""actor"", ""writer""]","[""tt0892899"", ""tt0462108"", ""tt0122827"", ""tt0810737""]",https://www.imdb.com/name/nm0580679/,False
nm0580944,Melanie Merkosky,1980,,"[""actress"", ""producer"", ""director""]","[""tt2414040"", ""tt9077530"", ""tt21241942"", ""tt0460681""]",https://www.imdb.com/name/nm0580944/,False
nm0581016,Veronika Merlin,,,"[""production_designer"", ""art_director"", ""set_decorator""]","[""tt0114594"", ""tt4932154"", ""tt0410730"", ""tt2972766""]",https://www.imdb.com/name/nm0581016/,False
nm0581312,Micah W. Merrill,,,"[""producer"", ""director"", ""actor""]","[""tt16531614"", ""tt2445666"", ""tt2336049"", ""tt7078004""]",https://www.imdb.com/name/nm0581312/,False
nm0582257,Johnny Messner,1970,,"[""actor"", ""producer""]","[""tt0340163"", ""tt0404390"", ""tt0314353"", ""tt0360009""]",https://www.imdb.com/name/nm0582257/,False
nm0582529,Amornbhong Methakunavudh,,,"[""composer"", ""sound_department""]","[""tt0440803"", ""tt0352575"", ""tt0401248"", ""tt0345549""]",https://www.imdb.com/name/nm0582529/,False
nm0582797,Jens Meurer,1963,,"[""producer"", ""director"", ""writer""]","[""tt1321865"", ""tt0318034"", ""tt0389557"", ""tt6477262""]",https://www.imdb.com/name/nm0582797/,False
nm0583292,Nicholas Meyer,1945,,"[""writer"", ""producer"", ""script_department""]","[""tt0080025"", ""tt0102975"", ""tt0084726"", ""tt0092007""]",https://www.imdb.com/name/nm0583292/,False
nm0583681,Gérard Meylan,1952,,"[""actor""]","[""tt2935564"", ""tt0080611"", ""tt0136289"", ""tt1852006""]",https://www.imdb.com/name/nm0583681/,False
nm0584483,Roz Michaels,1947,,"[""actress""]","[""tt0165832"", ""tt0123816"", ""tt0130430"", ""tt0093620""]",https://www.imdb.com/name/nm0584483/,False
nm0584492,Seth Michaels,,,"[""actor"", ""producer"", ""director""]","[""tt27804552"", ""tt21202916"", ""tt7991608"", ""tt0995868""]",https://www.imdb.com/name/nm0584492/,False
nm0585737,Luís Carlos Miele,1938,2015,"[""actor"", ""director""]","[""tt12569166"", ""tt0185975"", ""tt0187563"", ""tt0179170""]",https://www.imdb.com/name/nm0585737/,False
nm0586568,Mads Mikkelsen,1965,,"[""actor"", ""producer"", ""miscellaneous""]","[""tt2243973"", ""tt2106476"", ""tt1211837"", ""tt10288566""]",https://www.imdb.com/name/nm0586568/,False
nm0586994,Andy Milder,,,"[""actor"", ""soundtrack"", ""archive_footage""]","[""tt0439100"", ""tt1830491"", ""tt0870111"", ""tt0112384""]",https://www.imdb.com/name/nm0586994/,False
nm0587692,Miles Millar,1970,,"[""writer"", ""producer"", ""director""]","[""tt0279600"", ""tt2049403"", ""tt0316654"", ""tt1464540""]",https://www.imdb.com/name/nm0587692/,False
nm0588010,Bruce Alan Miller,,,"[""production_designer"", ""art_director"", ""art_department""]","[""tt0108238"", ""tt0117333"", ""tt0104291"", ""tt0120873""]",https://www.imdb.com/name/nm0588010/,False
nm0588723,Kee Miller,,,"[""art_director"", ""production_designer"", ""art_department""]","[""tt0120383"", ""tt0840322"", ""tt1594917"", ""tt12048116""]",https://www.imdb.com/name/nm0588723/,False
nm0588777,Larry Miller,1953,,"[""actor"", ""writer"", ""producer""]","[""tt0147800"", ""tt0310281"", ""tt0100405"", ""tt0117218""]",https://www.imdb.com/name/nm0588777/,False
nm0588998,Michael R. Miller,,,"[""editor"", ""editorial_department"", ""director""]","[""tt0093822"", ""tt0100150"", ""tt0095348"", ""tt0162346""]",https://www.imdb.com/name/nm0588998/,False
nm0590471,Pierre Milon,,,"[""cinematographer"", ""camera_department""]","[""tt1068646"", ""tt4450716"", ""tt1304873"", ""tt1852006""]",https://www.imdb.com/name/nm0590471/,False
nm0592294,Elena Mirtchofska,1958,,"[""actress"", ""archive_footage""]","[""tt5723272"", ""tt0177128"", ""tt0277180"", ""tt0069716""]",https://www.imdb.com/name/nm0592294/,False
nm0592427,Steve Mirkovich,,,"[""editor"", ""editorial_department"", ""producer""]","[""tt5886046"", ""tt0118880"", ""tt0090728"", ""tt10059518""]",https://www.imdb.com/name/nm0592427/,False
nm0592428,Tim Mirkovich,1979,,"[""editor"", ""editorial_department"", ""producer""]","[""tt0097388"", ""tt1646980"", ""tt0910936"", ""tt10059518""]",https://www.imdb.com/name/nm0592428/,False
nm0592701,Kim Miscia,,,"[""casting_director"", ""casting_department"", ""producer""]","[""tt4158110"", ""tt0804503"", ""tt0137494"", ""tt0349710""]",https://www.imdb.com/name/nm0592701/,False
nm0592734,Sara Mishara,,,"[""cinematographer"", ""camera_department"", ""writer""]","[""tt11051898"", ""tt21440560"", ""tt6215208"", ""tt3685218""]",https://www.imdb.com/name/nm0592734/,False
nm0593262,David Mitchell,,,"[""producer"", ""editor"", ""director""]","[""tt0110263"", ""tt0090847"", ""tt0098473"", ""tt0095492""]",https://www.imdb.com/name/nm0593262/,False
nm0593911,Michie Tomizawa,1961,,"[""actress"", ""soundtrack"", ""archive_footage""]","[""tt0106417"", ""tt0090248"", ""tt0103369"", ""tt0409634""]",https://www.imdb.com/name/nm0593911/,False
nm0594016,Srdjan Mitrovic,1969,,"[""editor"", ""director"", ""writer""]","[""tt13063478"", ""tt41567318"", ""tt0331282"", ""tt1320115""]",https://www.imdb.com/name/nm0594016/,False
nm0594073,Ken Mitsuishi,1961,,"[""actor"", ""archive_footage""]","[""tt4262980"", ""tt1436045"", ""tt0235198"", ""tt0120863""]",https://www.imdb.com/name/nm0594073/,False
nm0594074,Kotono Mitsuishi,1967,,"[""actress"", ""music_department"", ""soundtrack""]","[""tt0169858"", ""tt0112159"", ""tt2458948"", ""tt0106417""]",https://www.imdb.com/name/nm0594074/,False
nm0594226,Michael Miu Kiu-Wai,1958,,"[""actor"", ""miscellaneous"", ""archive_footage""]","[""tt0843213"", ""tt0095543"", ""tt0843174"", ""tt0488690""]",https://www.imdb.com/name/nm0594226/,False
nm0594956,Félix Moati,1990,,"[""actor"", ""director"", ""writer""]","[""tt7543914"", ""tt5636324"", ""tt8847712"", ""tt2144176""]",https://www.imdb.com/name/nm0594956/,False
nm0595277,Alessio Modica,,,"[""actor""]","[""tt0417930"", ""tt0169164"", ""tt0277688"", ""tt0109621""]",https://www.imdb.com/name/nm0595277/,False
nm0595771,Cristina Moglia,1972,,"[""actress"", ""script_department""]","[""tt0110737"", ""tt2090465"", ""tt0346946"", ""tt0307596""]",https://www.imdb.com/name/nm0595771/,False
nm0595897,Mohan,1956,,"[""actor"", ""director"", ""writer""]","[""tt0281044"", ""tt27487934"", ""tt0091559"", ""tt12465800""]",https://www.imdb.com/name/nm0595897/,False
nm0596101,Ahmad Reza Moayed Mohseni,,,"[""composer"", ""actor""]","[""tt0100234"", ""tt13765038"", ""tt2265439"", ""tt0978609""]",https://www.imdb.com/name/nm0596101/,False
nm0596112,Brigitte Moidon,,,"[""casting_director"", ""casting_department"", ""actress""]","[""tt0237534"", ""tt0362225"", ""tt0164961"", ""tt10341034""]",https://www.imdb.com/name/nm0596112/,False
nm0596113,Frédérique Moidon,,,"[""talent_agent"", ""casting_director"", ""actress""]","[""tt0498118"", ""tt0110171"", ""tt0287448"", ""tt0150464""]",https://www.imdb.com/name/nm0596113/,False
nm0596520,Gerald R. Molen,1935,,"[""producer"", ""production_manager"", ""transportation_department""]","[""tt0095953"", ""tt0107290"", ""tt0108052"", ""tt0119567""]",https://www.imdb.com/name/nm0596520/,False
nm0596588,Nathalie Moliavko-Visotzky,,,"[""cinematographer"", ""camera_department"", ""art_department""]","[""tt0300556"", ""tt0252503"", ""tt0227445"", ""tt1029234""]",https://www.imdb.com/name/nm0596588/,False
nm0596789,Rolando Molina,1971,,"[""actor"", ""assistant_director"", ""miscellaneous""]","[""tt0195945"", ""tt0250224"", ""tt0114857"", ""tt1059786""]",https://www.imdb.com/name/nm0596789/,False
nm0597480,Dominic Monaghan,1976,,"[""actor"", ""producer"", ""writer""]","[""tt0120737"", ""tt0167260"", ""tt0167261"", ""tt0411008""]",https://www.imdb.com/name/nm0597480/,False
nm0597493,Marjorie Monaghan,1964,,"[""actress""]","[""tt0099165"", ""tt0112178"", ""tt0102768"", ""tt0107668""]",https://www.imdb.com/name/nm0597493/,False
nm0598282,Michael Monks,,,"[""actor"", ""director"", ""writer""]","[""tt26693800"", ""tt0118437"", ""tt0356634"", ""tt1855199""]",https://www.imdb.com/name/nm0598282/,False
nm0598443,Cinzia Monreale,1957,,"[""actress"", ""camera_department"", ""producer""]","[""tt0082307"", ""tt0211172"", ""tt0077225"", ""tt12333410""]",https://www.imdb.com/name/nm0598443/,False
nm0599573,Michael Montes,,,"[""composer"", ""music_department"", ""producer""]","[""tt4392770"", ""tt6842126"", ""tt1276996"", ""tt0269658""]",https://www.imdb.com/name/nm0599573/,False
nm0599905,Rick Montgomery,,,"[""casting_director"", ""casting_department"", ""producer""]","[""tt11995650"", ""tt6966692"", ""tt0109686"", ""tt0129387""]",https://www.imdb.com/name/nm0599905/,False
nm0600837,George Mooradian,,,"[""cinematographer"", ""camera_department"", ""sound_department""]","[""tt0082340"", ""tt0097138"", ""tt0109456"", ""tt0099422""]",https://www.imdb.com/name/nm0600837/,False
nm0601954,Tim Moore,,,"[""producer"", ""production_manager"", ""miscellaneous""]","[""tt1714209"", ""tt0405159"", ""tt2365971"", ""tt2369135""]",https://www.imdb.com/name/nm0601954/,False
nm0602772,Sue Morales,,,"[""actress""]","[""tt0101748"", ""tt0162558"", ""tt0098878"", ""tt0174393""]",https://www.imdb.com/name/nm0602772/,False
nm0602931,Mike Moran,1948,,"[""composer"", ""music_department"", ""actor""]","[""tt0081633"", ""tt0088621"", ""tt0088286"", ""tt0089003""]",https://www.imdb.com/name/nm0602931/,False
nm0603090,Laura Morante,1956,,"[""actress"", ""writer"", ""director""]","[""tt1846612"", ""tt0208990"", ""tt0084813"", ""tt0498120""]",https://www.imdb.com/name/nm0603090/,False
nm0604349,Tobias Moretti,1959,,"[""actor"", ""miscellaneous"", ""music_department""]","[""tt0108829"", ""tt5827916"", ""tt0408142"", ""tt2650978""]",https://www.imdb.com/name/nm0604349/,False
nm0604784,Joseph Morgan,,,"[""actor"", ""director"", ""writer""]","[""tt2632424"", ""tt9814116"", ""tt2934286"", ""tt1043813""]",https://www.imdb.com/name/nm0604784/,False
nm0604948,Peter Morgan,1963,,"[""writer"", ""producer"", ""actor""]","[""tt0870111"", ""tt4786824"", ""tt0455590"", ""tt0436697""]",https://www.imdb.com/name/nm0604948/,False
nm0605365,P.H. Moriarty,1938,2025,"[""actor"", ""archive_footage""]","[""tt0120735"", ""tt0081070"", ""tt0085750"", ""tt0082869""]",https://www.imdb.com/name/nm0605365/,False
nm0605668,Aiko Morishita,1958,,"[""actress""]","[""tt0807715"", ""tt0391273"", ""tt2284141"", ""tt0296203""]",https://www.imdb.com/name/nm0605668/,False
nm0605775,Neal H. Moritz,1959,,"[""producer"", ""actor"", ""miscellaneous""]","[""tt0232500"", ""tt0313443"", ""tt0257076"", ""tt5886046""]",https://www.imdb.com/name/nm0605775/,False
nm0606210,Mario Morra,1935,2024,"[""editor"", ""writer"", ""director""]","[""tt0095765"", ""tt0058946"", ""tt0155306"", ""tt0155677""]",https://www.imdb.com/name/nm0606210/,False
nm0606742,Liz Morris,,,"[""actress""]","[""tt0085750""]",https://www.imdb.com/name/nm0606742/,False
nm0607325,Temuera Morrison,1960,,"[""actor"", ""producer"", ""director""]","[""tt19881256"", ""tt19381692"", ""tt0110729"", ""tt9663764""]",https://www.imdb.com/name/nm0607325/,False
nm0607504,Jeff Morrow,1907,1993,"[""actor"", ""soundtrack"", ""archive_footage""]","[""tt0047577"", ""tt0050432"", ""tt0050610"", ""tt0049103""]",https://www.imdb.com/name/nm0607504/,False
nm0608012,Joe Morton,1947,,"[""actor"", ""producer"", ""director""]","[""tt0103064"", ""tt0087004"", ""tt12361974"", ""tt1837576""]",https://www.imdb.com/name/nm0608012/,False
nm0608090,Samantha Morton,1977,,"[""actress"", ""writer"", ""director""]","[""tt0181689"", ""tt0383028"", ""tt0298845"", ""tt0790712""]",https://www.imdb.com/name/nm0608090/,False
nm0608405,Bill Moseley,1951,,"[""actor"", ""producer"", ""writer""]","[""tt0963194"", ""tt0395584"", ""tt0092076"", ""tt0251736""]",https://www.imdb.com/name/nm0608405/,False
nm0609114,Ebon Moss-Bachrach,1977,,"[""actor"", ""writer"", ""soundtrack""]","[""tt14452776"", ""tt10676052"", ""tt1723816"", ""tt5675620""]",https://www.imdb.com/name/nm0609114/,False
nm0609662,Anna Mouglalis,1978,,"[""actress"", ""director"", ""writer""]","[""tt0418110"", ""tt1023441"", ""tt12299608"", ""tt4835480""]",https://www.imdb.com/name/nm0609662/,False
nm0609706,Mouli,,,"[""actor"", ""director"", ""writer""]","[""tt13701540"", ""tt6847338"", ""tt1579651"", ""tt0422908""]",https://www.imdb.com/name/nm0609706/,False
nm0610459,Stephen Moyer,1969,,"[""actor"", ""producer"", ""director""]","[""tt13918776"", ""tt33045989""]",https://www.imdb.com/name/nm0610459/,False
nm0611064,Jeffrey A. Mueller,,,"[""producer"", ""writer""]","[""tt0114898"", ""tt0115798"", ""tt0138510"", ""tt0095047""]",https://www.imdb.com/name/nm0611064/,False
nm0611315,Anita Mui,1963,2003,"[""actress"", ""music_department"", ""soundtrack""]","[""tt0093258"", ""tt0105619"", ""tt0113326"", ""tt0111512""]",https://www.imdb.com/name/nm0611315/,False
nm0611481,Mukesh,,,"[""actor"", ""music_department"", ""producer""]","[""tt0463644"", ""tt0278501"", ""tt0353935"", ""tt0271694""]",https://www.imdb.com/name/nm0611481/,False
nm0611683,Russell Mulcahy,1953,,"[""director"", ""producer"", ""writer""]","[""tt0091203"", ""tt0432021"", ""tt1567432""]",https://www.imdb.com/name/nm0611683/,False
nm0611983,April Mullen,,,"[""director"", ""actress"", ""producer""]","[""tt9689696"", ""tt5073620"", ""tt0399146"", ""tt3465074""]",https://www.imdb.com/name/nm0611983/,False
nm0613240,Warren Munson,1933,,"[""actor"", ""archive_footage""]","[""tt0097388"", ""tt0116253"", ""tt0183280"", ""tt0309530""]",https://www.imdb.com/name/nm0613240/,False
nm0614373,John Murphy,1965,,"[""composer"", ""music_department"", ""soundtrack""]","[""tt5950044"", ""tt6334354"", ""tt6791350"", ""tt0448134""]",https://www.imdb.com/name/nm0614373/,False
nm0614436,Kevin Murphy,1956,,"[""writer"", ""actor"", ""producer""]","[""tt0094517"", ""tt0117128"", ""tt0358952"", ""tt0289291""]",https://www.imdb.com/name/nm0614436/,False
nm0614526,Michael Murphy,,,"[""actor"", ""archive_footage""]","[""tt0079522"", ""tt0073440"", ""tt0094562"", ""tt0491747""]",https://www.imdb.com/name/nm0614526/,False
nm0614751,Timothy Patrick Murphy,1959,1988,"[""actor"", ""archive_footage""]","[""tt0075529"", ""tt0077000"", ""tt0088034"", ""tt0079877""]",https://www.imdb.com/name/nm0614751/,False
nm0614861,Brett Murray,,,"[""sound_department"", ""actor"", ""miscellaneous""]","[""tt34675596"", ""tt12908150"", ""tt13729648"", ""tt5622316""]",https://www.imdb.com/name/nm0614861/,False
nm0616141,John Muto,,,"[""production_designer"", ""visual_effects"", ""art_department""]","[""tt0114508"", ""tt0087799"", ""tt0099785"", ""tt0080421""]",https://www.imdb.com/name/nm0616141/,False
nm0617009,Sophia Myles,1980,,"[""actress"", ""archive_footage""]","[""tt2109248"", ""tt0375154"", ""tt0320691"", ""tt0462465""]",https://www.imdb.com/name/nm0617009/,False
nm0617031,Ville Myllyrinne,1973,,"[""actor"", ""writer"", ""director""]","[""tt0898241"", ""tt2565212"", ""tt3594244"", ""tt9837320""]",https://www.imdb.com/name/nm0617031/,False
nm0617407,Aleksi Mäkelä,1969,,"[""director"", ""writer"", ""actor""]","[""tt0323551"", ""tt0159485"", ""tt0109744"", ""tt0372594""]",https://www.imdb.com/name/nm0617407/,False
nm0617705,Margaret Ménégoz,1941,2024,"[""producer"", ""assistant_director"", ""production_department""]","[""tt1602620"", ""tt1149362"", ""tt0387898"", ""tt11617052""]",https://www.imdb.com/name/nm0617705/,False
nm0617852,Wotan Wilke Möhring,1967,,"[""actor""]","[""tt1188729"", ""tt0337573"", ""tt4893452"", ""tt3042408""]",https://www.imdb.com/name/nm0617852/,False
nm0618574,Gijs Naber,1980,,"[""actor"", ""music_department"", ""archive_footage""]","[""tt1674553"", ""tt3983266"", ""tt0389557"", ""tt8205028""]",https://www.imdb.com/name/nm0618574/,False
nm0618918,Nadira,1932,2006,"[""actress"", ""archive_footage""]","[""tt0151150"", ""tt0187192"", ""tt0230079"", ""tt0044318""]",https://www.imdb.com/name/nm0618918/,False
nm0619178,Masami Nagasawa,1987,,"[""actress"", ""miscellaneous""]","[""tt5805470"", ""tt11656548"", ""tt0399102"", ""tt0424430""]",https://www.imdb.com/name/nm0619178/,False
nm0619309,Nagesh,1933,2009,"[""actor"", ""director"", ""sound_department""]","[""tt0140412"", ""tt0479651"", ""tt33059535"", ""tt0259699""]",https://www.imdb.com/name/nm0619309/,False
nm0619585,Mona Nahm,1973,,"[""production_designer"", ""art_department"", ""producer""]","[""tt0456113"", ""tt0457585"", ""tt0332619"", ""tt0836717""]",https://www.imdb.com/name/nm0619585/,False
nm0619655,Chota K. Naidu,,,"[""cinematographer"", ""camera_department""]","[""tt1842347"", ""tt2440354"", ""tt1661031"", ""tt0245835""]",https://www.imdb.com/name/nm0619655/,False
nm0620017,Kazuya Nakai,1967,,"[""actor"", ""soundtrack"", ""archive_footage""]","[""tt0388629"", ""tt0988818"", ""tt3819668"", ""tt0423731""]",https://www.imdb.com/name/nm0620017/,False
nm0620243,Tatsuya Nakamura,,,"[""actor"", ""composer""]","[""tt3029558"", ""tt0163563"", ""tt6721358"", ""tt30217403""]",https://www.imdb.com/name/nm0620243/,False
nm0620378,Hideo Nakata,1961,,"[""director"", ""writer"", ""producer""]","[""tt0308379"", ""tt0178868"", ""tt0218553"", ""tt0382628""]",https://www.imdb.com/name/nm0620378/,False
nm0621829,Peter Nashel,,,"[""composer"", ""music_department"", ""producer""]","[""tt5580036"", ""tt6857166"", ""tt8134470"", ""tt13065386""]",https://www.imdb.com/name/nm0621829/,False
nm0621937,Nassar,1958,,"[""actor"", ""director"", ""writer""]","[""tt4849438"", ""tt0376127"", ""tt2631186"", ""tt0367495""]",https://www.imdb.com/name/nm0621937/,False
nm0622897,Guillermo Navarro,1955,,"[""cinematographer"", ""director"", ""producer""]","[""tt0457430"", ""tt0104029"", ""tt1464540"", ""tt1663662""]",https://www.imdb.com/name/nm0622897/,False
nm0623783,Holly Near,1949,,"[""actress"", ""composer"", ""writer""]","[""tt0066036"", ""tt0069280"", ""tt0065602"", ""tt0101748""]",https://www.imdb.com/name/nm0623783/,False
nm0625054,John Nelles,,,"[""miscellaneous"", ""actor"", ""writer""]","[""tt2234222"", ""tt2879552"", ""tt5296406"", ""tt0106720""]",https://www.imdb.com/name/nm0625054/,False
nm0625621,Michael J. Nelson,1964,,"[""writer"", ""actor"", ""music_department""]","[""tt0094517"", ""tt0117128"", ""tt0387005"", ""tt0397769""]",https://www.imdb.com/name/nm0625621/,False
nm0625985,Anastasiya Nemolyaeva,1969,,"[""actress""]","[""tt7601480"", ""tt4204144"", ""tt0091364"", ""tt27114092""]",https://www.imdb.com/name/nm0625985/,False
nm0626090,Jack Neo,,,"[""actor"", ""director"", ""writer""]","[""tt1305907"", ""tt4691166"", ""tt0356696"", ""tt0307681""]",https://www.imdb.com/name/nm0626090/,False
nm0626161,Stepan Nercessian,1953,,"[""actor"", ""director"", ""archive_footage""]","[""tt4857496"", ""tt0192968"", ""tt5259978"", ""tt0977642""]",https://www.imdb.com/name/nm0626161/,False
nm0626512,Nessie Nesslauer,1962,,"[""casting_director"", ""casting_department""]","[""tt0130827"", ""tt0426578"", ""tt0953420"", ""tt0207198""]",https://www.imdb.com/name/nm0626512/,False
nm0627589,Robert C. New,,,"[""cinematographer"", ""camera_department"", ""director""]","[""tt0100029"", ""tt0091630"", ""tt0270846"", ""tt0433615""]",https://www.imdb.com/name/nm0627589/,False
nm0628226,Peter Newman,,,"[""producer"", ""actor"", ""miscellaneous""]","[""tt0367089"", ""tt0100054"", ""tt0165832"", ""tt0114478""]",https://www.imdb.com/name/nm0628226/,False
nm0628304,Vincent G. Newman,,,"[""producer"", ""executive""]","[""tt1117385"", ""tt0266465"", ""tt1723121"", ""tt1234719""]",https://www.imdb.com/name/nm0628304/,False
nm0628420,Paula Newsome,,,"[""actress"", ""miscellaneous"", ""archive_footage""]","[""tt0372237"", ""tt0490204"", ""tt10872600"", ""tt0449059""]",https://www.imdb.com/name/nm0628420/,False
nm0628601,Thandiwe Newton,1972,,"[""actress"", ""producer"", ""soundtrack""]","[""tt0375679"", ""tt0120755"", ""tt0475784"", ""tt0454921""]",https://www.imdb.com/name/nm0628601/,False
nm0628727,Berg Ting-Yip Ng,1960,,"[""actor""]","[""tt0338564"", ""tt1329454"", ""tt1462900"", ""tt0212712""]",https://www.imdb.com/name/nm0628727/,False
nm0628779,Joe Ng,,,"[""composer"", ""sound_department"", ""music_department""]","[""tt2210463"", ""tt1438173"", ""tt0474791"", ""tt33204228""]",https://www.imdb.com/name/nm0628779/,False
nm0628806,Man-Tat Ng,1951,2021,"[""actor""]","[""tt0286112"", ""tt7605074"", ""tt0100777"", ""tt0103045""]",https://www.imdb.com/name/nm0628806/,False
nm0628955,Haing S. Ngor,1940,1996,"[""actor"", ""archive_footage""]","[""tt0087553"", ""tt0107096"", ""tt0107630"", ""tt0106951""]",https://www.imdb.com/name/nm0628955/,False
nm0629634,Lance E. Nichols,1955,,"[""actor"", ""casting_department"", ""producer""]","[""tt0421715""]",https://www.imdb.com/name/nm0629634/,False
nm0629950,Wallis Nicita,1945,,"[""casting_director"", ""producer"", ""casting_department""]","[""tt0090022"", ""tt0086567"", ""tt0120828"", ""tt0097257""]",https://www.imdb.com/name/nm0629950/,False
nm0630313,Kris Nicolau,,,"[""casting_department"", ""casting_director"", ""producer""]","[""tt0102138"", ""tt0120889"", ""tt0799949"", ""tt0165832""]",https://www.imdb.com/name/nm0630313/,False
nm0630415,Angelo Nicolini,,,"[""editor"", ""actor"", ""editorial_department""]","[""tt0100686"", ""tt0929412"", ""tt0101574"", ""tt0118635""]",https://www.imdb.com/name/nm0630415/,False
nm0631490,Bill Nighy,1949,,"[""actor"", ""producer"", ""soundtrack""]","[""tt0314331"", ""tt0383574"", ""tt1797469"", ""tt2194499""]",https://www.imdb.com/name/nm0631490/,False
nm0631506,Christina Nigra,1975,,"[""actress"", ""producer"", ""soundtrack""]","[""tt0092423"", ""tt0086491"", ""tt0087065"", ""tt0082461""]",https://www.imdb.com/name/nm0631506/,False
nm0631636,Damita Nikapota,,,"[""producer"", ""production_department""]","[""tt0179182"", ""tt0425196"", ""tt0411234"", ""tt0245356""]",https://www.imdb.com/name/nm0631636/,False
nm0632165,Bengt Braskered,1967,,"[""actor"", ""writer""]","[""tt27501560"", ""tt1278449"", ""tt0115360"", ""tt32064571""]",https://www.imdb.com/name/nm0632165/,False
nm0632475,Slobodan 'Boda' Ninkovic,1956,,"[""actor"", ""archive_footage""]","[""tt1372686"", ""tt0440601"", ""tt1446147"", ""tt0191733""]",https://www.imdb.com/name/nm0632475/,False
nm0633347,Borislav Njezic,1933,2016,"[""production_designer"", ""costume_designer""]","[""tt0181132"", ""tt13552496"", ""tt0099172"", ""tt0180139""]",https://www.imdb.com/name/nm0633347/,False
nm0633551,Tony Noble,1946,,"[""production_designer"", ""art_department"", ""art_director""]","[""tt1182345"", ""tt0380599"", ""tt1535616"", ""tt0804522""]",https://www.imdb.com/name/nm0633551/,False
nm0634282,Jeanette Nolan,1911,1998,"[""actress"", ""soundtrack"", ""archive_footage""]","[""tt0082406"", ""tt0056217"", ""tt0045555"", ""tt0076618""]",https://www.imdb.com/name/nm0634282/,False
nm0636142,Simon Northwood,,,"[""stunts"", ""actor"", ""visual_effects""]","[""tt31849235"", ""tt33978029"", ""tt8622160"", ""tt35707374""]",https://www.imdb.com/name/nm0636142/,False
nm0636603,Ben Nott,,,"[""cinematographer"", ""camera_department"", ""producer""]","[""tt8542964"", ""tt15286302"", ""tt17220216"", ""tt0488352""]",https://www.imdb.com/name/nm0636603/,False
nm0637128,Pavel Novikov,1962,,"[""production_designer"", ""art_department"", ""art_director""]","[""tt0308903"", ""tt10749948"", ""tt2649128"", ""tt6537238""]",https://www.imdb.com/name/nm0637128/,False
nm0637497,Marti Noxon,1964,,"[""producer"", ""writer"", ""miscellaneous""]","[""tt0118276"", ""tt2649356"", ""tt5541240"", ""tt3314218""]",https://www.imdb.com/name/nm0637497/,False
nm0638485,Emma Nyberg,,,"[""production_department"", ""producer"", ""miscellaneous""]","[""tt7279180"", ""tt5869350"", ""tt13316790"", ""tt1593584""]",https://www.imdb.com/name/nm0638485/,False
nm0638762,Andy Nyman,1966,,"[""actor"", ""writer"", ""director""]","[""tt1262426"", ""tt7549996"", ""tt5516328"", ""tt2442560""]",https://www.imdb.com/name/nm0638762/,False
nm0638910,Lene Nystrøm,1973,,"[""actress"", ""composer"", ""writer""]","[""tt5719748"", ""tt0131857"", ""tt0892782"", ""tt1272012""]",https://www.imdb.com/name/nm0638910/,False
nm0639321,Dan O'Bannon,1946,2009,"[""writer"", ""miscellaneous"", ""actor""]","[""tt0078748"", ""tt0069945"", ""tt0090605"", ""tt0089907""]",https://www.imdb.com/name/nm0639321/,False
nm0639385,Hugh O'Brian,1925,2016,"[""actor"", ""miscellaneous"", ""soundtrack""]","[""tt0075213"", ""tt0096320"", ""tt0061075"", ""tt0077594""]",https://www.imdb.com/name/nm0639385/,False
nm0639983,Brendan O'Carroll,1955,,"[""writer"", ""actor"", ""producer""]","[""tt1819022"", ""tt3433074"", ""tt2201815"", ""tt3921858""]",https://www.imdb.com/name/nm0639983/,False
nm0640129,Maurice O'Connell,1941,,"[""actor"", ""archive_footage""]","[""tt0093771"", ""tt0085111"", ""tt0163476"", ""tt0085384""]",https://www.imdb.com/name/nm0640129/,False
nm0640193,Andrew O'Connor,,,"[""producer"", ""writer"", ""actor""]","[""tt0387764"", ""tt0841027"", ""tt1800246"", ""tt2758296""]",https://www.imdb.com/name/nm0640193/,False
nm0640413,Kevin J. O'Connor,1963,,"[""actor"", ""soundtrack"", ""archive_footage""]","[""tt0118956"", ""tt0338526"", ""tt0098384"", ""tt0091738""]",https://www.imdb.com/name/nm0640413/,False
nm0640572,John O'Creagh,1949,2016,"[""actor"", ""miscellaneous""]","[""tt0787490"", ""tt0472027"", ""tt0203259"", ""tt4254282""]",https://www.imdb.com/name/nm0640572/,False
nm0641610,Matt O'Leary,1987,,"[""actor"", ""director"", ""writer""]","[""tt0264616"", ""tt2669336"", ""tt0337978"", ""tt0287717""]",https://www.imdb.com/name/nm0641610/,False
nm0641713,Daragh O'Malley,1954,,"[""actor"", ""soundtrack"", ""producer""]","[""tt0129695"", ""tt0094336"", ""tt1693592""]",https://www.imdb.com/name/nm0641713/,False
nm0641859,Lochlann O'Mearáin,1973,,"[""actor""]","[""tt3006802"", ""tt16493232"", ""tt13515090"", ""tt16291038""]",https://www.imdb.com/name/nm0641859/,False
nm0642675,Milo O'Shea,1926,2013,"[""actor"", ""soundtrack"", ""archive_footage""]","[""tt0062711"", ""tt0063518"", ""tt0084855"", ""tt0062414""]",https://www.imdb.com/name/nm0642675/,False
nm0643479,Vladan Obradovic,1964,,"[""cinematographer"", ""miscellaneous"", ""editor""]","[""tt3022802"", ""tt0331282"", ""tt0249180"", ""tt0421398""]",https://www.imdb.com/name/nm0643479/,False
nm0643555,Oliver Obst,,,"[""producer"", ""manager"", ""actor""]","[""tt32268156"", ""tt1341338"", ""tt8851668"", ""tt26933824""]",https://www.imdb.com/name/nm0643555/,False
nm0644283,Reinout Oerlemans,1971,,"[""actor"", ""producer"", ""writer""]","[""tt1365474"", ""tt1911607"", ""tt2043932"", ""tt0920459""]",https://www.imdb.com/name/nm0644283/,False
nm0644406,Nick Offerman,1970,,"[""actor"", ""producer"", ""music_department""]","[""tt3581920"", ""tt1266020"", ""tt8134186"", ""tt31137273""]",https://www.imdb.com/name/nm0644406/,False
nm0644685,Pascale Ogier,1958,1984,"[""actress"", ""writer"", ""costume_designer""]","[""tt0087821"", ""tt0082927"", ""tt0078073"", ""tt0085589""]",https://www.imdb.com/name/nm0644685/,False
nm0644799,Kevin 'ohGr' Ogilvie,1962,,"[""actor"", ""director"", ""composer""]","[""tt0963194"", ""tt0104299"", ""tt2204379"", ""tt3892618""]",https://www.imdb.com/name/nm0644799/,False
nm0644858,Mustafa Oguz,,,"[""producer"", ""actor""]","[""tt1322930"", ""tt2150209"", ""tt4938790"", ""tt0425079""]",https://www.imdb.com/name/nm0644858/,False
nm0644897,Sandra Oh,1971,,"[""actress"", ""producer"", ""writer""]","[""tt7016936"", ""tt0375063"", ""tt0413573"", ""tt0328589""]",https://www.imdb.com/name/nm0644897/,False
nm0645766,Satoko Okudera,,,"[""writer""]","[""tt1474276"", ""tt0808506"", ""tt2140203"", ""tt1727825""]",https://www.imdb.com/name/nm0645766/,False
nm0645785,Yuji Okumoto,1959,,"[""actor"", ""producer"", ""writer""]","[""tt0091326"", ""tt1375666"", ""tt0206064"", ""tt0213149""]",https://www.imdb.com/name/nm0645785/,False
nm0647634,Elizabeth Olsen,1989,,"[""actress"", ""producer"", ""soundtrack""]","[""tt1441326"", ""tt9419884"", ""tt5362988"", ""tt2395427""]",https://www.imdb.com/name/nm0647634/,False
nm0648249,Timothy Olyphant,1968,,"[""actor"", ""producer"", ""soundtrack""]","[""tt1489428"", ""tt0139239"", ""tt0971209"", ""tt0455407""]",https://www.imdb.com/name/nm0648249/,False
nm0648366,David Omedes,,,"[""cinematographer"", ""camera_department""]","[""tt0445691"", ""tt0211619"", ""tt0879403"", ""tt0922568""]",https://www.imdb.com/name/nm0648366/,False
nm0648913,Lupe Ontiveros,1942,2012,"[""actress"", ""miscellaneous"", ""writer""]","[""tt0119822"", ""tt0120094"", ""tt0200530"", ""tt0296166""]",https://www.imdb.com/name/nm0648913/,False
nm0649223,Jeannine Oppewall,1946,,"[""production_designer"", ""art_department"", ""art_director""]","[""tt0119488"", ""tt0120789"", ""tt0264464"", ""tt0329575""]",https://www.imdb.com/name/nm0649223/,False
nm0652965,John Otrin,,,"[""actor"", ""producer"", ""director""]","[""tt0095179"", ""tt0068098"", ""tt0089941"", ""tt0114898""]",https://www.imdb.com/name/nm0652965/,False
nm0653500,Jean-Paul Ouellette,,,"[""producer"", ""writer"", ""director""]","[""tt0088247"", ""tt0096344"", ""tt0099261"", ""tt0108447""]",https://www.imdb.com/name/nm0653500/,False
nm0654365,Gary Owens,1934,2015,"[""actor"", ""miscellaneous"", ""archive_footage""]","[""tt0126173"", ""tt0117723"", ""tt0177438"", ""tt0059991""]",https://www.imdb.com/name/nm0654365/,False
nm0654545,Anita Oxburgh,1943,,"[""producer"", ""writer"", ""miscellaneous""]","[""tt6107412"", ""tt0937378"", ""tt1227555"", ""tt0114528""]",https://www.imdb.com/name/nm0654545/,False
nm0655053,Sergio Pablos,,,"[""writer"", ""animation_department"", ""director""]","[""tt4729430"", ""tt1323594"", ""tt0133240"", ""tt6182908""]",https://www.imdb.com/name/nm0655053/,False
nm0656065,Richard Pagano,,,"[""director"", ""writer"", ""casting_director""]","[""tt0395169"", ""tt0285331"", ""tt0376994"", ""tt2261227""]",https://www.imdb.com/name/nm0656065/,False
nm0656091,Arabella Page Croft,,,"[""producer"", ""director"", ""assistant_director""]","[""tt2481198"", ""tt16369752"", ""tt31921411"", ""tt0892899""]",https://www.imdb.com/name/nm0656091/,False
nm0656199,Jim Page,,,"[""editor"", ""editorial_department"", ""production_department""]","[""tt1464540"", ""tt6133466"", ""tt1059786"", ""tt1727776""]",https://www.imdb.com/name/nm0656199/,False
nm0656929,Josh Pais,,,"[""actor"", ""writer"", ""producer""]","[""tt10166622"", ""tt7286456"", ""tt2249007"", ""tt0100758""]",https://www.imdb.com/name/nm0656929/,False
nm0657794,Georgia Goodman,,,"[""actress"", ""writer"", ""producer""]","[""tt1341338"", ""tt14107334"", ""tt14688458"", ""tt13443470""]",https://www.imdb.com/name/nm0657794/,False
nm0658041,Rossy de Palma,1964,,"[""actress"", ""miscellaneous"", ""soundtrack""]","[""tt0095675"", ""tt0107315"", ""tt0913425"", ""tt4326444""]",https://www.imdb.com/name/nm0658041/,False
nm0659233,Chunky Pandey,1962,,"[""actor"", ""music_department"", ""producer""]","[""tt1980986"", ""tt0461936"", ""tt6836936"", ""tt7721946""]",https://www.imdb.com/name/nm0659233/,False
nm0659235,Hemant Pandey,,,"[""actor""]","[""tt0432637"", ""tt1252614"", ""tt3779396"", ""tt6375532""]",https://www.imdb.com/name/nm0659235/,False
nm0659274,Claudia Pandolfi,1974,,"[""actress"", ""archive_footage""]","[""tt1680139"", ""tt14729094"", ""tt0168348"", ""tt36284371""]",https://www.imdb.com/name/nm0659274/,False
nm0659325,Richard Panebianco,1971,,"[""actor""]","[""tt0101748"", ""tt0096969"", ""tt0092751"", ""tt0106079""]",https://www.imdb.com/name/nm0659325/,False
nm0659373,Adrian Pang,1966,,"[""actor"", ""writer""]","[""tt0266987"", ""tt2717822"", ""tt1438173"", ""tt2372532""]",https://www.imdb.com/name/nm0659373/,False
nm0659388,Jacky Yee Wah Pang,,,"[""producer"", ""production_manager"", ""director""]","[""tt3881914"", ""tt1462900"", ""tt0118845"", ""tt0109424""]",https://www.imdb.com/name/nm0659388/,False
nm0660661,Stuart H. Pappé,1936,,"[""editor"", ""editorial_department"", ""producer""]","[""tt0119013"", ""tt0356910"", ""tt0486946"", ""tt0119190""]",https://www.imdb.com/name/nm0660661/,False
nm0661238,Andrij Parekh,1971,,"[""cinematographer"", ""director"", ""camera_department""]","[""tt1120985"", ""tt7660850"", ""tt15768848"", ""tt2334733""]",https://www.imdb.com/name/nm0661238/,False
nm0661912,Nira Park,1967,,"[""producer"", ""production_manager"", ""miscellaneous""]","[""tt3890160"", ""tt1478964"", ""tt0425112"", ""tt0365748""]",https://www.imdb.com/name/nm0661912/,False
nm0662029,Alan Parker,1944,,"[""music_department"", ""composer"", ""miscellaneous""]","[""tt0457495"", ""tt0085750"", ""tt0108550"", ""tt0118055""]",https://www.imdb.com/name/nm0662029/,False
nm0662160,Corey Parker,1965,2026,"[""actor"", ""miscellaneous"", ""production_department""]","[""tt0089173"", ""tt0094746"", ""tt0091635"", ""tt0097530""]",https://www.imdb.com/name/nm0662160/,False
nm0662404,Kieran Parker,,,"[""producer"", ""director"", ""production_manager""]","[""tt13643704"", ""tt12822168"", ""tt2481198"", ""tt0892899""]",https://www.imdb.com/name/nm0662404/,False
nm0662748,Walter F. Parkes,1951,,"[""producer"", ""writer"", ""script_department""]","[""tt0086567"", ""tt0119654"", ""tt0105435"", ""tt0427470""]",https://www.imdb.com/name/nm0662748/,False
nm0663002,Rick Parks,,,"[""writer"", ""script_department"", ""actor""]","[""tt0120631"", ""tt4411584"", ""tt0189392"", ""tt0096643""]",https://www.imdb.com/name/nm0663002/,False
nm0663401,Mark Parra,,,"[""actor"", ""stunts""]","[""tt0443489"", ""tt2234429"", ""tt0367136"", ""tt2351588""]",https://www.imdb.com/name/nm0663401/,False
nm0663603,Billy Parrott,,,"[""actor""]","[""tt0805564"", ""tt0483726"", ""tt0489270"", ""tt5397194""]",https://www.imdb.com/name/nm0663603/,False
nm0664582,Wladyslaw Pasikowski,1959,,"[""director"", ""writer"", ""actor""]","[""tt2785288"", ""tt2209300"", ""tt0105185"", ""tt0102237""]",https://www.imdb.com/name/nm0664582/,False
nm0664667,Uberto Pasolini,1957,,"[""producer"", ""writer"", ""director""]","[""tt0119164"", ""tt11286640"", ""tt1172522"", ""tt2395417""]",https://www.imdb.com/name/nm0664667/,False
nm0665052,José Pastor,,,"[""actor"", ""soundtrack""]","[""tt17005188"", ""tt9320084"", ""tt10399608"", ""tt7905548""]",https://www.imdb.com/name/nm0665052/,False
nm0665188,Jonny Pasvolsky,,,"[""actor"", ""production_department"", ""visual_effects""]","[""tt0475784"", ""tt3045616"", ""tt10370042"", ""tt3184748""]",https://www.imdb.com/name/nm0665188/,False
nm0665235,Elsa Pataky,1976,,"[""actress"", ""producer"", ""miscellaneous""]","[""tt1905041"", ""tt14174940"", ""tt1596343"", ""tt1413492""]",https://www.imdb.com/name/nm0665235/,False
nm0666155,Chris Patterson,,,"[""editorial_department"", ""editor"", ""visual_effects""]","[""tt15227418"", ""tt1560220"", ""tt1677720"", ""tt0265666""]",https://www.imdb.com/name/nm0666155/,False
nm0666256,Jay Patterson,1954,,"[""actor"", ""miscellaneous"", ""archive_footage""]","[""tt4191702"", ""tt4383594"", ""tt0110684"", ""tt2637276""]",https://www.imdb.com/name/nm0666256/,False
nm0666702,Peter Pau,1952,,"[""cinematographer"", ""producer"", ""director""]","[""tt0190332"", ""tt0293660"", ""tt0097202"", ""tt0454914""]",https://www.imdb.com/name/nm0666702/,False
nm0667330,Tiffany Paulsen,,,"[""writer"", ""actress"", ""director""]","[""tt24515124"", ""tt14456350"", ""tt9866072"", ""tt4456850""]",https://www.imdb.com/name/nm0667330/,False
nm0669366,Robert Pearson,,,"[""production_designer"", ""art_department"", ""art_director""]","[""tt0206314"", ""tt0105226"", ""tt0128442"", ""tt0365485""]",https://www.imdb.com/name/nm0669366/,False
nm0669629,Bob Peck,1945,1999,"[""actor"", ""archive_footage"", ""archive_sound""]","[""tt0107290"", ""tt0090424"", ""tt0100054"", ""tt0098350""]",https://www.imdb.com/name/nm0669629/,False
nm0670447,Mary Jo Pehl,1960,,"[""writer"", ""actress"", ""producer""]","[""tt0094517"", ""tt0299430"", ""tt6782014"", ""tt0117128""]",https://www.imdb.com/name/nm0670447/,False
nm0670893,Valentine Pelka,1957,,"[""actor"", ""producer"", ""archive_footage""]","[""tt0253474"", ""tt0328589"", ""tt2537176"", ""tt0252781""]",https://www.imdb.com/name/nm0670893/,False
nm0671032,Mark Pellegrino,1965,,"[""actor"", ""producer"", ""soundtrack""]","[""tt0166924"", ""tt0379725"", ""tt0460681"", ""tt0118715""]",https://www.imdb.com/name/nm0671032/,False
nm0671518,Donald Paul Pemrick,,,"[""casting_director"", ""casting_department"", ""producer""]","[""tt5420210"", ""tt0102898"", ""tt0075596"", ""tt0102592""]",https://www.imdb.com/name/nm0671518/,False
nm0671567,Michael Peña,1976,,"[""actor"", ""producer"", ""director""]","[""tt1800241"", ""tt0375679"", ""tt1855199"", ""tt0478970""]",https://www.imdb.com/name/nm0671567/,False
nm0671844,Artus de Penguern,1957,2013,"[""actor"", ""writer"", ""director""]","[""tt0211915"", ""tt0259340"", ""tt0095174"", ""tt0242786""]",https://www.imdb.com/name/nm0671844/,False
nm0672786,Serge Perathoner,1953,,"[""composer"", ""music_department"", ""actor""]","[""tt0102930"", ""tt0075939"", ""tt0270127"", ""tt0090870""]",https://www.imdb.com/name/nm0672786/,False
nm0673260,Marco Perella,1949,,"[""actor"", ""director"", ""writer""]","[""tt1065073"", ""tt0116905"", ""tt0405296"", ""tt0390022""]",https://www.imdb.com/name/nm0673260/,False
nm0673824,Sergio Peris-Mencheta,1975,,"[""actor"", ""director"", ""archive_footage""]","[""tt1220634"", ""tt1206885"", ""tt5989218"", ""tt9224104""]",https://www.imdb.com/name/nm0673824/,False
nm0674816,Claude Perron,1966,,"[""actress"", ""archive_footage""]","[""tt23931190"", ""tt11541872"", ""tt2024343"", ""tt0115658""]",https://www.imdb.com/name/nm0674816/,False
nm0675294,Simon Perry,1943,,"[""producer"", ""miscellaneous"", ""director""]","[""tt0087803"", ""tt1439572"", ""tt1895315"", ""tt1540133""]",https://www.imdb.com/name/nm0675294/,False
nm0675478,Peter Perski,1970,,"[""actor""]","[""tt0241518"", ""tt1129398"", ""tt0443714"", ""tt0103523""]",https://www.imdb.com/name/nm0675478/,False
nm0675569,Calle Persson,,,"[""cinematographer"", ""camera_department""]","[""tt1129398"", ""tt5534588"", ""tt7683762"", ""tt0422764""]",https://www.imdb.com/name/nm0675569/,False
nm0675608,Jörgen Persson,1936,,"[""cinematographer"", ""camera_department"", ""director""]","[""tt0093713"", ""tt0107151"", ""tt0119683"", ""tt0097695""]",https://www.imdb.com/name/nm0675608/,False
nm0675864,Leo Pescarolo,1935,2006,"[""producer"", ""assistant_director"", ""writer""]","[""tt0168629"", ""tt0117959"", ""tt0107040"", ""tt0109466""]",https://www.imdb.com/name/nm0675864/,False
nm0676582,Martin-David Peters,,,"[""actor"", ""miscellaneous"", ""writer""]","[""tt15477564"", ""tt0790602"", ""tt21440560"", ""tt0118379""]",https://www.imdb.com/name/nm0676582/,False
nm0676619,Paul Peters,,,"[""production_designer"", ""art_director"", ""art_department""]","[""tt0117331"", ""tt0257756"", ""tt0313443"", ""tt1369706""]",https://www.imdb.com/name/nm0676619/,False
nm0677471,Torkel Petersson,1969,,"[""actor"", ""writer""]","[""tt1067733"", ""tt0269389"", ""tt0339230"", ""tt29458201""]",https://www.imdb.com/name/nm0677471/,False
nm0677578,Leontine Petit,1964,,"[""producer"", ""miscellaneous"", ""executive""]","[""tt3464902"", ""tt27847051"", ""tt3814486"", ""tt2170228""]",https://www.imdb.com/name/nm0677578/,False
nm0677758,Sandro Petraglia,1947,,"[""writer"", ""director"", ""assistant_director""]","[""tt0346336"", ""tt0770829"", ""tt0418110"", ""tt0104663""]",https://www.imdb.com/name/nm0677758/,False
nm0678261,Dragan Petrovic-Pele,1961,,"[""actor"", ""archive_footage""]","[""tt0930856"", ""tt0116860"", ""tt14895146"", ""tt1634013""]",https://www.imdb.com/name/nm0678261/,False
nm0679353,Rachel Pfeffer,,,"[""producer"", ""executive""]","[""tt0104257"", ""tt0107497"", ""tt0250224"", ""tt0119314""]",https://www.imdb.com/name/nm0679353/,False
nm0679826,Nigel Phelps,,,"[""production_designer"", ""art_department"", ""art_director""]","[""tt10648342"", ""tt5884052"", ""tt0816711"", ""tt1790809""]",https://www.imdb.com/name/nm0679826/,False
nm0681519,Patrizia Piccinini,1959,,"[""actress""]","[""tt0166597"", ""tt0111124"", ""tt0434845"", ""tt0106597""]",https://www.imdb.com/name/nm0681519/,False
nm0681980,Michael Pickwoad,1945,2018,"[""production_designer"", ""art_director"", ""art_department""]","[""tt0094336"", ""tt1043714"", ""tt0084750"", ""tt0093296""]",https://www.imdb.com/name/nm0681980/,False
nm0682030,Jodi Picoult,1966,,"[""writer"", ""producer"", ""archive_footage""]","[""tt1078588"", ""tt15977384"", ""tt3916496"", ""tt7559264""]",https://www.imdb.com/name/nm0682030/,False
nm0683477,Maniyanpilla Raju,1955,,"[""actor"", ""producer""]","[""tt3668162"", ""tt4679210"", ""tt3282088"", ""tt43666917""]",https://www.imdb.com/name/nm0683477/,False
nm0684500,Dominique Pinon,1955,,"[""actor"", ""music_department"", ""miscellaneous""]","[""tt0101700"", ""tt0118583"", ""tt0211915"", ""tt0112682""]",https://www.imdb.com/name/nm0684500/,False
nm0684534,Susan Pinsky,,,"[""actress"", ""archive_footage""]","[""tt0096919""]",https://www.imdb.com/name/nm0684534/,False
nm0685472,Joe Piscopo,1951,,"[""actor"", ""writer"", ""producer""]","[""tt0072562"", ""tt0087507"", ""tt0094961"", ""tt0092226""]",https://www.imdb.com/name/nm0685472/,False
nm0685639,Camila Pitanga,1977,,"[""actress"", ""director"", ""writer""]","[""tt0985073"", ""tt5620074"", ""tt2106411"", ""tt27526180""]",https://www.imdb.com/name/nm0685639/,False
nm0685856,Michael Pitt,1981,,"[""actor"", ""producer"", ""director""]","[""tt0309987"", ""tt1931533"", ""tt0808279"", ""tt1219827""]",https://www.imdb.com/name/nm0685856/,False
nm0686014,Lisa Renee Pitts,,,"[""actress"", ""archive_footage""]","[""tt1398426"", ""tt1831804"", ""tt14418138"", ""tt1798709""]",https://www.imdb.com/name/nm0686014/,False
nm0686225,Denise Pizzini,,,"[""production_designer"", ""set_decorator"", ""art_department""]","[""tt22202452"", ""tt0822854"", ""tt0103994"", ""tt0317740""]",https://www.imdb.com/name/nm0686225/,False
nm0686673,Kate Plantin,,,"[""casting_director"", ""casting_department"", ""producer""]","[""tt14345734"", ""tt11892008"", ""tt13661368"", ""tt16496386""]",https://www.imdb.com/name/nm0686673/,False
nm0686879,Kane Platt,,,"[""editor"", ""editorial_department""]","[""tt1135095"", ""tt0242587"", ""tt18923754"", ""tt31974367""]",https://www.imdb.com/name/nm0686879/,False
nm0687146,Jesse Plemons,1988,,"[""actor"", ""music_department"", ""producer""]","[""tt12300742"", ""tt1302006"", ""tt2704998"", ""tt1440129""]",https://www.imdb.com/name/nm0687146/,False
nm0687321,George Plimpton,1927,2003,"[""actor"", ""writer"", ""camera_department""]","[""tt0119217"", ""tt0113987"", ""tt0113501"", ""tt0082979""]",https://www.imdb.com/name/nm0687321/,False
nm0687667,Wendy J. Plump,,,"[""editor"", ""editorial_department"", ""music_department""]","[""tt0097257"", ""tt0090466"", ""tt0092618"", ""tt0091306""]",https://www.imdb.com/name/nm0687667/,False
nm0687914,Denis Podalydès,1963,,"[""actor"", ""miscellaneous"", ""writer""]","[""tt1711484"", ""tt0123923"", ""tt0387898"", ""tt12078024""]",https://www.imdb.com/name/nm0687914/,False
nm0688160,Reg Poerscout-Edgerton,,,"[""casting_director"", ""casting_department"", ""producer""]","[""tt0988045"", ""tt2802144"", ""tt2066051"", ""tt1590193""]",https://www.imdb.com/name/nm0688160/,False
nm0688264,Michael Poghosian,1965,,"[""actor"", ""writer"", ""producer""]","[""tt8215408"", ""tt2401964"", ""tt3773898"", ""tt0307540""]",https://www.imdb.com/name/nm0688264/,False
nm0688939,Frances Pole,1907,2005,"[""actress""]","[""tt0081554"", ""tt0072559"", ""tt0087354""]",https://www.imdb.com/name/nm0688939/,False
nm0689264,Steve Polivka,,,"[""editor"", ""editorial_department"", ""director""]","[""tt0098546"", ""tt0079588"", ""tt0111999"", ""tt1183865""]",https://www.imdb.com/name/nm0689264/,False
nm0689269,Vic Polizos,1947,,"[""actor"", ""director"", ""archive_footage""]","[""tt0426592"", ""tt0097481"", ""tt0116213"", ""tt0085473""]",https://www.imdb.com/name/nm0689269/,False
nm0689320,Piotr Polk,1962,,"[""actor""]","[""tt0108052"", ""tt3309684"", ""tt0096625"", ""tt1153598""]",https://www.imdb.com/name/nm0689320/,False
nm0689785,Dario Poloni,,,"[""writer"", ""director"", ""producer""]","[""tt1181791"", ""tt0465670"", ""tt0120034"", ""tt15113266""]",https://www.imdb.com/name/nm0689785/,False
nm0690422,Suchao Pongwilai,,,"[""actor"", ""archive_footage""]","[""tt0368909"", ""tt1305819"", ""tt40393176"", ""tt29668631""]",https://www.imdb.com/name/nm0690422/,False
nm0690602,Marco Pontecorvo,1966,,"[""director"", ""cinematographer"", ""camera_department""]","[""tt1099226"", ""tt2258345"", ""tt0892318"", ""tt0117959""]",https://www.imdb.com/name/nm0690602/,False
nm0690798,Robert Roy Pool,,,"[""writer""]","[""tt0120591"", ""tt0114069"", ""tt0092656"", ""tt3637628""]",https://www.imdb.com/name/nm0690798/,False
nm0690940,Hang-Sang Poon,,,"[""cinematographer"", ""producer"", ""actor""]","[""tt0127357"", ""tt0373074"", ""tt1386932"", ""tt0227984""]",https://www.imdb.com/name/nm0690940/,False
nm0692586,Krishna Murali Posani,,,"[""actor"", ""writer"", ""director""]","[""tt4442758"", ""tt2375559"", ""tt1099998"", ""tt15557314""]",https://www.imdb.com/name/nm0692586/,False
nm0693085,Yuriy Poteenko,1960,,"[""composer"", ""writer"", ""music_department""]","[""tt0972558"", ""tt1905040"", ""tt0403358"", ""tt2318405""]",https://www.imdb.com/name/nm0693085/,False
nm0693288,Jay Potter,,,"[""actor"", ""writer"", ""director""]","[""tt4669264"", ""tt1911644"", ""tt1596363"", ""tt0115645""]",https://www.imdb.com/name/nm0693288/,False
nm0693364,Tim Potter,1959,,"[""actor"", ""director"", ""writer""]","[""tt0308644"", ""tt2395417"", ""tt1837562"", ""tt0970468""]",https://www.imdb.com/name/nm0693364/,False
nm0693956,Jon Povill,,,"[""writer"", ""producer"", ""script_department""]","[""tt1386703"", ""tt0100802"", ""tt0112167"", ""tt0159920""]",https://www.imdb.com/name/nm0693956/,False
nm0694173,John Powell,1963,,"[""composer"", ""music_department"", ""soundtrack""]","[""tt3778644"", ""tt1646971"", ""tt0489099"", ""tt0126029""]",https://www.imdb.com/name/nm0694173/,False
nm0694826,Juan Vicente Pozuelo,,,"[""writer""]","[""tt9204160"", ""tt0367193"", ""tt1728967"", ""tt11623464""]",https://www.imdb.com/name/nm0694826/,False
nm0694900,Savita Prabhune,,,"[""actress"", ""archive_footage""]","[""tt2282359"", ""tt10569638"", ""tt0374271"", ""tt0246485""]",https://www.imdb.com/name/nm0694900/,False
nm0695177,Prakash Raj,1965,,"[""actor"", ""producer"", ""director""]","[""tt0376127"", ""tt10698680"", ""tt1948150"", ""tt1084972""]",https://www.imdb.com/name/nm0695177/,False
nm0695252,A. Sreekar Prasad,,,"[""editor"", ""editorial_department"", ""producer""]","[""tt4934950"", ""tt8178634"", ""tt0292490"", ""tt10295212""]",https://www.imdb.com/name/nm0695252/,False
nm0695286,Prashanth,1973,,"[""actor""]","[""tt27487934"", ""tt1931513"", ""tt1699525"", ""tt0108329""]",https://www.imdb.com/name/nm0695286/,False
nm0695435,Chris Pratt,1979,,"[""actor"", ""producer"", ""miscellaneous""]","[""tt2015381"", ""tt1266020"", ""tt0369610"", ""tt4881806""]",https://www.imdb.com/name/nm0695435/,False
nm0695609,Ruth Prawer Jhabvala,1927,2013,"[""writer"", ""soundtrack"", ""archive_footage""]","[""tt0104454"", ""tt0091867"", ""tt0107943"", ""tt0084058""]",https://www.imdb.com/name/nm0695609/,False
nm0696161,Graham Preskett,1948,,"[""music_department"", ""composer"", ""soundtrack""]","[""tt0382625"", ""tt0815244"", ""tt0360139"", ""tt0100519""]",https://www.imdb.com/name/nm0696161/,False
nm0697062,Molly Price,1966,,"[""actress"", ""soundtrack"", ""archive_footage""]","[""tt1341188"", ""tt0197182"", ""tt30057084"", ""tt4627382""]",https://www.imdb.com/name/nm0697062/,False
nm0697572,Rafael Primorac,,,"[""producer"", ""executive"", ""writer""]","[""tt4616250"", ""tt1446072"", ""tt1701218"", ""tt5767628""]",https://www.imdb.com/name/nm0697572/,False
nm0697733,William Prince,1913,1996,"[""actor"", ""archive_footage""]","[""tt0090056"", ""tt0073747"", ""tt0076070"", ""tt0074958""]",https://www.imdb.com/name/nm0697733/,False
nm0697785,Andrew Prine,1936,2022,"[""actor"", ""writer"", ""soundtrack""]","[""tt0107007"", ""tt1731697"", ""tt0056241"", ""tt0091003""]",https://www.imdb.com/name/nm0697785/,False
nm0697960,Susan Prior,,,"[""actress"", ""writer""]","[""tt2345737"", ""tt2222848"", ""tt1313092"", ""tt0110598""]",https://www.imdb.com/name/nm0697960/,False
nm0698184,Priyadarshan,1957,,"[""director"", ""writer"", ""producer""]","[""tt5548032"", ""tt0995031"", ""tt1286811"", ""tt0255289""]",https://www.imdb.com/name/nm0698184/,False
nm0698271,Domenico Procacci,1960,,"[""producer"", ""actor"", ""director""]","[""tt0929425"", ""tt1934234"", ""tt0929412"", ""tt3438354""]",https://www.imdb.com/name/nm0698271/,False
nm0698634,Nina Proll,1974,,"[""actress"", ""writer"", ""soundtrack""]","[""tt7665340"", ""tt0209187"", ""tt0342040"", ""tt1058601""]",https://www.imdb.com/name/nm0698634/,False
nm0698832,François Protat,1945,2019,"[""cinematographer"", ""camera_department"", ""special_effects""]","[""tt0113481"", ""tt0110223"", ""tt0098627"", ""tt0089383""]",https://www.imdb.com/name/nm0698832/,False
nm0699386,Bill Pryor,1934,2011,"[""art_director"", ""miscellaneous"", ""actor""]","[""tt0089539"", ""tt0375104"", ""tt0104391"", ""tt0095867""]",https://www.imdb.com/name/nm0699386/,False
nm0699432,Ted Pryor,,,"[""editorial_department"", ""actor"", ""editor""]","[""tt0098546"", ""tt0097388"", ""tt0095690"", ""tt0095904""]",https://www.imdb.com/name/nm0699432/,False
nm0699971,Dallas Puett,,,"[""editor"", ""editorial_department""]","[""tt0253754"", ""tt0149261"", ""tt0199753"", ""tt0106697""]",https://www.imdb.com/name/nm0699971/,False
nm0700216,Dusanee Puinongpho,,,"[""editor""]","[""tt0269217"", ""tt0401248"", ""tt0444778""]",https://www.imdb.com/name/nm0700216/,False
nm0700497,Orla Maxwell,,,"[""casting_director"", ""casting_department""]","[""tt14641788"", ""tt9169516"", ""tt0120815"", ""tt0119116""]",https://www.imdb.com/name/nm0700497/,False
nm0700687,Archana Puran Singh,1962,,"[""actress"", ""director"", ""producer""]","[""tt0172684"", ""tt0213890"", ""tt2372222"", ""tt0117437""]",https://www.imdb.com/name/nm0700687/,False
nm0700872,Puri Jagannadh,1966,,"[""writer"", ""director"", ""producer""]","[""tt0816258"", ""tt4435072"", ""tt2071613"", ""tt4442758""]",https://www.imdb.com/name/nm0700872/,False
nm0700875,Om Puri,1950,2017,"[""actor"", ""miscellaneous"", ""music_department""]","[""tt2980648"", ""tt0166175"", ""tt0111742"", ""tt0323013""]",https://www.imdb.com/name/nm0700875/,False
nm0701077,Cynthia Pusheck,,,"[""cinematographer"", ""camera_department"", ""visual_effects""]","[""tt11000902"", ""tt7210448"", ""tt4687892"", ""tt9174724""]",https://www.imdb.com/name/nm0701077/,False
nm0702466,Laurent Pétin,,,"[""producer"", ""executive""]","[""tt0329388"", ""tt0152930"", ""tt0804540"", ""tt2326612""]",https://www.imdb.com/name/nm0702466/,False
nm0702467,Michèle Pétin,1955,,"[""producer"", ""actress"", ""writer""]","[""tt0329388"", ""tt0152930"", ""tt31688586"", ""tt0804540""]",https://www.imdb.com/name/nm0702467/,False
nm0702555,Tom Pöysti,1954,,"[""actor"", ""writer"", ""soundtrack""]","[""tt1053923"", ""tt0194026"", ""tt2262197"", ""tt2901962""]",https://www.imdb.com/name/nm0702555/,False
nm0703939,Molly C. Quinn,1993,,"[""actress"", ""producer"", ""music_department""]","[""tt1219024"", ""tt7587890"", ""tt11348542"", ""tt1723121""]",https://www.imdb.com/name/nm0703939/,False
nm0704909,Trevor Rabin,1954,,"[""composer"", ""music_department"", ""actor""]","[""tt0149261"", ""tt0120591"", ""tt0454824"", ""tt0368891""]",https://www.imdb.com/name/nm0704909/,False
nm0705892,Jovan Radulovic,1951,2018,"[""writer""]","[""tt0099172"", ""tt14895146"", ""tt37303637"", ""tt0201324""]",https://www.imdb.com/name/nm0705892/,False
nm0706002,Douglas Rae,1947,,"[""producer"", ""director"", ""actor""]","[""tt0416508"", ""tt1266029"", ""tt1181791"", ""tt0760329""]",https://www.imdb.com/name/nm0706002/,False
nm0707366,Rajasri,1934,1994,"[""music_department"", ""writer"", ""composer""]","[""tt0093603"", ""tt0097416"", ""tt0320736"", ""tt0097437""]",https://www.imdb.com/name/nm0707366/,False
nm0707492,Gautham Raju,,,"[""editor""]","[""tt2304655"", ""tt0101649"", ""tt0834153"", ""tt6054058""]",https://www.imdb.com/name/nm0707492/,False
nm0708503,Adal Ramones,1961,,"[""actor"", ""producer"", ""miscellaneous""]","[""tt1037672"", ""tt0411477"", ""tt0224938"", ""tt0239395""]",https://www.imdb.com/name/nm0708503/,False
nm0708620,Francisco Ramos,1968,,"[""producer""]","[""tt1648216"", ""tt27717667"", ""tt2857458"", ""tt6053938""]",https://www.imdb.com/name/nm0708620/,False
nm0708948,Dean Ramser,,,"[""production_manager"", ""producer""]","[""tt0096344"", ""tt0098354"", ""tt0099180"", ""tt0099364""]",https://www.imdb.com/name/nm0708948/,False
nm0709598,Ginnie Randall,,,"[""actress""]","[""tt0884328"", ""tt0141098"", ""tt0951216"", ""tt0455612""]",https://www.imdb.com/name/nm0709598/,False
nm0709944,Ida Random,1945,,"[""production_designer"", ""art_department"", ""art_director""]","[""tt0095953"", ""tt0087482"", ""tt0119925"", ""tt1013752""]",https://www.imdb.com/name/nm0709944/,False
nm0710388,Martin Ransohoff,1927,2017,"[""producer"", ""writer"", ""actor""]","[""tt0065528"", ""tt0079631"", ""tt0061655"", ""tt0075223""]",https://www.imdb.com/name/nm0710388/,False
nm0710545,Easwari Rao,1973,,"[""actress"", ""music_department"", ""producer""]","[""tt10698680"", ""tt6929642"", ""tt9537292"", ""tt13927994""]",https://www.imdb.com/name/nm0710545/,False
nm0710884,David Rappaport,1951,1990,"[""actor"", ""writer"", ""soundtrack""]","[""tt0081633"", ""tt0090547"", ""tt0088478"", ""tt0088851""]",https://www.imdb.com/name/nm0710884/,False
nm0711741,A.M. Rathnam,1960,,"[""producer"", ""writer"", ""music_department""]","[""tt0116630"", ""tt0242572"", ""tt0259495"", ""tt0362548""]",https://www.imdb.com/name/nm0711741/,False
nm0711745,Mani Ratnam,1955,,"[""writer"", ""producer"", ""director""]","[""tt0499375"", ""tt10701074"", ""tt0312859"", ""tt0164538""]",https://www.imdb.com/name/nm0711745/,False
nm0711921,Heather Rattray,1965,,"[""actress"", ""miscellaneous""]","[""tt0075629"", ""tt0079580"", ""tt0077587"", ""tt0044265""]",https://www.imdb.com/name/nm0711921/,False
nm0711996,Earl Mac Rauch,,,"[""writer""]","[""tt0086856"", ""tt0076451"", ""tt0084735"", ""tt0098660""]",https://www.imdb.com/name/nm0711996/,False
nm0712433,Ravi Teja,1968,,"[""actor"", ""music_department"", ""producer""]","[""tt0339252"", ""tt1426937"", ""tt1173506"", ""tt1579592""]",https://www.imdb.com/name/nm0712433/,False
nm0712546,Paresh Rawal,1955,,"[""producer"", ""actor"", ""soundtrack""]","[""tt0242519"", ""tt2283748"", ""tt0419058"", ""tt0371735""]",https://www.imdb.com/name/nm0712546/,False
nm0712782,Christopher Ray,1977,,"[""producer"", ""director"", ""production_manager""]","[""tt1688612"", ""tt12064810"", ""tt3079568"", ""tt2621784""]",https://www.imdb.com/name/nm0712782/,False
nm0712790,Connie Ray,1956,,"[""actress"", ""writer"", ""archive_footage""]","[""tt0268695"", ""tt0138510"", ""tt0396652"", ""tt0164912""]",https://www.imdb.com/name/nm0712790/,False
nm0712874,Johanna Ray,,,"[""casting_department"", ""casting_director"", ""producer""]","[""tt4093826"", ""tt0166924"", ""tt0361748"", ""tt1706620""]",https://www.imdb.com/name/nm0712874/,False
nm0713209,Bill Raymond,1938,,"[""actor"", ""miscellaneous""]","[""tt0114746"", ""tt0443272"", ""tt0465538"", ""tt0101206""]",https://www.imdb.com/name/nm0713209/,False
nm0714599,Eric Red,,,"[""writer"", ""director"", ""producer""]","[""tt0899128"", ""tt0101492"", ""tt0097074"", ""tt0115610""]",https://www.imdb.com/name/nm0714599/,False
nm0714778,Sameer Reddy,,,"[""cinematographer"", ""camera_department"", ""actor""]","[""tt6417204"", ""tt0135515"", ""tt1736647"", ""tt3802668""]",https://www.imdb.com/name/nm0714778/,False
nm0716275,Perrey Reeves,1970,,"[""actress""]","[""tt0302886"", ""tt0103956"", ""tt0387199"", ""tt1674771""]",https://www.imdb.com/name/nm0716275/,False
nm0716277,Phil Reeves,,,"[""actor"", ""writer"", ""archive_footage""]","[""tt0375063"", ""tt0126886"", ""tt0421206"", ""tt0257360""]",https://www.imdb.com/name/nm0716277/,False
nm0716295,Scott Reeves,1966,,"[""actor"", ""producer"", ""composer""]","[""tt2281375"", ""tt22334258"", ""tt26295103"", ""tt36511057""]",https://www.imdb.com/name/nm0716295/,False
nm0717230,David Reid,,,"[""assistant_director"", ""producer"", ""director""]","[""tt2066051"", ""tt2802144"", ""tt15009428"", ""tt0375912""]",https://www.imdb.com/name/nm0717230/,False
nm0717603,Halina Reijn,1975,,"[""actress"", ""writer"", ""producer""]","[""tt30057084"", ""tt8386898"", ""tt10795304"", ""tt8110652""]",https://www.imdb.com/name/nm0717603/,False
nm0718567,Robert M. Reitano,,,"[""editor"", ""sound_department"", ""editorial_department""]","[""tt0077025"", ""tt0108160"", ""tt0070666"", ""tt0179219""]",https://www.imdb.com/name/nm0718567/,False
nm0719096,Esmond Ren,,,"[""producer"", ""actor""]","[""tt8356942"", ""tt1424310"", ""tt2238032"", ""tt6879446""]",https://www.imdb.com/name/nm0719096/,False
nm0719265,Catherine Renault,,,"[""editor"", ""animation_department"", ""sound_department""]","[""tt0104025"", ""tt2510894"", ""tt0088462"", ""tt0115650""]",https://www.imdb.com/name/nm0719265/,False
nm0719320,Kimble Rendall,1957,2025,"[""assistant_director"", ""director"", ""writer""]","[""tt0343818"", ""tt0448011"", ""tt0234215"", ""tt0242653""]",https://www.imdb.com/name/nm0719320/,False
nm0719705,Colleen Rennison,1987,,"[""actress"", ""soundtrack""]","[""tt0870204"", ""tt2202928"", ""tt0118480"", ""tt0118040""]",https://www.imdb.com/name/nm0719705/,False
nm0720176,Susan Resatka,,,"[""editor"", ""camera_department"", ""producer""]","[""tt0096919"", ""tt0308039"", ""tt9351610"", ""tt31157460""]",https://www.imdb.com/name/nm0720176/,False
nm0720252,Himesh Reshammiya,1973,,"[""music_artist"", ""composer"", ""music_department""]","[""tt23220552"", ""tt3595298"", ""tt1729637"", ""tt2372222""]",https://www.imdb.com/name/nm0720252/,False
nm0721469,Dominique Reymond,1957,,"[""actress""]","[""tt6367558"", ""tt3584576"", ""tt0118201"", ""tt0280343""]",https://www.imdb.com/name/nm0721469/,False
nm0721691,Don Reynolds,,,"[""producer"", ""sound_department"", ""production_manager""]","[""tt0089869"", ""tt0088591"", ""tt0104188"", ""tt0388377""]",https://www.imdb.com/name/nm0721691/,False
nm0721707,Emer Reynolds,,,"[""editor"", ""director"", ""writer""]","[""tt6223974"", ""tt2986490"", ""tt2889112"", ""tt3558426""]",https://www.imdb.com/name/nm0721707/,False
nm0722636,John Rhys-Davies,1944,,"[""actor"", ""sound_department"", ""producer""]","[""tt0167260"", ""tt0167261"", ""tt0120737"", ""tt0082971""]",https://www.imdb.com/name/nm0722636/,False
nm0723365,Brett Rice,1954,,"[""actor""]","[""tt3263904"", ""tt1650062"", ""tt1832045"", ""tt0210945""]",https://www.imdb.com/name/nm0723365/,False
nm0723561,Tamati Patuwai,,,"[""actor""]","[""tt0190865"", ""tt0107822"", ""tt0112230"", ""tt0300179""]",https://www.imdb.com/name/nm0723561/,False
nm0723570,Tom Rice,1973,,"[""producer"", ""script_department"", ""director""]","[""tt1727388"", ""tt1980929"", ""tt2349144"", ""tt3714720""]",https://www.imdb.com/name/nm0723570/,False
nm0724495,David M. Richardson,,,"[""editor"", ""sound_department"", ""producer""]","[""tt0460780"", ""tt0465580"", ""tt2165735"", ""tt0901488""]",https://www.imdb.com/name/nm0724495/,False
nm0724706,Nancy Richardson,,,"[""editor"", ""editorial_department"", ""sound_department""]","[""tt0120094"", ""tt0328538"", ""tt0462590"", ""tt0094027""]",https://www.imdb.com/name/nm0724706/,False
nm0724732,Ralph Richardson,1902,1983,"[""actor"", ""director"", ""producer""]","[""tt0041452"", ""tt0040338"", ""tt0059113"", ""tt0081633""]",https://www.imdb.com/name/nm0724732/,False
nm0725052,Peter Mark Richman,1927,2021,"[""actor"", ""writer"", ""producer""]","[""tt0097388"", ""tt0060074"", ""tt0138230"", ""tt0081856""]",https://www.imdb.com/name/nm0725052/,False
nm0725079,Branscombe Richmond,1955,,"[""actor"", ""stunts"", ""producer""]","[""tt0277296"", ""tt0099739"", ""tt0096256"", ""tt0800039""]",https://www.imdb.com/name/nm0725079/,False
nm0725104,George Richmond,1971,,"[""camera_department"", ""cinematographer"", ""actor""]","[""tt0206634"", ""tt1735898"", ""tt2066051"", ""tt6264654""]",https://www.imdb.com/name/nm0725104/,False
nm0725379,W.D. Richter,1945,,"[""writer"", ""producer"", ""director""]","[""tt0077745"", ""tt0382992"", ""tt0086856"", ""tt0090728""]",https://www.imdb.com/name/nm0725379/,False
nm0725444,John Rickard,1977,,"[""producer"", ""miscellaneous"", ""actor""]","[""tt13357520"", ""tt9362930"", ""tt2231461"", ""tt0376994""]",https://www.imdb.com/name/nm0725444/,False
nm0725691,Pascal Ridao,,,"[""cinematographer"", ""camera_department"", ""actor""]","[""tt0373690"", ""tt0120520"", ""tt5593008"", ""tt0097904""]",https://www.imdb.com/name/nm0725691/,False
nm0725808,Chris Ridenhour,,,"[""composer"", ""music_department"", ""actor""]","[""tt6744988"", ""tt3062074"", ""tt7335710"", ""tt8805150""]",https://www.imdb.com/name/nm0725808/,False
nm0726414,Jacqueline Rietz,,,"[""casting_department"", ""casting_director"", ""talent_agent""]","[""tt10545296"", ""tt6402468"", ""tt0485947"", ""tt5311542""]",https://www.imdb.com/name/nm0726414/,False
nm0727789,Lisa Rinzler,,,"[""cinematographer"", ""camera_department"", ""director""]","[""tt0107554"", ""tt0183659"", ""tt0157814"", ""tt0112819""]",https://www.imdb.com/name/nm0727789/,False
nm0728411,Robbie Rist,1964,,"[""actor"", ""music_department"", ""composer""]","[""tt0103060"", ""tt0108308"", ""tt0112453"", ""tt0100758""]",https://www.imdb.com/name/nm0728411/,False
nm0728476,Lazar Ristovski,1952,,"[""producer"", ""actor"", ""writer""]","[""tt0114787"", ""tt0191821"", ""tt2948166"", ""tt0381061""]",https://www.imdb.com/name/nm0728476/,False
nm0728951,J. Michael Riva,1948,2012,"[""production_designer"", ""art_director"", ""director""]","[""tt0371746"", ""tt1853728"", ""tt0088939"", ""tt0382992""]",https://www.imdb.com/name/nm0728951/,False
nm0730629,Denise Robert,1954,,"[""producer"", ""actress"", ""executive""]","[""tt0338135"", ""tt0112714"", ""tt15134088"", ""tt1258134""]",https://www.imdb.com/name/nm0730629/,False
nm0730932,Chris Roberts,1968,,"[""producer"", ""director"", ""writer""]","[""tt0366627"", ""tt0330793"", ""tt0462465"", ""tt0425210""]",https://www.imdb.com/name/nm0730932/,False
nm0731067,Eliza Roberts,,,"[""actress"", ""casting_director"", ""producer""]","[""tt0077975"", ""tt12598744"", ""tt12222270"", ""tt32902855""]",https://www.imdb.com/name/nm0731067/,False
nm0731506,Randy Roberts,1945,2014,"[""producer"", ""editor"", ""director""]","[""tt0115163"", ""tt0108724"", ""tt0085750"", ""tt0090466""]",https://www.imdb.com/name/nm0731506/,False
nm0731990,Phil Robertson,,,"[""producer"", ""miscellaneous"", ""actor""]","[""tt5638642"", ""tt2333804"", ""tt1181791"", ""tt5716464""]",https://www.imdb.com/name/nm0731990/,False
nm0732199,Jean-François Robin,1943,,"[""cinematographer"", ""camera_department"", ""actor""]","[""tt0118756"", ""tt0109340"", ""tt0158033"", ""tt0090563""]",https://www.imdb.com/name/nm0732199/,False
nm0732222,Muriel Robin,1955,,"[""actress"", ""writer"", ""miscellaneous""]","[""tt0851421"", ""tt0216904"", ""tt0120882"", ""tt9065432""]",https://www.imdb.com/name/nm0732222/,False
nm0732367,Andrew Robinson,1942,,"[""actor"", ""director"", ""soundtrack""]","[""tt0106145"", ""tt0093177"", ""tt0066999"", ""tt0103956""]",https://www.imdb.com/name/nm0732367/,False
nm0732376,Angela Louise Robinson,,,"[""actress""]","[""tt0098097""]",https://www.imdb.com/name/nm0732376/,False
nm0732430,Bruce Robinson,1946,,"[""actor"", ""writer"", ""director""]","[""tt0094336"", ""tt0087553"", ""tt0063518"", ""tt0104549""]",https://www.imdb.com/name/nm0732430/,False
nm0733145,Tiffany Gail Robinson,,,"[""actress""]","[""tt0098097""]",https://www.imdb.com/name/nm0733145/,False
nm0733250,Lucie Robitaille,,,"[""casting_director"", ""casting_department""]","[""tt2381111"", ""tt0945513"", ""tt1840417"", ""tt0450314""]",https://www.imdb.com/name/nm0733250/,False
nm0733500,Wayne Robson,1946,2011,"[""actor"", ""soundtrack"", ""archive_footage""]","[""tt0123755"", ""tt0295700"", ""tt0101177"", ""tt0109642""]",https://www.imdb.com/name/nm0733500/,False
nm0734236,Charles Rocket,1949,2005,"[""actor"", ""soundtrack"", ""archive_footage""]","[""tt0109686"", ""tt0107120"", ""tt0120913"", ""tt0099348""]",https://www.imdb.com/name/nm0734236/,False
nm0734441,Robert Rodat,1953,,"[""writer"", ""producer"", ""miscellaneous""]","[""tt0120815"", ""tt1462059"", ""tt0116329"", ""tt1981115""]",https://www.imdb.com/name/nm0734441/,False
nm0734472,Gene Roddenberry,1921,1991,"[""writer"", ""producer"", ""miscellaneous""]","[""tt0060028"", ""tt0092455"", ""tt0079945"", ""tt0098382""]",https://www.imdb.com/name/nm0734472/,False
nm0734727,June Rodgers,1959,,"[""actress"", ""soundtrack""]","[""tt0160509"", ""tt7534620"", ""tt2201815"", ""tt0243210""]",https://www.imdb.com/name/nm0734727/,False
nm0734890,Nilo Rodis-Jamero,1950,,"[""producer"", ""visual_effects"", ""production_designer""]","[""tt0086190"", ""tt0113481"", ""tt0102975"", ""tt0106912""]",https://www.imdb.com/name/nm0734890/,False
nm0735442,Michelle Rodriguez,1978,,"[""actress"", ""producer"", ""soundtrack""]","[""tt2820852"", ""tt1905041"", ""tt0210075"", ""tt1217613""]",https://www.imdb.com/name/nm0735442/,False
nm0736955,Jim Rogers,,,"[""producer""]","[""tt0098375"", ""tt0076467""]",https://www.imdb.com/name/nm0736955/,False
nm0737200,Simon Rogers,,,"[""production_designer"", ""art_director"", ""art_department""]","[""tt10365912"", ""tt9737326"", ""tt5431890"", ""tt2920540""]",https://www.imdb.com/name/nm0737200/,False
nm0738391,François Rollin,1953,,"[""actor"", ""writer"", ""miscellaneous""]","[""tt0420555"", ""tt0173553"", ""tt0195444"", ""tt0182613""]",https://www.imdb.com/name/nm0738391/,False
nm0738433,Henry Rollins,1961,,"[""actor"", ""producer"", ""writer""]","[""tt0426459"", ""tt0116922"", ""tt0113481"", ""tt2386404""]",https://www.imdb.com/name/nm0738433/,False
nm0740115,David Ronn,,,"[""writer"", ""producer""]","[""tt1469304"", ""tt0477051"", ""tt0271668"", ""tt0297181""]",https://www.imdb.com/name/nm0740115/,False
nm0740462,Ronald Roose,,2021,"[""editor"", ""editorial_department"", ""writer""]","[""tt0233469"", ""tt0102975"", ""tt0093779"", ""tt0070666""]",https://www.imdb.com/name/nm0740462/,False
nm0741378,Felissa Rose,1969,,"[""actress"", ""producer"", ""casting_department""]","[""tt0086320"", ""tt22501842"", ""tt3527772"", ""tt0441742""]",https://www.imdb.com/name/nm0741378/,False
nm0741740,William Rose,1918,1987,"[""writer""]","[""tt0061735"", ""tt0048281"", ""tt0057193"", ""tt0060921""]",https://www.imdb.com/name/nm0741740/,False
nm0742475,Steven Rosenblum,,,"[""editor"", ""editorial_department"", ""director""]","[""tt0325710"", ""tt0112573"", ""tt0450259"", ""tt0097441""]",https://www.imdb.com/name/nm0742475/,False
nm0742575,Olga Rosenfelderova,1954,,"[""production_designer"", ""art_department"", ""art_director""]","[""tt0110116"", ""tt0452668"", ""tt0284260"", ""tt0212881""]",https://www.imdb.com/name/nm0742575/,False
nm0742708,Harvey Rosenstock,,,"[""editor"", ""editorial_department"", ""sound_department""]","[""tt0105323"", ""tt0441796"", ""tt0088194"", ""tt0119468""]",https://www.imdb.com/name/nm0742708/,False
nm0742906,John Rosewarne,,,"[""art_director"", ""production_designer"", ""art_department""]","[""tt0109517"", ""tt0107842"", ""tt0109518"", ""tt0099987""]",https://www.imdb.com/name/nm0742906/,False
nm0742923,Kambiz Roshanravan,1949,,"[""composer""]","[""tt0100234"", ""tt2266671"", ""tt0134808"", ""tt1107892""]",https://www.imdb.com/name/nm0742923/,False
nm0742940,Francesco Rosi,1922,2015,"[""writer"", ""director"", ""assistant_director""]","[""tt0055399"", ""tt0074262"", ""tt0051530"", ""tt0059459""]",https://www.imdb.com/name/nm0742940/,False
nm0743833,Sharyn L. Ross,,,"[""editor"", ""sound_department"", ""actress""]","[""tt0086320"", ""tt0094215"", ""tt0087786"", ""tt0085852""]",https://www.imdb.com/name/nm0743833/,False
nm0744523,Tim Rossovich,1946,2018,"[""actor"", ""stunts"", ""archive_footage""]","[""tt0088559"", ""tt0081859"", ""tt0081071"", ""tt0084967""]",https://www.imdb.com/name/nm0744523/,False
nm0744828,Donna Roth,1951,,"[""producer"", ""miscellaneous"", ""executive""]","[""tt0337563"", ""tt0119229"", ""tt0106387"", ""tt0141098""]",https://www.imdb.com/name/nm0744828/,False
nm0744907,Kim Roth,,,"[""producer"", ""miscellaneous"", ""executive""]","[""tt2396589"", ""tt3532216"", ""tt0454848"", ""tt0278504""]",https://www.imdb.com/name/nm0744907/,False
nm0745033,Steve Roth,,,"[""actor""]","[""tt0367584"", ""tt0306800"", ""tt0086759"", ""tt0125931""]",https://www.imdb.com/name/nm0745033/,False
nm0745247,Rodney Rothman,,,"[""writer"", ""producer"", ""director""]","[""tt4633694"", ""tt9362722"", ""tt0800039"", ""tt2294449""]",https://www.imdb.com/name/nm0745247/,False
nm0745743,Benedicte Roumega,,,"[""casting_department"", ""casting_director""]","[""tt1365519"", ""tt0455362"", ""tt0330333"", ""tt0293509""]",https://www.imdb.com/name/nm0745743/,False
nm0746392,Diana Rowan,,,"[""casting_director"", ""casting_department"", ""actress""]","[""tt0190865"", ""tt0086993"", ""tt0412080"", ""tt0107822""]",https://www.imdb.com/name/nm0746392/,False
nm0747172,Ronit Roy,1965,,"[""actor"", ""miscellaneous"", ""assistant_director""]","[""tt2372678"", ""tt5460276"", ""tt1639426"", ""tt1450737""]",https://www.imdb.com/name/nm0747172/,False
nm0747181,Sharmishta Roy,,,"[""art_director"", ""production_designer"", ""art_department""]","[""tt0248126"", ""tt0118983"", ""tt0172684"", ""tt0347304""]",https://www.imdb.com/name/nm0747181/,False
nm0747422,Curro Royo,,,"[""writer"", ""producer"", ""director""]","[""tt29258436"", ""tt0302447"", ""tt9645942"", ""tt9204160""]",https://www.imdb.com/name/nm0747422/,False
nm0747869,Shaila Rubin,1935,2006,"[""casting_director"", ""casting_department"", ""actress""]","[""tt0298814"", ""tt0489099"", ""tt0246677"", ""tt0120731""]",https://www.imdb.com/name/nm0747869/,False
nm0748039,David Rubin,,,"[""casting_director"", ""casting_department"", ""producer""]","[""tt3920596"", ""tt0805564"", ""tt0134119"", ""tt0119654""]",https://www.imdb.com/name/nm0748039/,False
nm0748620,Paul Rudd,1969,,"[""actor"", ""producer"", ""writer""]","[""tt0478970"", ""tt5095030"", ""tt1155056"", ""tt1659337""]",https://www.imdb.com/name/nm0748620/,False
nm0748973,Maya Rudolph,1972,,"[""actress"", ""producer"", ""writer""]","[""tt1478338"", ""tt1176740"", ""tt1791528"", ""tt0072562""]",https://www.imdb.com/name/nm0748973/,False
nm0749593,Nacho Ruiz Capillas,1966,,"[""editor"", ""editorial_department"", ""director""]","[""tt0230600"", ""tt1186830"", ""tt0220580"", ""tt0984155""]",https://www.imdb.com/name/nm0749593/,False
nm0750048,Stefano Rulli,1949,,"[""writer"", ""miscellaneous"", ""director""]","[""tt0346336"", ""tt0418110"", ""tt0104663"", ""tt0102693""]",https://www.imdb.com/name/nm0750048/,False
nm0750451,Komal Mahuvakar,1969,,"[""actress""]","[""tt0292142"", ""tt0320321"", ""tt0317214"", ""tt0292143""]",https://www.imdb.com/name/nm0750451/,False
nm0750787,Stellina Rusich,,,"[""miscellaneous"", ""actress"", ""composer""]","[""tt0248110"", ""tt0312172"", ""tt0119781"", ""tt0118040""]",https://www.imdb.com/name/nm0750787/,False
nm0751085,Clive Russell,1945,,"[""actor"", ""soundtrack"", ""archive_footage""]","[""tt0988045"", ""tt0780653"", ""tt0349683"", ""tt0115288""]",https://www.imdb.com/name/nm0751085/,False
nm0751516,Willy Russell,1947,,"[""writer"", ""music_department"", ""miscellaneous""]","[""tt0098319"", ""tt0085478"", ""tt0086442"", ""tt1049302""]",https://www.imdb.com/name/nm0751516/,False
nm0751606,Daniel Russo,1948,,"[""actor"", ""miscellaneous"", ""writer""]","[""tt0103772"", ""tt0108333"", ""tt0080684"", ""tt0110912""]",https://www.imdb.com/name/nm0751606/,False
nm0752084,Mark Rutledge,,,"[""cinematographer"", ""camera_department""]","[""tt4616250"", ""tt1575694"", ""tt11069220"", ""tt5767628""]",https://www.imdb.com/name/nm0752084/,False
nm0752412,Anna Livia Ryan,,,"[""actress""]","[""tt0818541"", ""tt0120210"", ""tt0105150"", ""tt0138063""]",https://www.imdb.com/name/nm0752412/,False
nm0752740,Michelle Ryan,1984,,"[""actress"", ""soundtrack"", ""archive_footage""]","[""tt0880557"", ""tt0436992"", ""tt4729426"", ""tt1362058""]",https://www.imdb.com/name/nm0752740/,False
nm0752811,Robbie Ryan,1970,,"[""cinematographer"", ""camera_department"", ""director""]","[""tt14230458"", ""tt3721936"", ""tt5083738"", ""tt3205376""]",https://www.imdb.com/name/nm0752811/,False
nm0753068,Christopher Rydell,1963,,"[""actor"", ""writer"", ""miscellaneous""]","[""tt0082846"", ""tt0089560"", ""tt0089222"", ""tt0097530""]",https://www.imdb.com/name/nm0753068/,False
nm0753546,Wojciech Żogała,1965,,"[""production_designer"", ""art_department"", ""art_director""]","[""tt11412892"", ""tt0338949"", ""tt0431915"", ""tt5782146""]",https://www.imdb.com/name/nm0753546/,False
nm0753737,Jérémie Renier,1981,,"[""actor"", ""writer"", ""director""]","[""tt0780536"", ""tt0237534"", ""tt1827512"", ""tt2076176""]",https://www.imdb.com/name/nm0753737/,False
nm0754969,Hossain Sabzian,1954,2006,"[""actor""]","[""tt0100234"", ""tt2144912"", ""tt3743310"", ""tt0134582""]",https://www.imdb.com/name/nm0754969/,False
nm0755267,Katee Sackhoff,,,"[""actress"", ""producer"", ""director""]","[""tt0407362"", ""tt1411250"", ""tt2388715"", ""tt0314979""]",https://www.imdb.com/name/nm0755267/,False
nm0755308,Martin Sacks,1959,,"[""actor"", ""director"", ""writer""]","[""tt0108709"", ""tt2433738"", ""tt3859076"", ""tt28703560""]",https://www.imdb.com/name/nm0755308/,False
nm0755652,Isabelle Sadoyan,1928,2017,"[""actress""]","[""tt0108394"", ""tt0075824"", ""tt0113828"", ""tt1654829""]",https://www.imdb.com/name/nm0755652/,False
nm0756100,Kristy Carlson,,,"[""casting_director"", ""casting_department"", ""production_department""]","[""tt0451279"", ""tt14998742"", ""tt1219342"", ""tt1402488""]",https://www.imdb.com/name/nm0756100/,False
nm0757855,Zoe Saldaña,1978,,"[""actress"", ""producer"", ""writer""]","[""tt0499549"", ""tt2015381"", ""tt0796366"", ""tt1757678""]",https://www.imdb.com/name/nm0757855/,False
nm0758094,Susana Salerno,1955,,"[""actress""]","[""tt0314197"", ""tt0896923"", ""tt0202223""]",https://www.imdb.com/name/nm0758094/,False
nm0758313,Enrico Salimbeni,1965,,"[""actor"", ""writer""]","[""tt1081935"", ""tt0169164"", ""tt39307480"", ""tt0305998""]",https://www.imdb.com/name/nm0758313/,False
nm0758687,Gustavo Salmerón,1970,,"[""actor"", ""writer"", ""director""]","[""tt7115920"", ""tt0169025"", ""tt0225100"", ""tt0405756""]",https://www.imdb.com/name/nm0758687/,False
nm0760570,Bo Samuelsson,1931,2009,"[""actor""]","[""tt0937378"", ""tt0050977"", ""tt0064533"", ""tt0051854""]",https://www.imdb.com/name/nm0760570/,False
nm0760589,Ryan Samul,,,"[""cinematographer"", ""camera_department""]","[""tt2309021"", ""tt6535880"", ""tt1179031"", ""tt1464580""]",https://www.imdb.com/name/nm0760589/,False
nm0761260,Francine Sandberg,,,"[""editor"", ""editorial_department""]","[""tt0283900"", ""tt0869994"", ""tt0409184"", ""tt0110922""]",https://www.imdb.com/name/nm0761260/,False
nm0761296,Paul Sandberg,,,"[""producer""]","[""tt0440963"", ""tt0372183"", ""tt0493327"", ""tt0098972""]",https://www.imdb.com/name/nm0761296/,False
nm0761455,Andrew Sanders,1943,,"[""art_director"", ""production_designer"", ""art_department""]","[""tt0278731"", ""tt0082158"", ""tt0114388"", ""tt0200669""]",https://www.imdb.com/name/nm0761455/,False
nm0761498,Chris Sanders,1962,,"[""writer"", ""actor"", ""animation_department""]","[""tt0275847"", ""tt0892769"", ""tt29623480"", ""tt0481499""]",https://www.imdb.com/name/nm0761498/,False
nm0761579,Isaiah Sanders,,,"[""composer"", ""soundtrack""]","[""tt0088414"", ""tt0104759"", ""tt0105249"", ""tt0202259""]",https://www.imdb.com/name/nm0761579/,False
nm0761697,Ronald Sanders,,,"[""editor"", ""producer"", ""editorial_department""]","[""tt0399146"", ""tt0765443"", ""tt0120907"", ""tt1571222""]",https://www.imdb.com/name/nm0761697/,False
nm0762262,Cathy Sandrich Gelfond,1961,,"[""casting_director"", ""casting_department"", ""actress""]","[""tt31938062"", ""tt11712058"", ""tt14586350"", ""tt11909878""]",https://www.imdb.com/name/nm0762262/,False
nm0763928,Rodrigo Santoro,1975,,"[""actor"", ""miscellaneous"", ""producer""]","[""tt0416449"", ""tt0314331"", ""tt0475784"", ""tt0411008""]",https://www.imdb.com/name/nm0763928/,False
nm0764316,Rajkumar Santoshi,1956,,"[""writer"", ""director"", ""assistant_director""]","[""tt0109117"", ""tt0099652"", ""tt0210609"", ""tt0319736""]",https://www.imdb.com/name/nm0764316/,False
nm0764552,Richard Saperstein,,,"[""producer"", ""production_manager"", ""writer""]","[""tt0775440"", ""tt0186151"", ""tt0116908"", ""tt0884328""]",https://www.imdb.com/name/nm0764552/,False
nm0764671,Tomasz Sapryk,1966,,"[""actor"", ""director"", ""assistant_director""]","[""tt1094278"", ""tt0441074"", ""tt1107272"", ""tt1319358""]",https://www.imdb.com/name/nm0764671/,False
nm0764841,Bruno Sarandrea,,,"[""editor"", ""editorial_department""]","[""tt0117959"", ""tt0086074"", ""tt0096689"", ""tt0089256""]",https://www.imdb.com/name/nm0764841/,False
nm0765450,E. Colleen Saro,,,"[""miscellaneous"", ""art_department"", ""set_decorator""]","[""tt10329042"", ""tt8373206"", ""tt3502248"", ""tt0409700""]",https://www.imdb.com/name/nm0765450/,False
nm0765558,Inga Sarri,1934,2021,"[""actress""]","[""tt0937378"", ""tt0085964"", ""tt0049308"", ""tt12177808""]",https://www.imdb.com/name/nm0765558/,False
nm0765597,Peter Sarsgaard,1971,,"[""actor"", ""producer"", ""archive_footage""]","[""tt0323944"", ""tt0333766"", ""tt0362269"", ""tt28082769""]",https://www.imdb.com/name/nm0765597/,False
nm0766005,Will Sasso,1975,,"[""actor"", ""writer"", ""producer""]","[""tt0383010"", ""tt0116483"", ""tt0405336"", ""tt0157503""]",https://www.imdb.com/name/nm0766005/,False
nm0766761,Cliff Saunders,,,"[""actor"", ""sound_department""]","[""tt0316356"", ""tt0462465"", ""tt0299658"", ""tt0278731""]",https://www.imdb.com/name/nm0766761/,False
nm0767628,Sonja Savic,1961,2008,"[""actress"", ""director"", ""writer""]","[""tt0088070"", ""tt0090374"", ""tt0476323"", ""tt0288092""]",https://www.imdb.com/name/nm0767628/,False
nm0767647,Harris Savides,1957,2012,"[""cinematographer"", ""camera_department"", ""director""]","[""tt0363589"", ""tt0443706"", ""tt1234654"", ""tt0337876""]",https://www.imdb.com/name/nm0767647/,False
nm0767817,Jill Savitt,,,"[""editor"", ""editorial_department""]","[""tt0427470"", ""tt3045616"", ""tt2638144"", ""tt1547234""]",https://www.imdb.com/name/nm0767817/,False
nm0767929,Suzanne Savoy,,,"[""actress"", ""miscellaneous""]","[""tt15303234"", ""tt1987680"", ""tt9657076"", ""tt1856010""]",https://www.imdb.com/name/nm0767929/,False
nm0768208,Richard Sawyer,,,"[""production_designer"", ""art_director"", ""producer""]","[""tt0103956"", ""tt0092086"", ""tt0086927"", ""tt0086491""]",https://www.imdb.com/name/nm0768208/,False
nm0768296,Sharat Saxena,1950,,"[""actor""]","[""tt0432637"", ""tt10741542"", ""tt0439662"", ""tt0190419""]",https://www.imdb.com/name/nm0768296/,False
nm0768603,Aymen Saïdi,,,"[""actor""]","[""tt0856288"", ""tt0429052"", ""tt1509842"", ""tt0759057""]",https://www.imdb.com/name/nm0768603/,False
nm0768817,Pietro Scalia,1960,,"[""editor"", ""editorial_department"", ""producer""]","[""tt0172495"", ""tt3659388"", ""tt0265086"", ""tt0102138""]",https://www.imdb.com/name/nm0768817/,False
nm0769012,Glen Scantlebury,1955,,"[""editor"", ""editorial_department"", ""writer""]","[""tt10128846"", ""tt0103874"", ""tt0118880"", ""tt9224288""]",https://www.imdb.com/name/nm0769012/,False
nm0769162,Ferdinando Scarfiotti,1941,1994,"[""production_designer"", ""art_department"", ""art_director""]","[""tt0093389"", ""tt0105629"", ""tt0067445"", ""tt0080365""]",https://www.imdb.com/name/nm0769162/,False
nm0769413,Alfred Schaaf,,,"[""production_designer"", ""art_director"", ""art_department""]","[""tt2379995"", ""tt3864056"", ""tt0118604"", ""tt0094651""]",https://www.imdb.com/name/nm0769413/,False
nm0771065,Jay Scherick,,,"[""writer"", ""producer"", ""production_department""]","[""tt1469304"", ""tt0477051"", ""tt0271668"", ""tt0297181""]",https://www.imdb.com/name/nm0771065/,False
nm0771493,Richard Schiff,1955,,"[""actor"", ""producer"", ""director""]","[""tt0770828"", ""tt0119567"", ""tt0200276"", ""tt0114369""]",https://www.imdb.com/name/nm0771493/,False
nm0771532,Mathieu Schiffman,,,"[""assistant_director"", ""actor"", ""camera_department""]","[""tt7599146"", ""tt2103267"", ""tt0340086"", ""tt5029608""]",https://www.imdb.com/name/nm0771532/,False
nm0772478,Emmanuel Schlumberger,,,"[""producer"", ""miscellaneous""]","[""tt0089860"", ""tt0089821"", ""tt0086650"", ""tt0098407""]",https://www.imdb.com/name/nm0772478/,False
nm0772704,Kyle Schmid,1984,,"[""actor"", ""producer"", ""writer""]","[""tt5541338"", ""tt2006374"", ""tt1595680"", ""tt0399146""]",https://www.imdb.com/name/nm0772704/,False
nm0773389,Sophie Schmit,,,"[""editor"", ""editorial_department"", ""director""]","[""tt0090095"", ""tt0439452"", ""tt0091322"", ""tt0085426""]",https://www.imdb.com/name/nm0773389/,False
nm0773685,Hervé Schneid,,,"[""editor"", ""music_department"", ""editorial_department""]","[""tt0211915"", ""tt0101700"", ""tt0344510"", ""tt1259014""]",https://www.imdb.com/name/nm0773685/,False
nm0773805,Florian Schneider,,,"[""producer"", ""camera_department"", ""writer""]","[""tt2756792"", ""tt0252299"", ""tt9426568"", ""tt1361835""]",https://www.imdb.com/name/nm0773805/,False
nm0774111,Curtis A. Schnell,1953,,"[""production_designer"", ""art_department"", ""producer""]","[""tt0284718"", ""tt0099329"", ""tt0813715"", ""tt0099385""]",https://www.imdb.com/name/nm0774111/,False
nm0774386,Matthias Schoenaerts,1977,,"[""actor"", ""producer"", ""miscellaneous""]","[""tt2053425"", ""tt0810819"", ""tt1821593"", ""tt1600196""]",https://www.imdb.com/name/nm0774386/,False
nm0774847,James L. Schoppe,,,"[""production_designer"", ""art_director"", ""art_department""]","[""tt0086190"", ""tt0109456"", ""tt0093692"", ""tt0078841""]",https://www.imdb.com/name/nm0774847/,False
nm0776646,Martha De Laurentiis,1954,2021,"[""producer"", ""miscellaneous"", ""archive_footage""]","[""tt0087262"", ""tt0118771"", ""tt0091828"", ""tt0091499""]",https://www.imdb.com/name/nm0776646/,False
nm0777881,Robert Schwentke,1968,,"[""writer"", ""director"", ""miscellaneous""]","[""tt6763252"", ""tt1245526"", ""tt0297871"", ""tt0286204""]",https://www.imdb.com/name/nm0777881/,False
nm0778217,Boris Schönfelder,1966,,"[""producer"", ""miscellaneous""]","[""tt1722484"", ""tt0844457"", ""tt5726198"", ""tt0337573""]",https://www.imdb.com/name/nm0778217/,False
nm0778568,Edith Scob,1937,2019,"[""actress"", ""archive_footage"", ""archive_sound""]","[""tt2076220"", ""tt0053459"", ""tt0237534"", ""tt0836700""]",https://www.imdb.com/name/nm0778568/,False
nm0779399,Judith Scott,1965,,"[""actress"", ""archive_footage""]","[""tt0372237"", ""tt0488120"", ""tt0408790"", ""tt0111070""]",https://www.imdb.com/name/nm0779399/,False
nm0779549,Martha Scott,1912,2003,"[""actress"", ""producer"", ""archive_footage""]","[""tt0049833"", ""tt0052618"", ""tt0033459"", ""tt0032881""]",https://www.imdb.com/name/nm0779549/,False
nm0780098,Ronnie Screwvala,1962,,"[""producer"", ""miscellaneous"", ""actor""]","[""tt2112124"", ""tt8291224"", ""tt2082197"", ""tt1620933""]",https://www.imdb.com/name/nm0780098/,False
nm0780133,Angus Scrimm,1926,2016,"[""actor"", ""archive_footage"", ""archive_sound""]","[""tt0079714"", ""tt0110823"", ""tt1783732"", ""tt0120524""]",https://www.imdb.com/name/nm0780133/,False
nm0782627,Trond Espen Seim,1971,,"[""actor"", ""producer"", ""director""]","[""tt1010265"", ""tt0905372"", ""tt2182239"", ""tt2102465""]",https://www.imdb.com/name/nm0782627/,False
nm0783203,Markus Selin,1960,,"[""producer"", ""writer"", ""director""]","[""tt22257924"", ""tt0388318"", ""tt5822140"", ""tt0091313""]",https://www.imdb.com/name/nm0783203/,False
nm0783559,Terrel Seltzer,,,"[""writer"", ""director"", ""producer""]","[""tt0117247"", ""tt4827878"", ""tt0097530"", ""tt0083728""]",https://www.imdb.com/name/nm0783559/,False
nm0783620,Mary Selway,1936,2004,"[""casting_director"", ""casting_department"", ""producer""]","[""tt0280707"", ""tt0314331"", ""tt0090605"", ""tt0120738""]",https://www.imdb.com/name/nm0783620/,False
nm0783669,Julie Selzer,,,"[""casting_director"", ""casting_department"", ""editor""]","[""tt0093870"", ""tt0100502"", ""tt0094608"", ""tt0097493""]",https://www.imdb.com/name/nm0783669/,False
nm0783896,Guillermo Sempere,,,"[""camera_department"", ""producer"", ""cinematographer""]","[""tt0441563"", ""tt14077696"", ""tt1065331"", ""tt0455957""]",https://www.imdb.com/name/nm0783896/,False
nm0783907,Óscar Sempere,,,"[""art_director"", ""production_designer"", ""art_department""]","[""tt1528100"", ""tt9845564"", ""tt1034385"", ""tt11750282""]",https://www.imdb.com/name/nm0783907/,False
nm0784358,Akira Senju,1960,,"[""composer"", ""music_department"", ""soundtrack""]","[""tt14075696"", ""tt0386130"", ""tt1355642"", ""tt0350296""]",https://www.imdb.com/name/nm0784358/,False
nm0784599,Merijn Sep,,,"[""art_department"", ""art_director"", ""production_designer""]","[""tt26446278"", ""tt13964390"", ""tt0926762"", ""tt3155298""]",https://www.imdb.com/name/nm0784599/,False
nm0784884,Rade Šerbedžija,1946,,"[""actor"", ""writer"", ""director""]","[""tt0120053"", ""tt0822854"", ""tt0120755"", ""tt0208092""]",https://www.imdb.com/name/nm0784884/,False
nm0785277,Pepe Serna,1944,,"[""actor"", ""producer"", ""miscellaneous""]","[""tt0086856"", ""tt0079367"", ""tt0086250"", ""tt0100514""]",https://www.imdb.com/name/nm0785277/,False
nm0785381,Eduardo Serra,1943,2025,"[""cinematographer"", ""camera_department"", ""director""]","[""tt0335119"", ""tt0217869"", ""tt0450259"", ""tt0926084""]",https://www.imdb.com/name/nm0785381/,False
nm0785385,Éric Serra,1959,,"[""music_department"", ""composer"", ""actor""]","[""tt0113189"", ""tt0119116"", ""tt0110413"", ""tt0095250""]",https://www.imdb.com/name/nm0785385/,False
nm0785684,Coline Serreau,1947,,"[""actress"", ""writer"", ""director""]","[""tt0265116"", ""tt0090206"", ""tt0104025"", ""tt0079742""]",https://www.imdb.com/name/nm0785684/,False
nm0786059,Asaka Seto,1976,,"[""actress""]","[""tt0758742"", ""tt0340410"", ""tt0824710"", ""tt0306522""]",https://www.imdb.com/name/nm0786059/,False
nm0786411,Mark Sevi,,,"[""writer"", ""producer"", ""miscellaneous""]","[""tt0496413"", ""tt0271972"", ""tt0452668"", ""tt0114649""]",https://www.imdb.com/name/nm0786411/,False
nm0786639,Brendan Sexton III,1980,,"[""actor"", ""director"", ""writer""]","[""tt14269590"", ""tt26676904"", ""tt0171804"", ""tt0112950""]",https://www.imdb.com/name/nm0786639/,False
nm0786732,Paul Seydor,1947,,"[""editor"", ""editorial_department"", ""producer""]","[""tt0118167"", ""tt0329717"", ""tt0279331"", ""tt1198138""]",https://www.imdb.com/name/nm0786732/,False
nm0787187,Glenn Shadix,1952,2010,"[""actor"", ""writer"", ""producer""]","[""tt0094721"", ""tt0107688"", ""tt0133152"", ""tt0105428""]",https://www.imdb.com/name/nm0787187/,False
nm0787212,Gerard Shadrick,,,"[""composer"", ""sound_department"", ""music_department""]","[""tt0104759"", ""tt0105249"", ""tt0100597"", ""tt0102115""]",https://www.imdb.com/name/nm0787212/,False
nm0787420,Ash R. Shah,,,"[""producer"", ""executive""]","[""tt0114576"", ""tt0100029"", ""tt0490086"", ""tt0449061""]",https://www.imdb.com/name/nm0787420/,False
nm0787462,Naseeruddin Shah,1950,,"[""actor"", ""music_department"", ""producer""]","[""tt1280558"", ""tt0311429"", ""tt0432637"", ""tt0265343""]",https://www.imdb.com/name/nm0787462/,False
nm0787631,Shakeela,1973,,"[""actress""]","[""tt11257334"", ""tt0319324"", ""tt0959285"", ""tt0282513""]",https://www.imdb.com/name/nm0787631/,False
nm0787687,Matt Shakman,1975,,"[""director"", ""producer"", ""actor""]","[""tt9140560"", ""tt0944947"", ""tt2235759"", ""tt0472954""]",https://www.imdb.com/name/nm0787687/,False
nm0787834,Michael Shamberg,1945,,"[""producer"", ""production_department"", ""editor""]","[""tt0119177"", ""tt0085244"", ""tt0095159"", ""tt0195685""]",https://www.imdb.com/name/nm0787834/,False
nm0787836,Christa Schamberger,,,"[""casting_director"", ""casting_department"", ""assistant_director""]","[""tt0443649"", ""tt15305648"", ""tt6002522"", ""tt2375692""]",https://www.imdb.com/name/nm0787836/,False
nm0788009,Garry Shandling,1949,2016,"[""writer"", ""actor"", ""producer""]","[""tt0103466"", ""tt0090459"", ""tt1843866"", ""tt1228705""]",https://www.imdb.com/name/nm0788009/,False
nm0788202,Adam Shankman,1964,,"[""producer"", ""director"", ""choreographer""]","[""tt0427327"", ""tt0281358"", ""tt1596342"", ""tt1541775""]",https://www.imdb.com/name/nm0788202/,False
nm0788556,Larry Schapiro,,,"[""producer"", ""manager"", ""director""]","[""tt0473188"", ""tt0960890"", ""tt7241586"", ""tt0111464""]",https://www.imdb.com/name/nm0788556/,False
nm0788640,Theodore Shapiro,1971,,"[""composer"", ""music_department"", ""actor""]","[""tt0359950"", ""tt0942385"", ""tt11280740"", ""tt2091256""]",https://www.imdb.com/name/nm0788640/,False
nm0788886,Mani Sharma,1964,,"[""composer"", ""music_department"", ""actor""]","[""tt0366840"", ""tt1582519"", ""tt0471571"", ""tt0816258""]",https://www.imdb.com/name/nm0788886/,False
nm0788889,Mukul Sharma,,,"[""writer"", ""actor""]","[""tt2406676"", ""tt5918074"", ""tt28549549"", ""tt0081968""]",https://www.imdb.com/name/nm0788889/,False
nm0788903,Rajesh Sharma,1980,,"[""actor""]","[""tt0466460"", ""tt1954206"", ""tt5785170"", ""tt8108268""]",https://www.imdb.com/name/nm0788903/,False
nm0789054,Ian Sharp,1946,,"[""director"", ""assistant_director"", ""writer""]","[""tt0113189"", ""tt0305847"", ""tt0096438"", ""tt0083941""]",https://www.imdb.com/name/nm0789054/,False
nm0789573,David Shaw Parker,,,"[""actor"", ""sound_department"", ""miscellaneous""]","[""tt0104940"", ""tt21191806"", ""tt0787524"", ""tt0102181""]",https://www.imdb.com/name/nm0789573/,False
nm0789657,Christopher Shaw,,,"[""actor"", ""camera_department""]","[""tt0101748"", ""tt0094512"", ""tt0455671"", ""tt0202179""]",https://www.imdb.com/name/nm0789657/,False
nm0789716,Fiona Shaw,1958,,"[""actress"", ""miscellaneous"", ""soundtrack""]","[""tt0241527"", ""tt0926084"", ""tt0118661"", ""tt0304141""]",https://www.imdb.com/name/nm0789716/,False
nm0789877,Michael Shaw,,,"[""production_designer"", ""art_director"", ""art_department""]","[""tt2372162"", ""tt6128254"", ""tt4270492"", ""tt11324406""]",https://www.imdb.com/name/nm0789877/,False
nm0789966,Sandy Shaw,,,"[""writer"", ""producer""]","[""tt0179064"", ""tt0105619"", ""tt0940709"", ""tt0117619""]",https://www.imdb.com/name/nm0789966/,False
nm0790688,Michael Sheen,1969,,"[""actor"", ""producer"", ""director""]","[""tt2137109"", ""tt0870111"", ""tt0436697"", ""tt1605783""]",https://www.imdb.com/name/nm0790688/,False
nm0791487,Parry Shen,1973,,"[""actor"", ""producer"", ""miscellaneous""]","[""tt0056758"", ""tt26862060"", ""tt0280477"", ""tt0241760""]",https://www.imdb.com/name/nm0791487/,False
nm0791803,John Shepherd,,,"[""producer"", ""actor"", ""writer""]","[""tt1277737"", ""tt0375104"", ""tt0482629"", ""tt0089173""]",https://www.imdb.com/name/nm0791803/,False
nm0791847,Richard Shepherd,1927,2014,"[""producer"", ""writer"", ""production_department""]","[""tt0054698"", ""tt0072308"", ""tt0085701"", ""tt0120744""]",https://www.imdb.com/name/nm0791847/,False
nm0791898,Tiffany Shepis,1979,,"[""actress"", ""producer"", ""miscellaneous""]","[""tt8806524"", ""tt27730016"", ""tt0366555"", ""tt4163020""]",https://www.imdb.com/name/nm0791898/,False
nm0791942,Frank Sheppard,,,"[""actor"", ""miscellaneous""]","[""tt0273501"", ""tt0097524"", ""tt0082611"", ""tt4546762""]",https://www.imdb.com/name/nm0791942/,False
nm0792156,Dave Sheridan,1969,,"[""actor"", ""producer"", ""writer""]","[""tt0175142"", ""tt0162346"", ""tt0258470"", ""tt0395584""]",https://www.imdb.com/name/nm0792156/,False
nm0792290,Louis Chalif,,,"[""composer"", ""actor"", ""soundtrack""]","[""tt0160386"", ""tt0160001"", ""tt0099092"", ""tt0100639""]",https://www.imdb.com/name/nm0792290/,False
nm0792512,Elizabeth Canavan,,,"[""actress"", ""writer""]","[""tt2184233"", ""tt3288518"", ""tt0203259"", ""tt0159206""]",https://www.imdb.com/name/nm0792512/,False
nm0792911,Suniel Shetty,1961,,"[""actor"", ""producer"", ""archive_footage""]","[""tt0347473"", ""tt0242519"", ""tt0419058"", ""tt0319020""]",https://www.imdb.com/name/nm0792911/,False
nm0793008,Shing Fui-On,1955,2009,"[""actor"", ""miscellaneous""]","[""tt0097202"", ""tt0092263"", ""tt0095491"", ""tt0093304""]",https://www.imdb.com/name/nm0793008/,False
nm0793689,Shun Shimizu,,,"[""producer""]","[""tt0286751"", ""tt0303780"", ""tt3029570"", ""tt0240119""]",https://www.imdb.com/name/nm0793689/,False
nm0793710,Atsuyuki Shimoda,,,"[""producer"", ""writer""]","[""tt0286751"", ""tt0123948"", ""tt1185654"", ""tt0120547""]",https://www.imdb.com/name/nm0793710/,False
nm0793844,M.S. Shinde,1929,2012,"[""editor""]","[""tt0073707"", ""tt0152509"", ""tt0081491"", ""tt0154695""]",https://www.imdb.com/name/nm0793844/,False
nm0793851,Sayaji Shinde,1959,,"[""actor"", ""producer""]","[""tt0220757"", ""tt2375559"", ""tt13491110"", ""tt0366276""]",https://www.imdb.com/name/nm0793851/,False
nm0793868,Jun'ichi Shindō,,,"[""producer""]","[""tt0235198"", ""tt0164707"", ""tt1629284"", ""tt0434191""]",https://www.imdb.com/name/nm0793868/,False
nm0793987,Emi Shinohara,1963,2024,"[""actress"", ""soundtrack"", ""archive_footage""]","[""tt0156887"", ""tt0107692"", ""tt0216651"", ""tt0356228""]",https://www.imdb.com/name/nm0793987/,False
nm0794687,William Shockley,1963,,"[""actor"", ""writer"", ""director""]","[""tt32768323"", ""tt0103405"", ""tt0114436"", ""tt21631810""]",https://www.imdb.com/name/nm0794687/,False
nm0794882,Susan Shopmaker,,,"[""casting_director"", ""casting_department"", ""producer""]","[""tt14849194"", ""tt1441326"", ""tt5363618"", ""tt21064584""]",https://www.imdb.com/name/nm0794882/,False
nm0795340,Lawrence Shragge,,,"[""composer"", ""music_department"", ""soundtrack""]","[""tt2766858"", ""tt2390283"", ""tt3441840"", ""tt15072480""]",https://www.imdb.com/name/nm0795340/,False
nm0795438,Anne Shropshire,1917,2013,"[""actress""]","[""tt0084805"", ""tt0114496"", ""tt0099699"", ""tt0116313""]",https://www.imdb.com/name/nm0795438/,False
nm0795517,Shu Qi,1976,,"[""actress"", ""writer"", ""director""]","[""tt0293662"", ""tt3508840"", ""tt33396536"", ""tt4276752""]",https://www.imdb.com/name/nm0795517/,False
nm0795953,Ronald Shusett,1935,2024,"[""writer"", ""producer"", ""script_department""]","[""tt0078748"", ""tt0090605"", ""tt0100802"", ""tt1386703""]",https://www.imdb.com/name/nm0795953/,False
nm0796564,Norman Siderow,1956,2023,"[""producer"", ""miscellaneous"", ""production_manager""]","[""tt0810725"", ""tt0104759"", ""tt0244364"", ""tt2403945""]",https://www.imdb.com/name/nm0796564/,False
nm0797451,Sigurjon Sighvatsson,,,"[""producer"", ""production_manager"", ""director""]","[""tt0765010"", ""tt22457410"", ""tt0137363"", ""tt1598642""]",https://www.imdb.com/name/nm0797451/,False
nm0798628,Heikki Silvennoinen,1954,2024,"[""actor"", ""writer"", ""composer""]","[""tt0113580"", ""tt0174404"", ""tt0133906"", ""tt2901962""]",https://www.imdb.com/name/nm0798628/,False
nm0798872,Peter Silverleaf,,,"[""actor""]","[""tt2537176"", ""tt0119115"", ""tt0944947"", ""tt14190592""]",https://www.imdb.com/name/nm0798872/,False
nm0798889,Cara Silverman,,2014,"[""editor"", ""editorial_department""]","[""tt0101540"", ""tt1512235"", ""tt1001508"", ""tt0435679""]",https://www.imdb.com/name/nm0798889/,False
nm0798971,Sarah Silverman,1970,,"[""actress"", ""writer"", ""producer""]","[""tt1772341"", ""tt5848272"", ""tt0332379"", ""tt0821375""]",https://www.imdb.com/name/nm0798971/,False
nm0799050,Marc Silverstein,1971,,"[""writer"", ""producer"", ""director""]","[""tt6791096"", ""tt1292566"", ""tt0151738"", ""tt1606389""]",https://www.imdb.com/name/nm0799050/,False
nm0799243,Desmond Sim,,,"[""writer""]","[""tt0401248"", ""tt1314659"", ""tt0175969""]",https://www.imdb.com/name/nm0799243/,False
nm0799442,Georges Simenon,1903,1989,"[""writer"", ""miscellaneous"", ""archive_footage""]","[""tt0050669"", ""tt0041628"", ""tt0067943"", ""tt0038824""]",https://www.imdb.com/name/nm0799442/,False
nm0799777,J.K. Simmons,1955,,"[""actor"", ""miscellaneous"", ""soundtrack""]","[""tt2582802"", ""tt0467406"", ""tt1193138"", ""tt3783958""]",https://www.imdb.com/name/nm0799777/,False
nm0800097,Christopher Simon,1963,,"[""actor"", ""producer"", ""miscellaneous""]","[""tt0462335"", ""tt4978342"", ""tt5715874"", ""tt0421238""]",https://www.imdb.com/name/nm0800097/,False
nm0800389,Sophie Simon,,,"[""actress"", ""writer""]","[""tt0110171"", ""tt0110021"", ""tt0100174"", ""tt0176716""]",https://www.imdb.com/name/nm0800389/,False
nm0800896,Andrew Simpson,,,"[""actor""]","[""tt1791528"", ""tt1510983"", ""tt2443022"", ""tt3430042""]",https://www.imdb.com/name/nm0800896/,False
nm0801870,Singeetam Srinivasa Rao,1931,,"[""director"", ""writer"", ""actor""]","[""tt0251355"", ""tt0264537"", ""tt0249797"", ""tt0252196""]",https://www.imdb.com/name/nm0801870/,False
nm0802012,Norm Singer,1940,2012,"[""actor"", ""archive_footage""]","[""tt0096919"", ""tt0308039"", ""tt31182188""]",https://www.imdb.com/name/nm0802012/,False
nm0802240,Sukhwinder Singh,1971,,"[""music_artist"", ""music_department"", ""composer""]","[""tt3390572"", ""tt0164538"", ""tt1010048"", ""tt3735246""]",https://www.imdb.com/name/nm0802240/,False
nm0802688,G.P. Sippy,1914,2007,"[""producer"", ""actor"", ""director""]","[""tt0073707"", ""tt0147925"", ""tt0420765"", ""tt0152256""]",https://www.imdb.com/name/nm0802688/,False
nm0802693,Ramesh Sippy,1947,,"[""director"", ""producer"", ""actor""]","[""tt0073707"", ""tt0152256"", ""tt0081491"", ""tt39151096""]",https://www.imdb.com/name/nm0802693/,False
nm0803308,Maggie Shiu,1965,,"[""actress""]","[""tt0434008"", ""tt0250638"", ""tt0901488"", ""tt1329454""]",https://www.imdb.com/name/nm0803308/,False
nm0803765,Jimmie F. Skaggs,1944,2004,"[""actor"", ""archive_footage""]","[""tt0093409"", ""tt0164052"", ""tt0112760"", ""tt0118900""]",https://www.imdb.com/name/nm0803765/,False
nm0805930,Amy Sloan,1978,,"[""actress"", ""writer"", ""make_up_department""]","[""tt0319262"", ""tt0408839"", ""tt0338751"", ""tt0300556""]",https://www.imdb.com/name/nm0805930/,False
nm0807685,Chloe Smith,,,"[""producer"", ""production_manager"", ""production_department""]","[""tt0357507"", ""tt0389722"", ""tt10293406"", ""tt8106620""]",https://www.imdb.com/name/nm0807685/,False
nm0809059,Lee Smith,1960,,"[""editor"", ""sound_department"", ""editorial_department""]","[""tt1375666"", ""tt5013056"", ""tt8579674"", ""tt0468569""]",https://www.imdb.com/name/nm0809059/,False
nm0809095,Lewis Smith,1956,,"[""actor"", ""director"", ""writer""]","[""tt0086856"", ""tt0083111"", ""tt0111756"", ""tt1853728""]",https://www.imdb.com/name/nm0809095/,False
nm0810379,Yeardley Smith,1964,,"[""actress"", ""producer"", ""miscellaneous""]","[""tt0096697"", ""tt0091499"", ""tt0462538"", ""tt0101587""]",https://www.imdb.com/name/nm0810379/,False
nm0810661,Reed Smoot,1947,,"[""cinematographer"", ""camera_department"", ""director""]","[""tt0367882"", ""tt0107131"", ""tt0092240"", ""tt0106701""]",https://www.imdb.com/name/nm0810661/,False
nm0810738,Kasia Smutniak,1979,,"[""actress"", ""director"", ""writer""]","[""tt4901306"", ""tt1179034"", ""tt1379665"", ""tt1174703""]",https://www.imdb.com/name/nm0810738/,False
nm0810929,Sam Sneade,,,"[""editor"", ""editorial_department"", ""producer""]","[""tt31514146"", ""tt5083738"", ""tt0203119"", ""tt0337876""]",https://www.imdb.com/name/nm0810929/,False
nm0811056,Peter Snell,1938,,"[""producer"", ""executive"", ""soundtrack""]","[""tt0070917"", ""tt0078836"", ""tt0084359"", ""tt0093771""]",https://www.imdb.com/name/nm0811056/,False
nm0811373,Jocelyn Snowdon,,,"[""actress"", ""miscellaneous""]","[""tt0284978"", ""tt0179182"", ""tt0283203"", ""tt0329934""]",https://www.imdb.com/name/nm0811373/,False
nm0812073,Mar Sodupe,1972,,"[""actress"", ""miscellaneous"", ""assistant_director""]","[""tt4888908""]",https://www.imdb.com/name/nm0812073/,False
nm0813298,Bruce Solomon,1943,,"[""actor""]","[""tt0091630"", ""tt0077578"", ""tt0298744"", ""tt0074021""]",https://www.imdb.com/name/nm0813298/,False
nm0813812,Ian Somerhalder,1978,,"[""actor"", ""producer"", ""director""]","[""tt1405406"", ""tt0292644"", ""tt0454919"", ""tt0411008""]",https://www.imdb.com/name/nm0813812/,False
nm0814716,Ömer Faruk Sorak,1964,,"[""director"", ""production_designer"", ""cinematographer""]","[""tt0270053"", ""tt1567448"", ""tt0384116"", ""tt0826631""]",https://www.imdb.com/name/nm0814716/,False
nm0815638,Zdravko Sotra,1933,2025,"[""director"", ""writer"", ""assistant_director""]","[""tt0402493"", ""tt0099172"", ""tt0326449"", ""tt0079682""]",https://www.imdb.com/name/nm0815638/,False
nm0815970,Jeannette Sousa,,,"[""actress"", ""producer"", ""writer""]","[""tt5396394"", ""tt3832160"", ""tt1219024"", ""tt1319598""]",https://www.imdb.com/name/nm0815970/,False
nm0816030,Renée Soutendijk,1957,,"[""actress"", ""archive_footage""]","[""tt1034415"", ""tt0101831"", ""tt1978200"", ""tt0089323""]",https://www.imdb.com/name/nm0816030/,False
nm0816170,Tom Southwell,,,"[""art_department"", ""production_designer"", ""art_director""]","[""tt0083658"", ""tt0120903"", ""tt1464540"", ""tt0117060""]",https://www.imdb.com/name/nm0816170/,False
nm0816319,Biljana Sovilj,1967,,"[""art_department"", ""production_designer"", ""art_director""]","[""tt1634013"", ""tt0331282"", ""tt0180939"", ""tt0180780""]",https://www.imdb.com/name/nm0816319/,False
nm0816320,Dragan Sovilj,1951,,"[""production_designer"", ""art_department"", ""art_director""]","[""tt1634013"", ""tt0331282"", ""tt1575897"", ""tt0382557""]",https://www.imdb.com/name/nm0816320/,False
nm0816508,Meadow Williams,1966,,"[""actress"", ""producer"", ""writer""]","[""tt1688612"", ""tt7638348"", ""tt1259528"", ""tt0102614""]",https://www.imdb.com/name/nm0816508/,False
nm0816667,Delbert Spain,1915,2000,"[""actor""]","[""tt0113818"", ""tt0096344"", ""tt0206811"", ""tt6214212""]",https://www.imdb.com/name/nm0816667/,False
nm0817387,Scott Spears,,,"[""cinematographer"", ""producer"", ""writer""]","[""tt8907096"", ""tt31805492"", ""tt0162030"", ""tt0439615""]",https://www.imdb.com/name/nm0817387/,False
nm0817508,Glynn Speeckaert,,,"[""cinematographer"", ""camera_department"", ""producer""]","[""tt1198385"", ""tt1686067"", ""tt1245647"", ""tt4428788""]",https://www.imdb.com/name/nm0817508/,False
nm0817844,Abigail Spencer,,,"[""actress"", ""producer"", ""writer""]","[""tt0804503"", ""tt2183404"", ""tt1623205"", ""tt0409847""]",https://www.imdb.com/name/nm0817844/,False
nm0817881,Bud Spencer,1929,2016,"[""actor"", ""writer"", ""producer""]","[""tt0067355"", ""tt0069697"", ""tt0077864"", ""tt0079351""]",https://www.imdb.com/name/nm0817881/,False
nm0818285,John Speredakos,1962,,"[""actor""]","[""tt7178516"", ""tt23186596"", ""tt0275067"", ""tt0160797""]",https://www.imdb.com/name/nm0818285/,False
nm0818304,Andrea Sperling,,,"[""producer"", ""writer"", ""production_manager""]","[""tt3502262"", ""tt15227418"", ""tt0179116"", ""tt1758692""]",https://www.imdb.com/name/nm0818304/,False
nm0819850,Cole Sprouse,1992,,"[""actor"", ""producer"", ""soundtrack""]","[""tt5420376"", ""tt6472976"", ""tt0142342"", ""tt0108778""]",https://www.imdb.com/name/nm0819850/,False
nm0820240,Srihari,1964,2013,"[""actor"", ""producer"", ""editorial_department""]","[""tt1447500"", ""tt0455663"", ""tt1212153"", ""tt0479651""]",https://www.imdb.com/name/nm0820240/,False
nm0820269,P.C. Sreeram,1956,,"[""cinematographer"", ""director""]","[""tt0093603"", ""tt2302966"", ""tt1385824"", ""tt2265381""]",https://www.imdb.com/name/nm0820269/,False
nm0820286,Srividya,1953,2006,"[""actress"", ""producer"", ""archive_footage""]","[""tt0101649"", ""tt0154159"", ""tt0230321"", ""tt0259263""]",https://www.imdb.com/name/nm0820286/,False
nm0820562,Soledad St. Hilaire,1950,,"[""actress""]","[""tt0250224"", ""tt0296166"", ""tt0496806"", ""tt0435642""]",https://www.imdb.com/name/nm0820562/,False
nm0820866,Gunnar Staalesen,,,"[""writer"", ""script_department""]","[""tt28455574"", ""tt2102465"", ""tt0844948"", ""tt1010265""]",https://www.imdb.com/name/nm0820866/,False
nm0820987,Terry Stacey,1962,,"[""cinematographer"", ""camera_department"", ""director""]","[""tt5968274"", ""tt1259528"", ""tt0773262"", ""tt1306980""]",https://www.imdb.com/name/nm0820987/,False
nm0821673,Dorota Stalinska,1953,,"[""actress""]","[""tt0080434"", ""tt0085812"", ""tt28786908"", ""tt0088083""]",https://www.imdb.com/name/nm0821673/,False
nm0822190,Nathania Stanford,,,"[""actress""]","[""tt0104759"", ""tt0105249""]",https://www.imdb.com/name/nm0822190/,False
nm0823015,Darren Star,1961,,"[""writer"", ""producer"", ""miscellaneous""]","[""tt0159206"", ""tt8962124"", ""tt0098749"", ""tt3288518""]",https://www.imdb.com/name/nm0823015/,False
nm0823096,Ilene Starger,,,"[""casting_director"", ""casting_department"", ""producer""]","[""tt0332379"", ""tt0477347"", ""tt0120783"", ""tt0758766""]",https://www.imdb.com/name/nm0823096/,False
nm0824102,Alison Steadman,1946,,"[""actress"", ""writer"", ""miscellaneous""]","[""tt0100024"", ""tt14260836"", ""tt0112130"", ""tt0264246""]",https://www.imdb.com/name/nm0824102/,False
nm0824175,Craig Stearns,,,"[""production_designer"", ""art_director"", ""assistant_director""]","[""tt0110475"", ""tt0208003"", ""tt2543312"", ""tt1830617""]",https://www.imdb.com/name/nm0824175/,False
nm0826091,Andreas Steinhöfel,1962,,"[""writer"", ""producer""]","[""tt4932154"", ""tt15332562"", ""tt0110799"", ""tt1679276""]",https://www.imdb.com/name/nm0826091/,False
nm0826642,Steno,1917,1988,"[""writer"", ""director"", ""assistant_director""]","[""tt0069109"", ""tt0043606"", ""tt0079702"", ""tt0052308""]",https://www.imdb.com/name/nm0826642/,False
nm0827291,Mark Kinsey Stephenson,,,"[""actor"", ""writer""]","[""tt0421054"", ""tt0096344"", ""tt0108447"", ""tt0203929""]",https://www.imdb.com/name/nm0827291/,False
nm0827869,Tom Stern,1946,,"[""camera_department"", ""cinematographer"", ""director""]","[""tt0824747"", ""tt0418689"", ""tt0327056"", ""tt0498380""]",https://www.imdb.com/name/nm0827869/,False
nm0828099,Patrick Stettner,,,"[""director"", ""writer"", ""editor""]","[""tt0270259"", ""tt0189527"", ""tt0448075"", ""tt2071758""]",https://www.imdb.com/name/nm0828099/,False
nm0828412,Gail Stevens,,,"[""casting_director"", ""casting_department""]","[""tt10548174"", ""tt8079248"", ""tt1010048"", ""tt1790885""]",https://www.imdb.com/name/nm0828412/,False
nm0829012,Neville Stevenson,,,"[""production_designer"", ""art_department"", ""actor""]","[""tt4698684"", ""tt0138529"", ""tt13989030"", ""tt6213026""]",https://www.imdb.com/name/nm0829012/,False
nm0829018,Patrick Stevenson,,,"[""actor"", ""miscellaneous""]","[""tt11712058"", ""tt1312171"", ""tt1288636"", ""tt0462465""]",https://www.imdb.com/name/nm0829018/,False
nm0829330,Donald Ogden Stewart,1894,1980,"[""writer"", ""actor"", ""soundtrack""]","[""tt0032904"", ""tt0021189"", ""tt0050105"", ""tt0021053""]",https://www.imdb.com/name/nm0829330/,False
nm0830371,Slavko Stimac,1960,,"[""actor"", ""writer"", ""producer""]","[""tt0075162"", ""tt0170841"", ""tt0114787"", ""tt1372686""]",https://www.imdb.com/name/nm0830371/,False
nm0831098,Erwin Stoff,1951,,"[""producer"", ""manager"", ""writer""]","[""tt0133093"", ""tt1631867"", ""tt0480249"", ""tt1341338""]",https://www.imdb.com/name/nm0831098/,False
nm0831206,Fedja Stojanovic,1948,2021,"[""actor"", ""writer""]","[""tt0930856"", ""tt0382487"", ""tt0331282"", ""tt0116860""]",https://www.imdb.com/name/nm0831206/,False
nm0831515,John Stoll,1913,1990,"[""art_director"", ""production_designer"", ""art_department""]","[""tt0056172"", ""tt0069895"", ""tt0079153"", ""tt0048595""]",https://www.imdb.com/name/nm0831515/,False
nm0832114,Randy Stone,1958,2007,"[""casting_director"", ""casting_department"", ""actor""]","[""tt0195714"", ""tt0098258"", ""tt0085750"", ""tt0111486""]",https://www.imdb.com/name/nm0832114/,False
nm0832262,Jeff Stonehouse,,,"[""cinematographer"", ""camera_department"", ""miscellaneous""]","[""tt0117128"", ""tt0094517"", ""tt0120525"", ""tt0420087""]",https://www.imdb.com/name/nm0832262/,False
nm0833029,Alan Strachan,1938,2015,"[""editor"", ""editorial_department"", ""producer""]","[""tt0076752"", ""tt0065207"", ""tt0166396"", ""tt0061452""]",https://www.imdb.com/name/nm0833029/,False
nm0834362,David Strickland,1969,1999,"[""actor"", ""soundtrack"", ""archive_footage""]","[""tt0115376"", ""tt0141098"", ""tt0103484"", ""tt0120651""]",https://www.imdb.com/name/nm0834362/,False
nm0835016,Mark Strong,1963,,"[""actor"", ""producer"", ""miscellaneous""]","[""tt8579674"", ""tt0448115"", ""tt2802144"", ""tt1790885""]",https://www.imdb.com/name/nm0835016/,False
nm0835192,Nicholas Strouse,1968,,"[""actor""]","[""tt0094482"", ""tt0095047"", ""tt0098844""]",https://www.imdb.com/name/nm0835192/,False
nm0835959,Scott Stuber,1968,,"[""producer"", ""actor"", ""production_manager""]","[""tt1312221"", ""tt1440129"", ""tt0120461"", ""tt1053424""]",https://www.imdb.com/name/nm0835959/,False
nm0837189,Sudha,,,"[""actress""]","[""tt4981966"", ""tt0471571"", ""tt27540542"", ""tt0116630""]",https://www.imdb.com/name/nm0837189/,False
nm0837452,Shun Sugata,1955,,"[""actor"", ""archive_footage""]","[""tt0266697"", ""tt0325710"", ""tt0286751"", ""tt1181795""]",https://www.imdb.com/name/nm0837452/,False
nm0837471,Jhamu Sughand,1951,2008,"[""producer"", ""miscellaneous""]","[""tt0438888"", ""tt0261545"", ""tt0116630"", ""tt0150992""]",https://www.imdb.com/name/nm0837471/,False
nm0837644,Anitta Suikkari,1956,,"[""actress"", ""writer"", ""miscellaneous""]","[""tt11862812"", ""tt22054010"", ""tt0377470"", ""tt10592866""]",https://www.imdb.com/name/nm0837644/,False
nm0837784,Barbara Sukowa,1950,,"[""actress"", ""soundtrack"", ""music_department""]","[""tt1674773"", ""tt0082671"", ""tt2406566"", ""tt0091869""]",https://www.imdb.com/name/nm0837784/,False
nm0837917,Larry Sulkis,,,"[""writer"", ""producer"", ""director""]","[""tt0228333"", ""tt0096256"", ""tt0145627"", ""tt0236876""]",https://www.imdb.com/name/nm0837917/,False
nm0838198,Kevin Rodney Sullivan,,,"[""director"", ""producer"", ""writer""]","[""tt0120703"", ""tt26448526"", ""tt7335184"", ""tt14263564""]",https://www.imdb.com/name/nm0838198/,False
nm0838944,Honglei Sun,1970,,"[""actor"", ""soundtrack""]","[""tt0416044"", ""tt1430751"", ""tt0354243"", ""tt2165735""]",https://www.imdb.com/name/nm0838944/,False
nm0839008,Zhou Sun,1954,,"[""director"", ""actor"", ""writer""]","[""tt0354243"", ""tt0236598"", ""tt0108612"", ""tt6286308""]",https://www.imdb.com/name/nm0839008/,False
nm0839232,Carl Sundstrom,,,"[""actor""]","[""tt0116922"", ""tt0119807"", ""tt0283139"", ""tt0110805""]",https://www.imdb.com/name/nm0839232/,False
nm0840002,Irene Sutcliffe,1924,2019,"[""actress"", ""soundtrack"", ""archive_footage""]","[""tt0094336"", ""tt0053494"", ""tt0989125"", ""tt0078736""]",https://www.imdb.com/name/nm0840002/,False
nm0840412,Tammi Sutton,1971,,"[""producer"", ""director"", ""actress""]","[""tt1588362"", ""tt1643248"", ""tt3339374"", ""tt2301269""]",https://www.imdb.com/name/nm0840412/,False
nm0840430,Olga Sutulova,1980,,"[""actress"", ""producer""]","[""tt0284867"", ""tt7599132"", ""tt3545288"", ""tt10199718""]",https://www.imdb.com/name/nm0840430/,False
nm0841552,Arvind Swamy,1970,,"[""actor"", ""writer"", ""director""]","[""tt4987556"", ""tt0105271"", ""tt10152736"", ""tt7892050""]",https://www.imdb.com/name/nm0841552/,False
nm0843123,Anthea Sylbert,1939,2024,"[""costume_designer"", ""producer"", ""costume_department""]","[""tt0071315"", ""tt0093693"", ""tt0063522"", ""tt0222029""]",https://www.imdb.com/name/nm0843123/,False
nm0843199,Jeremy Sylvers,1981,,"[""actor""]","[""tt0103956"", ""tt0273855"", ""tt33546014""]",https://www.imdb.com/name/nm0843199/,False
nm0843401,Sylvia Syms,1934,2023,"[""actress"", ""soundtrack"", ""archive_footage""]","[""tt0436697"", ""tt0286788"", ""tt0051204"", ""tt0055597""]",https://www.imdb.com/name/nm0843401/,False
nm0844074,Katherine M. Szilagyi,1967,2022,"[""set_decorator"", ""art_department"", ""production_designer""]","[""tt0848228"", ""tt1176740"", ""tt0359423"", ""tt0174336""]",https://www.imdb.com/name/nm0844074/,False
nm0844360,Magdalena Szwarcbart,1960,,"[""casting_director"", ""assistant_director"", ""production_manager""]","[""tt0108052"", ""tt7160372"", ""tt6543652"", ""tt2343137""]",https://www.imdb.com/name/nm0844360/,False
nm0844435,László Szabó,1936,,"[""actor"", ""director"", ""writer""]","[""tt0088154"", ""tt0096332"", ""tt0382664"", ""tt0072447""]",https://www.imdb.com/name/nm0844435/,False
nm0845337,François Séguin,,,"[""production_designer"", ""art_director"", ""set_decorator""]","[""tt2381111"", ""tt0120802"", ""tt1538403"", ""tt0338135""]",https://www.imdb.com/name/nm0845337/,False
nm0845803,Abid T.P.,1974,,"[""production_designer"", ""art_director"", ""art_department""]","[""tt27530512"", ""tt3495026"", ""tt0461936"", ""tt0886539""]",https://www.imdb.com/name/nm0845803/,False
nm0845830,Kimmo Taavila,1965,,"[""editor"", ""actor"", ""director""]","[""tt1401143"", ""tt0372594"", ""tt0479959"", ""tt0102536""]",https://www.imdb.com/name/nm0845830/,False
nm0846480,Cary-Hiroyuki Tagawa,1950,2025,"[""actor"", ""producer"", ""miscellaneous""]","[""tt0113855"", ""tt0133152"", ""tt0411951"", ""tt0117331""]",https://www.imdb.com/name/nm0846480/,False
nm0846699,Karen Teliha,1949,,"[""actress""]","[""tt1778304"", ""tt1522198"", ""tt0323120"", ""tt1266020""]",https://www.imdb.com/name/nm0846699/,False
nm0847258,Troy Takaki,,,"[""editor"", ""editorial_department"", ""producer""]","[""tt0256415"", ""tt0386588"", ""tt7335184"", ""tt1650043""]",https://www.imdb.com/name/nm0847258/,False
nm0847416,Yasuhiro Takato,1968,,"[""actor"", ""miscellaneous"", ""archive_sound""]","[""tt0103369"", ""tt0198781"", ""tt0374407"", ""tt1038025""]",https://www.imdb.com/name/nm0847416/,False
nm0847487,Shinji Takeda,1972,,"[""actor""]","[""tt0286751"", ""tt0213682"", ""tt0407521"", ""tt0454250""]",https://www.imdb.com/name/nm0847487/,False
nm0847603,Naoko Takeuchi,1967,,"[""writer"", ""miscellaneous"", ""animation_department""]","[""tt0386917"", ""tt0109277"", ""tt10505028"", ""tt0106417""]",https://www.imdb.com/name/nm0847603/,False
nm0848308,Tiku Talsania,1954,,"[""actor"", ""miscellaneous""]","[""tt0238936"", ""tt0109117"", ""tt0329620"", ""tt2377938""]",https://www.imdb.com/name/nm0848308/,False
nm0848554,Amber Tamblyn,1983,,"[""actress"", ""producer"", ""writer""]","[""tt0403508"", ""tt0367345"", ""tt1018785"", ""tt0433386""]",https://www.imdb.com/name/nm0848554/,False
nm0848894,Selena Tan,1971,,"[""actress""]","[""tt3104988"", ""tt0131566"", ""tt0199280"", ""tt9686790""]",https://www.imdb.com/name/nm0848894/,False
nm0849028,Mayumi Tanaka,1955,,"[""actress"", ""miscellaneous"", ""soundtrack""]","[""tt0388629"", ""tt2263944"", ""tt3819668"", ""tt0092067""]",https://www.imdb.com/name/nm0849028/,False
nm0849048,Professor Toru Tanaka,1930,2000,"[""actor""]","[""tt0107362"", ""tt0089791"", ""tt0093894"", ""tt0099365""]",https://www.imdb.com/name/nm0849048/,False
nm0849222,Yôhei Taneda,1960,,"[""production_designer"", ""art_director"", ""art_department""]","[""tt3460252"", ""tt35231039"", ""tt0266697"", ""tt3398268""]",https://www.imdb.com/name/nm0849222/,False
nm0849282,Edward Tang,1946,,"[""writer"", ""producer"", ""miscellaneous""]","[""tt0104558"", ""tt0113326"", ""tt0117786"", ""tt0089374""]",https://www.imdb.com/name/nm0849282/,False
nm0851281,Patrick Tatopoulos,,,"[""special_effects"", ""visual_effects"", ""production_designer""]","[""tt0974015"", ""tt2975590"", ""tt0343818"", ""tt0116629""]",https://www.imdb.com/name/nm0851281/,False
nm0853321,Wally Taylor,1930,2012,"[""actor"", ""archive_footage""]","[""tt0084602"", ""tt0091630"", ""tt0082340"", ""tt0091129""]",https://www.imdb.com/name/nm0853321/,False
nm0855035,Andy Tennant,1955,,"[""producer"", ""director"", ""writer""]","[""tt0770752"", ""tt0386588"", ""tt0256415"", ""tt0120631""]",https://www.imdb.com/name/nm0855035/,False
nm0855188,Kevin Tent,,,"[""editor"", ""editorial_department"", ""director""]","[""tt14849194"", ""tt1033575"", ""tt0126886"", ""tt0375063""]",https://www.imdb.com/name/nm0855188/,False
nm0855657,Leonard Termo,1935,2012,"[""actor"", ""archive_footage""]","[""tt0109707"", ""tt0120685"", ""tt0248667"", ""tt0107711""]",https://www.imdb.com/name/nm0855657/,False
nm0856500,Sylvie Testud,1971,,"[""actress"", ""writer"", ""director""]","[""tt0450188"", ""tt1034415"", ""tt0318725"", ""tt0216578""]",https://www.imdb.com/name/nm0856500/,False
nm0857068,Thota Tharani,1949,,"[""art_director"", ""production_designer"", ""art_department""]","[""tt0093603"", ""tt0479651"", ""tt10701074"", ""tt0479751""]",https://www.imdb.com/name/nm0857068/,False
nm0857620,Justin Theroux,1971,,"[""actor"", ""producer"", ""writer""]","[""tt0166924"", ""tt1240982"", ""tt0144084"", ""tt3014284""]",https://www.imdb.com/name/nm0857620/,False
nm0857840,Yolanda T. Cochran,,,"[""production_manager"", ""producer"", ""miscellaneous""]","[""tt0468533"", ""tt1037705"", ""tt2058673"", ""tt2209764""]",https://www.imdb.com/name/nm0857840/,False
nm0858048,Mélanie Thierry,1981,,"[""actress"", ""director"", ""writer""]","[""tt2333804"", ""tt9777644"", ""tt0364970"", ""tt0808339""]",https://www.imdb.com/name/nm0858048/,False
nm0859499,Scott Thomas,,,"[""producer"", ""director"", ""writer""]","[""tt0303648"", ""tt0343962"", ""tt0780583"", ""tt0128886""]",https://www.imdb.com/name/nm0859499/,False
nm0859625,Victoria Thomas,,,"[""casting_director"", ""casting_department"", ""actress""]","[""tt7131622"", ""tt10696784"", ""tt1853728"", ""tt5390504""]",https://www.imdb.com/name/nm0859625/,False
nm0859702,C.J. Thomason,1982,,"[""actor""]","[""tt0418279"", ""tt1564368"", ""tt1504403"", ""tt1232320""]",https://www.imdb.com/name/nm0859702/,False
nm0859772,Tim Thomerson,1946,,"[""actor"", ""producer"", ""miscellaneous""]","[""tt0093605"", ""tt0090192"", ""tt0090274"", ""tt0091278""]",https://www.imdb.com/name/nm0859772/,False
nm0859985,Christopher Thompson,1966,,"[""actor"", ""writer"", ""director""]","[""tt27644193"", ""tt13353386"", ""tt19001296"", ""tt0444112""]",https://www.imdb.com/name/nm0859985/,False
nm0860019,Danièle Thompson,1942,,"[""writer"", ""director"", ""script_department""]","[""tt0211286"", ""tt0444112"", ""tt0110963"", ""tt0072826""]",https://www.imdb.com/name/nm0860019/,False
nm0860947,Ulrich Thomsen,1963,,"[""actor"", ""producer"", ""director""]","[""tt0154420"", ""tt0418455"", ""tt0963178"", ""tt0386342""]",https://www.imdb.com/name/nm0860947/,False
nm0861332,Bill Thornbury,1952,,"[""actor"", ""composer"", ""soundtrack""]","[""tt0079714"", ""tt0110823"", ""tt0138703"", ""tt3627704""]",https://www.imdb.com/name/nm0861332/,False
nm0861361,Callie Thorne,1969,,"[""actress"", ""producer"", ""archive_footage""]","[""tt1657505"", ""tt0106028"", ""tt3560084"", ""tt0455275""]",https://www.imdb.com/name/nm0861361/,False
nm0862094,Santhosh Thundiyil,,,"[""cinematographer"", ""camera_department""]","[""tt0347779"", ""tt0172684"", ""tt5165344"", ""tt0432637""]",https://www.imdb.com/name/nm0862094/,False
nm0862432,Virginie Thévenet,1954,,"[""actress"", ""director"", ""writer""]","[""tt0093303"", ""tt0089710"", ""tt0082964"", ""tt2641648""]",https://www.imdb.com/name/nm0862432/,False
nm0863171,Yogendra Tikku,1953,,"[""actor""]","[""tt3495026"", ""tt3322420"", ""tt6826438"", ""tt5069020""]",https://www.imdb.com/name/nm0863171/,False
nm0863208,Leif Tilden,1964,,"[""location_management"", ""director"", ""actor""]","[""tt0100758"", ""tt1059786"", ""tt0260592"", ""tt0103060""]",https://www.imdb.com/name/nm0863208/,False
nm0863397,Greg Tillman,,,"[""director"", ""producer"", ""editor""]","[""tt1800246"", ""tt36351149"", ""tt1767372"", ""tt5179598""]",https://www.imdb.com/name/nm0863397/,False
nm0863787,Sabine Timoteo,1975,,"[""actress"", ""writer"", ""director""]","[""tt0203297"", ""tt30978285"", ""tt5541426"", ""tt3828614""]",https://www.imdb.com/name/nm0863787/,False
nm0864091,John Tintori,,,"[""editor"", ""camera_department"", ""writer""]","[""tt0119278"", ""tt0101748"", ""tt0095082"", ""tt0090096""]",https://www.imdb.com/name/nm0864091/,False
nm0864276,S. Tirru,,,"[""cinematographer"", ""camera_department"", ""producer""]","[""tt4981966"", ""tt1029231"", ""tt0995031"", ""tt1286811""]",https://www.imdb.com/name/nm0864276/,False
nm0864775,Johnnie To,1955,,"[""director"", ""producer"", ""writer""]","[""tt0796212"", ""tt0434008"", ""tt2165735"", ""tt0250638""]",https://www.imdb.com/name/nm0864775/,False
nm0864841,Ethan Tobman,1979,,"[""production_designer"", ""producer"", ""art_department""]","[""tt3170832"", ""tt1486834"", ""tt6264654"", ""tt0330813""]",https://www.imdb.com/name/nm0864841/,False
nm0865404,Predrag Todorovic,1940,,"[""cinematographer"", ""camera_department""]","[""tt0109354"", ""tt0411005"", ""tt0297247"", ""tt0283269""]",https://www.imdb.com/name/nm0865404/,False
nm0865647,Markku Toikka,1955,,"[""actor"", ""writer"", ""music_department""]","[""tt0086199"", ""tt0363363"", ""tt0141730"", ""tt0928090""]",https://www.imdb.com/name/nm0865647/,False
nm0865847,Peter Tolan,1958,,"[""writer"", ""producer"", ""director""]","[""tt0381798"", ""tt0103466"", ""tt0265029"", ""tt0122933""]",https://www.imdb.com/name/nm0865847/,False
nm0865858,Sindhu Tolani,,,"[""actress""]","[""tt0213890"", ""tt1285147"", ""tt2265381"", ""tt0460394""]",https://www.imdb.com/name/nm0865858/,False
nm0866062,Michael Tolkin,1950,,"[""writer"", ""producer"", ""director""]","[""tt0105151"", ""tt0120647"", ""tt0264472"", ""tt6866266""]",https://www.imdb.com/name/nm0866062/,False
nm0866250,Igor Tolstunov,1957,,"[""producer"", ""miscellaneous""]","[""tt14536120"", ""tt0124207"", ""tt5317914"", ""tt2649128""]",https://www.imdb.com/name/nm0866250/,False
nm0866742,Sukehiro Tomita,1948,,"[""writer"", ""miscellaneous"", ""script_department""]","[""tt0087660"", ""tt0112221"", ""tt0278864"", ""tt0109277""]",https://www.imdb.com/name/nm0866742/,False
nm0867262,Stanley Tong,1960,,"[""producer"", ""stunts"", ""director""]","[""tt0113326"", ""tt0116704"", ""tt9695722"", ""tt0104558""]",https://www.imdb.com/name/nm0867262/,False
nm0867504,Tucker Tooley,,,"[""producer"", ""actor"", ""director""]","[""tt1259528"", ""tt1723121"", ""tt0964517"", ""tt1219289""]",https://www.imdb.com/name/nm0867504/,False
nm0867597,Jannick Top,,,"[""composer"", ""music_department"", ""soundtrack""]","[""tt0102930"", ""tt0270127"", ""tt2557952"", ""tt0084830""]",https://www.imdb.com/name/nm0867597/,False
nm0867768,Jenno Topping,,,"[""producer"", ""executive"", ""actress""]","[""tt2170593"", ""tt4846340"", ""tt1950186"", ""tt32268156""]",https://www.imdb.com/name/nm0867768/,False
nm0867792,Emil Topuzov,,,"[""cinematographer"", ""camera_department"", ""assistant_director""]","[""tt1764651"", ""tt0445946"", ""tt0471041"", ""tt1288403""]",https://www.imdb.com/name/nm0867792/,False
nm0868128,David Torn,1953,,"[""music_department"", ""composer"", ""miscellaneous""]","[""tt0183790"", ""tt0258463"", ""tt0229260"", ""tt0805564""]",https://www.imdb.com/name/nm0868128/,False
nm0869290,Erdal Tosun,1963,2016,"[""actor"", ""composer"", ""producer""]","[""tt0384116"", ""tt0476735"", ""tt0270053"", ""tt0470883""]",https://www.imdb.com/name/nm0869290/,False
nm0869379,Salvatore Totino,1964,,"[""cinematographer"", ""camera_department""]","[""tt2719848"", ""tt2250912"", ""tt12261776"", ""tt15326988""]",https://www.imdb.com/name/nm0869379/,False
nm0869649,Françoise Tourmen,,,"[""editor"", ""director"", ""writer""]","[""tt0344840"", ""tt1946269"", ""tt1549589"", ""tt3016266""]",https://www.imdb.com/name/nm0869649/,False
nm0869935,Harry Alan Towers,1920,2009,"[""producer"", ""writer"", ""production_manager""]","[""tt0095241"", ""tt0061670"", ""tt0295925"", ""tt0087055""]",https://www.imdb.com/name/nm0869935/,False
nm0870777,Sonya Sones Tramer,,,"[""editor""]","[""tt0097530""]",https://www.imdb.com/name/nm0870777/,False
nm0872689,Leopoldo Trieste,1917,2003,"[""actor"", ""writer"", ""assistant_director""]","[""tt0052584"", ""tt0069995"", ""tt0058564"", ""tt0095765""]",https://www.imdb.com/name/nm0872689/,False
nm0873560,Ernest Troost,1953,,"[""composer"", ""music_department"", ""actor""]","[""tt0100814"", ""tt0094961"", ""tt1309422"", ""tt1296549""]",https://www.imdb.com/name/nm0873560/,False
nm0874100,Guerdon Trueblood,1933,2021,"[""writer"", ""producer"", ""director""]","[""tt0085750"", ""tt0069840"", ""tt0069491"", ""tt0074026""]",https://www.imdb.com/name/nm0874100/,False
nm0874119,Paula Trueman,1897,1994,"[""actress"", ""soundtrack""]","[""tt0075029"", ""tt0064782"", ""tt0092890"", ""tt0086637""]",https://www.imdb.com/name/nm0874119/,False
nm0874261,Tammy Trull,1978,,"[""actress""]","[""tt0433387"", ""tt0277789"", ""tt0460651"", ""tt0367122""]",https://www.imdb.com/name/nm0874261/,False
nm0874351,Marcus Trumpp,1974,,"[""music_department"", ""composer"", ""soundtrack""]","[""tt1259014"", ""tt0411272"", ""tt0343818"", ""tt0370263""]",https://www.imdb.com/name/nm0874351/,False
nm0874984,Wai Wu Tsi,,,"[""editor""]","[""tt0083199""]",https://www.imdb.com/name/nm0874984/,False
nm0875590,Le Tuan,,,"[""actor"", ""director"", ""writer""]","[""tt0094602"", ""tt12699766"", ""tt0086508"", ""tt21856480""]",https://www.imdb.com/name/nm0875590/,False
nm0875710,Liz Tuccillo,1962,,"[""writer"", ""producer"", ""director""]","[""tt1292566"", ""tt3120054"", ""tt1001508"", ""tt36885662""]",https://www.imdb.com/name/nm0875710/,False
nm0875950,Meredith Tucker,,,"[""casting_director"", ""casting_department"", ""producer""]","[""tt13406094"", ""tt0979432"", ""tt7014006"", ""tt1226774""]",https://www.imdb.com/name/nm0875950/,False
nm0876138,Alan Tudyk,1971,,"[""actor"", ""producer"", ""writer""]","[""tt3748528"", ""tt0303461"", ""tt0343818"", ""tt0183790""]",https://www.imdb.com/name/nm0876138/,False
nm0876392,Barbara Tulliver,,,"[""editor"", ""editorial_department"", ""producer""]","[""tt0286106"", ""tt0360009"", ""tt1598642"", ""tt0252503""]",https://www.imdb.com/name/nm0876392/,False
nm0876602,Barbie Tung,,,"[""producer"", ""production_manager""]","[""tt0127357"", ""tt0113326"", ""tt0116704"", ""tt0386005""]",https://www.imdb.com/name/nm0876602/,False
nm0876700,William H. Tuntke,1906,1997,"[""art_director"", ""production_designer""]","[""tt0066769"", ""tt0058331"", ""tt0083488"", ""tt0046593""]",https://www.imdb.com/name/nm0876700/,False
nm0877048,Özkan Turgay,1958,,"[""composer""]","[""tt4458206"", ""tt0098573"", ""tt1279180"", ""tt0492360""]",https://www.imdb.com/name/nm0877048/,False
nm0877274,Lawrence Turman,1926,2023,"[""producer"", ""miscellaneous"", ""director""]","[""tt0061722"", ""tt0084787"", ""tt0110997"", ""tt0091949""]",https://www.imdb.com/name/nm0877274/,False
nm0877879,Stu Turner,,,"[""actor"", ""casting_department"", ""casting_director""]","[""tt4698684"", ""tt12809988"", ""tt6728096"", ""tt4566758""]",https://www.imdb.com/name/nm0877879/,False
nm0879186,Richard Tyson,1961,,"[""actor"", ""producer"", ""director""]","[""tt0099938"", ""tt0094138"", ""tt0265086"", ""tt0096324""]",https://www.imdb.com/name/nm0879186/,False
nm0879534,Sara Törnkvist,1970,,"[""casting_director"", ""casting_department"", ""assistant_director""]","[""tt5501104"", ""tt2106476"", ""tt1276419"", ""tt14854526""]",https://www.imdb.com/name/nm0879534/,False
nm0879828,Linda Udd,,,"[""actress""]","[""tt0174336""]",https://www.imdb.com/name/nm0879828/,False
nm0879960,Ekachai Uekrongtham,,,"[""director"", ""writer"", ""producer""]","[""tt0401248"", ""tt8824648"", ""tt31158582"", ""tt9310400""]",https://www.imdb.com/name/nm0879960/,False
nm0880036,Harry J. Ufland,1936,2018,"[""producer"", ""production_department"", ""actor""]","[""tt1931435"", ""tt0250224"", ""tt0095497"", ""tt0085794""]",https://www.imdb.com/name/nm0880036/,False
nm0880040,Mary Jane Ufland,,,"[""producer"", ""executive""]","[""tt0250224"", ""tt0102555"", ""tt0109838"", ""tt1274594""]",https://www.imdb.com/name/nm0880040/,False
nm0880387,Anthony Ulc,1960,,"[""actor"", ""art_department"", ""miscellaneous""]","[""tt1396484"", ""tt0118480"", ""tt2314886"", ""tt3465074""]",https://www.imdb.com/name/nm0880387/,False
nm0880839,Shigeru Umebayashi,1951,,"[""composer"", ""music_department"", ""actor""]","[""tt0212712"", ""tt1462900"", ""tt1315981"", ""tt0385004""]",https://www.imdb.com/name/nm0880839/,False
nm0881728,Brian Urbina,,,"[""miscellaneous"", ""art_director"", ""art_department""]","[""tt0425063"", ""tt6988366"", ""tt1821156"", ""tt0435669""]",https://www.imdb.com/name/nm0881728/,False
nm0882119,Suresh Urs,,,"[""editor""]","[""tt0112553"", ""tt14445892"", ""tt0164538"", ""tt0449951""]",https://www.imdb.com/name/nm0882119/,False
nm0882219,Urvashi,,,"[""actress"", ""writer"", ""producer""]","[""tt10189514"", ""tt32537777"", ""tt0264820"", ""tt1496872""]",https://www.imdb.com/name/nm0882219/,False
nm0882853,Brenda Vaccaro,1939,,"[""actress"", ""camera_department"", ""archive_footage""]","[""tt0077294"", ""tt0064665"", ""tt0083366"", ""tt0088206""]",https://www.imdb.com/name/nm0882853/,False
nm0883007,Christian Vadim,1963,,"[""actor"", ""miscellaneous"", ""archive_footage""]","[""tt0167673"", ""tt0377073"", ""tt0118572"", ""tt0463283""]",https://www.imdb.com/name/nm0883007/,False
nm0883603,David Valdes,1950,,"[""producer"", ""assistant_director"", ""production_manager""]","[""tt0105695"", ""tt0316356"", ""tt1037705"", ""tt0120689""]",https://www.imdb.com/name/nm0883603/,False
nm0885673,Menno Van Beekum,1955,,"[""actor""]","[""tt0389557"", ""tt0281371"", ""tt0429364"", ""tt3620418""]",https://www.imdb.com/name/nm0885673/,False
nm0885894,Gale Van Cott,,,"[""actress""]","[""tt0119357"", ""tt0114142"", ""tt0245115"", ""tt1624996""]",https://www.imdb.com/name/nm0885894/,False
nm0885992,Matthijs van de Sande Bakhuyzen,1988,,"[""actor""]","[""tt3620418"", ""tt4845026"", ""tt3437956"", ""tt1071201""]",https://www.imdb.com/name/nm0885992/,False
nm0886156,Andrew van den Houten,1979,,"[""director"", ""producer"", ""actor""]","[""tt14412366"", ""tt27846110"", ""tt8747160"", ""tt2527186""]",https://www.imdb.com/name/nm0886156/,False
nm0887144,Brian Van Holt,,,"[""actor"", ""director""]","[""tt11280716"", ""tt1259528"", ""tt1441109"", ""tt0265086""]",https://www.imdb.com/name/nm0887144/,False
nm0887174,Buddy Van Horn,1928,2021,"[""stunts"", ""actor"", ""assistant_director""]","[""tt0068699"", ""tt0094963"", ""tt0114069"", ""tt0327056""]",https://www.imdb.com/name/nm0887174/,False
nm0887227,Hoyte van Hoytema,1971,,"[""cinematographer"", ""camera_department"", ""composer""]","[""tt6723592"", ""tt10954984"", ""tt0816692"", ""tt5013056""]",https://www.imdb.com/name/nm0887227/,False
nm0888991,Naython Vane,,,"[""art_director"", ""art_department"", ""production_designer""]","[""tt1767354"", ""tt1470023"", ""tt0406759"", ""tt8755226""]",https://www.imdb.com/name/nm0888991/,False
nm0889090,Kevin VanHentenryck,1953,,"[""actor"", ""archive_footage""]","[""tt0083624"", ""tt0103773"", ""tt0099108"", ""tt0094793""]",https://www.imdb.com/name/nm0889090/,False
nm0890055,Indira Varma,1973,,"[""actress"", ""producer"", ""archive_footage""]","[""tt18831118"", ""tt8430356"", ""tt8466564"", ""tt0944947""]",https://www.imdb.com/name/nm0890055/,False
nm0891092,Peter Vaughan,1923,2016,"[""actor"", ""soundtrack"", ""archive_footage""]","[""tt0067800"", ""tt0088846"", ""tt0795368"", ""tt0081633""]",https://www.imdb.com/name/nm0891092/,False
nm0891216,Matthew Vaughn,1971,,"[""producer"", ""director"", ""writer""]","[""tt1250777"", ""tt1270798"", ""tt0486655"", ""tt2802144""]",https://www.imdb.com/name/nm0891216/,False
nm0891786,Alexa PenaVega,1988,,"[""actress"", ""music_department"", ""producer""]","[""tt0287717"", ""tt0227538"", ""tt0338459"", ""tt0893412""]",https://www.imdb.com/name/nm0891786/,False
nm0892551,Vlasta Velisavljevic,1926,2021,"[""actor""]","[""tt8490744"", ""tt0090399"", ""tt14895146"", ""tt0181049""]",https://www.imdb.com/name/nm0892551/,False
nm0892799,Diego Velázquez,,,"[""actor"", ""miscellaneous""]","[""tt3011894"", ""tt13140122"", ""tt5623224"", ""tt10380766""]",https://www.imdb.com/name/nm0892799/,False
nm0893120,Lenny Venito,1969,,"[""actor"", ""director"", ""writer""]","[""tt2241351"", ""tt1341188"", ""tt0299930"", ""tt0407304""]",https://www.imdb.com/name/nm0893120/,False
nm0893128,Kona Venkat,1965,,"[""writer"", ""producer"", ""director""]","[""tt5690142"", ""tt5159422"", ""tt0195231"", ""tt8484586""]",https://www.imdb.com/name/nm0893128/,False
nm0893142,Venkatesh Daggubati,1960,,"[""actor"", ""music_department"", ""soundtrack""]","[""tt0491772"", ""tt0907618"", ""tt6010240"", ""tt1575576""]",https://www.imdb.com/name/nm0893142/,False
nm0893257,Milo Ventimiglia,1977,,"[""actor"", ""producer"", ""director""]","[""tt0813715"", ""tt1034032"", ""tt5555260"", ""tt0964539""]",https://www.imdb.com/name/nm0893257/,False
nm0893449,Nedumudi Venu,1948,2021,"[""actor"", ""writer"", ""music_department""]","[""tt0376127"", ""tt5082014"", ""tt0155929"", ""tt0237038""]",https://www.imdb.com/name/nm0893449/,False
nm0893659,Gore Verbinski,1964,,"[""director"", ""producer"", ""writer""]","[""tt1192628"", ""tt0325980"", ""tt1341338"", ""tt4731136""]",https://www.imdb.com/name/nm0893659/,False
nm0893845,Julia Verdin,,,"[""producer"", ""actress"", ""director""]","[""tt0379889"", ""tt1799585"", ""tt17050802"", ""tt21815334""]",https://www.imdb.com/name/nm0893845/,False
nm0894173,Sylvie Verheyde,1964,,"[""writer"", ""director"", ""actress""]","[""tt1174047"", ""tt0120405"", ""tt4786538"", ""tt1865335""]",https://www.imdb.com/name/nm0894173/,False
nm0894350,Sanjay Verma,,2023,"[""editor"", ""production_department""]","[""tt0254481"", ""tt0234000"", ""tt0113526"", ""tt0151206""]",https://www.imdb.com/name/nm0894350/,False
nm0894611,Mary Vernieu,1963,,"[""casting_director"", ""casting_department"", ""producer""]","[""tt8946378"", ""tt11564570"", ""tt9620292"", ""tt1276104""]",https://www.imdb.com/name/nm0894611/,False
nm0894683,James M. Vernon,,,"[""producer"", ""writer"", ""executive""]","[""tt2397535"", ""tt2119532"", ""tt0437379"", ""tt0125664""]",https://www.imdb.com/name/nm0894683/,False
nm0895583,Montse Viader,,,"[""actress""]","[""tt0123816"", ""tt0174336"", ""tt0159206"", ""tt0137314""]",https://www.imdb.com/name/nm0895583/,False
nm0896573,Ashish Vidyarthi,1962,,"[""actor"", ""miscellaneous"", ""archive_footage""]","[""tt3390572"", ""tt2792284"", ""tt3479530"", ""tt0178392""]",https://www.imdb.com/name/nm0896573/,False
nm0896697,Susana Vieira,1942,,"[""actress"", ""soundtrack"", ""archive_footage""]","[""tt0420449"", ""tt6720734"", ""tt1124063"", ""tt0138254""]",https://www.imdb.com/name/nm0896697/,False
nm0897168,Heikki Vihinen,1964,,"[""writer"", ""actor"", ""miscellaneous""]","[""tt0115246"", ""tt1067580"", ""tt0109744"", ""tt2088974""]",https://www.imdb.com/name/nm0897168/,False
nm0897201,Joseph Vijay,1974,,"[""actor"", ""music_department"", ""producer""]","[""tt6485666"", ""tt2187153"", ""tt10579952"", ""tt11998558""]",https://www.imdb.com/name/nm0897201/,False
nm0897400,Tracy Vilar,,,"[""actress"", ""casting_department"", ""casting_director""]","[""tt31938062"", ""tt11337908"", ""tt2248977"", ""tt0412142""]",https://www.imdb.com/name/nm0897400/,False
nm0898653,Hélène Vincent,1943,,"[""actress"", ""soundtrack""]","[""tt0108394"", ""tt0096386"", ""tt0102136"", ""tt8655470""]",https://www.imdb.com/name/nm0898653/,False
nm0899476,Ville Virtanen,1961,,"[""actor"", ""director"", ""writer""]","[""tt1124394"", ""tt1380174"", ""tt0472501"", ""tt4937942""]",https://www.imdb.com/name/nm0899476/,False
nm0899489,Sofía Viruboff,,,"[""actress""]","[""tt0137291"", ""tt0092553"", ""tt0145480"", ""tt0896923""]",https://www.imdb.com/name/nm0899489/,False
nm0899958,Joseph Vitarelli,,,"[""composer"", ""music_department"", ""soundtrack""]","[""tt0110912"", ""tt0110308"", ""tt0472027"", ""tt0403795""]",https://www.imdb.com/name/nm0899958/,False
nm0900067,F.X. Vitolo,1958,,"[""actor"", ""producer"", ""miscellaneous""]","[""tt2184233"", ""tt1176252"", ""tt0972374"", ""tt0928188""]",https://www.imdb.com/name/nm0900067/,False
nm0900116,Mathilde Vitry,,,"[""actress""]","[""tt0113247"", ""tt5657028"", ""tt37422718"", ""tt0113947""]",https://www.imdb.com/name/nm0900116/,False
nm0900266,Vivek,1961,2021,"[""actor""]","[""tt0376127"", ""tt0479751"", ""tt0331621"", ""tt3822396""]",https://www.imdb.com/name/nm0900266/,False
nm0900516,Radoslav Vladic,1952,,"[""cinematographer"", ""camera_department"", ""director""]","[""tt0996982"", ""tt0174053"", ""tt0118011"", ""tt0382557""]",https://www.imdb.com/name/nm0900516/,False
nm0900710,Bram van der Vlugt,1934,2020,"[""actor"", ""writer"", ""soundtrack""]","[""tt0094509"", ""tt0115407"", ""tt0181241"", ""tt0149468""]",https://www.imdb.com/name/nm0900710/,False
nm0901822,Jeanette Volturno,,,"[""producer"", ""miscellaneous"", ""visual_effects""]","[""tt1392170"", ""tt1051906"", ""tt6133466"", ""tt0120738""]",https://www.imdb.com/name/nm0901822/,False
nm0903423,Neeraj Vora,1963,2017,"[""actor"", ""writer"", ""director""]","[""tt0242519"", ""tt0495034"", ""tt0995031"", ""tt1728986""]",https://www.imdb.com/name/nm0903423/,False
nm0903838,Alexander Voulgaris,1981,,"[""composer"", ""actor"", ""director""]","[""tt0976212"", ""tt9140598"", ""tt6250500"", ""tt0359535""]",https://www.imdb.com/name/nm0903838/,False
nm0903964,Michel Voïta,1957,,"[""actor"", ""archive_footage""]","[""tt0101303"", ""tt0250151"", ""tt0104507"", ""tt0996668""]",https://www.imdb.com/name/nm0903964/,False
nm0904016,Dejan Vrazalic,,,"[""producer"", ""writer"", ""director""]","[""tt9159104"", ""tt3757710"", ""tt0283269"", ""tt9167886""]",https://www.imdb.com/name/nm0904016/,False
nm0904354,Ljiljana-Lana Vukobratovic,1954,,"[""editor"", ""editorial_department"", ""sound_department""]","[""tt0076276"", ""tt0084302"", ""tt0248640"", ""tt0087123""]",https://www.imdb.com/name/nm0904354/,False
nm0904967,Luna Lauren Velez,1964,,"[""actress"", ""producer"", ""director""]","[""tt9362722"", ""tt0773262"", ""tt0125209"", ""tt0118421""]",https://www.imdb.com/name/nm0904967/,False
nm0904988,Aurélie Vérillon,,,"[""actress""]","[""tt0117359"", ""tt0485241"", ""tt0103790"", ""tt32228145""]",https://www.imdb.com/name/nm0904988/,False
nm0905343,Andrucha Waddington,1970,,"[""director"", ""producer"", ""writer""]","[""tt7216954"", ""tt0373747"", ""tt0244504"", ""tt0235449""]",https://www.imdb.com/name/nm0905343/,False
nm0905554,Julian Wadham,1958,,"[""actor"", ""archive_footage""]","[""tt0116209"", ""tt0110428"", ""tt0455957"", ""tt0892899""]",https://www.imdb.com/name/nm0905554/,False
nm0905592,Jeff Wadlow,,,"[""producer"", ""director"", ""writer""]","[""tt6772950"", ""tt1542768"", ""tt1650554"", ""tt2188671""]",https://www.imdb.com/name/nm0905592/,False
nm0905603,Tracey Wadmore-Smith,,,"[""editor"", ""editorial_department"", ""producer""]","[""tt0770752"", ""tt0235737"", ""tt1878870"", ""tt0316356""]",https://www.imdb.com/name/nm0905603/,False
nm0905619,Don Wadsworth,,,"[""miscellaneous"", ""actor""]","[""tt1291584"", ""tt0898367"", ""tt0477080"", ""tt1091722""]",https://www.imdb.com/name/nm0905619/,False
nm0905777,Agnieszka Wagner,1970,,"[""actress""]","[""tt0108052"", ""tt1927077"", ""tt0282108"", ""tt0377100""]",https://www.imdb.com/name/nm0905777/,False
nm0905833,Christian Wagner,,,"[""editor"", ""editorial_department"", ""actor""]","[""tt0108399"", ""tt0328107"", ""tt6334354"", ""tt0119094""]",https://www.imdb.com/name/nm0905833/,False
nm0906339,Heather Wahlquist,1975,,"[""actress"", ""writer""]","[""tt0251160"", ""tt1078588"", ""tt0426883"", ""tt1588898""]",https://www.imdb.com/name/nm0906339/,False
nm0906413,Ka-Fai Wai,1962,,"[""producer"", ""writer"", ""director""]","[""tt0374184"", ""tt0969269"", ""tt10283270"", ""tt0120541""]",https://www.imdb.com/name/nm0906413/,False
nm0906617,Liam Waite,1971,,"[""actor"", ""archive_footage""]","[""tt0228333"", ""tt0292515"", ""tt0159396"", ""tt0370356""]",https://www.imdb.com/name/nm0906617/,False
nm0906640,Thomas G. Waites,1955,,"[""actor"", ""director"", ""producer""]","[""tt0084787"", ""tt0078718"", ""tt0100685"", ""tt0113845""]",https://www.imdb.com/name/nm0906640/,False
nm0906722,Wakana Yamazaki,1965,2026,"[""actress"", ""archive_sound""]","[""tt0131179"", ""tt0182632"", ""tt1068773"", ""tt0923811""]",https://www.imdb.com/name/nm0906722/,False
nm0907804,Isabelle Walker,,,"[""actress""]","[""tt0089886"", ""tt0088478"", ""tt0095047"", ""tt0088634""]",https://www.imdb.com/name/nm0907804/,False
nm0907970,Lesley Walker,1945,2025,"[""editor"", ""editorial_department""]","[""tt0795421"", ""tt0410764"", ""tt0355295"", ""tt0116191""]",https://www.imdb.com/name/nm0907970/,False
nm0908420,Jean-Paul Wall,1964,,"[""composer"", ""music_department"", ""producer""]","[""tt5616294"", ""tt7703070"", ""tt15452062"", ""tt1426361""]",https://www.imdb.com/name/nm0908420/,False
nm0908436,Jordan Wall,,,"[""actor"", ""director"", ""producer""]","[""tt1552112"", ""tt1582453"", ""tt1747924""]",https://www.imdb.com/name/nm0908436/,False
nm0910241,Happy Walters,,,"[""music_department"", ""producer"", ""actor""]","[""tt0964517"", ""tt0989757"", ""tt0267804"", ""tt0271027""]",https://www.imdb.com/name/nm0910241/,False
nm0910996,Nathan Wang,1956,,"[""composer"", ""music_department"", ""producer""]","[""tt0492956"", ""tt9134216"", ""tt7752454"", ""tt4217392""]",https://www.imdb.com/name/nm0910996/,False
nm0911042,Toon Wang,1942,,"[""art_director"", ""director"", ""producer""]","[""tt0108602"", ""tt0342176"", ""tt0116558"", ""tt0092829""]",https://www.imdb.com/name/nm0911042/,False
nm0911094,Yu Wang,,,"[""cinematographer"", ""camera_department"", ""director""]","[""tt6979756"", ""tt3696086"", ""tt0439885"", ""tt0234837""]",https://www.imdb.com/name/nm0911094/,False
nm0911517,Edmund Ward,1928,1993,"[""writer"", ""producer""]","[""tt0159195"", ""tt0078707"", ""tt0093771"", ""tt0075469""]",https://www.imdb.com/name/nm0911517/,False
nm0911910,Vincent Ward,1956,,"[""director"", ""writer"", ""actor""]","[""tt0095709"", ""tt0103644"", ""tt0104812"", ""tt0088355""]",https://www.imdb.com/name/nm0911910/,False
nm0911979,Frederick Wardell,,,"[""editorial_department"", ""editor"", ""miscellaneous""]","[""tt0096256"", ""tt0800080"", ""tt0216216"", ""tt0227538""]",https://www.imdb.com/name/nm0911979/,False
nm0912046,Michael Wardle,,,"[""actor""]","[""tt0094336"", ""tt0269157"", ""tt0108919"", ""tt0154094""]",https://www.imdb.com/name/nm0912046/,False
nm0912334,Alex van Warmerdam,1952,,"[""actor"", ""writer"", ""director""]","[""tt0476681"", ""tt1954315"", ""tt0105019"", ""tt0116729""]",https://www.imdb.com/name/nm0912334/,False
nm0912337,Marc van Warmerdam,,,"[""producer"", ""actor"", ""assistant_director""]","[""tt1954315"", ""tt8282042"", ""tt3430416"", ""tt0365289""]",https://www.imdb.com/name/nm0912337/,False
nm0913052,Ted Warren,,,"[""casting_director"", ""casting_department""]","[""tt0758762"", ""tt0112867"", ""tt0094998"", ""tt0109545""]",https://www.imdb.com/name/nm0913052/,False
nm0913149,Edward Warschilka,1928,2004,"[""editor"", ""editorial_department"", ""sound_department""]","[""tt0091225"", ""tt0095956"", ""tt0067185"", ""tt0088128""]",https://www.imdb.com/name/nm0913149/,False
nm0913150,Paul C. Warschilka,1960,,"[""editorial_department"", ""sound_department"", ""editor""]","[""tt0253754"", ""tt0114898"", ""tt0228333"", ""tt0309377""]",https://www.imdb.com/name/nm0913150/,False
nm0913797,Gedde Watanabe,1955,,"[""actor"", ""miscellaneous"", ""director""]","[""tt0098546"", ""tt0088128"", ""tt1047540"", ""tt0091159""]",https://www.imdb.com/name/nm0913797/,False
nm0914223,Myk Watford,1971,,"[""actor"", ""soundtrack"", ""writer""]","[""tt7772588"", ""tt2452150"", ""tt0892109"", ""tt0477348""]",https://www.imdb.com/name/nm0914223/,False
nm0914291,Dominic Watkins,,,"[""production_designer"", ""art_department"", ""art_director""]","[""tt26743210"", ""tt6673612"", ""tt7737528"", ""tt0475276""]",https://www.imdb.com/name/nm0914291/,False
nm0915918,Matt Weaver,,,"[""producer"", ""miscellaneous"", ""soundtrack""]","[""tt1336608"", ""tt1723121"", ""tt0408839"", ""tt1403177""]",https://www.imdb.com/name/nm0915918/,False
nm0916050,Chloe Webb,1956,,"[""actress"", ""soundtrack"", ""archive_footage""]","[""tt0091954"", ""tt0120791"", ""tt0096320"", ""tt0106148""]",https://www.imdb.com/name/nm0916050/,False
nm0916617,Jake Weber,1963,,"[""actor"", ""director"", ""writer""]","[""tt0363547"", ""tt0119643"", ""tt0412175"", ""tt0141926""]",https://www.imdb.com/name/nm0916617/,False
nm0916871,Derek Webster,,,"[""actor""]","[""tt0120685"", ""tt0116629"", ""tt0111282"", ""tt3560084""]",https://www.imdb.com/name/nm0916871/,False
nm0917208,Craig Wedren,,,"[""composer"", ""music_department"", ""actor""]","[""tt0332379"", ""tt11041332"", ""tt2400463"", ""tt0359950""]",https://www.imdb.com/name/nm0917208/,False
nm0917942,Dan Weil,,,"[""production_designer"", ""art_director"", ""art_department""]","[""tt0119116"", ""tt0258463"", ""tt0100263"", ""tt0365737""]",https://www.imdb.com/name/nm0917942/,False
nm0918463,Paula Weinstein,1945,2024,"[""producer"", ""executive"", ""legal""]","[""tt0177971"", ""tt0450259"", ""tt0219965"", ""tt0107151""]",https://www.imdb.com/name/nm0918463/,False
nm0919173,Stacy Chariton,,,"[""writer"", ""actress"", ""producer""]","[""tt0175129"", ""tt2055765"", ""tt0438445"", ""tt0275437""]",https://www.imdb.com/name/nm0919173/,False
nm0919311,Paul Weissman,,,"[""actor"", ""archive_footage""]","[""tt28607951"", ""tt0475272"", ""tt0114824"", ""tt3118442""]",https://www.imdb.com/name/nm0919311/,False
nm0919328,Gary Weist,,,"[""production_designer"", ""art_director"", ""special_effects""]","[""tt0080661"", ""tt0070698"", ""tt0067141"", ""tt0108907""]",https://www.imdb.com/name/nm0919328/,False
nm0919363,Chris Weitz,1969,,"[""producer"", ""writer"", ""miscellaneous""]","[""tt30444310"", ""tt0276751"", ""tt0356910"", ""tt0385752""]",https://www.imdb.com/name/nm0919363/,False
nm0920382,Randi Wells,,,"[""casting_director"", ""casting_department"", ""location_management""]","[""tt1588173"", ""tt1877832"", ""tt0319262"", ""tt5834426""]",https://www.imdb.com/name/nm0920382/,False
nm0920460,Vernon Wells,1945,,"[""actor"", ""producer"", ""director""]","[""tt0082694"", ""tt0088944"", ""tt0090305"", ""tt0093260""]",https://www.imdb.com/name/nm0920460/,False
nm0921031,Christian Wennberg,1974,,"[""actor""]","[""tt0439100"", ""tt5191110"", ""tt3887812"", ""tt9140604""]",https://www.imdb.com/name/nm0921031/,False
nm0921135,Rick Wentworth,,,"[""composer"", ""music_department"", ""producer""]","[""tt0988045"", ""tt2395427"", ""tt1458175"", ""tt1409024""]",https://www.imdb.com/name/nm0921135/,False
nm0921202,Fritz Wepper,1941,2024,"[""actor"", ""miscellaneous"", ""soundtrack""]","[""tt0068327"", ""tt0063920"", ""tt0305132"", ""tt0070981""]",https://www.imdb.com/name/nm0921202/,False
nm0922342,Shane West,1978,,"[""actor"", ""producer"", ""soundtrack""]","[""tt0281358"", ""tt0311429"", ""tt0384683"", ""tt0219653""]",https://www.imdb.com/name/nm0922342/,False
nm0922359,Tegan West,1959,,"[""actor"", ""writer""]","[""tt0402901"", ""tt0093137"", ""tt0122247"", ""tt0074074""]",https://www.imdb.com/name/nm0922359/,False
nm0922709,Dirk Westervelt,,,"[""editor"", ""editorial_department"", ""producer""]","[""tt3315342"", ""tt1950186"", ""tt5463162"", ""tt11389872""]",https://www.imdb.com/name/nm0922709/,False
nm0922927,Celia Weston,1947,,"[""actress"", ""soundtrack""]","[""tt1013743"", ""tt0120533"", ""tt0286716"", ""tt1197628""]",https://www.imdb.com/name/nm0922927/,False
nm0923529,Justin Whalin,1974,,"[""actor"", ""archive_footage""]","[""tt0103956"", ""tt0190374"", ""tt0111127"", ""tt1161064""]",https://www.imdb.com/name/nm0923529/,False
nm0923668,Blane Wheatley,1963,,"[""actor""]","[""tt2077828"", ""tt0439709"", ""tt0096344"", ""tt0353674""]",https://www.imdb.com/name/nm0923668/,False
nm0923736,Joss Whedon,1964,,"[""producer"", ""writer"", ""director""]","[""tt0118276"", ""tt0848228"", ""tt1259521"", ""tt0162065""]",https://www.imdb.com/name/nm0923736/,False
nm0924275,James Whitaker,1970,,"[""cinematographer"", ""camera_department"", ""director""]","[""tt1341338"", ""tt34385331"", ""tt0427944"", ""tt4687882""]",https://www.imdb.com/name/nm0924275/,False
nm0924385,Alison Whiteacre,,,"[""music_department"", ""composer"", ""soundtrack""]","[""tt1441912"", ""tt0233481"", ""tt0960890"", ""tt0488962""]",https://www.imdb.com/name/nm0924385/,False
nm0925234,Mike White,1970,,"[""writer"", ""producer"", ""actor""]","[""tt0332379"", ""tt0200530"", ""tt0279113"", ""tt13406094""]",https://www.imdb.com/name/nm0925234/,False
nm0925943,Mitchell Whitfield,1964,,"[""actor"", ""soundtrack"", ""archive_footage""]","[""tt0104952"", ""tt3604232"", ""tt0453556"", ""tt1038098""]",https://www.imdb.com/name/nm0925943/,False
nm0926114,Jill Whitlow,1963,,"[""actress"", ""writer"", ""soundtrack""]","[""tt0090305"", ""tt0091630"", ""tt0089560"", ""tt0084522""]",https://www.imdb.com/name/nm0926114/,False
nm0926824,Douglas Wick,,,"[""producer"", ""writer"", ""miscellaneous""]","[""tt0172495"", ""tt9218128"", ""tt1343092"", ""tt1840309""]",https://www.imdb.com/name/nm0926824/,False
nm0927341,Chrisnanne Wiegel,1955,,"[""composer"", ""music_department"", ""sound_department""]","[""tt3089778"", ""tt1286784"", ""tt10795304"", ""tt0828594""]",https://www.imdb.com/name/nm0927341/,False
nm0929489,Tom Wilkinson,1948,2023,"[""actor"", ""soundtrack"", ""archive_footage""]","[""tt0465538"", ""tt0247425"", ""tt0338013"", ""tt0119164""]",https://www.imdb.com/name/nm0929489/,False
nm0929571,Stefan Will,,,"[""composer"", ""music_department"", ""writer""]","[""tt2764784"", ""tt8667956"", ""tt14859416"", ""tt5754602""]",https://www.imdb.com/name/nm0929571/,False
nm0930724,Hal Williams,1934,2026,"[""actor"", ""archive_footage""]","[""tt0372237"", ""tt0081375"", ""tt1907668"", ""tt0088470""]",https://www.imdb.com/name/nm0930724/,False
nm0931105,Lance C. Williams,,,"[""producer"", ""writer"", ""director""]","[""tt9319276"", ""tt0105643"", ""tt0380905"", ""tt2232526""]",https://www.imdb.com/name/nm0931105/,False
nm0931324,Michael Kenneth Williams,1966,2021,"[""actor"", ""producer"", ""miscellaneous""]","[""tt0306414"", ""tt2024544"", ""tt0979432"", ""tt2094766""]",https://www.imdb.com/name/nm0931324/,False
nm0931899,Wade Hunt Williams,,,"[""actor"", ""producer""]","[""tt8637336"", ""tt1951095"", ""tt0256278"", ""tt15196410""]",https://www.imdb.com/name/nm0931899/,False
nm0932074,Kate Williamson,1931,2013,"[""actress""]","[""tt0109635"", ""tt0285728"", ""tt0109665"", ""tt0112022""]",https://www.imdb.com/name/nm0932074/,False
nm0933128,Caleb Wilson,,,"[""writer"", ""miscellaneous"", ""producer""]","[""tt0369436"", ""tt4383594"", ""tt1596346"", ""tt8306172""]",https://www.imdb.com/name/nm0933128/,False
nm0933213,Colin Wilson,,,"[""producer"", ""production_manager"", ""editorial_department""]","[""tt0118607"", ""tt0119567"", ""tt5390504"", ""tt0408306""]",https://www.imdb.com/name/nm0933213/,False
nm0933310,Don Wilson,1954,,"[""actor"", ""producer"", ""stunts""]","[""tt0112462"", ""tt0758762"", ""tt0107962"", ""tt0102793""]",https://www.imdb.com/name/nm0933310/,False
nm0933361,Elizabeth Wilson,1921,2015,"[""actress"", ""archive_footage""]","[""tt0061722"", ""tt0080319"", ""tt0101272"", ""tt0110932""]",https://www.imdb.com/name/nm0933361/,False
nm0934008,Reno Wilson,,,"[""actor"", ""producer"", ""soundtrack""]","[""tt1608180"", ""tt6474378"", ""tt32252772""]",https://www.imdb.com/name/nm0934008/,False
nm0934483,Kurt Wimmer,1964,,"[""writer"", ""producer"", ""director""]","[""tt0238380"", ""tt3291150"", ""tt1386703"", ""tt2058673""]",https://www.imdb.com/name/nm0934483/,False
nm0935060,David Wingo,,,"[""composer"", ""music_department"", ""actor""]","[""tt2649554"", ""tt1675192"", ""tt12921446"", ""tt1240982""]",https://www.imdb.com/name/nm0935060/,False
nm0935653,Ray Winstone,1957,,"[""actor"", ""producer"", ""soundtrack""]","[""tt0407887"", ""tt0442933"", ""tt0203119"", ""tt0159365""]",https://www.imdb.com/name/nm0935653/,False
nm0936151,Alexander Wipprecht,1976,,"[""actor"", ""director"", ""writer""]","[""tt3432792"", ""tt26935046"", ""tt0203632"", ""tt14917354""]",https://www.imdb.com/name/nm0936151/,False
nm0936482,Len Wiseman,1973,,"[""producer"", ""writer"", ""director""]","[""tt0320691"", ""tt1386703"", ""tt0401855"", ""tt3717252""]",https://www.imdb.com/name/nm0936482/,False
nm0936970,Brian Witten,,,"[""producer"", ""miscellaneous"", ""actor""]","[""tt0775440"", ""tt0119707"", ""tt1046173"", ""tt0118929""]",https://www.imdb.com/name/nm0936970/,False
nm0937186,Johanna Comella,,,"[""production_designer"", ""set_decorator"", ""miscellaneous""]","[""tt20833168"", ""tt15381144"", ""tt5372890"", ""tt13316790""]",https://www.imdb.com/name/nm0937186/,False
nm0937321,Jay Woelfel,1962,,"[""composer"", ""editor"", ""writer""]","[""tt0130035"", ""tt1298643"", ""tt31219366"", ""tt2196848""]",https://www.imdb.com/name/nm0937321/,False
nm0937714,Dany Wolf,,,"[""producer"", ""production_manager"", ""assistant_director""]","[""tt10514222"", ""tt0181536"", ""tt2109248"", ""tt1212450""]",https://www.imdb.com/name/nm0937714/,False
nm0937793,Jasper Wolf,,,"[""cinematographer"", ""camera_department"", ""writer""]","[""tt6062774"", ""tt8386898"", ""tt1843880"", ""tt9121616""]",https://www.imdb.com/name/nm0937793/,False
nm0937800,Jeffrey Wolf,,,"[""editor"", ""director"", ""editorial_department""]","[""tt1920849"", ""tt0311289"", ""tt0115639"", ""tt0123964""]",https://www.imdb.com/name/nm0937800/,False
nm0938276,Larry Wolff,,,"[""composer"", ""music_department"", ""soundtrack""]","[""tt0119088"", ""tt0111191"", ""tt0144910"", ""tt0114780""]",https://www.imdb.com/name/nm0938276/,False
nm0938893,Anthony Chau-Sang Wong,1961,,"[""actor"", ""director"", ""writer""]","[""tt0338564"", ""tt0104684"", ""tt0439630"", ""tt0103743""]",https://www.imdb.com/name/nm0938893/,False
nm0938939,Arthur Wong,,,"[""cinematographer"", ""actor"", ""producer""]","[""tt0913968"", ""tt0226693"", ""tt1403130"", ""tt0370032""]",https://www.imdb.com/name/nm0938939/,False
nm0938944,Barry Wong,1946,1992,"[""writer"", ""actor"", ""miscellaneous""]","[""tt0104684"", ""tt0097202"", ""tt0103045"", ""tt0089371""]",https://www.imdb.com/name/nm0938944/,False
nm0938967,Cacine Wong,,,"[""composer"", ""soundtrack""]","[""tt0113292"", ""tt0120541"", ""tt0319901"", ""tt0374184""]",https://www.imdb.com/name/nm0938967/,False
nm0939059,Felix Wong,1961,,"[""actor""]","[""tt0111512"", ""tt0274839"", ""tt1329454"", ""tt0843174""]",https://www.imdb.com/name/nm0939059/,False
nm0939147,Jing Wong,1955,,"[""producer"", ""writer"", ""director""]","[""tt0489067"", ""tt3444184"", ""tt0885507"", ""tt0241222""]",https://www.imdb.com/name/nm0939147/,False
nm0939153,Joey Wang,1967,,"[""actress"", ""animation_department"", ""archive_footage""]","[""tt0093978"", ""tt0106559"", ""tt0102932"", ""tt0097244""]",https://www.imdb.com/name/nm0939153/,False
nm0939182,Wong Kar-Wai,1958,,"[""director"", ""producer"", ""writer""]","[""tt1462900"", ""tt0212712"", ""tt0118694"", ""tt0109424""]",https://www.imdb.com/name/nm0939182/,False
nm0939623,Craig Wood,,,"[""editor"", ""editorial_department"", ""sound_department""]","[""tt2015381"", ""tt0325980"", ""tt1192628"", ""tt0449088""]",https://www.imdb.com/name/nm0939623/,False
nm0939873,Tricia Wood,1970,,"[""casting_department"", ""casting_director"", ""producer""]","[""tt10366460"", ""tt3783958"", ""tt1099212"", ""tt0286486""]",https://www.imdb.com/name/nm0939873/,False
nm0940158,Bokeem Woodbine,1973,,"[""actor"", ""producer"", ""soundtrack""]","[""tt2250912"", ""tt2802850"", ""tt8722346"", ""tt2934286""]",https://www.imdb.com/name/nm0940158/,False
nm0940362,Shailene Woodley,1991,,"[""actress"", ""producer"", ""miscellaneous""]","[""tt1840309"", ""tt1033575"", ""tt2582846"", ""tt2908446""]",https://www.imdb.com/name/nm0940362/,False
nm0940974,Peter Woodward,1956,,"[""actor"", ""miscellaneous"", ""writer""]","[""tt0187393"", ""tt0465234"", ""tt0914863"", ""tt0149437""]",https://www.imdb.com/name/nm0940974/,False
nm0941533,Tim Worman,1963,,"[""actor"", ""art_department"", ""production_designer""]","[""tt1986202"", ""tt1588362"", ""tt0089377"", ""tt3153532""]",https://www.imdb.com/name/nm0941533/,False
nm0941810,Peter Wortmann,,,"[""writer"", ""producer"", ""director""]","[""tt0455362"", ""tt0806148"", ""tt0098645"", ""tt1186795""]",https://www.imdb.com/name/nm0941810/,False
nm0942510,John Wright,1943,2023,"[""editor"", ""editorial_department""]","[""tt0111257"", ""tt0099810"", ""tt0093894"", ""tt0120903""]",https://www.imdb.com/name/nm0942510/,False
nm0942742,Richard A. Wright,,,"[""production_designer"", ""assistant_director"", ""producer""]","[""tt10665338"", ""tt8634332"", ""tt27550719"", ""tt1935179""]",https://www.imdb.com/name/nm0942742/,False
nm0943031,Max Wrottesley,1980,,"[""actor""]","[""tt2071550"", ""tt2015381"", ""tt2864930"", ""tt0316462""]",https://www.imdb.com/name/nm0943031/,False
nm0943079,Daniel Wu,1974,,"[""actor"", ""producer"", ""director""]","[""tt0386005"", ""tt0430772"", ""tt0803096""]",https://www.imdb.com/name/nm0943079/,False
nm0943138,Wu Ma,1942,2014,"[""actor"", ""director"", ""miscellaneous""]","[""tt0093978"", ""tt0094374"", ""tt0084587"", ""tt0107056""]",https://www.imdb.com/name/nm0943138/,False
nm0943796,Michael Wylie,,,"[""production_designer"", ""miscellaneous"", ""art_department""]","[""tt0925266"", ""tt0120912"", ""tt11875316"", ""tt4383594""]",https://www.imdb.com/name/nm0943796/,False
nm0944192,Rakel Wärmländer,1980,,"[""actress"", ""writer"", ""producer""]","[""tt15562048"", ""tt17500936"", ""tt13316790"", ""tt5501104""]",https://www.imdb.com/name/nm0944192/,False
nm0944543,Mariana Ximenes,1981,,"[""actress"", ""producer"", ""miscellaneous""]","[""tt0303408"", ""tt0457076"", ""tt1616014"", ""tt4421802""]",https://www.imdb.com/name/nm0944543/,False
nm0944908,Yasuo Yagi,1950,,"[""producer"", ""production_manager""]","[""tt1629284"", ""tt0870944"", ""tt36667201"", ""tt4602766""]",https://www.imdb.com/name/nm0944908/,False
nm0945131,Kōji Yakusho,1956,,"[""actor"", ""director"", ""writer""]","[""tt27503384"", ""tt1436045"", ""tt0117615"", ""tt0449467""]",https://www.imdb.com/name/nm0945131/,False
nm0945189,Simon Yam,1955,,"[""actor"", ""producer"", ""director""]","[""tt0250638"", ""tt0325703"", ""tt0434008"", ""tt0367478""]",https://www.imdb.com/name/nm0945189/,False
nm0946134,Seth Yanklewitz,,,"[""casting_director"", ""casting_department"", ""producer""]","[""tt1119646"", ""tt1826940"", ""tt14586544"", ""tt14500082""]",https://www.imdb.com/name/nm0946134/,False
nm0946872,Chi-Wai Yau,,,"[""editor"", ""editorial_department"", ""sound_department""]","[""tt0127357"", ""tt0117786"", ""tt0386005"", ""tt1424310""]",https://www.imdb.com/name/nm0946872/,False
nm0946875,Herman Yau,1961,,"[""director"", ""cinematographer"", ""writer""]","[""tt9597838"", ""tt5847286"", ""tt0441326"", ""tt2495118""]",https://www.imdb.com/name/nm0946875/,False
nm0947447,Donnie Yen,1963,,"[""actor"", ""stunts"", ""producer""]","[""tt1220719"", ""tt2076298"", ""tt10366206"", ""tt3748528""]",https://www.imdb.com/name/nm0947447/,False
nm0947934,Yi Li,,,"[""composer"", ""music_department"", ""soundtrack""]","[""tt0356696"", ""tt32363253"", ""tt0307681"", ""tt0493164""]",https://www.imdb.com/name/nm0947934/,False
nm0947994,Kayhan Yıldızoğlu,1933,2024,"[""actor""]","[""tt0116231"", ""tt0185853"", ""tt0068202"", ""tt0392223""]",https://www.imdb.com/name/nm0947994/,False
nm0948636,Wladimir Yordanoff,1954,2020,"[""actor"", ""archive_footage""]","[""tt0283900"", ""tt1661420"", ""tt0100873"", ""tt0093765""]",https://www.imdb.com/name/nm0948636/,False
nm0948723,Kathleen York,,,"[""actress"", ""writer"", ""soundtrack""]","[""tt7772602"", ""tt3205802"", ""tt12580982"", ""tt0200276""]",https://www.imdb.com/name/nm0948723/,False
nm0948913,Noriko Yoshida,,,"[""writer""]","[""tt1629284"", ""tt5961998"", ""tt4730810"", ""tt0870944""]",https://www.imdb.com/name/nm0948913/,False
nm0948988,Mark Yoshikawa,,,"[""editor"", ""editorial_department"", ""director""]","[""tt32558705"", ""tt10374610"", ""tt0475784"", ""tt0478304""]",https://www.imdb.com/name/nm0948988/,False
nm0949477,Dey Young,1955,,"[""actress"", ""producer"", ""soundtrack""]","[""tt0100405"", ""tt0079813"", ""tt0094012"", ""tt0092455""]",https://www.imdb.com/name/nm0949477/,False
nm0949558,Gary Young,,,"[""writer"", ""director"", ""actor""]","[""tt1289406"", ""tt0471041"", ""tt6671850"", ""tt5426034""]",https://www.imdb.com/name/nm0949558/,False
nm0949676,Jeff Young,,,"[""producer"", ""writer"", ""production_manager""]","[""tt0099817"", ""tt0254334"", ""tt0097074"", ""tt0074381""]",https://www.imdb.com/name/nm0949676/,False
nm0949683,Jennifer Young,1969,,"[""producer"", ""camera_department"", ""art_director""]","[""tt0323120"", ""tt1318006"", ""tt0315845"", ""tt0407429""]",https://www.imdb.com/name/nm0949683/,False
nm0950510,Yoo Joon-sang,1969,,"[""actor"", ""director""]","[""tt1127855"", ""tt1922561"", ""tt1452626"", ""tt4507456""]",https://www.imdb.com/name/nm0950510/,False
nm0950707,Biao Yuen,1957,,"[""actor"", ""stunts"", ""miscellaneous""]","[""tt0085211"", ""tt0094374"", ""tt0184894"", ""tt0085127""]",https://www.imdb.com/name/nm0950707/,False
nm0951135,Cathy Yuspa,1971,,"[""producer"", ""writer"", ""music_department""]","[""tt0165581"", ""tt7634968"", ""tt0337563"", ""tt0207201""]",https://www.imdb.com/name/nm0951135/,False
nm0952232,Arif Zakaria,1966,,"[""actor"", ""director"", ""producer""]","[""tt7098658"", ""tt1029231"", ""tt7430722"", ""tt1188996""]",https://www.imdb.com/name/nm0952232/,False
nm0952918,Debra Zane,,,"[""casting_director"", ""casting_department"", ""actress""]","[""tt1392170"", ""tt0264464"", ""tt0169547""]",https://www.imdb.com/name/nm0952918/,False
nm0952944,Geoff Zanelli,1974,,"[""composer"", ""music_department"", ""sound_department""]","[""tt1341338"", ""tt5755238"", ""tt1790809"", ""tt4777008""]",https://www.imdb.com/name/nm0952944/,False
nm0954023,Terrance Zdunich,1976,,"[""art_department"", ""actor"", ""writer""]","[""tt0963194"", ""tt2204379"", ""tt3892618"", ""tt0945586""]",https://www.imdb.com/name/nm0954023/,False
nm0954034,Kristi Zea,1948,,"[""production_designer"", ""costume_designer"", ""director""]","[""tt0959337"", ""tt0407887"", ""tt0099685"", ""tt0102926""]",https://www.imdb.com/name/nm0954034/,False
nm0954099,Dejan Zecevic,1972,,"[""director"", ""writer"", ""assistant_director""]","[""tt1517225"", ""tt0331282"", ""tt0930856"", ""tt0249180""]",https://www.imdb.com/name/nm0954099/,False
nm0955602,Yiu-Chung Yeung,,,"[""editor"", ""editorial_department""]","[""tt3617204"", ""tt0082936"", ""tt0317019"", ""tt12452588""]",https://www.imdb.com/name/nm0955602/,False
nm0955815,Mimi Chu,1954,,"[""actress"", ""make_up_department""]","[""tt33311069"", ""tt1447800"", ""tt5791534"", ""tt31358065""]",https://www.imdb.com/name/nm0955815/,False
nm0955959,Roberto Zibetti,1971,,"[""actor"", ""writer""]","[""tt0117737"", ""tt3125652"", ""tt7512574""]",https://www.imdb.com/name/nm0955959/,False
nm0956268,Chip Zien,1947,,"[""actor"", ""soundtrack""]","[""tt0091225"", ""tt0475276"", ""tt0133952"", ""tt0120832""]",https://www.imdb.com/name/nm0956268/,False
nm0956374,Aaron Zigman,1963,,"[""composer"", ""music_department"", ""actor""]","[""tt0251160"", ""tt0332280"", ""tt1041829"", ""tt24458622""]",https://www.imdb.com/name/nm0956374/,False
nm0956699,Don Zimmerman,1944,2025,"[""editor"", ""editorial_department"", ""sound_department""]","[""tt0489099"", ""tt0377062"", ""tt0090859"", ""tt1409024""]",https://www.imdb.com/name/nm0956699/,False
nm0956710,Gil Zimmerman,,,"[""animation_department"", ""director"", ""cinematographer""]","[""tt0133240"", ""tt0892769"", ""tt0448694"", ""tt2386490""]",https://www.imdb.com/name/nm0956710/,False
nm0956717,Herman F. Zimmerman,1935,,"[""art_director"", ""production_designer"", ""art_department""]","[""tt0117731"", ""tt0111280"", ""tt0106145"", ""tt0102975""]",https://www.imdb.com/name/nm0956717/,False
nm0956722,Jeremy Zimmermann,,,"[""casting_director"", ""casting_department"", ""actor""]","[""tt14444726"", ""tt0411477"", ""tt0490181"", ""tt0102798""]",https://www.imdb.com/name/nm0956722/,False
nm0957197,Craig Zisk,1965,,"[""director"", ""producer"", ""production_department""]","[""tt16358384"", ""tt3960394"", ""tt2934286"", ""tt6474236""]",https://www.imdb.com/name/nm0957197/,False
nm0957831,Nayer Mohseni Zonoozi,,,"[""actress""]","[""tt0100234""]",https://www.imdb.com/name/nm0957831/,False
nm0958641,Eric Zumbrunnen,1964,2017,"[""editor"", ""actor"", ""soundtrack""]","[""tt0120601"", ""tt1798709"", ""tt0268126"", ""tt0401729""]",https://www.imdb.com/name/nm0958641/,False
nm0958861,Raj Zutshi,1961,,"[""actor"", ""miscellaneous""]","[""tt1010048"", ""tt33014583"", ""tt0323013"", ""tt0169102""]",https://www.imdb.com/name/nm0958861/,False
nm0958877,Ben Zuydwijk,,,"[""production_designer"", ""art_director"", ""art_department""]","[""tt21322416"", ""tt1851006"", ""tt4337194"", ""tt1668016""]",https://www.imdb.com/name/nm0958877/,False
nm0958989,A. Martin Zweiback,1931,2016,"[""writer"", ""director"", ""producer""]","[""tt0087354"", ""tt0064651"", ""tt0065514"", ""tt0064617""]",https://www.imdb.com/name/nm0958989/,False
nm0959128,Marcel Zyskind,1979,,"[""cinematographer"", ""director"", ""producer""]","[""tt35396529"", ""tt29344903"", ""tt22773644"", ""tt13269616""]",https://www.imdb.com/name/nm0959128/,False
nm0960276,Jon Øigarden,1971,,"[""actor"", ""writer""]","[""tt7280898"", ""tt1678020"", ""tt2377081"", ""tt2675914""]",https://www.imdb.com/name/nm0960276/,False
nm0960946,Damien Garvey,1960,,"[""actor"", ""composer"", ""archive_footage""]","[""tt20285780"", ""tt4905554"", ""tt1587000"", ""tt2699128""]",https://www.imdb.com/name/nm0960946/,False
nm0961221,Tijana Kondic,1984,,"[""actress""]","[""tt0283504"", ""tt0283269"", ""tt3521334"", ""tt0343967""]",https://www.imdb.com/name/nm0961221/,False
nm0963359,Jane Goldman,1970,,"[""producer"", ""writer"", ""actress""]","[""tt1250777"", ""tt2802144"", ""tt0486655"", ""tt1596365""]",https://www.imdb.com/name/nm0963359/,False
nm0969228,Janusz Gosschalk,1979,,"[""casting_director"", ""casting_department""]","[""tt0367652"", ""tt1954315"", ""tt0382365"", ""tt0430257""]",https://www.imdb.com/name/nm0969228/,False
nm0969994,Vincent Radwinsky,,,"[""actor"", ""archive_footage""]","[""tt28607951"", ""tt0259255""]",https://www.imdb.com/name/nm0969994/,False
nm0972168,Stephen Vincent,,,"[""casting_director"", ""producer"", ""casting_department""]","[""tt0266987"", ""tt0213149"", ""tt0118688"", ""tt2400463""]",https://www.imdb.com/name/nm0972168/,False
nm0973177,Kyle Gallner,,,"[""actor"", ""writer"", ""producer""]","[""tt22375054"", ""tt33365126"", ""tt15474916"", ""tt9058654""]",https://www.imdb.com/name/nm0973177/,False
nm0973991,Pippa Winslow,,,"[""actress"", ""music_department""]","[""tt14688458"", ""tt13592494"", ""tt11181824"", ""tt4786824""]",https://www.imdb.com/name/nm0973991/,False
nm0990095,Sara Vertongen,1976,,"[""actress""]","[""tt5813194"", ""tt2981372"", ""tt0234374"", ""tt26474663""]",https://www.imdb.com/name/nm0990095/,False
nm0991459,Rambo Amadeus,1963,,"[""composer"", ""actor"", ""soundtrack""]","[""tt0283269"", ""tt0926213"", ""tt13411422"", ""tt0181821""]",https://www.imdb.com/name/nm0991459/,False
nm0996458,Matthew Jon Beck,,,"[""casting_director"", ""miscellaneous"", ""casting_department""]","[""tt0266543"", ""tt0317705"", ""tt5772554"", ""tt0482603""]",https://www.imdb.com/name/nm0996458/,False
nm0996625,Charmme Kaur,1987,,"[""actress"", ""producer""]","[""tt4435072"", ""tt4786610"", ""tt0473604"", ""tt2171454""]",https://www.imdb.com/name/nm0996625/,False
nm0996806,Mete Dönmezer,1947,2016,"[""actor""]","[""tt0264700"", ""tt0481354"", ""tt0455872"", ""tt0426637""]",https://www.imdb.com/name/nm0996806/,False
nm0998044,Sneha,1981,,"[""actress"", ""music_department"", ""soundtrack""]","[""tt27487934"", ""tt1213631"", ""tt0459516"", ""tt2084920""]",https://www.imdb.com/name/nm0998044/,False
nm0998976,Richard Low,1952,,"[""actor"", ""miscellaneous"", ""soundtrack""]","[""tt0317019"", ""tt0270841"", ""tt12434082"", ""tt3617204""]",https://www.imdb.com/name/nm0998976/,False
nm0999124,Gene A. Turner,,,"[""actor"", ""miscellaneous""]","[""tt0245803"", ""tt0330136"", ""tt0159377""]",https://www.imdb.com/name/nm0999124/,False
nm0999415,Jay Lee,,,"[""editor"", ""cinematographer"", ""director""]","[""tt14203080"", ""tt0960890"", ""tt0118531"", ""tt5688868""]",https://www.imdb.com/name/nm0999415/,False
nm1001612,Ali Otyam,1966,,"[""composer"", ""music_department""]","[""tt0287285"", ""tt0488693"", ""tt0494561"", ""tt25290828""]",https://www.imdb.com/name/nm1001612/,False
nm1001631,Il-hyun Park,,,"[""production_designer"", ""art_director"", ""art_department""]","[""tt8290698"", ""tt2972482"", ""tt2351310"", ""tt7046974""]",https://www.imdb.com/name/nm1001631/,False
nm10024682,Peter Anthony,,,"[""actor"", ""producer"", ""director""]","[""tt28448709"", ""tt13049516"", ""tt31022851"", ""tt10543530""]",https://www.imdb.com/name/nm10024682/,False
nm1002627,Nicolas Cazalé,1977,,"[""actor"", ""director"", ""writer""]","[""tt0361670"", ""tt0380773"", ""tt0864770"", ""tt5078994""]",https://www.imdb.com/name/nm1002627/,False
nm1002641,Dominic Cooper,1978,,"[""actor"", ""producer"", ""soundtrack""]","[""tt1270262"", ""tt0458339"", ""tt1655420"", ""tt1611224""]",https://www.imdb.com/name/nm1002641/,False
nm1002664,Michael Eklund,,,"[""actor"", ""producer"", ""writer""]","[""tt1911644"", ""tt1835955"", ""tt1535616"", ""tt2782868""]",https://www.imdb.com/name/nm1002664/,False
nm10033951,Sreeleela,2001,,"[""actress"", ""archive_footage""]","[""tt15685876"", ""tt16539454"", ""tt21810110"", ""tt14564000""]",https://www.imdb.com/name/nm10033951/,False
nm1004065,Kes Bonnet,,,"[""production_designer"", ""art_director"", ""art_department""]","[""tt3014866"", ""tt1971325"", ""tt1480295"", ""tt11827628""]",https://www.imdb.com/name/nm1004065/,False
nm1005481,Marcos Cesana,1966,2010,"[""actor"", ""writer""]","[""tt1391552"", ""tt2231208"", ""tt0977642"", ""tt1442578""]",https://www.imdb.com/name/nm1005481/,False
nm1006822,Tommy De La Cruz,,,"[""actor""]","[""tt0250224"", ""tt0257076"", ""tt0312617""]",https://www.imdb.com/name/nm1006822/,False
nm1007247,Silje Hopland Eik,1974,,"[""producer"", ""casting_department"", ""writer""]","[""tt1255956"", ""tt2865618"", ""tt1648099"", ""tt10163840""]",https://www.imdb.com/name/nm1007247/,False
nm1007810,Herman Osorio,,,"[""actor""]","[""tt0250224""]",https://www.imdb.com/name/nm1007810/,False
nm1008146,Skin,,,"[""actress"", ""composer"", ""producer""]","[""tt5581752"", ""tt4073890"", ""tt0114558""]",https://www.imdb.com/name/nm1008146/,False
nm1008574,Miguel Castro,,,"[""actor"", ""archive_footage""]","[""tt0311289"", ""tt0250224"", ""tt0286486"", ""tt0446082""]",https://www.imdb.com/name/nm1008574/,False
nm10088250,Scott Gore,,,"[""writer"", ""producer"", ""actor""]","[""tt18411838"", ""tt14999684"", ""tt12889912"", ""tt10342492""]",https://www.imdb.com/name/nm10088250/,False
nm10088612,Electra Sarri,,,"[""actress"", ""stunts""]","[""tt10110614"", ""tt21438906"", ""tt17538632"", ""tt32056314""]",https://www.imdb.com/name/nm10088612/,False
nm10097013,Bruce Peoples,,,"[""actor""]","[""tt26899693"", ""tt1934673"", ""tt19860836"", ""tt31065577""]",https://www.imdb.com/name/nm10097013/,False
nm1010170,Peter Bose,1966,,"[""producer""]","[""tt1029235"", ""tt9170516"", ""tt9112152"", ""tt9695118""]",https://www.imdb.com/name/nm1010170/,False
nm1011796,Mónika Esztán,1976,,"[""production_designer"", ""art_director"", ""art_department""]","[""tt3659388"", ""tt1067774"", ""tt45162880"", ""tt1219817""]",https://www.imdb.com/name/nm1011796/,False
nm1011851,Cengiz Onural,1961,,"[""composer"", ""music_department"", ""actor""]","[""tt1322930"", ""tt0903021"", ""tt0315957"", ""tt1173223""]",https://www.imdb.com/name/nm1011851/,False
nm10120019,Erika Carlina,1993,,"[""actress""]","[""tt39411276"", ""tt31709740"", ""tt33051946"", ""tt14697186""]",https://www.imdb.com/name/nm10120019/,False
nm10120056,Sadana Agung Sulistya,,,"[""actor""]","[""tt42903440"", ""tt39399024"", ""tt25872924"", ""tt37317285""]",https://www.imdb.com/name/nm10120056/,False
nm1012515,Cherrie Ying,1983,,"[""actress""]","[""tt0415380"", ""tt0485976"", ""tt2712156"", ""tt1372551""]",https://www.imdb.com/name/nm1012515/,False
nm1012534,Mona Zaki,1976,,"[""actress""]","[""tt0461927"", ""tt0328349"", ""tt31013030"", ""tt1473149""]",https://www.imdb.com/name/nm1012534/,False
nm10129660,Tanvir Anzum,,,"[""cinematographer"", ""camera_department"", ""actor""]","[""tt22036922"", ""tt11148192"", ""tt11148316"", ""tt43589332""]",https://www.imdb.com/name/nm10129660/,False
nm1013476,Samantha Quan,,,"[""actress"", ""producer"", ""writer""]","[""tt28607951"", ""tt13453006"", ""tt0251127"", ""tt5649144""]",https://www.imdb.com/name/nm1013476/,False
nm1013812,Rachel Grant,1977,,"[""actress"", ""director"", ""writer""]","[""tt0246460"", ""tt0471041"", ""tt0783598"", ""tt0478489""]",https://www.imdb.com/name/nm1013812/,False
nm1014034,Chuck Pacheco,,,"[""producer"", ""manager"", ""actor""]","[""tt2203939"", ""tt0426883"", ""tt1078588"", ""tt0332280""]",https://www.imdb.com/name/nm1014034/,False
nm10140375,Irene Ferreiro,2001,,"[""actress""]","[""tt10399608"", ""tt8976944"", ""tt27556452"", ""tt18351090""]",https://www.imdb.com/name/nm10140375/,False
nm1014041,David Shoshan,1954,,"[""producer"", ""writer"", ""executive""]","[""tt3614572"", ""tt0263746"", ""tt0460796"", ""tt0228508""]",https://www.imdb.com/name/nm1014041/,False
nm1014196,Juan José Millás,1946,,"[""writer"", ""director"", ""actor""]","[""tt13620762"", ""tt30973261"", ""tt0407858"", ""tt0289461""]",https://www.imdb.com/name/nm1014196/,False
nm1014201,Rhett Reese,1969,,"[""writer"", ""producer"", ""miscellaneous""]","[""tt1431045"", ""tt6263850"", ""tt1156398"", ""tt5463162""]",https://www.imdb.com/name/nm1014201/,False
nm1015470,M.G. Radhakrishnan,1940,2010,"[""composer"", ""music_department"", ""soundtrack""]","[""tt0487011"", ""tt0214915"", ""tt0291855"", ""tt0237820""]",https://www.imdb.com/name/nm1015470/,False
nm10165979,Adele Pereira,,,"[""editor"", ""editorial_department""]","[""tt1017456"", ""tt2806788"", ""tt5197544"", ""tt1773109""]",https://www.imdb.com/name/nm10165979/,False
nm1016768,Wilton Cruz,,,"[""editor"", ""producer"", ""editorial_department""]","[""tt10944276"", ""tt0780583"", ""tt0343962"", ""tt18396952""]",https://www.imdb.com/name/nm1016768/,False
nm1017032,Jonathan Dueck,,,"[""production_designer"", ""producer"", ""director""]","[""tt11420972"", ""tt0848552"", ""tt0494746"", ""tt0982914""]",https://www.imdb.com/name/nm1017032/,False
nm1017334,Juno Temple,1989,,"[""actress"", ""producer"", ""soundtrack""]","[""tt0783233"", ""tt0485947"", ""tt1726669"", ""tt1528071""]",https://www.imdb.com/name/nm1017334/,False
nm1017488,Charles Randolph,1963,,"[""writer"", ""producer"", ""miscellaneous""]","[""tt1596363"", ""tt0758752"", ""tt0289992"", ""tt6394270""]",https://www.imdb.com/name/nm1017488/,False
nm1017500,Ahn Sang-hoon,,,"[""director"", ""writer"", ""producer""]","[""tt4979652"", ""tt2025506"", ""tt28995831"", ""tt3544326""]",https://www.imdb.com/name/nm1017500/,False
nm1018426,Gonzalo López-Gallego,,,"[""editor"", ""director"", ""writer""]","[""tt2071550"", ""tt1085862"", ""tt0296114"", ""tt1772240""]",https://www.imdb.com/name/nm1018426/,False
nm1019748,Saurabh Dubey,,,"[""actor"", ""archive_footage""]","[""tt13751694"", ""tt0319736"", ""tt0374271"", ""tt26626214""]",https://www.imdb.com/name/nm1019748/,False
nm1019751,Evan Ellingson,1988,2023,"[""actor"", ""archive_footage""]","[""tt1078588"", ""tt0498380"", ""tt0411024"", ""tt0285331""]",https://www.imdb.com/name/nm1019751/,False
nm10207998,Julio Peña,2000,,"[""actor"", ""archive_footage""]","[""tt31101921"", ""tt14463484"", ""tt16288804"", ""tt28105944""]",https://www.imdb.com/name/nm10207998/,False
nm1021163,Greg Behrendt,1963,,"[""producer"", ""miscellaneous"", ""actor""]","[""tt1001508"", ""tt1582454"", ""tt6682226"", ""tt4114738""]",https://www.imdb.com/name/nm1021163/,False
nm1021806,Romain Le Grand,,,"[""producer""]","[""tt3774114"", ""tt1592873"", ""tt3312830"", ""tt0372824""]",https://www.imdb.com/name/nm1021806/,False
nm10222635,Kim Hye-yoon,1996,,"[""actress"", ""archive_footage""]","[""tt31324295"", ""tt19632924"", ""tt9151274"", ""tt5729348""]",https://www.imdb.com/name/nm10222635/,False
nm1022277,Cheuk-Hon Szeto,,,"[""writer"", ""director"", ""sound_department""]","[""tt0091431"", ""tt0093015"", ""tt0094374"", ""tt0110463""]",https://www.imdb.com/name/nm1022277/,False
nm10224527,Lucía Veiga,1979,,"[""actress""]","[""tt26164896"", ""tt15063296"", ""tt30973261"", ""tt35888742""]",https://www.imdb.com/name/nm10224527/,False
nm10258882,Brinda Trivedi,,,"[""actress""]","[""tt10469118"", ""tt20872936"", ""tt12392504"", ""tt25151390""]",https://www.imdb.com/name/nm10258882/,False
nm1026102,Daniel Krauss,1973,,"[""actor"", ""director"", ""writer""]","[""tt1521054"", ""tt1723798"", ""tt0318479"", ""tt0997276""]",https://www.imdb.com/name/nm1026102/,False
nm1026185,Alejandro Reza,,,"[""casting_director"", ""casting_department"", ""actor""]","[""tt34231110"", ""tt14858658"", ""tt27331527"", ""tt14044212""]",https://www.imdb.com/name/nm1026185/,False
nm1026557,Raju Singh,,,"[""composer"", ""music_department"", ""actor""]","[""tt9683478"", ""tt3175038"", ""tt1020937"", ""tt11947158""]",https://www.imdb.com/name/nm1026557/,False
nm1027228,Johnny Hawkes,,,"[""actor"", ""miscellaneous"", ""producer""]","[""tt0960890"", ""tt3350436"", ""tt2248670"", ""tt0386421""]",https://www.imdb.com/name/nm1027228/,False
nm10273610,Claudia Salas,1994,,"[""actress"", ""archive_footage""]","[""tt13347046"", ""tt32327588"", ""tt5868826"", ""tt21621166""]",https://www.imdb.com/name/nm10273610/,False
nm1027719,Farhan Akhtar,1974,,"[""actor"", ""director"", ""producer""]","[""tt1562872"", ""tt0292490"", ""tt0461936"", ""tt2356180""]",https://www.imdb.com/name/nm1027719/,False
nm10298333,Kelley Poling,,,"[""actress"", ""producer"", ""stunts""]","[""tt15005606"", ""tt29634790"", ""tt15061320"", ""tt36152039""]",https://www.imdb.com/name/nm10298333/,False
nm10299039,Rick Finkelstein,,,"[""producer"", ""actor"", ""writer""]","[""tt2984576"", ""tt2062661"", ""tt3453648"", ""tt11643100""]",https://www.imdb.com/name/nm10299039/,False
nm1031048,Gerardo Madrazo,,,"[""cinematographer"", ""camera_department"", ""editor""]","[""tt9624766"", ""tt5208950"", ""tt1524575"", ""tt4439102""]",https://www.imdb.com/name/nm1031048/,False
nm1031246,Lucky McKee,1975,,"[""director"", ""writer"", ""producer""]","[""tt0303361"", ""tt1714208"", ""tt4163020"", ""tt9301428""]",https://www.imdb.com/name/nm1031246/,False
nm1031648,Daan Nieuwenhuijs,,,"[""cinematographer"", ""camera_department""]","[""tt31181421"", ""tt21265054"", ""tt15554596"", ""tt27159508""]",https://www.imdb.com/name/nm1031648/,False
nm1032567,Pablo Schreiber,1978,,"[""actor"", ""producer"", ""miscellaneous""]","[""tt4172430"", ""tt2372162"", ""tt1259528"", ""tt5758778""]",https://www.imdb.com/name/nm1032567/,False
nm1032700,Ritesh Sidhwani,,,"[""producer"", ""miscellaneous"", ""assistant_director""]","[""tt2395469"", ""tt1562872"", ""tt0292490"", ""tt1787988""]",https://www.imdb.com/name/nm1032700/,False
nm1032754,Chris Sivertson,,,"[""writer"", ""director"", ""producer""]","[""tt0897361"", ""tt1662295"", ""tt6513656"", ""tt0451102""]",https://www.imdb.com/name/nm1032754/,False
nm1032853,Jason Spisak,1973,,"[""actor"", ""producer"", ""miscellaneous""]","[""tt1641384"", ""tt2669336"", ""tt0464154"", ""tt1531663""]",https://www.imdb.com/name/nm1032853/,False
nm10328865,Hendra Adhi Susanto,,,"[""editor"", ""editorial_department""]","[""tt13484872"", ""tt34548722"", ""tt26903085"", ""tt10773114""]",https://www.imdb.com/name/nm10328865/,False
nm1033413,Darby Vasbinder,1967,2017,"[""actress"", ""archive_footage""]","[""tt0096919""]",https://www.imdb.com/name/nm1033413/,False
nm1034172,Zsolt Nagy,1976,,"[""actor"", ""producer"", ""production_department""]","[""tt0373981"", ""tt7759362"", ""tt5247768"", ""tt13400142""]",https://www.imdb.com/name/nm1034172/,False
nm10343541,Miran Abdelwareth,1995,,"[""actress""]","[""tt33274694"", ""tt41986848"", ""tt31013030"", ""tt9475502""]",https://www.imdb.com/name/nm10343541/,False
nm10364361,Simon Perina,,,"[""actor""]","[""tt4602066""]",https://www.imdb.com/name/nm10364361/,False
nm10364362,Krystof Dupal,,,"[""actor""]","[""tt4602066""]",https://www.imdb.com/name/nm10364362/,False
nm10364363,Jirí Vavrusa,,,"[""actor""]","[""tt4602066""]",https://www.imdb.com/name/nm10364363/,False
nm1036889,Sandra Staggs,,,"[""actress"", ""miscellaneous"", ""producer""]","[""tt0250687"", ""tt1072748"", ""tt1519461"", ""tt4923932""]",https://www.imdb.com/name/nm1036889/,False
nm1037158,Drew Bailey,,,"[""assistant_director"", ""producer"", ""editorial_department""]","[""tt0450259"", ""tt0325710"", ""tt2316204"", ""tt1337354""]",https://www.imdb.com/name/nm1037158/,False
nm1037342,Ray Harman,,,"[""composer"", ""music_department""]","[""tt4805316"", ""tt1607924"", ""tt0385290"", ""tt2889112""]",https://www.imdb.com/name/nm1037342/,False
nm1039470,Russell Blackwell,,,"[""actor""]","[""tt0179182""]",https://www.imdb.com/name/nm1039470/,False
nm1041247,Shawn Proctor,,,"[""actor""]","[""tt0179182"", ""tt1832897"", ""tt40581823"", ""tt1287480""]",https://www.imdb.com/name/nm1041247/,False
nm1041285,Peter Raeburn,,,"[""composer"", ""music_department"", ""miscellaneous""]","[""tt5144174"", ""tt1441395"", ""tt2118648"", ""tt0337876""]",https://www.imdb.com/name/nm1041285/,False
nm1041999,Yoo Hai Jin,1970,,"[""actor""]","[""tt6878038"", ""tt3485166"", ""tt27802490"", ""tt4768764""]",https://www.imdb.com/name/nm1041999/,False
nm10428618,Louie the Llama,,,"[""actor""]","[""tt4642970""]",https://www.imdb.com/name/nm10428618/,False
nm1042939,Martin Matte,1970,,"[""actor"", ""writer"", ""producer""]","[""tt3557112"", ""tt26443597"", ""tt6039326"", ""tt37091702""]",https://www.imdb.com/name/nm1042939/,False
nm1044881,Norman Bowman,1969,,"[""actor""]","[""tt5197544"", ""tt0294535"", ""tt4011642"", ""tt1153106""]",https://www.imdb.com/name/nm1044881/,False
nm10459559,Chakrapani Ananda,,,"[""actor""]","[""tt8269248"", ""tt31986077"", ""tt14989988"", ""tt16914952""]",https://www.imdb.com/name/nm10459559/,False
nm1047226,Pyongson Yim,,,"[""cinematographer"", ""camera_department"", ""producer""]","[""tt8871764"", ""tt14675328"", ""tt11194508""]",https://www.imdb.com/name/nm1047226/,False
nm1047732,Jaren Brandt Bartlett,1988,,"[""actor"", ""producer"", ""editor""]","[""tt3063462"", ""tt1974470"", ""tt1131750"", ""tt0279600""]",https://www.imdb.com/name/nm1047732/,False
nm1047812,Justin Cotta,,,"[""actor"", ""music_artist"", ""composer""]","[""tt32214529"", ""tt0094481"", ""tt11639952"", ""tt15054962""]",https://www.imdb.com/name/nm1047812/,False
nm1048430,Michael Crenshaw,,,"[""producer"", ""production_designer"", ""art_department""]","[""tt0380510"", ""tt1120985"", ""tt1438251"", ""tt1328634""]",https://www.imdb.com/name/nm1048430/,False
nm10487354,Amit R Kumar,,,"[""casting_director"", ""casting_department""]","[""tt3595298"", ""tt4430212"", ""tt4387040"", ""tt4169250""]",https://www.imdb.com/name/nm10487354/,False
nm1049234,Son Hyeon-ju,1965,,"[""actor""]","[""tt3032596"", ""tt6857282"", ""tt5478592"", ""tt4619940""]",https://www.imdb.com/name/nm1049234/,False
nm10494071,Widhi Wicaksono,,,"[""casting_director"", ""actor"", ""producer""]","[""tt13642366"", ""tt27495325"", ""tt6444398"", ""tt1243228""]",https://www.imdb.com/name/nm10494071/,False
nm1050136,Matthew Lessall,,,"[""casting_director"", ""casting_department"", ""producer""]","[""tt31988779"", ""tt6692776"", ""tt11131464"", ""tt6418778""]",https://www.imdb.com/name/nm1050136/,False
nm10509452,Garrett Smith,,,"[""producer"", ""actor"", ""director""]","[""tt15005606"", ""tt17501936"", ""tt18253596"", ""tt12317180""]",https://www.imdb.com/name/nm10509452/,False
nm10512214,Lea Myren,2001,,"[""actress"", ""archive_footage""]","[""tt29344903"", ""tt23235340"", ""tt43747831"", ""tt15151932""]",https://www.imdb.com/name/nm10512214/,False
nm10514265,Paige Smith,,,"[""production_designer"", ""make_up_department"", ""special_effects""]","[""tt10686986"", ""tt15005606"", ""tt9850498"", ""tt27895656""]",https://www.imdb.com/name/nm10514265/,False
nm10520267,Neda Margrethe Labba,,,"[""actress""]","[""tt4729430"", ""tt9875862""]",https://www.imdb.com/name/nm10520267/,False
nm1052596,Mohamed Henedi,1965,,"[""actor"", ""writer""]","[""tt2146682"", ""tt0095111"", ""tt26008162"", ""tt1807911""]",https://www.imdb.com/name/nm1052596/,False
nm10538218,Rosy McEwen,,,"[""actress"", ""archive_footage""]","[""tt8649344"", ""tt2085059"", ""tt4604612"", ""tt21216754""]",https://www.imdb.com/name/nm10538218/,False
nm1053847,John Brady,,,"[""actor""]","[""tt0117128"", ""tt0192630"", ""tt1264098"", ""tt0193849""]",https://www.imdb.com/name/nm1053847/,False
nm10543177,Darina Boonchu,,,"[""actress""]","[""tt8726102"", ""tt11858890"", ""tt30146383"", ""tt12763920""]",https://www.imdb.com/name/nm10543177/,False
nm10543719,Jennifer Adams,,,"[""actress"", ""writer"", ""casting_department""]","[""tt32293080"", ""tt13433666"", ""tt13357488"", ""tt31777524""]",https://www.imdb.com/name/nm10543719/,False
nm10553116,B. Mahanteshwar,,,"[""editor"", ""editorial_department"", ""assistant_director""]","[""tt2954770"", ""tt14332510"", ""tt5494840"", ""tt36491337""]",https://www.imdb.com/name/nm10553116/,False
nm10559174,Shireen Lai,,,"[""actress""]","[""tt7397098"", ""tt11261532"", ""tt12689862""]",https://www.imdb.com/name/nm10559174/,False
nm1056425,Rajpal Naurang Yadav,1971,,"[""actor"", ""writer"", ""director""]","[""tt0347304"", ""tt6455162"", ""tt0995031"", ""tt0251756""]",https://www.imdb.com/name/nm1056425/,False
nm10573778,Bhanu Prakash,,,"[""actor""]","[""tt15433956"", ""tt27659020"", ""tt7759320"", ""tt31417054""]",https://www.imdb.com/name/nm10573778/,False
nm10575553,Carolina Bodanzky Bolognesi,,,"[""actress""]","[""tt2231208""]",https://www.imdb.com/name/nm10575553/,False
nm10575559,Rosa Maria Rodrigues Baróli,,,"[""actor""]","[""tt2231208""]",https://www.imdb.com/name/nm10575559/,False
nm10575562,Thiago Brisolla,,,"[""actor""]","[""tt2231208""]",https://www.imdb.com/name/nm10575562/,False
nm10575566,Maria Bodanzky Bolognesi,,,"[""actress"", ""producer""]","[""tt2231208"", ""tt13040674"", ""tt11050438""]",https://www.imdb.com/name/nm10575566/,False
nm10575568,Paula Barros,,,"[""actress""]","[""tt2231208"", ""tt42314783"", ""tt5038900"", ""tt15502070""]",https://www.imdb.com/name/nm10575568/,False
nm10575577,André Moreira Forni,,,"[""writer""]","[""tt2231208""]",https://www.imdb.com/name/nm10575577/,False
nm10575578,Paulo Crumbim,,,"[""animation_department"", ""art_department"", ""writer""]","[""tt2231208"", ""tt21110654"", ""tt28132577""]",https://www.imdb.com/name/nm10575578/,False
nm1057727,Roy Boulter,1964,,"[""writer"", ""producer"", ""actor""]","[""tt4080956"", ""tt2262161"", ""tt36985255"", ""tt1232790""]",https://www.imdb.com/name/nm1057727/,False
nm10578851,Arif Alfiansyah,,,"[""actor""]","[""tt42153583"", ""tt31709812"", ""tt33349807"", ""tt33349813""]",https://www.imdb.com/name/nm10578851/,False
nm10578895,Kaan Lativan,,,"[""actor""]","[""tt8900302"", ""tt30624895"", ""tt13484872"", ""tt27490380""]",https://www.imdb.com/name/nm10578895/,False
nm1058318,David Figlioli,1968,,"[""actor"", ""producer""]","[""tt0897361"", ""tt5539284"", ""tt2669336"", ""tt0244365""]",https://www.imdb.com/name/nm1058318/,False
nm1058561,Jan-Hung Mak,,,"[""composer"", ""music_department"", ""actor""]","[""tt1641638"", ""tt5847286"", ""tt1517633"", ""tt23118352""]",https://www.imdb.com/name/nm1058561/,False
nm1058565,Hwang Jung-min,1970,,"[""actor"", ""soundtrack"", ""archive_footage""]","[""tt5215952"", ""tt0456912"", ""tt2625030"", ""tt0334245""]",https://www.imdb.com/name/nm1058565/,False
nm1058909,Ivo Martijn,1971,,"[""miscellaneous"", ""script_department"", ""actor""]","[""tt0295932"", ""tt0995757"", ""tt2359002"", ""tt0288861""]",https://www.imdb.com/name/nm1058909/,False
nm1059001,José David Montero,,,"[""cinematographer"", ""writer"", ""assistant_director""]","[""tt1536537"", ""tt1772240"", ""tt2071550"", ""tt0296114""]",https://www.imdb.com/name/nm1059001/,False
nm1059118,Aykut Oray,1942,2009,"[""actor""]","[""tt5480086"", ""tt0301825"", ""tt1654070"", ""tt2902732""]",https://www.imdb.com/name/nm1059118/,False
nm10604736,Anuj Saini,1995,,"[""actor""]","[""tt37458085"", ""tt13801462"", ""tt27252585"", ""tt41799317""]",https://www.imdb.com/name/nm10604736/,False
nm10606356,Yorgos Stefanakos,,,"[""actor""]","[""tt14230458"", ""tt22408160"", ""tt27844906""]",https://www.imdb.com/name/nm10606356/,False
nm1060930,Brandon Trost,1981,,"[""cinematographer"", ""director"", ""special_effects""]","[""tt9059704"", ""tt3521126"", ""tt1245492"", ""tt4595882""]",https://www.imdb.com/name/nm1060930/,False
nm10609388,Urvi Singh,2002,,"[""actress""]","[""tt12915716"", ""tt16975352"", ""tt9432978"", ""tt22036922""]",https://www.imdb.com/name/nm10609388/,False
nm10618683,Yoryis Partalidis,,,"[""actor""]","[""tt15208600"", ""tt13400512"", ""tt11042448"", ""tt10466346""]",https://www.imdb.com/name/nm10618683/,False
nm1062569,Sílvia Lourenço,,,"[""actress"", ""writer"", ""miscellaneous""]","[""tt0395978"", ""tt1205004"", ""tt0489458"", ""tt1605719""]",https://www.imdb.com/name/nm1062569/,False
nm1063517,Kathryn Hahn,1973,,"[""actress"", ""producer"", ""writer""]","[""tt2312890"", ""tt3502262"", ""tt1839481"", ""tt4651520""]",https://www.imdb.com/name/nm1063517/,False
nm1063878,Walter Raney,1941,2021,"[""casting_director"", ""actor"", ""casting_department""]","[""tt1078588"", ""tt0205688"", ""tt0119517"", ""tt0070350""]",https://www.imdb.com/name/nm1063878/,False
nm10647388,Shihaan Bakshi,,,"[""actor""]","[""tt7778680""]",https://www.imdb.com/name/nm10647388/,False
nm10647389,Seema Pravin Shende,,,"[""actress""]","[""tt7778680""]",https://www.imdb.com/name/nm10647389/,False
nm1065229,America Ferrera,1984,,"[""actress"", ""producer"", ""director""]","[""tt1517268"", ""tt0403508"", ""tt0805669"", ""tt0892769""]",https://www.imdb.com/name/nm1065229/,False
nm10654486,Andri Mashadi,,,"[""actor""]","[""tt28349451"", ""tt11479520"", ""tt13612010"", ""tt30624895""]",https://www.imdb.com/name/nm10654486/,False
nm10657454,Mia Isaac,2004,,"[""actress"", ""writer"", ""director""]","[""tt2597804"", ""tt14814040""]",https://www.imdb.com/name/nm10657454/,False
nm10669404,Meredith VanCuyk,,,"[""actress"", ""miscellaneous""]","[""tt5433140"", ""tt18411838"", ""tt1959374"", ""tt10737358""]",https://www.imdb.com/name/nm10669404/,False
nm1068777,Genevieve Buechner,1991,,"[""actress""]","[""tt0364343"", ""tt1131734"", ""tt0799862"", ""tt1355630""]",https://www.imdb.com/name/nm1068777/,False
nm1069013,Bomie E. Dotiwala,,,"[""actor""]","[""tt0374887"", ""tt0375611"", ""tt0456144"", ""tt0249371""]",https://www.imdb.com/name/nm1069013/,False
nm1069587,Darshan Kumaar,1986,,"[""actor""]","[""tt3742284"", ""tt9544034"", ""tt11045422"", ""tt10811166""]",https://www.imdb.com/name/nm1069587/,False
nm1069826,Gautham Vasudev Menon,1973,,"[""actor"", ""director"", ""writer""]","[""tt1180583"", ""tt1602585"", ""tt2401585"", ""tt1609168""]",https://www.imdb.com/name/nm1069826/,False
nm10701693,Anastasiya Todoresku,1989,,"[""actress""]","[""tt13144490"", ""tt10329842"", ""tt27079605"", ""tt22468422""]",https://www.imdb.com/name/nm10701693/,False
nm1070494,Satoshi Tsumabuki,1980,,"[""actor""]","[""tt4384088"", ""tt0463985"", ""tt0416881"", ""tt0384055""]",https://www.imdb.com/name/nm1070494/,False
nm10708586,Vanessa Neff,,,"[""actress"", ""director"", ""costume_department""]","[""tt21807022"", ""tt12575978"", ""tt11608126"", ""tt18232224""]",https://www.imdb.com/name/nm10708586/,False
nm1071670,Jacqueline A. Kelly,,,"[""producer"", ""writer""]","[""tt1209361"", ""tt0413295""]",https://www.imdb.com/name/nm1071670/,False
nm10731413,Benjamin Holtz,,,"[""actor""]","[""tt27444205"", ""tt11608126"", ""tt5827590"", ""tt6645792""]",https://www.imdb.com/name/nm10731413/,False
nm10735829,Sachin K. Jaryal,,,"[""actor""]","[""tt14332510"", ""tt36491337"", ""tt10659128"", ""tt12122598""]",https://www.imdb.com/name/nm10735829/,False
nm10746248,Sachin Patil,,,"[""art_department"", ""art_director"", ""production_designer""]","[""tt8144834"", ""tt36300841"", ""tt23398540"", ""tt24516518""]",https://www.imdb.com/name/nm10746248/,False
nm10751817,Karim Hassan Beshir,,,"[""writer""]","[""tt10497516"", ""tt13043436"", ""tt27350073"", ""tt10522084""]",https://www.imdb.com/name/nm10751817/,False
nm1075939,Anton Bakarski,,,"[""cinematographer"", ""camera_department"", ""assistant_director""]","[""tt1764651"", ""tt2333784"", ""tt1666364"", ""tt3247714""]",https://www.imdb.com/name/nm1075939/,False
nm1078045,Goncagül Sunar,1970,,"[""actress""]","[""tt1322930"", ""tt7832124"", ""tt7130992"", ""tt7807054""]",https://www.imdb.com/name/nm1078045/,False
nm1078479,John Cena,1977,,"[""actor"", ""producer"", ""writer""]","[""tt13357520"", ""tt6334354"", ""tt1660648"", ""tt5433138""]",https://www.imdb.com/name/nm1078479/,False
nm1078949,Sara Kay,,,"[""casting_director"", ""casting_department""]","[""tt7908628"", ""tt35495073"", ""tt21867434"", ""tt1190634""]",https://www.imdb.com/name/nm1078949/,False
nm1081171,Gordon Feinberg,,,"[""actor""]","[""tt0174336""]",https://www.imdb.com/name/nm1081171/,False
nm1082665,Hans-Jochen Wagner,1968,,"[""actor"", ""soundtrack"", ""archive_footage""]","[""tt1996310"", ""tt7928662"", ""tt0911164"", ""tt2204370""]",https://www.imdb.com/name/nm1082665/,False
nm1084399,Luis Bermejo,1969,,"[""actor"", ""producer""]","[""tt31307874"", ""tt10464754"", ""tt3089326"", ""tt7807026""]",https://www.imdb.com/name/nm1084399/,False
nm1085081,Seb Castang,1980,,"[""actor""]","[""tt0183068"", ""tt0284764"", ""tt1400526"", ""tt0084987""]",https://www.imdb.com/name/nm1085081/,False
nm1085861,Kwon Sang-woo,1976,,"[""actor""]","[""tt0390205"", ""tt0348591"", ""tt1424310"", ""tt0319546""]",https://www.imdb.com/name/nm1085861/,False
nm1086913,Askin Nur Yengi,1970,,"[""actress"", ""music_department"", ""composer""]","[""tt0366842"", ""tt7550774"", ""tt5994796"", ""tt14810626""]",https://www.imdb.com/name/nm1086913/,False
nm1086949,Koldo Zuazua,,,"[""producer"", ""production_manager"", ""production_department""]","[""tt1289449"", ""tt14077696"", ""tt3319920"", ""tt2123349""]",https://www.imdb.com/name/nm1086949/,False
nm10878270,Abel Huray,,,"[""music_department"", ""composer"", ""miscellaneous""]","[""tt13484872"", ""tt27004149"", ""tt23472308"", ""tt30320624""]",https://www.imdb.com/name/nm10878270/,False
nm1088493,Ricardo Gómez,1994,,"[""actor"", ""director"", ""writer""]","[""tt13347046"", ""tt11579538"", ""tt0302447"", ""tt5594406""]",https://www.imdb.com/name/nm1088493/,False
nm1089063,Argyris Bakirtzis,1947,,"[""music_department"", ""actor"", ""composer""]","[""tt0300957"", ""tt15894440"", ""tt0257629"", ""tt0237541""]",https://www.imdb.com/name/nm1089063/,False
nm1089736,Toa Fraser,,,"[""director"", ""producer"", ""miscellaneous""]","[""tt0452345"", ""tt12809988"", ""tt4703048"", ""tt1135968""]",https://www.imdb.com/name/nm1089736/,False
nm1089952,Tom Harrison-Read,,,"[""editor"", ""editorial_department"", ""assistant_director""]","[""tt13357520"", ""tt15009428"", ""tt1365519"", ""tt3748528""]",https://www.imdb.com/name/nm1089952/,False
nm10914110,Natali Chavez,,,"[""actress""]","[""tt10110614"", ""tt10806630"", ""tt37363959"", ""tt26759699""]",https://www.imdb.com/name/nm10914110/,False
nm1091578,Harika Uygur,1968,,"[""casting_director"", ""casting_department"", ""assistant_director""]","[""tt3966404"", ""tt0384116"", ""tt6139732"", ""tt0347048""]",https://www.imdb.com/name/nm1091578/,False
nm1092227,Sienna Miller,1981,,"[""actress"", ""miscellaneous"", ""producer""]","[""tt1046173"", ""tt2179136"", ""tt2503944"", ""tt0375912""]",https://www.imdb.com/name/nm1092227/,False
nm10926671,Mihir Ahuja,1998,,"[""actor"", ""archive_footage""]","[""tt7485048"", ""tt15979666"", ""tt23865942"", ""tt10598156""]",https://www.imdb.com/name/nm10926671/,False
nm10928176,Sophia Vandy,,,"[""actress""]","[""tt11608126"", ""tt12879084"", ""tt11019362""]",https://www.imdb.com/name/nm10928176/,False
nm1093324,Jeff Maher,,,"[""cinematographer"", ""camera_department"", ""producer""]","[""tt28230296"", ""tt11778118"", ""tt14708338"", ""tt10743534""]",https://www.imdb.com/name/nm1093324/,False
nm1093387,Billy Rich,,,"[""editor"", ""editorial_department"", ""visual_effects""]","[""tt1219827"", ""tt1528100"", ""tt2091473"", ""tt0765429""]",https://www.imdb.com/name/nm1093387/,False
nm1093951,Aaron Taylor-Johnson,1990,,"[""actor"", ""writer"", ""music_department""]","[""tt4550098"", ""tt1250777"", ""tt1266029"", ""tt1650554""]",https://www.imdb.com/name/nm1093951/,False
nm1094137,Molly Gordon,1994,,"[""actress"", ""writer"", ""director""]","[""tt21232992"", ""tt1489887"", ""tt11317142"", ""tt32565993""]",https://www.imdb.com/name/nm1094137/,False
nm1094495,William Green,,,"[""producer"", ""production_department"", ""miscellaneous""]","[""tt14058484"", ""tt0417225"", ""tt0284837"", ""tt5992164""]",https://www.imdb.com/name/nm1094495/,False
nm10959015,Kalyan Chakravarthy Tripuraneni,,,"[""music_department"", ""writer"", ""soundtrack""]","[""tt9537292"", ""tt15433956"", ""tt11773378"", ""tt15309808""]",https://www.imdb.com/name/nm10959015/,False
nm10973506,Isac Calmroth,,,"[""actor"", ""writer"", ""casting_director""]","[""tt29344903"", ""tt38672581"", ""tt29489352"", ""tt31079736""]",https://www.imdb.com/name/nm10973506/,False
nm10974534,Karelina Clarke,,,"[""actress""]","[""tt10370042"", ""tt20692900"", ""tt12249388"", ""tt15054962""]",https://www.imdb.com/name/nm10974534/,False
nm1097510,Anthony Jaswinski,,,"[""writer"", ""producer"", ""director""]","[""tt4052882"", ""tt1452628"", ""tt0303354"", ""tt4796122""]",https://www.imdb.com/name/nm1097510/,False
nm10977100,Maksim Urmanov,,,"[""editor""]","[""tt10329842"", ""tt15574942"", ""tt5135336"", ""tt2321627""]",https://www.imdb.com/name/nm10977100/,False
nm1098493,Rawson Marshall Thurber,1975,,"[""director"", ""producer"", ""writer""]","[""tt7991608"", ""tt1282140"", ""tt5758778"", ""tt0364725""]",https://www.imdb.com/name/nm1098493/,False
nm10987680,Sang Lee,,,"[""actor""]","[""tt6263222"", ""tt13866142"", ""tt7762948"", ""tt20225306""]",https://www.imdb.com/name/nm10987680/,False
nm10990268,Samara Abdine,,,"[""actress"", ""director""]","[""tt13043436"", ""tt14606170"", ""tt38429278"", ""tt10967282""]",https://www.imdb.com/name/nm10990268/,False
nm1099225,Sol Papadopoulos,,,"[""producer"", ""director"", ""writer""]","[""tt9410034"", ""tt4080956"", ""tt2392830"", ""tt6691732""]",https://www.imdb.com/name/nm1099225/,False
nm1100123,Joe Shrapnel,1976,,"[""writer"", ""producer"", ""script_department""]","[""tt8404256"", ""tt2235695"", ""tt7130300"", ""tt3499096""]",https://www.imdb.com/name/nm1100123/,False
nm11003557,Chul-Yong Kim,,,"[""producer""]","[""tt12763920"", ""tt8865580"", ""tt11498038""]",https://www.imdb.com/name/nm11003557/,False
nm1100839,Sofia Vassilieva,1992,,"[""actress"", ""writer"", ""miscellaneous""]","[""tt10016180"", ""tt3829868"", ""tt1078588"", ""tt0412175""]",https://www.imdb.com/name/nm1100839/,False
nm1101802,Daniel Janks,1977,,"[""actor"", ""director""]","[""tt6002522"", ""tt0995832"", ""tt4180514"", ""tt0248667""]",https://www.imdb.com/name/nm1101802/,False
nm1101898,Maxime Lefrançois,,,"[""actor""]","[""tt1388815"", ""tt2427220"", ""tt2711738"", ""tt7025976""]",https://www.imdb.com/name/nm1101898/,False
nm1102932,Ellen Marano,,,"[""actress"", ""producer"", ""manager""]","[""tt13989030"", ""tt7319822"", ""tt29702080"", ""tt0080240""]",https://www.imdb.com/name/nm1102932/,False
nm1103121,Alexander Eik,1972,,"[""producer"", ""writer"", ""director""]","[""tt0295972"", ""tt9348700"", ""tt0382134"", ""tt2102465""]",https://www.imdb.com/name/nm1103121/,False
nm1103466,Andrew Lowe,1968,,"[""producer"", ""miscellaneous""]","[""tt14230458"", ""tt1540133"", ""tt12300742"", ""tt9288822""]",https://www.imdb.com/name/nm1103466/,False
nm1104057,Adam F. Goldberg,1976,,"[""producer"", ""writer"", ""actor""]","[""tt2712740"", ""tt18545980"", ""tt1630574"", ""tt0775552""]",https://www.imdb.com/name/nm1104057/,False
nm1104170,Jeffrey Sharp,,,"[""producer"", ""executive"", ""production_department""]","[""tt0171804"", ""tt0203230"", ""tt0377107"", ""tt0101761""]",https://www.imdb.com/name/nm1104170/,False
nm1104360,Thomas Becker,,,"[""producer"", ""miscellaneous"", ""executive""]","[""tt0360009"", ""tt0375679"", ""tt0455362"", ""tt0270846""]",https://www.imdb.com/name/nm1104360/,False
nm1105365,Brandon Hirsch,,,"[""actor"", ""producer"", ""writer""]","[""tt7949624"", ""tt4288182"", ""tt6045840"", ""tt6843446""]",https://www.imdb.com/name/nm1105365/,False
nm1105443,Chantal Janzen,1979,,"[""actress"", ""writer"", ""producer""]","[""tt2421012"", ""tt1609122"", ""tt43730373"", ""tt0367652""]",https://www.imdb.com/name/nm1105443/,False
nm1106058,Sudhir Pandey,1953,,"[""actor""]","[""tt0084667"", ""tt0499375"", ""tt5785170"", ""tt21262240""]",https://www.imdb.com/name/nm1106058/,False
nm11064993,Bernie Tarin,,,"[""cinematographer"", ""camera_department"", ""producer""]","[""tt19355556"", ""tt18411838"", ""tt14329446"", ""tt33269172""]",https://www.imdb.com/name/nm11064993/,False
nm1106651,Jonathan Wenstrup,1976,,"[""camera_department"", ""cinematographer"", ""miscellaneous""]","[""tt2669336"", ""tt0460829"", ""tt1233219"", ""tt1014766""]",https://www.imdb.com/name/nm1106651/,False
nm1107594,Tim Roche,,,"[""editor"", ""producer"", ""editorial_department""]","[""tt10676052"", ""tt10648342"", ""tt0164052"", ""tt9140560""]",https://www.imdb.com/name/nm1107594/,False
nm11089100,Ro Donnelly,,,"[""producer"", ""executive""]","[""tt14376344"", ""tt11225626"", ""tt38915500"", ""tt18970320""]",https://www.imdb.com/name/nm11089100/,False
nm1110573,Vinaya Prasad,1965,,"[""actress"", ""composer"", ""editor""]","[""tt3668162"", ""tt0355663"", ""tt0214915"", ""tt42804953""]",https://www.imdb.com/name/nm1110573/,False
nm1111968,Alexa Davalos,1982,,"[""actress"", ""archive_footage""]","[""tt0296572"", ""tt1034303"", ""tt0800320"", ""tt0884328""]",https://www.imdb.com/name/nm1111968/,False
nm1113400,Robin Ballard,,,"[""actress"", ""miscellaneous"", ""producer""]","[""tt1471204"", ""tt1161418"", ""tt0400399"", ""tt0384792""]",https://www.imdb.com/name/nm1113400/,False
nm11134848,Shion Wakayama,1998,,"[""actress"", ""music_department"", ""miscellaneous""]","[""tt30217403"", ""tt32332831"", ""tt15533674"", ""tt11100658""]",https://www.imdb.com/name/nm11134848/,False
nm1113550,Abigail Breslin,1996,,"[""actress"", ""director"", ""producer""]","[""tt0449059"", ""tt1322269"", ""tt0832266"", ""tt0286106""]",https://www.imdb.com/name/nm1113550/,False
nm1113851,Stanislav Duzhnikov,1973,,"[""actor"", ""producer"", ""archive_footage""]","[""tt0459924"", ""tt2649128"", ""tt7776936"", ""tt1097014""]",https://www.imdb.com/name/nm1113851/,False
nm11139808,Naveen Kumar,,,"[""actor"", ""director"", ""writer""]","[""tt29723539"", ""tt32140423"", ""tt15462382"", ""tt31242102""]",https://www.imdb.com/name/nm11139808/,False
nm11151144,Ardhito Pramono,,,"[""actor"", ""composer"", ""music_department""]","[""tt10773114"", ""tt13081264"", ""tt35295730"", ""tt27490380""]",https://www.imdb.com/name/nm11151144/,False
nm1116660,Paul Wernick,1972,,"[""writer"", ""producer"", ""miscellaneous""]","[""tt1431045"", ""tt6263850"", ""tt1156398"", ""tt5463162""]",https://www.imdb.com/name/nm1116660/,False
nm1117076,Richard Lopez,,,"[""director"", ""cinematographer"", ""producer""]","[""tt6587216"", ""tt0902290"", ""tt8014232"", ""tt4575390""]",https://www.imdb.com/name/nm1117076/,False
nm1117705,Pui Yin Chan,,,"[""producer""]","[""tt0445609"", ""tt0474791"", ""tt39060102"", ""tt0817228""]",https://www.imdb.com/name/nm1117705/,False
nm1117726,Equan Choi,,,"[""director"", ""writer"", ""miscellaneous""]","[""tt19114246"", ""tt3843072"", ""tt1343039"", ""tt0470967""]",https://www.imdb.com/name/nm1117726/,False
nm1118415,Po Ju Huang,1990,,"[""actor""]","[""tt21040318"", ""tt0307681"", ""tt0493164"", ""tt14335572""]",https://www.imdb.com/name/nm1118415/,False
nm11186732,SimpleMan,,,"[""writer""]","[""tt33348138"", ""tt33349807"", ""tt33349822"", ""tt23136186""]",https://www.imdb.com/name/nm11186732/,False
nm1120013,Su-Ru Wen,,,"[""actress""]","[""tt0307681""]",https://www.imdb.com/name/nm1120013/,False
nm1120062,Yun Xiang,1961,,"[""actress"", ""soundtrack""]","[""tt3819614"", ""tt0373648"", ""tt7131690"", ""tt2733974""]",https://www.imdb.com/name/nm1120062/,False
nm1120101,Xian Bin Zheng,,,"[""actor"", ""producer"", ""cinematographer""]","[""tt32277855"", ""tt5792070"", ""tt21040318"", ""tt37457021""]",https://www.imdb.com/name/nm1120101/,False
nm1120162,Joshua Ang,1989,,"[""actor""]","[""tt3819614"", ""tt21040318"", ""tt0307681"", ""tt2194416""]",https://www.imdb.com/name/nm1120162/,False
nm11203267,Meenaakshi Chaudhary,1997,,"[""actress""]","[""tt27540542"", ""tt27487934"", ""tt14279982"", ""tt14039724""]",https://www.imdb.com/name/nm11203267/,False
nm1120624,Suet-Yee Chan,,,"[""actress""]","[""tt0307681"", ""tt32363253"", ""tt12363284"", ""tt2752960""]",https://www.imdb.com/name/nm1120624/,False
nm1121768,Renee Garcia,,,"[""casting_director"", ""producer"", ""writer""]","[""tt26895744"", ""tt13092578"", ""tt28487760"", ""tt16389956""]",https://www.imdb.com/name/nm1121768/,False
nm1121807,Ayda Aksel,1962,,"[""actress""]","[""tt1807950"", ""tt0482366"", ""tt0432807"", ""tt0388189""]",https://www.imdb.com/name/nm1121807/,False
nm1121870,Mahesh Babu,1975,,"[""actor"", ""stunts"", ""producer""]","[""tt2375559"", ""tt0471571"", ""tt1756476"", ""tt4727512""]",https://www.imdb.com/name/nm1121870/,False
nm11223939,Omkar Nautiyal,,,"[""casting_department"", ""actor"", ""casting_director""]","[""tt12347286"", ""tt17425020"", ""tt29120307"", ""tt36491337""]",https://www.imdb.com/name/nm11223939/,False
nm1124802,Laurie Rose,,,"[""cinematographer"", ""camera_department"", ""sound_department""]","[""tt7631058"", ""tt2235695"", ""tt2442560"", ""tt10919380""]",https://www.imdb.com/name/nm1124802/,False
nm1125005,John Schimmel,,,"[""producer"", ""miscellaneous"", ""executive""]","[""tt0233469"", ""tt0462465"", ""tt0425210"", ""tt0402850""]",https://www.imdb.com/name/nm1125005/,False
nm1125053,Nicole Abellera,,,"[""casting_director"", ""casting_department"", ""producer""]","[""tt1232829"", ""tt4139124"", ""tt21227864"", ""tt1126590""]",https://www.imdb.com/name/nm1125053/,False
nm11251166,Anto Jose Periera,,,"[""director"", ""writer""]","[""tt29456979"", ""tt11558628""]",https://www.imdb.com/name/nm11251166/,False
nm11251167,Aby Treesa Paul,,,"[""writer"", ""director""]","[""tt29456979"", ""tt11558628"", ""tt38840106""]",https://www.imdb.com/name/nm11251167/,False
nm11271814,Puskur Ram Mohan Rao,,,"[""producer""]","[""tt15309808"", ""tt15309632"", ""tt23846482"", ""tt32887307""]",https://www.imdb.com/name/nm11271814/,False
nm1128766,Mary Stockley,,,"[""actress""]","[""tt2537176"", ""tt0434409"", ""tt1596365"", ""tt0844330""]",https://www.imdb.com/name/nm1128766/,False
nm1129408,Vijayan,1944,2007,"[""actor"", ""writer""]","[""tt0272153"", ""tt0277547"", ""tt0275259"", ""tt0252229""]",https://www.imdb.com/name/nm1129408/,False
nm1130687,Tejo Damasceno,,,"[""composer"", ""music_department"", ""writer""]","[""tt26255088"", ""tt1587828"", ""tt0303408"", ""tt41236024""]",https://www.imdb.com/name/nm1130687/,False
nm1133372,Yasuhiro Yoshikawa,,,"[""editor"", ""editorial_department""]","[""tt0109277"", ""tt0106417"", ""tt0185066"", ""tt0112513""]",https://www.imdb.com/name/nm1133372/,False
nm1134774,David Stockton,,,"[""cinematographer"", ""camera_department""]","[""tt1118697"", ""tt3749900"", ""tt0370039"", ""tt0141098""]",https://www.imdb.com/name/nm1134774/,False
nm11348699,Jung Yun-Ha,1986,,"[""actress""]","[""tt27802490"", ""tt11535228"", ""tt11285908"", ""tt26450613""]",https://www.imdb.com/name/nm11348699/,False
nm1134945,John Schwab,1972,,"[""actor"", ""director"", ""producer""]","[""tt10048342"", ""tt5057054"", ""tt17491088"", ""tt0203259""]",https://www.imdb.com/name/nm1134945/,False
nm1135423,Darren Lynn Bousman,1979,,"[""director"", ""producer"", ""writer""]","[""tt0963194"", ""tt0432348"", ""tt1480285"", ""tt10342730""]",https://www.imdb.com/name/nm1135423/,False
nm11367690,Athar Siddiqui,,,"[""actor""]","[""tt2556308"", ""tt7529298"", ""tt23865942"", ""tt10956052""]",https://www.imdb.com/name/nm11367690/,False
nm1137264,Glenn McQuaid,1973,,"[""producer"", ""director"", ""writer""]","[""tt2105044"", ""tt0902290"", ""tt1594562"", ""tt1464580""]",https://www.imdb.com/name/nm1137264/,False
nm11379138,Ivan Stojanov,,,"[""actor""]","[""tt13989030""]",https://www.imdb.com/name/nm11379138/,False
nm1138368,Darran Tiernan,,,"[""cinematographer"", ""camera_department"", ""director""]","[""tt30460310"", ""tt15435876"", ""tt2077823"", ""tt0475784""]",https://www.imdb.com/name/nm1138368/,False
nm1138568,Eric Vuillard,,,"[""writer"", ""director"", ""archive_footage""]","[""tt1570629"", ""tt0310313"", ""tt34624313"", ""tt0480279""]",https://www.imdb.com/name/nm1138568/,False
nm1139090,Vasili Leonov,1913,2001,"[""actor""]","[""tt0466103"", ""tt0144111"", ""tt0047021"", ""tt0315844""]",https://www.imdb.com/name/nm1139090/,False
nm1140089,Neil Elman,,,"[""producer"", ""writer"", ""actor""]","[""tt2226162"", ""tt10303430"", ""tt1242432"", ""tt9099102""]",https://www.imdb.com/name/nm1140089/,False
nm1140300,Jessica Lucas,1985,,"[""actress"", ""producer"", ""soundtrack""]","[""tt0475944"", ""tt1288558"", ""tt1060277"", ""tt1921064""]",https://www.imdb.com/name/nm1140300/,False
nm1140492,James Mather,,,"[""cinematographer"", ""camera_department"", ""director""]","[""tt1592525"", ""tt1605717"", ""tt0459124"", ""tt0847820""]",https://www.imdb.com/name/nm1140492/,False
nm1141209,Bernie Diamond,1922,2011,"[""actor"", ""producer""]","[""tt0330136"", ""tt0311614"", ""tt2320087"", ""tt1546420""]",https://www.imdb.com/name/nm1141209/,False
nm11421137,Gong Min-jung,1986,,"[""actress""]","[""tt13086266"", ""tt16303830"", ""tt21828868"", ""tt6955298""]",https://www.imdb.com/name/nm11421137/,False
nm1142688,Eron Sheean,,,"[""cinematographer"", ""director"", ""writer""]","[""tt1535616"", ""tt16916930"", ""tt1835955"", ""tt1034385""]",https://www.imdb.com/name/nm1142688/,False
nm11432333,Kim Jung-woo,1982,,"[""actor""]","[""tt6751668"", ""tt3697626"", ""tt5597408"", ""tt17494686""]",https://www.imdb.com/name/nm11432333/,False
nm1145570,John Erik Kaada,1975,,"[""composer"", ""music_department"", ""actor""]","[""tt29344903"", ""tt0962774"", ""tt3346824"", ""tt1722515""]",https://www.imdb.com/name/nm1145570/,False
nm1145840,Iraklis Mavroidis,,,"[""producer"", ""director"", ""writer""]","[""tt1379182"", ""tt10110614"", ""tt1691323"", ""tt1215889""]",https://www.imdb.com/name/nm1145840/,False
nm1146243,Teddy Sears,1977,,"[""actor"", ""producer"", ""archive_footage""]","[""tt3107288"", ""tt26448526"", ""tt13918776"", ""tt1844624""]",https://www.imdb.com/name/nm1146243/,False
nm1147284,Rita Noriega,,,"[""cinematographer"", ""production_department"", ""camera_department""]","[""tt1715336"", ""tt0287467"", ""tt8286974"", ""tt0278238""]",https://www.imdb.com/name/nm1147284/,False
nm1147677,Amrita Arora,1981,,"[""actress"", ""archive_footage""]","[""tt0319020"", ""tt0476847"", ""tt0313395"", ""tt0456413""]",https://www.imdb.com/name/nm1147677/,False
nm1149785,Laura Beth Love,1981,,"[""cinematographer"", ""camera_department"", ""producer""]","[""tt5720450"", ""tt2890572"", ""tt2027269"", ""tt1265294""]",https://www.imdb.com/name/nm1149785/,False
nm1150863,Sarah Schechter,,,"[""producer"", ""miscellaneous"", ""executive""]","[""tt10172266"", ""tt6264654"", ""tt14856980"", ""tt3332064""]",https://www.imdb.com/name/nm1150863/,False
nm1154632,Lorne Balfe,1976,,"[""composer"", ""music_department"", ""soundtrack""]","[""tt4116284"", ""tt3480822"", ""tt1515091"", ""tt6443346""]",https://www.imdb.com/name/nm1154632/,False
nm1155055,Deanna Dezmari,1979,,"[""actress"", ""producer"", ""soundtrack""]","[""tt10280296"", ""tt0809622"", ""tt0903131"", ""tt40404614""]",https://www.imdb.com/name/nm1155055/,False
nm1155080,John Dunleavy,,,"[""actor"", ""archive_footage""]","[""tt2261391"", ""tt39110524"", ""tt0191010"", ""tt0096919""]",https://www.imdb.com/name/nm1155080/,False
nm1157324,Karena Ka-Yan Lam,1978,,"[""actress"", ""soundtrack""]","[""tt0316023"", ""tt0312886"", ""tt4801606"", ""tt15620158""]",https://www.imdb.com/name/nm1157324/,False
nm1157358,Michelle Monaghan,1976,,"[""actress"", ""producer"", ""archive_footage""]","[""tt2120120"", ""tt0452623"", ""tt0373469"", ""tt0945513""]",https://www.imdb.com/name/nm1157358/,False
nm1159052,Tim Gillis,,,"[""cinematographer"", ""camera_department"", ""director""]","[""tt0427944"", ""tt1645080"", ""tt0266489"", ""tt3766394""]",https://www.imdb.com/name/nm1159052/,False
nm11592668,Kim Ji-hoon,1979,,"[""actor""]","[""tt33550069"", ""tt5597408"", ""tt2969656"", ""tt12504214""]",https://www.imdb.com/name/nm11592668/,False
nm1160306,Aris Servetalis,1976,,"[""actor""]","[""tt7838494"", ""tt1859446"", ""tt10110614"", ""tt0358852""]",https://www.imdb.com/name/nm1160306/,False
nm11608422,Nora Cheichaa,,,"[""actress""]","[""tt17009538"", ""tt27391064"", ""tt31013030"", ""tt20541384""]",https://www.imdb.com/name/nm11608422/,False
nm1161493,Christina Asher,,,"[""casting_director"", ""actress"", ""casting_department""]","[""tt1032751"", ""tt3521164"", ""tt0461097"", ""tt0298228""]",https://www.imdb.com/name/nm1161493/,False
nm11620333,Arun Ajikumar,,,"[""actor"", ""miscellaneous""]","[""tt27431598"", ""tt36596965"", ""tt32362695"", ""tt36302733""]",https://www.imdb.com/name/nm11620333/,False
nm1164138,Meg Ramsay,,,"[""editor"", ""editorial_department"", ""actress""]","[""tt16378210"", ""tt1117394"", ""tt3893538""]",https://www.imdb.com/name/nm1164138/,False
nm1164744,Stuart Gazzard,,,"[""editor"", ""editorial_department""]","[""tt1187064"", ""tt1181791"", ""tt0910554"", ""tt0385705""]",https://www.imdb.com/name/nm1164744/,False
nm1164755,Xavier Gens,1975,,"[""director"", ""assistant_director"", ""producer""]","[""tt0814685"", ""tt1535616"", ""tt13964390"", ""tt0775440""]",https://www.imdb.com/name/nm1164755/,False
nm1167083,Augustus Prew,1987,,"[""actor"", ""archive_footage""]","[""tt1650554"", ""tt0276751"", ""tt1438254"", ""tt0396707""]",https://www.imdb.com/name/nm1167083/,False
nm1167123,Yuwu Qi,1976,,"[""actor"", ""director"", ""soundtrack""]","[""tt0452631"", ""tt2580228"", ""tt1699513"", ""tt1442571""]",https://www.imdb.com/name/nm1167123/,False
nm11689404,Sulaiman Merchant,,,"[""composer"", ""music_department"", ""producer""]","[""tt5460276"", ""tt0439662"", ""tt1182937"", ""tt7431594""]",https://www.imdb.com/name/nm11689404/,False
nm1171090,Angela Lee,1964,,"[""production_manager"", ""producer"", ""camera_department""]","[""tt2463712"", ""tt2709006"", ""tt1486182"", ""tt0960890""]",https://www.imdb.com/name/nm1171090/,False
nm11711534,The Wilders,,,"[""composer""]","[""tt16464084"", ""tt26616302"", ""tt12455884""]",https://www.imdb.com/name/nm11711534/,False
nm11713137,Ito Keitoku,,,"[""actor"", ""archive_footage""]","[""tt12763920"", ""tt31100088"", ""tt27560594"", ""tt6344334""]",https://www.imdb.com/name/nm11713137/,False
nm1172285,Martha Higareda,,,"[""actress"", ""producer"", ""writer""]","[""tt2261227"", ""tt21736218"", ""tt0318292"", ""tt11091696""]",https://www.imdb.com/name/nm1172285/,False
nm1173067,Darío Carreto,,,"[""production_designer"", ""art_director"", ""art_department""]","[""tt1567609"", ""tt0247196"", ""tt0337930"", ""tt5884348""]",https://www.imdb.com/name/nm1173067/,False
nm11750451,Baek Jae-Woo,1998,,"[""actor""]","[""tt11827694"", ""tt13634792"", ""tt30422566"", ""tt16303830""]",https://www.imdb.com/name/nm11750451/,False
nm11754750,Stuart Maxheimer,,,"[""actor""]","[""tt30293453"", ""tt0484243"", ""tt15693760"", ""tt28224056""]",https://www.imdb.com/name/nm11754750/,False
nm1176400,Lucinda Raikes,1971,,"[""actress""]","[""tt1837703"", ""tt1226774"", ""tt0423661"", ""tt0810784""]",https://www.imdb.com/name/nm1176400/,False
nm1177228,Tim Oliver Schultz,1988,,"[""actor"", ""producer"", ""miscellaneous""]","[""tt1063669"", ""tt4942462"", ""tt2398241"", ""tt4544574""]",https://www.imdb.com/name/nm1177228/,False
nm1178125,Scott William Alvarez,,,"[""producer"", ""director"", ""writer""]","[""tt1014687"", ""tt27765002"", ""tt30216991"", ""tt27762438""]",https://www.imdb.com/name/nm1178125/,False
nm11782362,Pavan,,,"[""composer"", ""music_department"", ""actor""]","[""tt30460694"", ""tt28219494"", ""tt12857614"", ""tt32189369""]",https://www.imdb.com/name/nm11782362/,False
nm1178434,Michael Einziger,1976,,"[""actor"", ""composer"", ""music_department""]","[""tt0382992"", ""tt1872181"", ""tt0287978"", ""tt0120177""]",https://www.imdb.com/name/nm1178434/,False
nm1179580,Seu Jorge,1970,,"[""music_artist"", ""music_department"", ""actor""]","[""tt7825208"", ""tt0362270"", ""tt1555149"", ""tt0317248""]",https://www.imdb.com/name/nm1179580/,False
nm11799960,Jayanth Gali,,,"[""director"", ""writer"", ""producer""]","[""tt12857614"", ""tt15834226"", ""tt28357084""]",https://www.imdb.com/name/nm11799960/,False
nm11799963,Akarsh Raj Bhagavathula,,,"[""actor""]","[""tt37996122"", ""tt12857614"", ""tt36895260""]",https://www.imdb.com/name/nm11799963/,False
nm11799965,Sashidhar Chavali,,,"[""writer"", ""editor"", ""director""]","[""tt2631186"", ""tt22036922"", ""tt6056644"", ""tt12857614""]",https://www.imdb.com/name/nm11799965/,False
nm1180694,Panchu Arunachalam,1941,2016,"[""writer"", ""music_department"", ""director""]","[""tt0280642"", ""tt0333705"", ""tt0279171"", ""tt0320606""]",https://www.imdb.com/name/nm1180694/,False
nm11807165,Seth Wiedl,,,"[""actor""]","[""tt18411838"", ""tt12889912""]",https://www.imdb.com/name/nm11807165/,False
nm11813683,Fûga Yamashiro,,,"[""director"", ""assistant_director"", ""art_department""]","[""tt30217403"", ""tt33343397"", ""tt36440312"", ""tt15684222""]",https://www.imdb.com/name/nm11813683/,False
nm1182024,Sven Müller,,,"[""editor"", ""visual_effects""]","[""tt1038953"", ""tt12875782"", ""tt1769066"", ""tt5942646""]",https://www.imdb.com/name/nm1182024/,False
nm1182352,Yunus Sajawal,,,"[""writer"", ""director""]","[""tt2112124"", ""tt4535650"", ""tt9531772"", ""tt11976134""]",https://www.imdb.com/name/nm1182352/,False
nm11824788,Park Soo-bin,1994,,"[""actress""]","[""tt36189325"", ""tt13866142"", ""tt28266107"", ""tt13660270""]",https://www.imdb.com/name/nm11824788/,False
nm11829998,Klaudia Klimka-Bartczak,,,"[""art_department"", ""production_designer"", ""costume_designer""]","[""tt29344903"", ""tt32244931"", ""tt28366637"", ""tt13346966""]",https://www.imdb.com/name/nm11829998/,False
nm11830006,Ignacy Zalewski,,,"[""composer"", ""music_department"", ""soundtrack""]","[""tt18970380"", ""tt30971027"", ""tt0441074"", ""tt35583162""]",https://www.imdb.com/name/nm11830006/,False
nm1185422,Sarah Kruchowski,,,"[""camera_department"", ""director"", ""writer""]","[""tt1019452"", ""tt31340347"", ""tt0989760"", ""tt5526820""]",https://www.imdb.com/name/nm1185422/,False
nm11864914,Akanksha Pandey,,,"[""actress""]","[""tt10350626"", ""tt28089700"", ""tt16141850"", ""tt27826850""]",https://www.imdb.com/name/nm11864914/,False
nm11870936,Aminata Belli,1992,,"[""actress"", ""archive_footage"", ""archive_sound""]","[""tt14917354"", ""tt26691813"", ""tt28446841"", ""tt13648914""]",https://www.imdb.com/name/nm11870936/,False
nm11894037,Taufan Adryan,,,"[""producer""]","[""tt14807346"", ""tt27490380"", ""tt13081264"", ""tt33362918""]",https://www.imdb.com/name/nm11894037/,False
nm1189762,Darshan Jariwala,1958,,"[""actor"", ""archive_footage""]","[""tt1647668"", ""tt0459293"", ""tt1821480"", ""tt2077833""]",https://www.imdb.com/name/nm1189762/,False
nm1190372,Crazy Mohan,1952,2019,"[""writer"", ""actor"", ""script_department""]","[""tt2258337"", ""tt0317239"", ""tt0233422"", ""tt0116630""]",https://www.imdb.com/name/nm1190372/,False
nm1190757,Matthew Putland,,,"[""production_designer"", ""art_department"", ""art_director""]","[""tt2397535"", ""tt1072748"", ""tt2126355"", ""tt0433362""]",https://www.imdb.com/name/nm1190757/,False
nm1193100,Michael Jacques,,,"[""actor"", ""producer"", ""composer""]","[""tt0810788"", ""tt2481500"", ""tt4845734"", ""tt3976258""]",https://www.imdb.com/name/nm1193100/,False
nm1193571,Salah Abdalla,1955,,"[""actor"", ""music_department"", ""soundtrack""]","[""tt0323303"", ""tt1400438"", ""tt3957098"", ""tt1584021""]",https://www.imdb.com/name/nm1193571/,False
nm1196042,Devi Sri Prasad,1979,,"[""writer"", ""composer"", ""music_department""]","[""tt7392212"", ""tt9389998"", ""tt16539454"", ""tt2375559""]",https://www.imdb.com/name/nm1196042/,False
nm1196155,Shalimar Reodica,,,"[""casting_department"", ""casting_director""]","[""tt0405336"", ""tt0387808"", ""tt0314353"", ""tt0424774""]",https://www.imdb.com/name/nm1196155/,False
nm1197031,George Zlatarev,1971,,"[""actor"", ""stunts""]","[""tt2537176"", ""tt0816462"", ""tt1764651"", ""tt1043726""]",https://www.imdb.com/name/nm1197031/,False
nm1197230,James Gaylyn,1954,,"[""actor"", ""archive_footage""]","[""tt13560574"", ""tt0398808"", ""tt4779682"", ""tt0499549""]",https://www.imdb.com/name/nm1197230/,False
nm1197640,Ali Davis,,,"[""actress"", ""writer""]","[""tt0483631"", ""tt0292374"", ""tt4841262"", ""tt12559610""]",https://www.imdb.com/name/nm1197640/,False
nm1197689,Sandra Hüller,1978,,"[""actress"", ""miscellaneous"", ""soundtrack""]","[""tt17009710"", ""tt4048272"", ""tt7160372"", ""tt12042730""]",https://www.imdb.com/name/nm1197689/,False
nm1197737,Carmen Machi,1963,,"[""actress"", ""soundtrack"", ""archive_footage""]","[""tt0440981"", ""tt0192877"", ""tt0913425"", ""tt10399608""]",https://www.imdb.com/name/nm1197737/,False
nm1197989,Kim Jae-beom,,,"[""editor"", ""editorial_department"", ""actor""]","[""tt4016934"", ""tt6878038"", ""tt0451094"", ""tt4768764""]",https://www.imdb.com/name/nm1197989/,False
nm1198628,Sunil,1974,,"[""actor""]","[""tt9389998"", ""tt11663228"", ""tt9537292"", ""tt20850406""]",https://www.imdb.com/name/nm1198628/,False
nm11989089,Yoon Jung-Hoon,1994,,"[""actor""]","[""tt27802490"", ""tt12560244"", ""tt20234568"", ""tt13885376""]",https://www.imdb.com/name/nm11989089/,False
nm1200153,Matt Sullivan,,,"[""music_department"", ""soundtrack"", ""actor""]","[""tt6139732"", ""tt2771200"", ""tt0427327"", ""tt0443489""]",https://www.imdb.com/name/nm1200153/,False
nm1200240,Ilka Valcheva,,,"[""assistant_director"", ""casting_department"", ""casting_director""]","[""tt0465494"", ""tt0271451"", ""tt0305831"", ""tt0387007""]",https://www.imdb.com/name/nm1200240/,False
nm1201852,Tobias Aspelin,1968,,"[""actor""]","[""tt0421947"", ""tt6433844"", ""tt1534083"", ""tt0871900""]",https://www.imdb.com/name/nm1201852/,False
nm1202823,Emin Gürsoy,1968,,"[""actor"", ""writer"", ""archive_footage""]","[""tt3698408"", ""tt2608224"", ""tt8696440"", ""tt10763914""]",https://www.imdb.com/name/nm1202823/,False
nm12064502,Raaju Bonagaani,,,"[""director"", ""writer"", ""visual_effects""]","[""tt2375559"", ""tt7392212"", ""tt13927994"", ""tt37048172""]",https://www.imdb.com/name/nm12064502/,False
nm1208167,Diane Kruger,1976,,"[""actress"", ""producer"", ""miscellaneous""]","[""tt0361748"", ""tt5723272"", ""tt0368891"", ""tt1401152""]",https://www.imdb.com/name/nm1208167/,False
nm1209191,Kurume Arisaka,,,"[""actress""]","[""tt0286751"", ""tt1880452"", ""tt1787342"", ""tt1318533""]",https://www.imdb.com/name/nm1209191/,False
nm12092085,Jennifer Cox,,,"[""cinematographer"", ""director"", ""editor""]","[""tt0096087"", ""tt33037406"", ""tt0113416"", ""tt3460064""]",https://www.imdb.com/name/nm12092085/,False
nm1209923,Ryô Hirohashi,1978,,"[""actress"", ""soundtrack"", ""archive_footage""]","[""tt0367413"", ""tt0454943"", ""tt3124992"", ""tt0479161""]",https://www.imdb.com/name/nm1209923/,False
nm1210703,Chutcha Rujinanon,,,"[""actress""]","[""tt0325655"", ""tt16697972"", ""tt1135961"", ""tt31843876""]",https://www.imdb.com/name/nm1210703/,False
nm1211132,Karin de Frumerie,1978,,"[""actress""]","[""tt4080728"", ""tt1067733"", ""tt9100986"", ""tt1301313""]",https://www.imdb.com/name/nm1211132/,False
nm1211488,Lynn Collins,1977,,"[""actress"", ""archive_footage""]","[""tt0458525"", ""tt0401729"", ""tt0379889"", ""tt0343660""]",https://www.imdb.com/name/nm1211488/,False
nm1212803,Jill the Dog,,,"[""actress"", ""archive_footage""]","[""tt0119822"", ""tt0289889""]",https://www.imdb.com/name/nm1212803/,False
nm12130636,Tabah Furqon,,,"[""music_department"", ""composer""]","[""tt14773940"", ""tt27162200"", ""tt13484872"", ""tt27490380""]",https://www.imdb.com/name/nm12130636/,False
nm1213504,Philip McGrade,,,"[""writer"", ""actor"", ""archive_footage""]","[""tt0892769"", ""tt0325352"", ""tt0437729"", ""tt1646971""]",https://www.imdb.com/name/nm1213504/,False
nm1213989,Lalith Sharma,,,"[""actor""]","[""tt0460394"", ""tt0277944"", ""tt0282883"", ""tt1111869""]",https://www.imdb.com/name/nm1213989/,False
nm1214281,Jack Weyland,,,"[""writer""]","[""tt0330136"", ""tt0151959""]",https://www.imdb.com/name/nm1214281/,False
nm12154661,Kang Ye Na,,,"[""actress""]","[""tt13866142"", ""tt18286348"", ""tt13660270""]",https://www.imdb.com/name/nm12154661/,False
nm12154662,Jung Ji Yeon,,,"[""actress""]","[""tt13866142"", ""tt17499474"", ""tt23575410"", ""tt13660270""]",https://www.imdb.com/name/nm12154662/,False
nm12155509,Ayax Pedrosa,,,"[""actor"", ""soundtrack""]","[""tt14722598"", ""tt10978398"", ""tt18273742"", ""tt13660916""]",https://www.imdb.com/name/nm12155509/,False
nm12156111,Jeff Reynolds,,,"[""producer"", ""actor""]","[""tt19716742"", ""tt11257142"", ""tt10230590"", ""tt18411838""]",https://www.imdb.com/name/nm12156111/,False
nm12156648,Yuu Toyota,,,"[""writer""]","[""tt13243836"", ""tt19632738"", ""tt24640240"", ""tt38017221""]",https://www.imdb.com/name/nm12156648/,False
nm1215909,Tamara Blaich,,,"[""producer"", ""miscellaneous"", ""camera_department""]","[""tt2443022"", ""tt1524594"", ""tt11363282"", ""tt0469974""]",https://www.imdb.com/name/nm1215909/,False
nm1216826,Igor Zhizhikin,1965,,"[""actor""]","[""tt0367882"", ""tt0309377"", ""tt1656190"", ""tt1846589""]",https://www.imdb.com/name/nm1216826/,False
nm1216911,Hani Khalifa,1970,,"[""director"", ""actor"", ""assistant_director""]","[""tt0328349"", ""tt31013030"", ""tt4816308"", ""tt8409796""]",https://www.imdb.com/name/nm1216911/,False
nm1218624,Master Harsha,,,"[""actor""]","[""tt0112553"", ""tt0226786"", ""tt15478320""]",https://www.imdb.com/name/nm1218624/,False
nm12189220,Advait Sawant,,,"[""music_department"", ""composer"", ""sound_department""]","[""tt8366590"", ""tt26733317"", ""tt11322616"", ""tt14332510""]",https://www.imdb.com/name/nm12189220/,False
nm1220246,Bala,1966,,"[""writer"", ""director"", ""producer""]","[""tt0265730"", ""tt2542406"", ""tt1379228"", ""tt0376076""]",https://www.imdb.com/name/nm1220246/,False
nm1220329,Olivia Bohnhoff Harris,1976,,"[""writer"", ""producer"", ""director""]","[""tt0323120"", ""tt1429045"", ""tt1785355"", ""tt0386464""]",https://www.imdb.com/name/nm1220329/,False
nm1221047,Keegan-Michael Key,1971,,"[""actor"", ""writer"", ""producer""]","[""tt4139124"", ""tt6166392"", ""tt1924435"", ""tt6718170""]",https://www.imdb.com/name/nm1221047/,False
nm12214041,Manila Santoshi,,,"[""producer""]","[""tt13801462""]",https://www.imdb.com/name/nm12214041/,False
nm1221759,Magdalena Schejbal,1980,,"[""actress""]","[""tt0322423"", ""tt1802698"", ""tt1726304"", ""tt33377450""]",https://www.imdb.com/name/nm1221759/,False
nm12228947,Tanisha Santoshi,,,"[""director"", ""actress""]","[""tt13801462"", ""tt25398376"", ""tt25486650""]",https://www.imdb.com/name/nm12228947/,False
nm1224078,Lawrence Inglee,,,"[""producer"", ""actor"", ""production_department""]","[""tt0790712"", ""tt4034354"", ""tt0319262"", ""tt1131724""]",https://www.imdb.com/name/nm1224078/,False
nm1224082,Boman Irani,1959,,"[""actor"", ""music_department"", ""director""]","[""tt1187043"", ""tt0374887"", ""tt15428134"", ""tt1285241""]",https://www.imdb.com/name/nm1224082/,False
nm1224429,Nitya Mehra,,,"[""director"", ""assistant_director"", ""producer""]","[""tt6494622"", ""tt31215866"", ""tt0461936"", ""tt0454876""]",https://www.imdb.com/name/nm1224429/,False
nm1224445,Salim Merchant,,,"[""music_artist"", ""composer"", ""music_department""]","[""tt0432637"", ""tt0441048"", ""tt0871510"", ""tt0422091""]",https://www.imdb.com/name/nm1224445/,False
nm1226448,Neha Dhupia,1980,,"[""actress"", ""producer""]","[""tt13028258"", ""tt1146325"", ""tt6791730"", ""tt0464160""]",https://www.imdb.com/name/nm1226448/,False
nm1226506,Nadeem Khan,1951,,"[""cinematographer"", ""camera_department"", ""director""]","[""tt0396255"", ""tt0302058"", ""tt0109010"", ""tt0164550""]",https://www.imdb.com/name/nm1226506/,False
nm1227152,Patrick Censoplano,,,"[""actor"", ""director"", ""writer""]","[""tt0413573"", ""tt1016075"", ""tt0483631""]",https://www.imdb.com/name/nm1227152/,False
nm12273420,Wekaforé Jibril,,,"[""actor"", ""writer""]","[""tt14722598"", ""tt13936152"", ""tt0390699""]",https://www.imdb.com/name/nm12273420/,False
nm1227484,Kasra Farahani,,,"[""production_designer"", ""director"", ""art_department""]","[""tt9140554"", ""tt10676052"", ""tt1014759"", ""tt0381849""]",https://www.imdb.com/name/nm1227484/,False
nm12281283,R. Sathyanarayan,,,"[""editor"", ""editorial_department""]","[""tt2302966"", ""tt5080556"", ""tt15309808"", ""tt30442008""]",https://www.imdb.com/name/nm12281283/,False
nm1228655,Emmanuelle Prévost,,,"[""casting_director"", ""casting_department""]","[""tt0808417"", ""tt32138452"", ""tt0373690"", ""tt9172422""]",https://www.imdb.com/name/nm1228655/,False
nm12299201,Rajesh Pinnadan,,,"[""writer""]","[""tt13998526"", ""tt15043686"", ""tt3567368"", ""tt29456979""]",https://www.imdb.com/name/nm12299201/,False
nm1229940,Katrina Kaif,1984,,"[""actress"", ""archive_footage""]","[""tt1562872"", ""tt2016894"", ""tt2176013"", ""tt1833673""]",https://www.imdb.com/name/nm1229940/,False
nm1229951,Marie Kremer,1982,,"[""actress"", ""writer"", ""director""]","[""tt0387898"", ""tt0329232"", ""tt1669798"", ""tt1288631""]",https://www.imdb.com/name/nm1229951/,False
nm1230484,Jason Christopher Mercer,,,"[""producer"", ""director"", ""writer""]","[""tt0379287"", ""tt0396250"", ""tt0446011"", ""tt0768218""]",https://www.imdb.com/name/nm1230484/,False
nm1231899,Priyanka Chopra Jonas,1982,,"[""actress"", ""producer"", ""miscellaneous""]","[""tt2082197"", ""tt1469304"", ""tt3735246"", ""tt8902990""]",https://www.imdb.com/name/nm1231899/,False
nm1232058,Marcello De Francisci,,,"[""composer"", ""music_department"", ""sound_department""]","[""tt0416779"", ""tt1821549"", ""tt1111876"", ""tt7433720""]",https://www.imdb.com/name/nm1232058/,False
nm12322331,Hiroyuki Aoi,,,"[""producer"", ""music_department"", ""miscellaneous""]","[""tt30217403"", ""tt13311344"", ""tt32395862"", ""tt28776190""]",https://www.imdb.com/name/nm12322331/,False
nm1234298,Konkona Sen Sharma,1979,,"[""actress"", ""writer"", ""director""]","[""tt0488414"", ""tt1324059"", ""tt0443708"", ""tt27989067""]",https://www.imdb.com/name/nm1234298/,False
nm1235052,Eva van de Wijdeven,1985,,"[""actress"", ""visual_effects""]","[""tt3471980"", ""tt0940688"", ""tt1674553"", ""tt1438539""]",https://www.imdb.com/name/nm1235052/,False
nm12350612,Dalia Al Nassir,,,"[""editor""]","[""tt13043436""]",https://www.imdb.com/name/nm12350612/,False
nm1235467,Bruno Rosato,1972,,"[""casting_director"", ""casting_department"", ""producer""]","[""tt0366627"", ""tt7971956"", ""tt10275534"", ""tt0270288""]",https://www.imdb.com/name/nm1235467/,False
nm1235592,Heather Beers,,,"[""actress""]","[""tt0330136"", ""tt0488658"", ""tt3003470"", ""tt0391104""]",https://www.imdb.com/name/nm1235592/,False
nm1235719,Olga Lapshina,1962,,"[""actress""]","[""tt2190483"", ""tt2802154"", ""tt11258824"", ""tt16408428""]",https://www.imdb.com/name/nm1235719/,False
nm1236357,Sethu Sriram,,,"[""cinematographer"", ""camera_department"", ""director""]","[""tt1084972"", ""tt0172684"", ""tt2283748"", ""tt0164538""]",https://www.imdb.com/name/nm1236357/,False
nm12375364,Benidictus Siregar,,,"[""actor"", ""miscellaneous""]","[""tt10681664"", ""tt36468125"", ""tt14176796"", ""tt39411276""]",https://www.imdb.com/name/nm12375364/,False
nm1237586,Étant Donnés,,,"[""director"", ""composer"", ""actor""]","[""tt7948452"", ""tt0310313"", ""tt7945208""]",https://www.imdb.com/name/nm1237586/,False
nm12378183,Allison Ye,,,"[""actress""]","[""tt36460793"", ""tt0121955"", ""tt25947954"", ""tt27399130""]",https://www.imdb.com/name/nm12378183/,False
nm12381967,Shweta Avasthi,1994,,"[""actress""]","[""tt31242102"", ""tt4882540"", ""tt26962348"", ""tt15164524""]",https://www.imdb.com/name/nm12381967/,False
nm1238286,Sunil Manchanda,,,"[""producer"", ""actor""]","[""tt1532957"", ""tt0374271"", ""tt0976026"", ""tt3398048""]",https://www.imdb.com/name/nm1238286/,False
nm1239185,Janine Whetten Gilbert,,,"[""writer"", ""script_department""]","[""tt0330136"", ""tt29433133""]",https://www.imdb.com/name/nm1239185/,False
nm1239252,Vladimir Zintov,,,"[""actor""]","[""tt0310313""]",https://www.imdb.com/name/nm1239252/,False
nm1239813,Alexandra MacDonald,1988,,"[""producer"", ""director"", ""actor""]","[""tt34379923"", ""tt5583512"", ""tt5691670"", ""tt2234222""]",https://www.imdb.com/name/nm1239813/,False
nm1240710,Mary Merrill,,,"[""actress"", ""producer""]","[""tt0330136""]",https://www.imdb.com/name/nm1240710/,False
nm1241555,Jitendra Joshi,1978,,"[""actor"", ""music_department"", ""producer""]","[""tt13098894"", ""tt26332440"", ""tt6077448"", ""tt29437878""]",https://www.imdb.com/name/nm1241555/,False
nm1241589,Sarfaraz Khan,1976,,"[""actor"", ""miscellaneous"", ""art_director""]","[""tt0200087"", ""tt1084972"", ""tt1010048"", ""tt0400234""]",https://www.imdb.com/name/nm1241589/,False
nm1241838,Aaron Merrill,,,"[""sound_department"", ""composer"", ""producer""]","[""tt2887322"", ""tt3735554"", ""tt0330136"", ""tt0923612""]",https://www.imdb.com/name/nm1241838/,False
nm12433556,Kelly Flogell,,,"[""actor""]","[""tt13316790""]",https://www.imdb.com/name/nm12433556/,False
nm1243731,Shekhar Ravjiani,,,"[""music_artist"", ""composer"", ""music_department""]","[""tt1562871"", ""tt1024943"", ""tt2112124"", ""tt7430722""]",https://www.imdb.com/name/nm1243731/,False
nm12437884,Jan Reynolds,,,"[""producer"", ""actress""]","[""tt18411838"", ""tt14329446"", ""tt10230590""]",https://www.imdb.com/name/nm12437884/,False
nm12438631,Mohammed Alsaadi,,,"[""producer""]","[""tt2364114"", ""tt8503508"", ""tt11187484"", ""tt4840206""]",https://www.imdb.com/name/nm12438631/,False
nm1244249,Michelle Carmichael,,,"[""actress"", ""camera_department""]","[""tt1001508"", ""tt7587890"", ""tt0462505"", ""tt14633300""]",https://www.imdb.com/name/nm1244249/,False
nm12456405,Michele Song,,,"[""actress"", ""writer"", ""producer""]","[""tt30487625"", ""tt15005606"", ""tt10629014"", ""tt33044487""]",https://www.imdb.com/name/nm12456405/,False
nm1247462,Christopher Smith,1970,,"[""director"", ""writer"", ""producer""]","[""tt1187064"", ""tt0464196"", ""tt1181791"", ""tt0381966""]",https://www.imdb.com/name/nm1247462/,False
nm12475542,Jana Claire Price,,,"[""director"", ""editor"", ""actress""]","[""tt21330280"", ""tt10713340"", ""tt14960274""]",https://www.imdb.com/name/nm12475542/,False
nm12475543,Ian Jones,,,"[""actor""]","[""tt10713340""]",https://www.imdb.com/name/nm12475543/,False
nm1248285,Magdalena Górka,,,"[""cinematographer"", ""camera_department""]","[""tt13966962"", ""tt12327578"", ""tt14208870"", ""tt8416494""]",https://www.imdb.com/name/nm1248285/,False
nm12494183,Clara Galle,2002,,"[""actress""]","[""tt14463484"", ""tt33029688"", ""tt22188654"", ""tt28105944""]",https://www.imdb.com/name/nm12494183/,False
nm12494184,Natalia Azahara,2000,,"[""actress""]","[""tt14463484"", ""tt32095441"", ""tt32155744"", ""tt24695266""]",https://www.imdb.com/name/nm12494184/,False
nm12494185,Ariana Godoy,1990,,"[""writer""]","[""tt14463484"", ""tt21245882"", ""tt23899310"", ""tt28105944""]",https://www.imdb.com/name/nm12494185/,False
nm12498583,Park Jae-hong,1988,,"[""actor""]","[""tt1153040"", ""tt21874396"", ""tt9541602"", ""tt7056732""]",https://www.imdb.com/name/nm12498583/,False
nm12501094,Azela Putri,,,"[""actress""]","[""tt42697813"", ""tt31601350"", ""tt31109262"", ""tt14490962""]",https://www.imdb.com/name/nm12501094/,False
nm12509098,Anand Aras,,,"[""actor""]","[""tt12857614""]",https://www.imdb.com/name/nm12509098/,False
nm12509100,Vijayatha Alur,,,"[""actress""]","[""tt12857614""]",https://www.imdb.com/name/nm12509100/,False
nm12509101,Rahul Bansal,,,"[""actor""]","[""tt12857614""]",https://www.imdb.com/name/nm12509101/,False
nm12509106,Ajith,,,"[""actor""]","[""tt12857614""]",https://www.imdb.com/name/nm12509106/,False
nm12509112,Anagha,,,"[""actress""]","[""tt12857614""]",https://www.imdb.com/name/nm12509112/,False
nm12509114,Bhuvan,,,"[""actor""]","[""tt12857614""]",https://www.imdb.com/name/nm12509114/,False
nm12509116,Dr. Bhagyashree,,,"[""actress""]","[""tt12857614""]",https://www.imdb.com/name/nm12509116/,False
nm12509119,Alvin,,,"[""actor""]","[""tt12857614""]",https://www.imdb.com/name/nm12509119/,False
nm1252883,Pierre Proner,,,"[""producer"", ""production_manager"", ""editorial_department""]","[""tt2313112"", ""tt0306734"", ""tt0382073"", ""tt0896923""]",https://www.imdb.com/name/nm1252883/,False
nm1253386,Zsuzsa Szabados,1950,,"[""actress""]","[""tt2071550"", ""tt23546320"", ""tt11993736"", ""tt2282455""]",https://www.imdb.com/name/nm1253386/,False
nm1256292,Bobby Johnston,1967,,"[""music_department"", ""composer"", ""soundtrack""]","[""tt9445054"", ""tt0477139"", ""tt0443496"", ""tt2614776""]",https://www.imdb.com/name/nm1256292/,False
nm1257110,Jessica Ferrarone,,,"[""actress""]","[""tt0369339"", ""tt0106079"", ""tt0452668"", ""tt0056758""]",https://www.imdb.com/name/nm1257110/,False
nm1258384,Keyan Safyari,,,"[""cinematographer"", ""camera_department"", ""director""]","[""tt28814949"", ""tt15711284"", ""tt22029066"", ""tt22075596""]",https://www.imdb.com/name/nm1258384/,False
nm1258970,Russell Brand,1975,,"[""producer"", ""writer"", ""actor""]","[""tt1334512"", ""tt0800039"", ""tt1226229"", ""tt1336608""]",https://www.imdb.com/name/nm1258970/,False
nm1259084,Manoj Joshi,1965,,"[""actor""]","[""tt0238936"", ""tt0200087"", ""tt3595298"", ""tt0422091""]",https://www.imdb.com/name/nm1259084/,False
nm1259124,Grzegorz Malecki,1975,,"[""actor"", ""miscellaneous""]","[""tt0441074"", ""tt1319358"", ""tt1511447"", ""tt5104362""]",https://www.imdb.com/name/nm1259124/,False
nm1260769,Simona Huelsemann,,,"[""actress""]","[""tt0310313"", ""tt1270702""]",https://www.imdb.com/name/nm1260769/,False
nm12608830,Flo Fagerli,,,"[""actress""]","[""tt29344903"", ""tt21636200"", ""tt23782584"", ""tt31114203""]",https://www.imdb.com/name/nm12608830/,False
nm12623975,Cuentos Rosales,,,"[""actress""]","[""tt14722598"", ""tt6136416""]",https://www.imdb.com/name/nm12623975/,False
nm1262626,Mads Heldtberg,1980,,"[""composer"", ""sound_department"", ""music_department""]","[""tt1853739"", ""tt1984153"", ""tt0396184"", ""tt2530936""]",https://www.imdb.com/name/nm1262626/,False
nm12638950,Arnand Pratikto,,,"[""cinematographer"", ""actor""]","[""tt27490380"", ""tt30320624"", ""tt13393058"", ""tt41178575""]",https://www.imdb.com/name/nm12638950/,False
nm1263939,Danielle Panabaker,,,"[""actress"", ""director"", ""producer""]","[""tt3107288"", ""tt0405325"", ""tt0758746"", ""tt0376591""]",https://www.imdb.com/name/nm1263939/,False
nm1265212,Benjamin Beatty,1994,,"[""actor""]","[""tt6290798"", ""tt0475290""]",https://www.imdb.com/name/nm1265212/,False
nm1265802,Josh Gad,1981,,"[""actor"", ""producer"", ""writer""]","[""tt2294629"", ""tt2120120"", ""tt0478087"", ""tt2771200""]",https://www.imdb.com/name/nm1265802/,False
nm1265901,Jamie Gross,1983,,"[""editor"", ""editorial_department"", ""miscellaneous""]","[""tt2704998"", ""tt28014327"", ""tt1470023"", ""tt2398249""]",https://www.imdb.com/name/nm1265901/,False
nm1266267,Ben Kutchins,,,"[""cinematographer"", ""camera_department"", ""director""]","[""tt13406094"", ""tt5071412"", ""tt2560078"", ""tt5114356""]",https://www.imdb.com/name/nm1266267/,False
nm12676704,Brittney Rodriguez,,,"[""actress"", ""production_department""]","[""tt13453006"", ""tt28607951""]",https://www.imdb.com/name/nm12676704/,False
nm1267703,Zorana Bećić Đorđević,1981,,"[""actress""]","[""tt0331282"", ""tt22054934"", ""tt11007190"", ""tt2807024""]",https://www.imdb.com/name/nm1267703/,False
nm12679853,Danish Maniyar,,,"[""director"", ""producer"", ""actor""]","[""tt2582576"", ""tt1811315"", ""tt13316790"", ""tt9894470""]",https://www.imdb.com/name/nm12679853/,False
nm1268669,Salvador Gueorguiev,,,"[""actor""]","[""tt0310313""]",https://www.imdb.com/name/nm1268669/,False
nm1268885,Marija Jaksic,1978,,"[""actress""]","[""tt0331282"", ""tt0317851"", ""tt0834013"", ""tt1310583""]",https://www.imdb.com/name/nm1268885/,False
nm1269941,Andre Relis,,,"[""producer"", ""director"", ""executive""]","[""tt9689696"", ""tt1800393"", ""tt3491962"", ""tt9139586""]",https://www.imdb.com/name/nm1269941/,False
nm1269950,Silvia Rey,,,"[""actress"", ""assistant_director"", ""casting_director""]","[""tt0337913"", ""tt0475464"", ""tt8476166"", ""tt1381020""]",https://www.imdb.com/name/nm1269950/,False
nm1270495,Ivan Velichkov,,,"[""actor""]","[""tt0310313""]",https://www.imdb.com/name/nm1270495/,False
nm12705718,Nicholas Sampson,,,"[""actor"", ""producer""]","[""tt21616778"", ""tt32889151"", ""tt29567402"", ""tt14909354""]",https://www.imdb.com/name/nm12705718/,False
nm1270585,Skip Williamson,,,"[""producer"", ""music_department"", ""actor""]","[""tt1034032"", ""tt0479884"", ""tt0320691"", ""tt3717252""]",https://www.imdb.com/name/nm1270585/,False
nm1270715,Nicolas van Pallandt,,2006,"[""writer"", ""director"", ""editor""]","[""tt0418851"", ""tt1414378"", ""tt0098883"", ""tt0193668""]",https://www.imdb.com/name/nm1270715/,False
nm1272540,Omar Metwally,1974,,"[""actor"", ""writer""]","[""tt2699110"", ""tt0804522"", ""tt0408306"", ""tt4158110""]",https://www.imdb.com/name/nm1272540/,False
nm12727423,Nevenka Fernández,,,"[""writer""]","[""tt30973261"", ""tt14091172""]",https://www.imdb.com/name/nm12727423/,False
nm12728423,Emilia Lazo,,,"[""actress""]","[""tt14463484"", ""tt32410269"", ""tt28105944"", ""tt21245882""]",https://www.imdb.com/name/nm12728423/,False
nm1272851,Szu-Ying Pu,,,"[""casting_director"", ""costume_designer"", ""miscellaneous""]","[""tt6295898"", ""tt7521858""]",https://www.imdb.com/name/nm1272851/,False
nm1273063,Craig Siebels,,,"[""producer"", ""director"", ""production_designer""]","[""tt11794812"", ""tt0810788"", ""tt4396630"", ""tt11055882""]",https://www.imdb.com/name/nm1273063/,False
nm1273488,Jianjun Zhou,,,"[""actor""]","[""tt11616674"", ""tt15165236"", ""tt0339546"", ""tt0343663""]",https://www.imdb.com/name/nm1273488/,False
nm12737026,Missy Jane,,,"[""actress""]","[""tt18411838"", ""tt11650502"", ""tt14803898""]",https://www.imdb.com/name/nm12737026/,False
nm1273830,Scott Peat,1974,,"[""actor"", ""writer"", ""producer""]","[""tt27444205"", ""tt3138122"", ""tt33204276"", ""tt3468798""]",https://www.imdb.com/name/nm1273830/,False
nm1277293,Uday Sabnis,,,"[""actor"", ""miscellaneous"", ""music_department""]","[""tt1305797"", ""tt10648342"", ""tt15654328"", ""tt16539454""]",https://www.imdb.com/name/nm1277293/,False
nm12772960,Eunjung Lim,,,"[""producer""]","[""tt16303830"", ""tt38626703""]",https://www.imdb.com/name/nm12772960/,False
nm1277705,Uday Tikekar,1960,,"[""actor""]","[""tt2082197"", ""tt3405236"", ""tt13491110"", ""tt9531772""]",https://www.imdb.com/name/nm1277705/,False
nm1278335,Leo Alkemade,1980,,"[""actor"", ""writer"", ""archive_footage""]","[""tt3487478"", ""tt5490310"", ""tt3422496"", ""tt38816122""]",https://www.imdb.com/name/nm1278335/,False
nm12802727,Amets Otxoa,,,"[""actor""]","[""tt10399608"", ""tt23554012"", ""tt32306399"", ""tt16437242""]",https://www.imdb.com/name/nm12802727/,False
nm12828686,Deepshika,,,"[""actress""]","[""tt15309808"", ""tt28961625"", ""tt35745479"", ""tt42316559""]",https://www.imdb.com/name/nm12828686/,False
nm1285142,Pietro Martinelli,,,"[""actor"", ""writer""]","[""tt7660450"", ""tt0214265""]",https://www.imdb.com/name/nm1285142/,False
nm1285540,Kellee Stewart,1976,,"[""actress"", ""writer"", ""producer""]","[""tt0372237"", ""tt1231587"", ""tt2637294"", ""tt0416658""]",https://www.imdb.com/name/nm1285540/,False
nm1287677,Elena May-Yee Kong,1971,,"[""actress""]","[""tt0390272"", ""tt23019442"", ""tt0441511"", ""tt1329454""]",https://www.imdb.com/name/nm1287677/,False
nm12878952,Charlie Reid,,,"[""actor""]","[""tt13515090"", ""tt43746062"", ""tt29315015"", ""tt6930962""]",https://www.imdb.com/name/nm12878952/,False
nm1288150,Jabez Olssen,1975,,"[""editor"", ""editorial_department"", ""producer""]","[""tt0167261"", ""tt1170358"", ""tt3748528"", ""tt31036941""]",https://www.imdb.com/name/nm1288150/,False
nm1294189,Ben Parkinson,,,"[""casting_director"", ""casting_department"", ""production_manager""]","[""tt6823886"", ""tt31888498"", ""tt19864802"", ""tt29516222""]",https://www.imdb.com/name/nm1294189/,False
nm12953205,Mark Eydelshteyn,2002,,"[""actor"", ""director"", ""writer""]","[""tt28607951"", ""tt15528494"", ""tt14044212"", ""tt32378615""]",https://www.imdb.com/name/nm12953205/,False
nm1295721,Alice de Lencquesaing,1991,,"[""actress"", ""assistant_director"", ""director""]","[""tt2414702"", ""tt2399501"", ""tt2215221"", ""tt0836700""]",https://www.imdb.com/name/nm1295721/,False
nm1296554,Ben Wheatley,1972,,"[""director"", ""writer"", ""producer""]","[""tt4158096"", ""tt1788391"", ""tt2023690"", ""tt13429362""]",https://www.imdb.com/name/nm1296554/,False
nm1296572,Tse Lin Yang,,,"[""actor""]","[""tt0287704"", ""tt0274839"", ""tt0446248"", ""tt0097244""]",https://www.imdb.com/name/nm1296572/,False
nm1296796,Kyôko Inoue,,,"[""actress""]","[""tt1452930"", ""tt1677595"", ""tt10754758"", ""tt3996906""]",https://www.imdb.com/name/nm1296796/,False
nm1297015,Emma Stone,1988,,"[""actress"", ""producer"", ""soundtrack""]","[""tt3783958"", ""tt1282140"", ""tt14230458"", ""tt1454029""]",https://www.imdb.com/name/nm1297015/,False
nm12970572,Malak Badawi,,,"[""actress""]","[""tt11879280"", ""tt28276128"", ""tt31013030"", ""tt35982880""]",https://www.imdb.com/name/nm12970572/,False
nm1300303,Svetlana Khodchenkova,1983,,"[""actress"", ""director"", ""writer""]","[""tt1340800"", ""tt1430132"", ""tt8454312"", ""tt1291064""]",https://www.imdb.com/name/nm1300303/,False
nm1300851,Kalyana Ramana,,,"[""composer"", ""music_department"", ""sound_department""]","[""tt1447500"", ""tt2631186"", ""tt4849438"", ""tt1830477""]",https://www.imdb.com/name/nm1300851/,False
nm1300956,Sanjay Masoomm,,,"[""writer"", ""miscellaneous"", ""music_department""]","[""tt2203308"", ""tt0432637"", ""tt5460276"", ""tt2574698""]",https://www.imdb.com/name/nm1300956/,False
nm1302330,Murli Sharma,1972,,"[""actor"", ""costume_department""]","[""tt9537292"", ""tt3848892"", ""tt20850406"", ""tt0473367""]",https://www.imdb.com/name/nm1302330/,False
nm1302612,Suat Sungur,1961,,"[""actor"", ""archive_footage""]","[""tt14883904"", ""tt33504617"", ""tt0422429"", ""tt0427427""]",https://www.imdb.com/name/nm1302612/,False
nm1304911,Yvon Fustec,,,"[""art_department"", ""production_designer""]","[""tt0119247"", ""tt0110963"", ""tt1194616"", ""tt0113362""]",https://www.imdb.com/name/nm1304911/,False
nm13063807,Kube Jones-Neill,,,"[""actress""]","[""tt13989030""]",https://www.imdb.com/name/nm13063807/,False
nm13075012,Vijaysinh Gol,,,"[""writer""]","[""tt0374271""]",https://www.imdb.com/name/nm13075012/,False
nm1308410,Michael Laguens,,,"[""casting_director"", ""casting_department""]","[""tt36187539"", ""tt10505316"", ""tt37163509"", ""tt27490099""]",https://www.imdb.com/name/nm1308410/,False
nm13085047,Maysa Bourham,,,"[""actress""]","[""tt31013030""]",https://www.imdb.com/name/nm13085047/,False
nm13094937,Lawrence Ponsonby,,,"[""casting_director"", ""casting_department""]","[""tt20833168"", ""tt9140604"", ""tt15216170"", ""tt13316790""]",https://www.imdb.com/name/nm13094937/,False
nm13102057,Adar Poonawalla,,,"[""producer""]","[""tt26733325"", ""tt13451410"", ""tt36415180"", ""tt23865942""]",https://www.imdb.com/name/nm13102057/,False
nm1310563,Algina Lipskis,,,"[""actress"", ""writer""]","[""tt8096690"", ""tt3238502"", ""tt0453521"", ""tt0349747""]",https://www.imdb.com/name/nm1310563/,False
nm1310911,Mark Onspaugh,,,"[""writer""]","[""tt0128886"", ""tt1523485"", ""tt0780583"", ""tt0103584""]",https://www.imdb.com/name/nm1310911/,False
nm1312191,Shirô Saitô,1956,,"[""actor"", ""miscellaneous""]","[""tt3819668"", ""tt3606756"", ""tt0266543"", ""tt0198781""]",https://www.imdb.com/name/nm1312191/,False
nm1312197,Paul Schnee,,,"[""casting_director"", ""casting_department"", ""director""]","[""tt1895587"", ""tt1399683"", ""tt3631112"", ""tt1454029""]",https://www.imdb.com/name/nm1312197/,False
nm1312318,Madeleine Besson,,,"[""actress"", ""composer"", ""soundtrack""]","[""tt0271337"", ""tt0115650"", ""tt0429052"", ""tt1181924""]",https://www.imdb.com/name/nm1312318/,False
nm1314324,Anne Fremiot,,,"[""casting_department"", ""casting_director"", ""assistant_director""]","[""tt0899043"", ""tt2235695"", ""tt0765432"", ""tt10696896""]",https://www.imdb.com/name/nm1314324/,False
nm1315834,Shin Min-kyeong,1976,,"[""editor""]","[""tt5644740"", ""tt2969656"", ""tt3419894"", ""tt2330866""]",https://www.imdb.com/name/nm1315834/,False
nm13164073,Ezhilarasu Gunasekaran,,,"[""writer""]","[""tt4983780"", ""tt27487934""]",https://www.imdb.com/name/nm13164073/,False
nm1316767,Dallas Roberts,1970,,"[""actor"", ""archive_footage""]","[""tt0381849"", ""tt0790636"", ""tt0358273"", ""tt1601913""]",https://www.imdb.com/name/nm1316767/,False
nm1318596,Jemaine Clement,1974,,"[""actor"", ""writer"", ""producer""]","[""tt0863046"", ""tt3416742"", ""tt1409024"", ""tt3521164""]",https://www.imdb.com/name/nm1318596/,False
nm1318670,Vishal Dadlani,1973,,"[""music_artist"", ""music_department"", ""composer""]","[""tt1562871"", ""tt7430722"", ""tt2905838"", ""tt1024943""]",https://www.imdb.com/name/nm1318670/,False
nm1319947,Steve Reinsfield,,,"[""stunts"", ""actor"", ""camera_department""]","[""tt0360717"", ""tt12037194"", ""tt0120737"", ""tt33046197""]",https://www.imdb.com/name/nm1319947/,False
nm13201435,Verena Vorjohann,,,"[""actress""]","[""tt14917354""]",https://www.imdb.com/name/nm13201435/,False
nm1320422,Darryn Welch,1979,,"[""producer"", ""director"", ""writer""]","[""tt1535616"", ""tt0380389"", ""tt0418329"", ""tt1835955""]",https://www.imdb.com/name/nm1320422/,False
nm1320600,César Bordón,1961,,"[""actor"", ""archive_footage""]","[""tt3011894"", ""tt4005402"", ""tt8045690"", ""tt0226238""]",https://www.imdb.com/name/nm1320600/,False
nm1320617,Martin Butzke,1974,,"[""actor""]","[""tt0363163"", ""tt1671496"", ""tt0806910"", ""tt0805613""]",https://www.imdb.com/name/nm1320617/,False
nm1320827,Randall Park,,,"[""actor"", ""writer"", ""director""]","[""tt9140560"", ""tt7374948"", ""tt3551096"", ""tt2788710""]",https://www.imdb.com/name/nm1320827/,False
nm1321860,Christopher Brown,,,"[""art_director"", ""production_designer"", ""art_department""]","[""tt0804503"", ""tt4550098"", ""tt5519340"", ""tt7068946""]",https://www.imdb.com/name/nm1321860/,False
nm13222819,Rajendra Sapre,,,"[""writer"", ""assistant_director"", ""sound_department""]","[""tt9389998"", ""tt11301946"", ""tt16539454"", ""tt6485666""]",https://www.imdb.com/name/nm13222819/,False
nm13223742,Tessa Johnson,,,"[""casting_director"", ""casting_department"", ""actress""]","[""tt37025253"", ""tt39380993"", ""tt43520824"", ""tt13594688""]",https://www.imdb.com/name/nm13223742/,False
nm1324960,S.P. Krause,1969,,"[""writer"", ""producer"", ""director""]","[""tt29516222"", ""tt4004566"", ""tt0902952"", ""tt1878841""]",https://www.imdb.com/name/nm1324960/,False
nm1325419,Kristen Wiig,1973,,"[""actress"", ""producer"", ""writer""]","[""tt1478338"", ""tt1571249"", ""tt0359950"", ""tt1092026""]",https://www.imdb.com/name/nm1325419/,False
nm13260054,Kingly Jonathan Liow,,,"[""music_department"", ""composer""]","[""tt27162200"", ""tt31495280"", ""tt27004149"", ""tt37534343""]",https://www.imdb.com/name/nm13260054/,False
nm1326372,Cun Bei,,,"[""writer""]","[""tt0354243""]",https://www.imdb.com/name/nm1326372/,False
nm13264725,Youssef Emad,,,"[""writer""]","[""tt11679270"", ""tt16146256"", ""tt15372106"", ""tt15613538""]",https://www.imdb.com/name/nm13264725/,False
nm1326535,Sundar C.,1968,,"[""writer"", ""producer"", ""director""]","[""tt0367495"", ""tt4312676"", ""tt32909364"", ""tt36408254""]",https://www.imdb.com/name/nm1326535/,False
nm1326842,Jakob M. Erwa,1981,,"[""writer"", ""director"", ""producer""]","[""tt4932154"", ""tt0757214"", ""tt3103632"", ""tt13649100""]",https://www.imdb.com/name/nm1326842/,False
nm1327244,Coti K.,1966,,"[""composer"", ""music_department"", ""actor""]","[""tt7838494"", ""tt5591834"", ""tt5038336"", ""tt37202764""]",https://www.imdb.com/name/nm1327244/,False
nm1327281,Frida Kempff,,,"[""director"", ""writer"", ""producer""]","[""tt9861200"", ""tt3717182"", ""tt1624397"", ""tt10928086""]",https://www.imdb.com/name/nm1327281/,False
nm1328152,Shriya Saran,1982,,"[""actress""]","[""tt2926068"", ""tt4430212"", ""tt1020937"", ""tt15501640""]",https://www.imdb.com/name/nm1328152/,False
nm1328521,Mei Zhang,,,"[""writer"", ""producer""]","[""tt0354243"", ""tt1979167""]",https://www.imdb.com/name/nm1328521/,False
nm1329898,Mark Eberle,,,"[""camera_department"", ""cinematographer"", ""producer""]","[""tt6905442"", ""tt6740018"", ""tt1027683"", ""tt0343962""]",https://www.imdb.com/name/nm1329898/,False
nm1331055,Tarquin Pack,,,"[""producer"", ""production_department"", ""production_manager""]","[""tt1250777"", ""tt1270798"", ""tt0486655"", ""tt1650554""]",https://www.imdb.com/name/nm1331055/,False
nm1331851,Kristen Kerr,1974,,"[""actress""]","[""tt0460829"", ""tt0302886"", ""tt0372005"", ""tt1884457""]",https://www.imdb.com/name/nm1331851/,False
nm1331897,Nandini Singh,1980,,"[""actress""]","[""tt1486321"", ""tt0354538"", ""tt0985641"", ""tt0376080""]",https://www.imdb.com/name/nm1331897/,False
nm13321105,Julie Edwards,,,"[""actress""]","[""tt13989030"", ""tt3640276"", ""tt0098911""]",https://www.imdb.com/name/nm13321105/,False
nm13321106,Talia Lesser,,,"[""actress""]","[""tt13989030""]",https://www.imdb.com/name/nm13321106/,False
nm13321107,An Xin Chang,,,"[""actor""]","[""tt13989030""]",https://www.imdb.com/name/nm13321107/,False
nm13323464,Amir Adham,,,"[""actor""]","[""tt4840206"", ""tt11273058"", ""tt5888866"", ""tt7025210""]",https://www.imdb.com/name/nm13323464/,False
nm1333010,Jade Altman,,,"[""production_designer"", ""art_director"", ""art_department""]","[""tt2172584"", ""tt0108122"", ""tt3215394"", ""tt3701828""]",https://www.imdb.com/name/nm1333010/,False
nm1335238,Elena Panova,1977,,"[""actress""]","[""tt1746246"", ""tt3560686"", ""tt0415678"", ""tt2649128""]",https://www.imdb.com/name/nm1335238/,False
nm1335387,Prithviraj Sukumaran,1982,,"[""actor"", ""music_department"", ""producer""]","[""tt4888834"", ""tt5525650"", ""tt6067752"", ""tt2804026""]",https://www.imdb.com/name/nm1335387/,False
nm1335996,Ane Dahl Torp,1975,,"[""actress"", ""archive_footage""]","[""tt1105734"", ""tt3616916"", ""tt29344903"", ""tt0417046""]",https://www.imdb.com/name/nm1335996/,False
nm1336722,Denzil Smith,1960,,"[""actor"", ""music_department"", ""miscellaneous""]","[""tt1412386"", ""tt6723592"", ""tt15654328"", ""tt18411490""]",https://www.imdb.com/name/nm1336722/,False
nm1337123,Li Yuan,1972,,"[""actress""]","[""tt0260898"", ""tt9501738"", ""tt10409010"", ""tt6861954""]",https://www.imdb.com/name/nm1337123/,False
nm13376619,Dalia Abdelghany,,,"[""actor""]","[""tt6536704"", ""tt11679270"", ""tt15613538"", ""tt8526164""]",https://www.imdb.com/name/nm13376619/,False
nm1338428,Khalid Benchagra,,,"[""actor"", ""miscellaneous""]","[""tt4669264"", ""tt6146586"", ""tt6878882"", ""tt1033483""]",https://www.imdb.com/name/nm1338428/,False
nm1338587,Pritam Chakraborty,1971,,"[""composer"", ""music_department"", ""sound_department""]","[""tt4535650"", ""tt2082197"", ""tt6277462"", ""tt2178470""]",https://www.imdb.com/name/nm1338587/,False
nm1339147,Aman Jaffery,,,"[""writer"", ""producer""]","[""tt0354538"", ""tt0348656"", ""tt1758666"", ""tt1604887""]",https://www.imdb.com/name/nm1339147/,False
nm1339233,Bolu Khan,,,"[""writer"", ""assistant_director""]","[""tt0354538"", ""tt0348656"", ""tt1079967"", ""tt5573110""]",https://www.imdb.com/name/nm1339233/,False
nm1340084,Shamir Tandon,,,"[""composer"", ""music_department"", ""sound_department""]","[""tt1179781"", ""tt1981682"", ""tt2094854"", ""tt1201557""]",https://www.imdb.com/name/nm1340084/,False
nm1340178,Ankur Vikal,,,"[""actor""]","[""tt1010048"", ""tt2905838"", ""tt11301946"", ""tt2792284""]",https://www.imdb.com/name/nm1340178/,False
nm1340738,Jessica Harmon,1985,,"[""actress"", ""director"", ""casting_department""]","[""tt0454082"", ""tt3063462"", ""tt0313911"", ""tt2661044""]",https://www.imdb.com/name/nm1340738/,False
nm1340851,Márta Szabó,1970,,"[""actress""]","[""tt2071550"", ""tt28942928"", ""tt9834506"", ""tt5523324""]",https://www.imdb.com/name/nm1340851/,False
nm1341114,Jennifer L. Smith,1971,,"[""casting_department"", ""casting_director"", ""executive""]","[""tt2543472"", ""tt6663582"", ""tt2140571"", ""tt11152168""]",https://www.imdb.com/name/nm1341114/,False
nm13422566,Mickey Wiese,,,"[""production_designer"", ""set_decorator"", ""art_director""]","[""tt18239364"", ""tt33957030"", ""tt30691639"", ""tt22334258""]",https://www.imdb.com/name/nm13422566/,False
nm1342398,Evgueni Galperine,1974,,"[""composer"", ""music_department"", ""actor""]","[""tt6304162"", ""tt12682218"", ""tt13649112"", ""tt32767294""]",https://www.imdb.com/name/nm1342398/,False
nm13442217,Sahil Aabhay Tandel,,,"[""editorial_department"", ""editor"", ""director""]","[""tt32378175"", ""tt29330744"", ""tt10351180"", ""tt35682680""]",https://www.imdb.com/name/nm13442217/,False
nm13445593,Hamad Almutaani,,,"[""actor"", ""writer""]","[""tt10749998"", ""tt1650844"", ""tt2757228"", ""tt10503934""]",https://www.imdb.com/name/nm13445593/,False
nm13456350,Hannah V. Nance,,,"[""assistant_director"", ""writer"", ""producer""]","[""tt18411838"", ""tt23573790"", ""tt15312034"", ""tt30985164""]",https://www.imdb.com/name/nm13456350/,False
nm1346713,Paco León,1974,,"[""actor"", ""writer"", ""director""]","[""tt4922692"", ""tt2177509"", ""tt2823088"", ""tt0440981""]",https://www.imdb.com/name/nm1346713/,False
nm13469918,Cortney Davis,,,"[""actress""]","[""tt18411838""]",https://www.imdb.com/name/nm13469918/,False
nm13479561,Mary Marguerite Hall,,,"[""actress"", ""assistant_director"", ""producer""]","[""tt22334258"", ""tt6923892"", ""tt22542620"", ""tt14181914""]",https://www.imdb.com/name/nm13479561/,False
nm1348210,John Romita Jr.,1956,,"[""writer"", ""art_department"", ""producer""]","[""tt1250777"", ""tt1650554"", ""tt11057302"", ""tt37056461""]",https://www.imdb.com/name/nm1348210/,False
nm1349944,Mercedes del Castillo,,,"[""actress""]","[""tt0301524"", ""tt1610487"", ""tt8382834"", ""tt1507972""]",https://www.imdb.com/name/nm1349944/,False
nm1350569,Harshavardhan,,,"[""actor"", ""writer"", ""director""]","[""tt4981966"", ""tt6836936"", ""tt9537292"", ""tt13387300""]",https://www.imdb.com/name/nm1350569/,False
nm1351446,Zach Passero,,,"[""editor"", ""animation_department"", ""director""]","[""tt1714208"", ""tt10378420"", ""tt0303361"", ""tt12712710""]",https://www.imdb.com/name/nm1351446/,False
nm1352172,V.V. Vinayak,1974,,"[""writer"", ""director"", ""actor""]","[""tt2440354"", ""tt1582466"", ""tt0907106"", ""tt0367657""]",https://www.imdb.com/name/nm1352172/,False
nm13543587,Manivannan Balasubramaniam,,,"[""writer"", ""assistant_director""]","[""tt4983780"", ""tt27487934"", ""tt19265480"", ""tt21320334""]",https://www.imdb.com/name/nm13543587/,False
nm1354659,Man-Ching Chong,,,"[""actress"", ""miscellaneous""]","[""tt0083199"", ""tt0087097"", ""tt0821429"", ""tt1819497""]",https://www.imdb.com/name/nm1354659/,False
nm1354965,Dale Fabrigar,1967,,"[""director"", ""producer"", ""editor""]","[""tt8318702"", ""tt14342906"", ""tt4397372"", ""tt12324118""]",https://www.imdb.com/name/nm1354965/,False
nm1356951,Alice Winocour,1976,,"[""writer"", ""director"", ""actress""]","[""tt3966404"", ""tt7374926"", ""tt4085084"", ""tt15329224""]",https://www.imdb.com/name/nm1356951/,False
nm13570770,Jacek Stalewski,,,"[""producer""]","[""tt18970380"", ""tt30225700""]",https://www.imdb.com/name/nm13570770/,False
nm1365652,Megan Peterson,,,"[""producer"", ""writer"", ""production_manager""]","[""tt1510983"", ""tt0396998"", ""tt2257878"", ""tt1478502""]",https://www.imdb.com/name/nm1365652/,False
nm1365747,Eliana Soárez,,,"[""producer"", ""production_manager"", ""miscellaneous""]","[""tt0861739"", ""tt2027178"", ""tt1576703"", ""tt1146300""]",https://www.imdb.com/name/nm1365747/,False
nm13660940,Piers MacKenzie,,,"[""actor""]","[""tt29456979"", ""tt20605660""]",https://www.imdb.com/name/nm13660940/,False
nm1366165,Robert Hall,,,"[""editor"", ""editorial_department"", ""visual_effects""]","[""tt15325794"", ""tt0471041"", ""tt6856242"", ""tt0318627""]",https://www.imdb.com/name/nm1366165/,False
nm1367490,Bruna Marquezine,1995,,"[""actress"", ""director"", ""producer""]","[""tt9362930"", ""tt27517632"", ""tt0358326"", ""tt1316556""]",https://www.imdb.com/name/nm1367490/,False
nm1367681,Oh Dal-su,1968,,"[""actor"", ""archive_footage""]","[""tt0364569"", ""tt0901487"", ""tt2659414"", ""tt3501416""]",https://www.imdb.com/name/nm1367681/,False
nm1369115,Jennifer Klide,,,"[""production_designer"", ""art_department"", ""miscellaneous""]","[""tt7737224"", ""tt9054192"", ""tt2291540"", ""tt1675192""]",https://www.imdb.com/name/nm1369115/,False
nm1369375,Steven Chase,1962,,"[""actor"", ""producer"", ""writer""]","[""tt6520962"", ""tt11927670"", ""tt2294663"", ""tt0358148""]",https://www.imdb.com/name/nm1369375/,False
nm1371115,Kim Seo-hyeong,1973,,"[""actress""]","[""tt6777338"", ""tt22489882"", ""tt3243630"", ""tt9151274""]",https://www.imdb.com/name/nm1371115/,False
nm1371243,Lee Mo-gae,,,"[""cinematographer"", ""director""]","[""tt0365376"", ""tt0901487"", ""tt1588170"", ""tt27802490""]",https://www.imdb.com/name/nm1371243/,False
nm13721035,Bukie B. Mansyur,,,"[""actor"", ""soundtrack""]","[""tt3777532"", ""tt39462984"", ""tt29795484"", ""tt43596540""]",https://www.imdb.com/name/nm13721035/,False
nm13722313,Taher Ahmed,,,"[""actor""]","[""tt11187484"", ""tt19488704"", ""tt2224167"", ""tt10497826""]",https://www.imdb.com/name/nm13722313/,False
nm1372258,Hrant Tokhatyan,1958,,"[""actor"", ""producer""]","[""tt1776242"", ""tt0406990"", ""tt13522552"", ""tt5430020""]",https://www.imdb.com/name/nm1372258/,False
nm1372788,Shahid Kapoor,1981,,"[""actor"", ""assistant_director"", ""music_department""]","[""tt3390572"", ""tt1093370"", ""tt4434004"", ""tt1274295""]",https://www.imdb.com/name/nm1372788/,False
nm1372796,Kim Seong-su,1975,,"[""actor""]","[""tt6270702"", ""tt2253742"", ""tt32150254"", ""tt0806124""]",https://www.imdb.com/name/nm1372796/,False
nm1374980,Zac Efron,1987,,"[""actor"", ""producer"", ""soundtrack""]","[""tt0962726"", ""tt1485796"", ""tt0974661"", ""tt2481498""]",https://www.imdb.com/name/nm1374980/,False
nm1376345,Enchô San'yûtei,,,"[""writer""]","[""tt0065931"", ""tt0017049"", ""tt0810435"", ""tt0202950""]",https://www.imdb.com/name/nm1376345/,False
nm1376405,Onur Selimbeyoglu,,,"[""actor""]","[""tt0366842"", ""tt0426648""]",https://www.imdb.com/name/nm1376405/,False
nm13791604,Chad Garrett,,,"[""actor"", ""producer"", ""art_department""]","[""tt27626422"", ""tt26899693"", ""tt28301065"", ""tt38210064""]",https://www.imdb.com/name/nm13791604/,False
nm1380146,Jinko Gotoh,,,"[""producer"", ""visual_effects"", ""executive""]","[""tt4729430"", ""tt1754656"", ""tt3513498"", ""tt0266543""]",https://www.imdb.com/name/nm1380146/,False
nm13805076,Elizaveta Bugulova,,,"[""actress""]","[""tt32123395"", ""tt24991604"", ""tt31464945"", ""tt21187922""]",https://www.imdb.com/name/nm13805076/,False
nm1381758,Pooja Ladha Surti,,,"[""writer"", ""editor"", ""assistant_director""]","[""tt8108198"", ""tt15392282"", ""tt3678782"", ""tt0352314""]",https://www.imdb.com/name/nm1381758/,False
nm1382130,Hila Yuval,,,"[""casting_director"", ""casting_department""]","[""tt4669264"", ""tt4565380"", ""tt4995776"", ""tt14426644""]",https://www.imdb.com/name/nm1382130/,False
nm1383229,Marc L. Fusco,1983,,"[""producer"", ""production_department"", ""actor""]","[""tt0986263"", ""tt0838283"", ""tt0839980"", ""tt0466660""]",https://www.imdb.com/name/nm1383229/,False
nm1384267,David Buckley,,,"[""composer"", ""music_department"", ""soundtrack""]","[""tt1751634"", ""tt4196776"", ""tt5093026"", ""tt5853176""]",https://www.imdb.com/name/nm1384267/,False
nm1384413,Saswata Chatterjee,1970,,"[""actor"", ""music_department""]","[""tt1821480"", ""tt12735488"", ""tt15576504"", ""tt8110330""]",https://www.imdb.com/name/nm1384413/,False
nm13847389,Gulchoo Jolly,,,"[""actress""]","[""tt1610452"", ""tt2245544"", ""tt3331954"", ""tt4930000""]",https://www.imdb.com/name/nm13847389/,False
nm1385118,Pijush Ganguly,1965,2015,"[""actor""]","[""tt2403809"", ""tt9091148"", ""tt1830624"", ""tt4771706""]",https://www.imdb.com/name/nm1385118/,False
nm1385304,İsmail Hacıoğlu,1985,,"[""actor""]","[""tt6316138"", ""tt1051907"", ""tt1757940"", ""tt0368824""]",https://www.imdb.com/name/nm1385304/,False
nm1385635,Cho Hwa-sung,,,"[""art_director"", ""production_designer"", ""actor""]","[""tt0901487"", ""tt6878038"", ""tt1588170"", ""tt2625030""]",https://www.imdb.com/name/nm1385635/,False
nm1385954,Byung-hoon Lee,,,"[""composer"", ""music_department"", ""actor""]","[""tt1230385"", ""tt0310775"", ""tt1517239"", ""tt1275830""]",https://www.imdb.com/name/nm1385954/,False
nm13863871,Ramya Pasupuleti,2001,,"[""actor""]","[""tt27657791"", ""tt27670706"", ""tt31242102"", ""tt31712109""]",https://www.imdb.com/name/nm13863871/,False
nm13869877,Ajay Kumar Singh,,,"[""actor""]","[""tt4129428"", ""tt5697870"", ""tt8396128"", ""tt38705280""]",https://www.imdb.com/name/nm13869877/,False
nm1387379,Rob Simonsen,1978,,"[""composer"", ""music_department"", ""soundtrack""]","[""tt13833688"", ""tt1714206"", ""tt4900148"", ""tt6263850""]",https://www.imdb.com/name/nm1387379/,False
nm1389854,Master Hriday,,,"[""actor""]","[""tt0112553"", ""tt36987723""]",https://www.imdb.com/name/nm1389854/,False
nm1390149,Kitty,,,"[""actress""]","[""tt6748060"", ""tt11576818"", ""tt0112553"", ""tt0116737""]",https://www.imdb.com/name/nm1390149/,False
nm13901514,Hamad Fathi Abul-Rish,,,"[""actor""]","[""tt11879338"", ""tt27881382"", ""tt21033938"", ""tt13043436""]",https://www.imdb.com/name/nm13901514/,False
nm1391608,Umesh Sharma,,,"[""actor"", ""assistant_director"", ""writer""]","[""tt0116630"", ""tt0101649"", ""tt0112553"", ""tt3807616""]",https://www.imdb.com/name/nm1391608/,False
nm1391768,S. Sriram,,2019,"[""producer""]","[""tt0112553"", ""tt0384495"", ""tt0377321"", ""tt12275192""]",https://www.imdb.com/name/nm1391768/,False
nm13918356,Suyash Pachauri,1988,,"[""director"", ""producer"", ""writer""]","[""tt32238493"", ""tt29473884"", ""tt41300310"", ""tt32236372""]",https://www.imdb.com/name/nm13918356/,False
nm1392447,Ana Álvarez Ossorio,,,"[""editor"", ""director"", ""writer""]","[""tt12300276"", ""tt7225358"", ""tt7943258"", ""tt12699704""]",https://www.imdb.com/name/nm1392447/,False
nm1392550,Randy King,,,"[""actor""]","[""tt0330136""]",https://www.imdb.com/name/nm1392550/,False
nm1392998,Tyson Anderegg,,,"[""production_department"", ""actor"", ""miscellaneous""]","[""tt5862454"", ""tt0330136"", ""tt42906857"", ""tt31202586""]",https://www.imdb.com/name/nm1392998/,False
nm13935022,Thomas Kenny,,,"[""producer"", ""talent_agent"", ""casting_department""]","[""tt5820976"", ""tt17677434"", ""tt26677014"", ""tt7077616""]",https://www.imdb.com/name/nm13935022/,False
nm1393816,Nina Haun,1971,,"[""casting_director"", ""casting_department""]","[""tt9742794"", ""tt2101473"", ""tt7322224"", ""tt4048272""]",https://www.imdb.com/name/nm1393816/,False
nm1394034,Lindsay Killian,,,"[""actress""]","[""tt0330136""]",https://www.imdb.com/name/nm1394034/,False
nm1394347,M. William Merrill,,,"[""editor""]","[""tt0330136""]",https://www.imdb.com/name/nm1394347/,False
nm1394716,R.D. Rajasekhar,,,"[""cinematographer"", ""camera_department""]","[""tt0375878"", ""tt6186910"", ""tt0449951"", ""tt5372466""]",https://www.imdb.com/name/nm1394716/,False
nm1394752,Sabrina Revelle,,,"[""actress"", ""producer"", ""director""]","[""tt8372778"", ""tt5574490"", ""tt7487358"", ""tt6111130""]",https://www.imdb.com/name/nm1394752/,False
nm13955174,Gautham Krishna.D,1996,,"[""actor"", ""director"", ""writer""]","[""tt21827144"", ""tt31242102"", ""tt37970509"", ""tt7805494""]",https://www.imdb.com/name/nm13955174/,False
nm1395546,Keith Michael Gregory,1972,,"[""actor"", ""producer""]","[""tt0477080"", ""tt4816626"", ""tt0482420"", ""tt2188931""]",https://www.imdb.com/name/nm1395546/,False
nm1395667,Gary Neilson,,,"[""actor""]","[""tt0330136"", ""tt0381979"", ""tt0318883""]",https://www.imdb.com/name/nm1395667/,False
nm1396362,Meko Winbush,,,"[""director"", ""writer"", ""editor""]","[""tt25947954"", ""tt35224171"", ""tt12747748"", ""tt11101902""]",https://www.imdb.com/name/nm1396362/,False
nm13982401,Kausar Munir,,,"[""writer""]","[""tt23865942"", ""tt21908676"", ""tt35929525""]",https://www.imdb.com/name/nm13982401/,False
nm1398610,Tim McLachlan,,,"[""stunts"", ""director"", ""actor""]","[""tt0389722"", ""tt0360717"", ""tt0120737"", ""tt1630239""]",https://www.imdb.com/name/nm1398610/,False
nm13995521,Eliott,,,"[""actor""]","[""tt14722598""]",https://www.imdb.com/name/nm13995521/,False
nm13998046,Thrilok Siddu,,,"[""cinematographer"", ""camera_department"", ""editor""]","[""tt27657791"", ""tt31242102"", ""tt16078162"", ""tt21944176""]",https://www.imdb.com/name/nm13998046/,False
nm1402325,Jennifer Harrington,,,"[""editor"", ""producer"", ""writer""]","[""tt0446546"", ""tt1252547"", ""tt2109141"", ""tt7211648""]",https://www.imdb.com/name/nm1402325/,False
nm14035465,Sharan Kumar,,,"[""actor""]","[""tt22036922"", ""tt27995587""]",https://www.imdb.com/name/nm14035465/,False
nm14035466,Yashvika Nishkala,,,"[""actor""]","[""tt22036922"", ""tt38952560"", ""tt36594277"", ""tt28931606""]",https://www.imdb.com/name/nm14035466/,False
nm14035467,BolliBoina Nageshwara Rao,,,"[""producer""]","[""tt22036922""]",https://www.imdb.com/name/nm14035467/,False
nm1404741,Jeff Grace,,,"[""composer"", ""music_department"", ""miscellaneous""]","[""tt12809988"", ""tt8110640"", ""tt3608930"", ""tt1179031""]",https://www.imdb.com/name/nm1404741/,False
nm1404824,Laura Marano,1995,,"[""actress"", ""music_department"", ""producer""]","[""tt13989030"", ""tt8201170"", ""tt7319822"", ""tt1830491""]",https://www.imdb.com/name/nm1404824/,False
nm1404825,Vanessa Marano,1992,,"[""actress"", ""writer"", ""director""]","[""tt7319822"", ""tt1758772"", ""tt5435008"", ""tt0773262""]",https://www.imdb.com/name/nm1404825/,False
nm14061675,Kwon Ji Yong,,,"[""producer""]","[""tt27802490"", ""tt14895216"", ""tt33083649""]",https://www.imdb.com/name/nm14061675/,False
nm1406216,Björn Charpentier,,,"[""cinematographer"", ""camera_department"", ""location_management""]","[""tt4669264"", ""tt4332232"", ""tt5149650"", ""tt0374345""]",https://www.imdb.com/name/nm1406216/,False
nm1406657,Yorgos Glastras,,,"[""actor""]","[""tt29685384"", ""tt7838494"", ""tt1354666"", ""tt9657068""]",https://www.imdb.com/name/nm1406657/,False
nm1407237,Marceli Majer,,,"[""editor"", ""editorial_department"", ""producer""]","[""tt19723990"", ""tt27989255"", ""tt0366332"", ""tt10665734""]",https://www.imdb.com/name/nm1407237/,False
nm1409857,Rodrigo Balart,,,"[""editor"", ""editorial_department"", ""writer""]","[""tt10888878"", ""tt13611778"", ""tt0816436"", ""tt6566640""]",https://www.imdb.com/name/nm1409857/,False
nm1410318,Omar Chaparro,1974,,"[""actor"", ""producer"", ""miscellaneous""]","[""tt5259966"", ""tt5884052"", ""tt3367294"", ""tt3696610""]",https://www.imdb.com/name/nm1410318/,False
nm14130824,Miguel Barros,,,"[""composer""]","[""tt14722598""]",https://www.imdb.com/name/nm14130824/,False
nm14134559,Widya Fadjriah,,,"[""casting_director""]","[""tt14773940"", ""tt34941905"", ""tt27490380"", ""tt28418717""]",https://www.imdb.com/name/nm14134559/,False
nm1413730,Mukesh Talreja,,,"[""producer""]","[""tt0374271"", ""tt1091229"", ""tt0485272"", ""tt0396563""]",https://www.imdb.com/name/nm1413730/,False
nm14146234,Seamus Kennnedy,,,"[""actor""]","[""tt13515090""]",https://www.imdb.com/name/nm14146234/,False
nm1415801,Jerusha Hess,1980,,"[""writer"", ""producer"", ""director""]","[""tt1985019"", ""tt0374900"", ""tt11020596"", ""tt0457510""]",https://www.imdb.com/name/nm1415801/,False
nm1416134,Estephania LeBaron,,,"[""actress"", ""director"", ""producer""]","[""tt1262983"", ""tt3210986"", ""tt0432710"", ""tt0318974""]",https://www.imdb.com/name/nm1416134/,False
nm1416675,Munn Powell,,,"[""cinematographer"", ""camera_department"", ""director""]","[""tt0374900"", ""tt1161418"", ""tt0353324"", ""tt2228547""]",https://www.imdb.com/name/nm1416675/,False
nm14168047,Atamura Mussakhanov,,,"[""actor""]","[""tt32123395"", ""tt27137707"", ""tt28947579"", ""tt22942002""]",https://www.imdb.com/name/nm14168047/,False
nm1418096,Samantha Sloyan,1979,,"[""actress"", ""producer"", ""production_department""]","[""tt10574558"", ""tt0413573"", ""tt5022702""]",https://www.imdb.com/name/nm1418096/,False
nm14185299,Seán O'Connor,,,"[""actor""]","[""tt13515090""]",https://www.imdb.com/name/nm14185299/,False
nm14185300,Sean Crowe,,,"[""actor""]","[""tt13515090""]",https://www.imdb.com/name/nm14185300/,False
nm14185301,Sam Crowe,,,"[""actor""]","[""tt13515090""]",https://www.imdb.com/name/nm14185301/,False
nm1419300,Sonia Agarwal,1982,,"[""actress""]","[""tt0375880"", ""tt0459516"", ""tt5995602"", ""tt0439418""]",https://www.imdb.com/name/nm1419300/,False
nm1421119,Shrikant Mohta,,,"[""producer"", ""miscellaneous""]","[""tt0366304"", ""tt10217550"", ""tt4948632"", ""tt23024514""]",https://www.imdb.com/name/nm1421119/,False
nm1421683,Santhakumar,,,"[""writer"", ""director"", ""producer""]","[""tt10370932"", ""tt2145803"", ""tt37161524"", ""tt28568408""]",https://www.imdb.com/name/nm1421683/,False
nm1421754,K. Selvaraghavan,1975,,"[""writer"", ""actor"", ""director""]","[""tt1512888"", ""tt2072167"", ""tt0375880"", ""tt13761184""]",https://www.imdb.com/name/nm1421754/,False
nm1421776,Yuvan Shankar Raja,1979,,"[""composer"", ""music_department"", ""actor""]","[""tt4983780"", ""tt0459516"", ""tt1496832"", ""tt0483559""]",https://www.imdb.com/name/nm1421776/,False
nm14231463,Azka Amar Kusuma,,,"[""editor"", ""editorial_department"", ""visual_effects""]","[""tt38771693"", ""tt11572502"", ""tt33349807"", ""tt38497679""]",https://www.imdb.com/name/nm14231463/,False
nm1424524,Joe Casey,,,"[""writer"", ""producer"", ""miscellaneous""]","[""tt6148376"", ""tt1334455"", ""tt1411275"", ""tt1722512""]",https://www.imdb.com/name/nm1424524/,False
nm1425155,Keagan Kang,1976,,"[""actor"", ""stunts""]","[""tt39371230"", ""tt1757936"", ""tt0401248"", ""tt2716802""]",https://www.imdb.com/name/nm1425155/,False
nm1425586,Sirshendu Mukhopadhyay,1935,,"[""writer""]","[""tt0077457"", ""tt4328756"", ""tt3329526"", ""tt5465450""]",https://www.imdb.com/name/nm1425586/,False
nm1425628,Cory Neal,,,"[""producer"", ""actor""]","[""tt24076146"", ""tt1323045"", ""tt24082864"", ""tt15208276""]",https://www.imdb.com/name/nm1425628/,False
nm1427345,Aoife O'Sullivan,,,"[""producer"", ""miscellaneous""]","[""tt7080960"", ""tt4463816"", ""tt7737734"", ""tt1439572""]",https://www.imdb.com/name/nm1427345/,False
nm1427978,Patrick White,,,"[""producer"", ""director"", ""writer""]","[""tt21069376"", ""tt0318627"", ""tt2960440"", ""tt0816539""]",https://www.imdb.com/name/nm1427978/,False
nm1428293,Pawan Chopra,,,"[""actor"", ""producer"", ""miscellaneous""]","[""tt20850406"", ""tt11301946"", ""tt7581902"", ""tt10295212""]",https://www.imdb.com/name/nm1428293/,False
nm1428429,Timer the Dog,,,"[""actor""]","[""tt0119822""]",https://www.imdb.com/name/nm1428429/,False
nm1430139,Masako Isobe,,,"[""actress"", ""miscellaneous""]","[""tt8097030"", ""tt0120623"", ""tt2380307"", ""tt0198781""]",https://www.imdb.com/name/nm1430139/,False
nm1430888,Steven Jacobs,,,"[""casting_director"", ""producer"", ""casting_department""]","[""tt3288518"", ""tt2741602"", ""tt0103786"", ""tt0094540""]",https://www.imdb.com/name/nm1430888/,False
nm1430969,Arun Kumar,,,"[""editor"", ""director"", ""producer""]","[""tt2188733"", ""tt0995031"", ""tt9274994"", ""tt1821373""]",https://www.imdb.com/name/nm1430969/,False
nm1431138,Samantha Barrows,,,"[""actress"", ""production_department"", ""make_up_department""]","[""tt3521126"", ""tt4076926"", ""tt2352488"", ""tt5788136""]",https://www.imdb.com/name/nm1431138/,False
nm1431644,Wahid Hamed,1944,2021,"[""writer"", ""production_manager"", ""actor""]","[""tt0377727"", ""tt1473149"", ""tt4379056"", ""tt13890836""]",https://www.imdb.com/name/nm1431644/,False
nm1431656,Emraan Hashmi,1979,,"[""actor"", ""assistant_director"", ""archive_footage""]","[""tt1395054"", ""tt1954206"", ""tt18411490"", ""tt1918965""]",https://www.imdb.com/name/nm1431656/,False
nm1432578,Shammi Thilakan,,,"[""actor"", ""sound_department"", ""miscellaneous""]","[""tt2922382"", ""tt3288670"", ""tt0466304"", ""tt13885428""]",https://www.imdb.com/name/nm1432578/,False
nm14330474,Artie Wilkinson-Hunt,2014,,"[""actor""]","[""tt1341338"", ""tt0427340"", ""tt4276618"", ""tt39848323""]",https://www.imdb.com/name/nm14330474/,False
nm1433435,John Ainslie,1975,,"[""miscellaneous"", ""writer"", ""director""]","[""tt6091178"", ""tt10696116"", ""tt0816539"", ""tt4285960""]",https://www.imdb.com/name/nm1433435/,False
nm1433654,Kevin Delaney,,,"[""actor"", ""miscellaneous"", ""archive_sound""]","[""tt1107835"", ""tt0451118"", ""tt2351310"", ""tt1222324""]",https://www.imdb.com/name/nm1433654/,False
nm1434016,Jeff Buchanan,,,"[""editor"", ""director"", ""producer""]","[""tt1798709"", ""tt0799934"", ""tt5348176"", ""tt11615290""]",https://www.imdb.com/name/nm1434016/,False
nm1434439,Tanya Badendyck,1975,,"[""producer"", ""production_department"", ""miscellaneous""]","[""tt1255956"", ""tt2865618"", ""tt1648099"", ""tt3294206""]",https://www.imdb.com/name/nm1434439/,False
nm1434647,Roman Borisevich,1975,,"[""producer"", ""executive""]","[""tt0875122"", ""tt0846069"", ""tt1588875"", ""tt1446206""]",https://www.imdb.com/name/nm1434647/,False
nm1435316,Ryan Eslinger,1981,,"[""director"", ""writer"", ""editor""]","[""tt0378289"", ""tt0468965"", ""tt6290798"", ""tt1516528""]",https://www.imdb.com/name/nm1435316/,False
nm1436693,A.R. Murugadoss,1974,,"[""writer"", ""director"", ""actor""]","[""tt2187153"", ""tt1166100"", ""tt3801314"", ""tt2556308""]",https://www.imdb.com/name/nm1436693/,False
nm1440657,Li Sun,,,"[""art_director"", ""production_designer"", ""art_department""]","[""tt1718199"", ""tt1319718"", ""tt10670442"", ""tt5562068""]",https://www.imdb.com/name/nm1440657/,False
nm1441985,Zhixiong Li,,,"[""actor""]","[""tt7776168"", ""tt1163129"", ""tt0115054"", ""tt0354243""]",https://www.imdb.com/name/nm1441985/,False
nm1442840,Pepo Suevos,1971,,"[""actor"", ""writer""]","[""tt30817086"", ""tt30973261"", ""tt31067371"", ""tt27843828""]",https://www.imdb.com/name/nm1442840/,False
nm1444110,Ben LeClair,,,"[""producer"", ""miscellaneous"", ""actor""]","[""tt16304446"", ""tt23561236"", ""tt5770620"", ""tt2084989""]",https://www.imdb.com/name/nm1444110/,False
nm1444462,Richard Brooks,1962,,"[""actor"", ""director"", ""producer""]","[""tt12920836"", ""tt0093185"", ""tt0115986"", ""tt2345481""]",https://www.imdb.com/name/nm1444462/,False
nm1448869,Fernanda Castillo,1982,,"[""actress"", ""soundtrack""]","[""tt21343494"", ""tt7517054"", ""tt2777882"", ""tt5223624""]",https://www.imdb.com/name/nm1448869/,False
nm14498005,Parvathy Babu,,,"[""actress""]","[""tt29456979"", ""tt30254527"", ""tt23327344"", ""tt34792531""]",https://www.imdb.com/name/nm14498005/,False
nm1450336,Joshua Klausner,,,"[""writer"", ""producer"", ""production_department""]","[""tt1650042"", ""tt27588823"", ""tt0417745"", ""tt1297456""]",https://www.imdb.com/name/nm1450336/,False
nm14508609,Artemiy Shevchenko,,,"[""editor""]","[""tt32123395"", ""tt13358878""]",https://www.imdb.com/name/nm14508609/,False
nm1451927,Paul Doucette,1972,,"[""composer"", ""music_department"", ""soundtrack""]","[""tt7772588"", ""tt2184233"", ""tt8303474"", ""tt6053538""]",https://www.imdb.com/name/nm1451927/,False
nm1451951,Sebastien Foucan,1974,,"[""actor"", ""stunts"", ""miscellaneous""]","[""tt0381061"", ""tt0471041"", ""tt10077034"", ""tt6020494""]",https://www.imdb.com/name/nm1451951/,False
nm1454821,Magnus Nordenhof Jønck,1976,,"[""cinematographer"", ""camera_department"", ""producer""]","[""tt4180576"", ""tt5340300"", ""tt5057140"", ""tt3830162""]",https://www.imdb.com/name/nm1454821/,False
nm1457753,Nicolas Duval Adassovsky,,,"[""producer"", ""production_manager"", ""visual_effects""]","[""tt1675434"", ""tt4686844"", ""tt1465487"", ""tt2261287""]",https://www.imdb.com/name/nm1457753/,False
nm1459445,Meccartin,,,"[""writer"", ""director"", ""actor""]","[""tt0355926"", ""tt0274012"", ""tt0334482"", ""tt1350624""]",https://www.imdb.com/name/nm1459445/,False
nm1459645,Dede Nickerson,,,"[""producer"", ""executive"", ""production_manager""]","[""tt6019206"", ""tt0266697"", ""tt0378194"", ""tt0286112""]",https://www.imdb.com/name/nm1459645/,False
nm1459905,Raffi,,,"[""writer"", ""actor"", ""director""]","[""tt1350624"", ""tt15477202"", ""tt0355926"", ""tt0274012""]",https://www.imdb.com/name/nm1459905/,False
nm14599320,Luna Sofía Miranda,,,"[""actress"", ""producer"", ""director""]","[""tt28607951"", ""tt34440721"", ""tt43152564"", ""tt32276072""]",https://www.imdb.com/name/nm14599320/,False
nm14602627,Kiran Koushik,,,"[""cinematographer"", ""camera_department""]","[""tt27757805"", ""tt15309808"", ""tt33988385"", ""tt33029024""]",https://www.imdb.com/name/nm14602627/,False
nm1460610,Joanna Anastazja Wójcik,,,"[""art_department"", ""set_decorator"", ""production_designer""]","[""tt6104058"", ""tt9121954"", ""tt1808454"", ""tt2571464""]",https://www.imdb.com/name/nm1460610/,False
nm1463981,Çagan Irmak,1970,,"[""director"", ""writer"", ""production_designer""]","[""tt0476735"", ""tt1322930"", ""tt0981352"", ""tt2150209""]",https://www.imdb.com/name/nm1463981/,False
nm14642335,Nikolay Shishkin,,,"[""writer"", ""actor""]","[""tt42171067"", ""tt27114092"", ""tt17069122"", ""tt29704277""]",https://www.imdb.com/name/nm14642335/,False
nm1466826,Costas Xikominos,,,"[""actor"", ""writer"", ""composer""]","[""tt1376437"", ""tt7785648"", ""tt10110614"", ""tt2359712""]",https://www.imdb.com/name/nm1466826/,False
nm14677629,Wilson Thomas,,,"[""producer""]","[""tt27209716"", ""tt29456979"", ""tt33183847""]",https://www.imdb.com/name/nm14677629/,False
nm1469236,Olivia Colman,1974,,"[""actress"", ""producer"", ""writer""]","[""tt5083738"", ""tt1204340"", ""tt9100054"", ""tt3464902""]",https://www.imdb.com/name/nm1469236/,False
nm1470683,Charlie Saxton,1989,,"[""actor"", ""producer"", ""writer""]","[""tt1229413"", ""tt1734135"", ""tt3012184"", ""tt10016180""]",https://www.imdb.com/name/nm1470683/,False
nm14708124,Yono Bakrie,,,"[""actor"", ""soundtrack""]","[""tt35295730"", ""tt42153583"", ""tt37659097"", ""tt39098905""]",https://www.imdb.com/name/nm14708124/,False
nm1470993,Scott Mann,,,"[""director"", ""writer"", ""producer""]","[""tt15325794"", ""tt3276924"", ""tt0471041"", ""tt0387108""]",https://www.imdb.com/name/nm1470993/,False
nm1472197,Manish Chaudhari,,,"[""actor"", ""director""]","[""tt34683290"", ""tt12448030"", ""tt1434447"", ""tt1739744""]",https://www.imdb.com/name/nm1472197/,False
nm1474596,Anuvab Pal,,,"[""writer"", ""actor"", ""script_department""]","[""tt10083640"", ""tt5197544"", ""tt1252475"", ""tt13023146""]",https://www.imdb.com/name/nm1474596/,False
nm1475013,Nick Rowntree,1969,,"[""actor"", ""writer"", ""director""]","[""tt0471041"", ""tt0403992"", ""tt6117160"", ""tt5254610""]",https://www.imdb.com/name/nm1475013/,False
nm1475917,Glen Warrillow,,,"[""cinematographer"", ""camera_department""]","[""tt6888938"", ""tt1999930"", ""tt2011313"", ""tt5236976""]",https://www.imdb.com/name/nm1475917/,False
nm1476252,Stephen Arbuckle,,,"[""actor""]","[""tt1558128"", ""tt1379722"", ""tt1595859"", ""tt1429449""]",https://www.imdb.com/name/nm1476252/,False
nm14776900,Maybelle Billa Snodgrass,,,"[""actress""]","[""tt26660615""]",https://www.imdb.com/name/nm14776900/,False
nm1480430,Erin Kelly,1981,,"[""actress"", ""producer"", ""writer""]","[""tt0323120"", ""tt5333546"", ""tt1555440"", ""tt2405780""]",https://www.imdb.com/name/nm1480430/,False
nm1480555,Arjan Bajwa,1979,,"[""actor""]","[""tt5165344"", ""tt8983202"", ""tt0964516"", ""tt9260636""]",https://www.imdb.com/name/nm1480555/,False
nm1480916,Bora Dagtekin,1978,,"[""writer"", ""producer"", ""director""]","[""tt2987732"", ""tt10145122"", ""tt1650536"", ""tt0954636""]",https://www.imdb.com/name/nm1480916/,False
nm1481660,Mikel Lejarza,,,"[""producer"", ""actor""]","[""tt3253930"", ""tt6908274"", ""tt1937149"", ""tt4857264""]",https://www.imdb.com/name/nm1481660/,False
nm1482178,Jeremy Reed,,,"[""production_designer""]","[""tt34374553"", ""tt23172090"", ""tt9086228"", ""tt31728330""]",https://www.imdb.com/name/nm1482178/,False
nm1482301,Jérôme Seydoux,1934,,"[""producer"", ""actor"", ""miscellaneous""]","[""tt10366460"", ""tt6823148"", ""tt5723272"", ""tt3774114""]",https://www.imdb.com/name/nm1482301/,False
nm1483948,Porscha Coleman,,,"[""actress"", ""producer""]","[""tt36825547"", ""tt13018090"", ""tt11761194"", ""tt31860482""]",https://www.imdb.com/name/nm1483948/,False
nm1486239,Brenda Cooney,,,"[""actress"", ""miscellaneous""]","[""tt1594562"", ""tt1172994"", ""tt1464580"", ""tt1339607""]",https://www.imdb.com/name/nm1486239/,False
nm14870845,Shiv Katariya,,,"[""actor""]","[""tt18413766"", ""tt13801462"", ""tt12484724"", ""tt23709962""]",https://www.imdb.com/name/nm14870845/,False
nm1487493,Craig McConnell,,,"[""composer"", ""music_department"", ""sound_department""]","[""tt21047286"", ""tt2392433"", ""tt1198333"", ""tt2380560""]",https://www.imdb.com/name/nm1487493/,False
nm1487606,Sevi Morou,,,"[""production_manager"", ""producer"", ""production_department""]","[""tt12300742"", ""tt0403508"", ""tt2209418"", ""tt0325703""]",https://www.imdb.com/name/nm1487606/,False
nm1488027,Celine Rattray,1975,,"[""producer"", ""miscellaneous"", ""assistant_director""]","[""tt0842926"", ""tt0896872"", ""tt1704573"", ""tt3721936""]",https://www.imdb.com/name/nm1488027/,False
nm14888658,Wavi Zihan,,,"[""actress""]","[""tt33054457"", ""tt33349807"", ""tt33051946"", ""tt31032022""]",https://www.imdb.com/name/nm14888658/,False
nm1490813,Rick Ostermann,1978,,"[""assistant_director"", ""director"", ""writer""]","[""tt14917354"", ""tt2582320"", ""tt7217962"", ""tt0246677""]",https://www.imdb.com/name/nm1490813/,False
nm1490961,Peter Phok,1981,,"[""producer"", ""production_manager"", ""assistant_director""]","[""tt1464580"", ""tt13560574"", ""tt2105044"", ""tt1594562""]",https://www.imdb.com/name/nm1490961/,False
nm1491927,Jonathan Frank,,,"[""writer"", ""actor"", ""script_department""]","[""tt15325794"", ""tt0471041"", ""tt3276924"", ""tt5254610""]",https://www.imdb.com/name/nm1491927/,False
nm1492569,Rafael Dragaud,1972,,"[""writer"", ""director"", ""producer""]","[""tt2152749"", ""tt1646956"", ""tt4612304"", ""tt0827778""]",https://www.imdb.com/name/nm1492569/,False
nm1492784,Devon Gearhart,1995,,"[""actor""]","[""tt0808279"", ""tt1100119"", ""tt0780492"", ""tt0824747""]",https://www.imdb.com/name/nm1492784/,False
nm14930772,Jerskin Fendrix,,,"[""composer"", ""actor"", ""music_department""]","[""tt12300742"", ""tt14230458"", ""tt22408160"", ""tt39634010""]",https://www.imdb.com/name/nm14930772/,False
nm1493287,Bill Kravitz,,,"[""manager"", ""producer"", ""casting_director""]","[""tt0455362"", ""tt0355954"", ""tt0283942"", ""tt0381601""]",https://www.imdb.com/name/nm1493287/,False
nm1494168,Angela Sarafyan,1983,,"[""actress"", ""producer"", ""archive_footage""]","[""tt1951181"", ""tt5950044"", ""tt2481498"", ""tt1413495""]",https://www.imdb.com/name/nm1494168/,False
nm1495175,Justice Leak,1979,,"[""actor"", ""producer"", ""miscellaneous""]","[""tt11324406"", ""tt1405406"", ""tt4016454"", ""tt7772588""]",https://www.imdb.com/name/nm1495175/,False
nm14981552,Rohed Khan,,,"[""actor""]","[""tt18072316"", ""tt23865942"", ""tt6950476"", ""tt35231200""]",https://www.imdb.com/name/nm14981552/,False
nm1498467,Kalasala Babu,,2018,"[""actor""]","[""tt2359191"", ""tt0928191"", ""tt32767710"", ""tt0389337""]",https://www.imdb.com/name/nm1498467/,False
nm1498772,Holly Amber Church,,,"[""composer"", ""music_department"", ""soundtrack""]","[""tt8415836"", ""tt14866108"", ""tt32012524"", ""tt26669379""]",https://www.imdb.com/name/nm1498772/,False
nm1499971,Valentijn Moerdijk,,,"[""miscellaneous"", ""script_department"", ""writer""]","[""tt3800028"", ""tt2359002"", ""tt1365474"", ""tt2352230""]",https://www.imdb.com/name/nm1499971/,False
nm1499974,Conor Moloney,,,"[""actor"", ""producer"", ""writer""]","[""tt1540133"", ""tt3228774"", ""tt3433074"", ""tt0388894""]",https://www.imdb.com/name/nm1499974/,False
nm15004079,Douglas Garnett,,,"[""composer""]","[""tt3608654"", ""tt3797142"", ""tt2278605"", ""tt0914829""]",https://www.imdb.com/name/nm15004079/,False
nm15005139,Alexi Angelino,,,"[""producer""]","[""tt18225644"", ""tt26453202"", ""tt28269949"", ""tt34382365""]",https://www.imdb.com/name/nm15005139/,False
nm1502425,Sarah Niles,,,"[""actress"", ""soundtrack"", ""archive_footage""]","[""tt16311594"", ""tt10676052"", ""tt13357520"", ""tt10986410""]",https://www.imdb.com/name/nm1502425/,False
nm1504478,David Bell,,,"[""animation_department"", ""art_department"", ""production_designer""]","[""tt2788732"", ""tt0386117"", ""tt0417745"", ""tt5612564""]",https://www.imdb.com/name/nm1504478/,False
nm15089240,Kisha Arora,,,"[""actress""]","[""tt36491337"", ""tt28501091""]",https://www.imdb.com/name/nm15089240/,False
nm1509816,Corey Allen Jackson,1968,,"[""composer"", ""music_department"", ""producer""]","[""tt1715336"", ""tt1242432"", ""tt1666186"", ""tt3949660""]",https://www.imdb.com/name/nm1509816/,False
nm15124715,Randy Spears,,,"[""editor"", ""director"", ""writer""]","[""tt31805492"", ""tt0096919"", ""tt9351610""]",https://www.imdb.com/name/nm15124715/,False
nm1513037,Rica Amabis,,,"[""composer"", ""music_department"", ""soundtrack""]","[""tt0303408"", ""tt35301431"", ""tt1322277"", ""tt2231208""]",https://www.imdb.com/name/nm1513037/,False
nm15136253,Juris Razgulajevs,,,"[""producer""]","[""tt32123395""]",https://www.imdb.com/name/nm15136253/,False
nm1514763,Amin Joseph,,,"[""actor"", ""director"", ""producer""]","[""tt1320253"", ""tt7734218"", ""tt1469304"", ""tt0884328""]",https://www.imdb.com/name/nm1514763/,False
nm15192292,Soumil Shukla,,,"[""miscellaneous"", ""writer""]","[""tt28363783"", ""tt23865942"", ""tt26733317"", ""tt26733325""]",https://www.imdb.com/name/nm15192292/,False
nm15192296,Arun Singh,,,"[""writer""]","[""tt23865942""]",https://www.imdb.com/name/nm15192296/,False
nm1519666,Eddie Redmayne,1982,,"[""actor"", ""producer"", ""soundtrack""]","[""tt1707386"", ""tt2980516"", ""tt0810819"", ""tt1617661""]",https://www.imdb.com/name/nm1519666/,False
nm1520505,Tom Butterfield,,,"[""producer"", ""production_manager"", ""executive""]","[""tt1697800"", ""tt6285944""]",https://www.imdb.com/name/nm1520505/,False
nm15206519,Vilde Tuv,,,"[""composer"", ""soundtrack""]","[""tt29344903"", ""tt26724578"", ""tt29333640"", ""tt28800843""]",https://www.imdb.com/name/nm15206519/,False
nm1521381,Nayanthara,1984,,"[""actress"", ""producer""]","[""tt15354916"", ""tt5372466"", ""tt6270936"", ""tt5128328""]",https://www.imdb.com/name/nm1521381/,False
nm1525948,Ashton Holmes,,,"[""actor"", ""archive_footage""]","[""tt0399146"", ""tt0486051"", ""tt1535616"", ""tt0374463""]",https://www.imdb.com/name/nm1525948/,False
nm1526214,Tyler Ross,1989,,"[""actor"", ""producer""]","[""tt1637727"", ""tt5770620"", ""tt1717724"", ""tt2254364""]",https://www.imdb.com/name/nm1526214/,False
nm1527417,Shing-Choi Chu,,,"[""actress""]","[""tt0215877"", ""tt0083199"", ""tt0105620"", ""tt0087143""]",https://www.imdb.com/name/nm1527417/,False
nm1530422,Steve Barker,1971,,"[""director"", ""writer"", ""assistant_director""]","[""tt0892899"", ""tt1418712"", ""tt2393827"", ""tt3923662""]",https://www.imdb.com/name/nm1530422/,False
nm15315024,Tessa Bourgeois,,,"[""actress""]","[""tt22408160""]",https://www.imdb.com/name/nm15315024/,False
nm1531547,Gopal Datt,,,"[""actor"", ""writer"", ""music_department""]","[""tt9766332"", ""tt31474411"", ""tt9398466"", ""tt8305218""]",https://www.imdb.com/name/nm1531547/,False
nm1534553,Kim Tae-seong,,,"[""composer"", ""music_department"", ""actor""]","[""tt12838766"", ""tt6493286"", ""tt27802490"", ""tt2025526""]",https://www.imdb.com/name/nm1534553/,False
nm1539281,Bill J. Gottlieb,,,"[""producer"", ""casting_director"", ""actor""]","[""tt6157970"", ""tt0758762"", ""tt1197613"", ""tt0491027""]",https://www.imdb.com/name/nm1539281/,False
nm1539961,Denis Kuryshev,1968,,"[""writer"", ""director"", ""actor""]","[""tt2649128"", ""tt6270596"", ""tt7670276"", ""tt11379700""]",https://www.imdb.com/name/nm1539961/,False
nm1540836,Rajat Poddar,,2024,"[""art_department"", ""art_director"", ""production_designer""]","[""tt2082197"", ""tt6455162"", ""tt4129428"", ""tt2574698""]",https://www.imdb.com/name/nm1540836/,False
nm15414650,Sophia Carnabuci,,,"[""actress"", ""miscellaneous""]","[""tt28607951""]",https://www.imdb.com/name/nm15414650/,False
nm1541912,Shao-Hua Lung,1953,2021,"[""actor"", ""archive_footage""]","[""tt6262574"", ""tt14720502"", ""tt8893498"", ""tt10901732""]",https://www.imdb.com/name/nm1541912/,False
nm1545611,Michael Costigan,,,"[""producer""]","[""tt1682180"", ""tt1219827"", ""tt2193215"", ""tt0758774""]",https://www.imdb.com/name/nm1545611/,False
nm1546187,John Baker,,,"[""actor""]","[""tt0415306"", ""tt1161418"", ""tt5541338"", ""tt0171339""]",https://www.imdb.com/name/nm1546187/,False
nm1546300,Diego Boneta,1990,,"[""actor"", ""producer"", ""writer""]","[""tt8045690"", ""tt6450804"", ""tt1336608"", ""tt4145384""]",https://www.imdb.com/name/nm1546300/,False
nm1547925,Poj Arnon,,,"[""director"", ""writer"", ""producer""]","[""tt1135961"", ""tt37728642"", ""tt2664226"", ""tt0756204""]",https://www.imdb.com/name/nm1547925/,False
nm1550921,Choochart Nantitanyatada,,,"[""cinematographer""]","[""tt0460749"", ""tt0488338"", ""tt0401248"", ""tt1054564""]",https://www.imdb.com/name/nm1550921/,False
nm15518875,Park Hyeong Jin,,,"[""producer"", ""executive""]","[""tt27802490"", ""tt38034769"", ""tt36835979"", ""tt29218712""]",https://www.imdb.com/name/nm15518875/,False
nm1552206,Myriam Tallard,,,"[""actress"", ""miscellaneous""]","[""tt0790602"", ""tt4579914"", ""tt0239271"", ""tt1625015""]",https://www.imdb.com/name/nm1552206/,False
nm1552532,Greg Viljoen,,,"[""actor""]","[""tt21440188"", ""tt0275611"", ""tt2375692"", ""tt0398830""]",https://www.imdb.com/name/nm1552532/,False
nm1552841,Marike van Weelden,,,"[""actress""]","[""tt3620418"", ""tt1870949"", ""tt0920448"", ""tt1978200""]",https://www.imdb.com/name/nm1552841/,False
nm1553080,Bjarne Mädel,1968,,"[""actor"", ""director"", ""producer""]","[""tt2147995"", ""tt7225386"", ""tt12508520"", ""tt1284142""]",https://www.imdb.com/name/nm1553080/,False
nm15531321,Yukinobu Tatsu,,,"[""writer"", ""animation_department""]","[""tt30217403"", ""tt33343397"", ""tt36440312""]",https://www.imdb.com/name/nm15531321/,False
nm15559731,Anaya Thorley,,,"[""actress""]","[""tt32768323"", ""tt18291136"", ""tt42127925"", ""tt39215113""]",https://www.imdb.com/name/nm15559731/,False
nm1557652,Bruce McNall,1950,,"[""producer"", ""actor"", ""executive""]","[""tt0098627"", ""tt0812352"", ""tt0097883"", ""tt1097013""]",https://www.imdb.com/name/nm1557652/,False
nm1559763,Orn Anong Panyawong,,,"[""actress""]","[""tt0401248"", ""tt38640563"", ""tt28686328"", ""tt29289194""]",https://www.imdb.com/name/nm1559763/,False
nm1559944,Asanee Suwan,,,"[""actor""]","[""tt0401248"", ""tt0460749"", ""tt4982356""]",https://www.imdb.com/name/nm1559944/,False
nm1560551,Farida Ouchani,1967,,"[""actress""]","[""tt1068646"", ""tt5527020"", ""tt0808417"", ""tt2651246""]",https://www.imdb.com/name/nm1560551/,False
nm1560956,Ayman Abou el Makarem,,,"[""cinematographer"", ""camera_department""]","[""tt0418458"", ""tt1650844"", ""tt10503934"", ""tt1173901""]",https://www.imdb.com/name/nm1560956/,False
nm15626250,Aima Rosmy,,,"[""actor""]","[""tt29456979""]",https://www.imdb.com/name/nm15626250/,False
nm1564069,Trish Coren,,,"[""actress""]","[""tt0385560"", ""tt2724064"", ""tt0368479"", ""tt0472954""]",https://www.imdb.com/name/nm1564069/,False
nm15652215,Rahul Ravi,,,"[""camera_department"", ""cinematographer""]","[""tt6581528"", ""tt6071040"", ""tt21991348"", ""tt29866163""]",https://www.imdb.com/name/nm15652215/,False
nm15667524,Seiji Okuda,,,"[""producer"", ""production_department"", ""production_manager""]","[""tt0286751"", ""tt1474276"", ""tt4272866"", ""tt23289160""]",https://www.imdb.com/name/nm15667524/,False
nm1566893,Man-Ching Ng,,,"[""cinematographer"", ""camera_department"", ""director""]","[""tt7375466"", ""tt0439630"", ""tt0369060"", ""tt0808357""]",https://www.imdb.com/name/nm1566893/,False
nm1568319,Kannan Iyer,,,"[""writer"", ""director"", ""actor""]","[""tt2406676"", ""tt0118931"", ""tt19864942"", ""tt1170411""]",https://www.imdb.com/name/nm1568319/,False
nm1568411,Shola Adewusi,,,"[""actress"", ""producer"", ""writer""]","[""tt10329024"", ""tt5097050"", ""tt5639464"", ""tt1441951""]",https://www.imdb.com/name/nm1568411/,False
nm1568779,Baek Bong-gi,1980,,"[""actor""]","[""tt0353969"", ""tt4928412"", ""tt2253742"", ""tt0385737""]",https://www.imdb.com/name/nm1568779/,False
nm15687938,Jihan Jeetendra Hodar,,,"[""actor""]","[""tt15428134"", ""tt32245314"", ""tt25729214"", ""tt27111295""]",https://www.imdb.com/name/nm15687938/,False
nm1570770,Pierre Even,,,"[""producer""]","[""tt0401085"", ""tt2381111"", ""tt1160996"", ""tt6866224""]",https://www.imdb.com/name/nm1570770/,False
nm1573097,Carmit Levité,,,"[""actress"", ""music_department"", ""producer""]","[""tt0960890"", ""tt0401161"", ""tt0498386"", ""tt6076336""]",https://www.imdb.com/name/nm1573097/,False
nm1575364,Yuka Ruell,,,"[""editor"", ""actress"", ""editorial_department""]","[""tt0374900"", ""tt0172156"", ""tt1161418"", ""tt0425236""]",https://www.imdb.com/name/nm1575364/,False
nm1577095,Everette Wallin,1976,,"[""actor"", ""writer"", ""producer""]","[""tt8318702"", ""tt2062661"", ""tt1562918"", ""tt10631716""]",https://www.imdb.com/name/nm1577095/,False
nm1580957,B.J. Britt,1982,,"[""actor"", ""archive_footage""]","[""tt0438315"", ""tt2364582"", ""tt1666186"", ""tt1740828""]",https://www.imdb.com/name/nm1580957/,False
nm1581597,Bess Rous,,,"[""actress"", ""archive_footage""]","[""tt31938062"", ""tt11358390"", ""tt2402061"", ""tt0203259""]",https://www.imdb.com/name/nm1581597/,False
nm15817199,Satish Kumar,,,"[""producer""]","[""tt31242102""]",https://www.imdb.com/name/nm15817199/,False
nm1585815,Maya Kvetny,,,"[""casting_director"", ""casting_department"", ""producer""]","[""tt2584384"", ""tt0489974"", ""tt1730768"", ""tt7529770""]",https://www.imdb.com/name/nm1585815/,False
nm1595095,Cecilia Milocco,1972,,"[""actress"", ""choreographer"", ""miscellaneous""]","[""tt10928086"", ""tt1232826"", ""tt2122313"", ""tt2579978""]",https://www.imdb.com/name/nm1595095/,False
nm1596350,Nawazuddin Siddiqui,1974,,"[""actor"", ""producer"", ""assistant_director""]","[""tt1954470"", ""tt3678782"", ""tt3863552"", ""tt2350496""]",https://www.imdb.com/name/nm1596350/,False
nm15966012,Arun Kumar,,,"[""actor""]","[""tt21437674"", ""tt31242102""]",https://www.imdb.com/name/nm15966012/,False
nm1597002,Nadia El Gendy,1946,,"[""actress"", ""producer""]","[""tt13798524"", ""tt8330292"", ""tt0376703"", ""tt1051865""]",https://www.imdb.com/name/nm1597002/,False
nm1597260,Mircea Monroe,1982,,"[""actress"", ""producer""]","[""tt0411951"", ""tt1978428"", ""tt0482629"", ""tt0337921""]",https://www.imdb.com/name/nm1597260/,False
nm1597653,Tony De Paul,,,"[""writer""]","[""tt0375104""]",https://www.imdb.com/name/nm1597653/,False
nm1600160,Joseph White,1978,,"[""cinematographer"", ""director"", ""camera_department""]","[""tt0942384"", ""tt0963194"", ""tt1095195"", ""tt2205401""]",https://www.imdb.com/name/nm1600160/,False
nm1601674,Daniel Poisson,,,"[""casting_director"", ""casting_department""]","[""tt31851883"", ""tt34913322"", ""tt34555170"", ""tt10856166""]",https://www.imdb.com/name/nm1601674/,False
nm16039197,White Hot Ice,,,"[""actor""]","[""tt0466103""]",https://www.imdb.com/name/nm16039197/,False
nm16040482,Kencil Mejia,,,"[""actor""]","[""tt22408160""]",https://www.imdb.com/name/nm16040482/,False
nm16091006,Oksana Czerkasyna,,,"[""actress""]","[""tt29344903""]",https://www.imdb.com/name/nm16091006/,False
nm1615610,Allan Loeb,1969,,"[""writer"", ""producer"", ""actor""]","[""tt3922818"", ""tt0889573"", ""tt4682786"", ""tt0469623""]",https://www.imdb.com/name/nm1615610/,False
nm1615964,Brendan Patrick Connor,,,"[""actor"", ""writer"", ""producer""]","[""tt0316654"", ""tt0364845"", ""tt0804503"", ""tt0385307""]",https://www.imdb.com/name/nm1615964/,False
nm1617265,Yannis Stankoglou,,,"[""actor"", ""archive_footage""]","[""tt4660248"", ""tt3186946"", ""tt7838494"", ""tt1708523""]",https://www.imdb.com/name/nm1617265/,False
nm1617375,Derk-Jan Warrink,1985,,"[""producer"", ""actor"", ""production_manager""]","[""tt36474012"", ""tt26745321"", ""tt14915600"", ""tt3464902""]",https://www.imdb.com/name/nm1617375/,False
nm1617691,Yuka Hyodo,,,"[""actress""]","[""tt0401248"", ""tt0363060"", ""tt1896858"", ""tt39239465""]",https://www.imdb.com/name/nm1617691/,False
nm1617784,Lim Hyeon-kyeong,1983,,"[""actress""]","[""tt1314652"", ""tt0475711"", ""tt0370360"", ""tt0927575""]",https://www.imdb.com/name/nm1617784/,False
nm1617856,Shamron Moore,1977,,"[""actress"", ""archive_footage""]","[""tt0960890"", ""tt0417056"", ""tt0387199"", ""tt6461676""]",https://www.imdb.com/name/nm1617856/,False
nm1617876,Sitiporn Niyom,,,"[""actor""]","[""tt0826188"", ""tt0401248"", ""tt34986074"", ""tt28102104""]",https://www.imdb.com/name/nm1617876/,False
nm1618065,Vivienne Vermes,,,"[""actress""]","[""tt1619029"", ""tt1194616"", ""tt3713944"", ""tt3006946""]",https://www.imdb.com/name/nm1618065/,False
nm1619929,Maren Lüthje,,,"[""producer"", ""writer"", ""production_department""]","[""tt2756792"", ""tt1361835"", ""tt12875782"", ""tt0757358""]",https://www.imdb.com/name/nm1619929/,False
nm1622257,Alvin Lam,,,"[""producer"", ""composer"", ""executive""]","[""tt7039862"", ""tt2957680"", ""tt0995739"", ""tt5842624""]",https://www.imdb.com/name/nm1622257/,False
nm1622771,Mark Ruka,,,"[""actor"", ""director"", ""writer""]","[""tt0412080"", ""tt5809948"", ""tt4056518"", ""tt2637256""]",https://www.imdb.com/name/nm1622771/,False
nm16237139,Fadeke Adeola,,,"[""actress""]","[""tt22408160""]",https://www.imdb.com/name/nm16237139/,False
nm1626539,Ana Asensio,,,"[""actress"", ""producer"", ""director""]","[""tt4866448"", ""tt26166154"", ""tt1887891"", ""tt1363468""]",https://www.imdb.com/name/nm1626539/,False
nm1626825,Kola Bhaskar,,,"[""editor"", ""producer""]","[""tt1451409"", ""tt1451763"", ""tt0395668"", ""tt0417241""]",https://www.imdb.com/name/nm1626825/,False
nm16275262,Anton Bitter,,,"[""actor""]","[""tt28607951""]",https://www.imdb.com/name/nm16275262/,False
nm1628660,Ricardo Della Rosa,1968,2015,"[""cinematographer"", ""camera_department"", ""director""]","[""tt0373747"", ""tt1016321"", ""tt0861689"", ""tt1712170""]",https://www.imdb.com/name/nm1628660/,False
nm1631269,Chloë Grace Moretz,1997,,"[""actress"", ""producer"", ""miscellaneous""]","[""tt1250777"", ""tt1228987"", ""tt1939659"", ""tt1355630""]",https://www.imdb.com/name/nm1631269/,False
nm1631516,Nukkid Boonthong,,,"[""actor""]","[""tt31829664"", ""tt0401248"", ""tt27858977"", ""tt26375828""]",https://www.imdb.com/name/nm1631516/,False
nm1633672,Jonathan Amos,,,"[""editor"", ""editorial_department""]","[""tt3890160"", ""tt0446029"", ""tt1478964"", ""tt4468740""]",https://www.imdb.com/name/nm1633672/,False
nm1635458,Ciaran McIntyre,1947,2019,"[""actor""]","[""tt2395417"", ""tt0143047"", ""tt0945259"", ""tt0115355""]",https://www.imdb.com/name/nm1635458/,False
nm1638941,John F. Lyons,,,"[""editor"", ""editorial_department"", ""producer""]","[""tt2350496"", ""tt5034266"", ""tt8682114"", ""tt0379976""]",https://www.imdb.com/name/nm1638941/,False
nm1640159,Hyo-jin Kim,,,"[""cinematographer"", ""assistant_director""]","[""tt2253742"", ""tt0293863"", ""tt1880412"", ""tt0299015""]",https://www.imdb.com/name/nm1640159/,False
nm1640468,Theo Green,,,"[""director"", ""composer"", ""sound_department""]","[""tt1160419"", ""tt1856101"", ""tt2039393"", ""tt1582507""]",https://www.imdb.com/name/nm1640468/,False
nm1640476,Jean-Pierre Taïeb,,,"[""composer"", ""music_department"", ""actor""]","[""tt1535616"", ""tt0814685"", ""tt10696896"", ""tt19319352""]",https://www.imdb.com/name/nm1640476/,False
nm1640523,Katrina Begin,,,"[""actress"", ""writer"", ""producer""]","[""tt7845644"", ""tt4855114"", ""tt8244578"", ""tt1591493""]",https://www.imdb.com/name/nm1640523/,False
nm1641117,Alex Pettyfer,1990,,"[""actor"", ""producer"", ""director""]","[""tt1915581"", ""tt2093991"", ""tt1637688"", ""tt0972544""]",https://www.imdb.com/name/nm1641117/,False
nm1642186,Nathaniel Aron,,,"[""cinematographer"", ""camera_department""]","[""tt1592873"", ""tt1194616"", ""tt18350242"", ""tt0414487""]",https://www.imdb.com/name/nm1642186/,False
nm16431994,Jung Jun-hwan,1990,,"[""actor""]","[""tt31624258"", ""tt11769304"", ""tt12867810"", ""tt13634872""]",https://www.imdb.com/name/nm16431994/,False
nm1644311,Slawomir Zapala,1983,,"[""actor"", ""director"", ""soundtrack""]","[""tt2316329"", ""tt6229766"", ""tt1511447"", ""tt6104058""]",https://www.imdb.com/name/nm1644311/,False
nm16448855,Marie-Amandine Fouqué,,,"[""actress"", ""producer""]","[""tt32397787"", ""tt36491337"", ""tt32176397"", ""tt1815917""]",https://www.imdb.com/name/nm16448855/,False
nm1646297,Esther Koo,,,"[""actress"", ""producer"", ""assistant_director""]","[""tt0286635"", ""tt8239806"", ""tt37882543"", ""tt4417522""]",https://www.imdb.com/name/nm1646297/,False
nm1650324,Mohamed Hefzy,1975,,"[""producer"", ""writer"", ""actor""]","[""tt2799166"", ""tt27721079"", ""tt31013030"", ""tt0417202""]",https://www.imdb.com/name/nm1650324/,False
nm16513575,M Prasad Babu,,,"[""writer"", ""director"", ""actor""]","[""tt27487934"", ""tt24060892"", ""tt15387182"", ""tt37800767""]",https://www.imdb.com/name/nm16513575/,False
nm1653021,Justin Talley,1983,,"[""visual_effects"", ""cinematographer"", ""camera_department""]","[""tt4154796"", ""tt3501632"", ""tt4154756"", ""tt30825738""]",https://www.imdb.com/name/nm1653021/,False
nm1653263,Michael Dixon,1983,,"[""actor"", ""producer"", ""director""]","[""tt0460740"", ""tt31852564"", ""tt0346491"", ""tt0478304""]",https://www.imdb.com/name/nm1653263/,False
nm1653635,David Burns,,,"[""producer"", ""writer"", ""composer""]","[""tt8705308"", ""tt1414378"", ""tt5676912"", ""tt27419070""]",https://www.imdb.com/name/nm1653635/,False
nm16546335,Tuka,,,"[""actor"", ""composer""]","[""tt1535616"", ""tt35624807"", ""tt35633627"", ""tt35633616""]",https://www.imdb.com/name/nm16546335/,False
nm1655205,Rawiri Pene,,,"[""actor""]","[""tt0388377"", ""tt0456104"", ""tt1405466"", ""tt1386958""]",https://www.imdb.com/name/nm1655205/,False
nm1655234,Sergey Puskepalis,1966,2022,"[""actor"", ""director"", ""archive_footage""]","[""tt0846069"", ""tt1588875"", ""tt2649128"", ""tt2261331""]",https://www.imdb.com/name/nm1655234/,False
nm1656122,Nicole Vicius,,,"[""actress""]","[""tt0468489"", ""tt1022603"", ""tt0496328"", ""tt1748207""]",https://www.imdb.com/name/nm1656122/,False
nm16580075,Candela Díaz Sanz,,,"[""actress""]","[""tt39060193"", ""tt30973261"", ""tt35148175""]",https://www.imdb.com/name/nm16580075/,False
nm16585093,Thomas Penzone,,,"[""composer""]","[""tt6988366""]",https://www.imdb.com/name/nm16585093/,False
nm16585094,Richard Penzone,,,"[""composer""]","[""tt6988366""]",https://www.imdb.com/name/nm16585094/,False
nm1658935,Jack Huston,1982,,"[""actor"", ""writer"", ""director""]","[""tt1311071"", ""tt2638144"", ""tt1800241"", ""tt0462465""]",https://www.imdb.com/name/nm1658935/,False
nm1659569,Tracy Perez,,,"[""actress"", ""art_department"", ""producer""]","[""tt2312036"", ""tt14950412"", ""tt2786354"", ""tt10069166""]",https://www.imdb.com/name/nm1659569/,False
nm1663205,Sharlto Copley,1973,,"[""actor"", ""producer"", ""director""]","[""tt1136608"", ""tt1823672"", ""tt3072482"", ""tt0429493""]",https://www.imdb.com/name/nm1663205/,False
nm1666528,Matthew E. Chausse,,,"[""producer"", ""miscellaneous"", ""production_manager""]","[""tt27721490"", ""tt13610344"", ""tt27844906"", ""tt35890662""]",https://www.imdb.com/name/nm1666528/,False
nm1669356,Lisa Marie Hall,,,"[""production_designer"", ""art_department"", ""art_director""]","[""tt4939950"", ""tt0374853"", ""tt5711280"", ""tt0479925""]",https://www.imdb.com/name/nm1669356/,False
nm1669761,Rachanu Boonchuduang,,,"[""actress""]","[""tt1135961"", ""tt0419879"", ""tt0484090"", ""tt3671582""]",https://www.imdb.com/name/nm1669761/,False
nm1670029,Rupert Friend,1981,,"[""actor"", ""producer"", ""writer""]","[""tt2679042"", ""tt4686844"", ""tt0962736"", ""tt0914798""]",https://www.imdb.com/name/nm1670029/,False
nm1672246,Jorma Taccone,1977,,"[""writer"", ""producer"", ""actor""]","[""tt3960412"", ""tt1490017"", ""tt0787475"", ""tt34685692""]",https://www.imdb.com/name/nm1672246/,False
nm1672572,Ravi Walia,,,"[""cinematographer"", ""producer"", ""camera_department""]","[""tt1191130"", ""tt2229842"", ""tt1292642"", ""tt1753640""]",https://www.imdb.com/name/nm1672572/,False
nm16740251,Joseph Capalbo,,,"[""composer"", ""soundtrack""]","[""tt28607951""]",https://www.imdb.com/name/nm16740251/,False
nm1675175,Taigi Kobayashi,1964,,"[""actor""]","[""tt0363226"", ""tt0758742"", ""tt0391198"", ""tt0366526""]",https://www.imdb.com/name/nm1675175/,False
nm1675246,Aleksey Maklakov,1961,,"[""actor"", ""soundtrack""]","[""tt0403358"", ""tt0409904"", ""tt1395104"", ""tt7601480""]",https://www.imdb.com/name/nm1675246/,False
nm1675531,Paul T. Taylor,,,"[""actor"", ""writer""]","[""tt5476182"", ""tt0401792"", ""tt7044478"", ""tt1512235""]",https://www.imdb.com/name/nm1675531/,False
nm1676221,Andy Samberg,1978,,"[""actor"", ""producer"", ""writer""]","[""tt3960412"", ""tt0072562"", ""tt9484998"", ""tt2467372""]",https://www.imdb.com/name/nm1676221/,False
nm1676223,Akiva Schaffer,1977,,"[""writer"", ""director"", ""producer""]","[""tt3960412"", ""tt0072562"", ""tt1490017"", ""tt3402138""]",https://www.imdb.com/name/nm1676223/,False
nm1677206,Ian Springer,,,"[""writer"", ""actor"", ""camera_department""]","[""tt10676052""]",https://www.imdb.com/name/nm1677206/,False
nm1677840,Daniel White,,,"[""actor"", ""writer"", ""archive_footage""]","[""tt31150080"", ""tt0096919"", ""tt31146073""]",https://www.imdb.com/name/nm1677840/,False
nm1677976,S Krishna,,,"[""cinematographer"", ""writer"", ""director""]","[""tt3571378"", ""tt3962184"", ""tt1964837"", ""tt13906690""]",https://www.imdb.com/name/nm1677976/,False
nm1678814,Eiichirô Funakoshi,1960,,"[""actor""]","[""tt0497850"", ""tt2090541"", ""tt2091908"", ""tt2091909""]",https://www.imdb.com/name/nm1678814/,False
nm1679342,Lucas Simpson,,,"[""actor"", ""archive_footage""]","[""tt0096919""]",https://www.imdb.com/name/nm1679342/,False
nm1679934,Nana Mizuki,1980,,"[""actress"", ""music_department"", ""miscellaneous""]","[""tt0421357"", ""tt1951264"", ""tt30217403"", ""tt1531061""]",https://www.imdb.com/name/nm1679934/,False
nm1684744,Jennifer Holland,,,"[""actress"", ""archive_footage""]","[""tt13146488"", ""tt6334354"", ""tt7752126"", ""tt5583410""]",https://www.imdb.com/name/nm1684744/,False
nm1686536,Sarah Power,1985,,"[""actress"", ""soundtrack""]","[""tt3952222"", ""tt3906732"", ""tt5257744"", ""tt3526078""]",https://www.imdb.com/name/nm1686536/,False
nm1688033,Kavithalaya Krishnan,,,"[""actor""]","[""tt7019842"", ""tt0139876"", ""tt33673925"", ""tt7179784""]",https://www.imdb.com/name/nm1688033/,False
nm16887975,Suzanne Smith Crowley,,,"[""casting_director"", ""casting_department"", ""producer""]","[""tt0453467"", ""tt1790864"", ""tt0111257"", ""tt1430132""]",https://www.imdb.com/name/nm16887975/,False
nm1689638,Maninee De,,,"[""actress"", ""miscellaneous"", ""sound_department""]","[""tt0432637"", ""tt11998558"", ""tt0401949"", ""tt4729430""]",https://www.imdb.com/name/nm1689638/,False
nm1693690,Jeremy Gardner,1981,,"[""actor"", ""director"", ""writer""]","[""tt2272350"", ""tt8358220"", ""tt3395184"", ""tt0820998""]",https://www.imdb.com/name/nm1693690/,False
nm1694524,N.T. Rama Rao Jr.,1983,,"[""actor"", ""music_department"", ""soundtrack""]","[""tt8178634"", ""tt5098128"", ""tt5946852"", ""tt11821912""]",https://www.imdb.com/name/nm1694524/,False
nm1697112,Adam Green,1975,,"[""director"", ""writer"", ""actor""]","[""tt1323045"", ""tt0422401"", ""tt4727692"", ""tt2014681""]",https://www.imdb.com/name/nm1697112/,False
nm1699148,Turgay Tanülkü,1953,,"[""actor"", ""soundtrack""]","[""tt5175270"", ""tt0880502"", ""tt0421384"", ""tt32429521""]",https://www.imdb.com/name/nm1699148/,False
nm1699212,Ahmet Yenilmez,1966,,"[""actor"", ""producer"", ""director""]","[""tt6290732"", ""tt0499168"", ""tt24071136"", ""tt0426789""]",https://www.imdb.com/name/nm1699212/,False
nm1699770,Christoph Wermke,1977,,"[""editor"", ""director"", ""producer""]","[""tt0421550"", ""tt14608922"", ""tt2175905"", ""tt1443500""]",https://www.imdb.com/name/nm1699770/,False
nm1700105,Christopher Cano,,,"[""composer"", ""music_department"", ""soundtrack""]","[""tt8783146"", ""tt10551118"", ""tt6744988"", ""tt8031422""]",https://www.imdb.com/name/nm1700105/,False
nm1700114,Bora Ebeoglu,1962,,"[""composer"", ""music_department"", ""actor""]","[""tt1322930"", ""tt1173223"", ""tt0449832"", ""tt0128332""]",https://www.imdb.com/name/nm1700114/,False
nm1701139,Will Barratt,,,"[""cinematographer"", ""producer"", ""camera_department""]","[""tt1323045"", ""tt16527290"", ""tt0422401"", ""tt35667069""]",https://www.imdb.com/name/nm1701139/,False
nm1701437,Sarah Elbert,,,"[""producer"", ""actress"", ""writer""]","[""tt0422401"", ""tt2014681"", ""tt6212208"", ""tt1870419""]",https://www.imdb.com/name/nm1701437/,False
nm1701930,Saravanan,,,"[""cinematographer""]","[""tt1308015"", ""tt1705772"", ""tt1496380"", ""tt2638104""]",https://www.imdb.com/name/nm1701930/,False
nm1702283,Sezgin Erdemir,1976,,"[""actor""]","[""tt1322930"", ""tt3662764"", ""tt0329866"", ""tt4320258""]",https://www.imdb.com/name/nm1702283/,False
nm17036063,Suhayla Balli Al Soufi Del Diego,,,"[""actor""]","[""tt32768323""]",https://www.imdb.com/name/nm17036063/,False
nm17036067,Angeline Padrón Filippova,,,"[""actor""]","[""tt32768323""]",https://www.imdb.com/name/nm17036067/,False
nm1706468,Seong-geun Park,,,"[""producer"", ""production_department""]","[""tt2253742"", ""tt0423461"", ""tt1731229""]",https://www.imdb.com/name/nm1706468/,False
nm1706767,Jonah Hill,1983,,"[""actor"", ""producer"", ""writer""]","[""tt2294449"", ""tt1232829"", ""tt0993846"", ""tt1210166""]",https://www.imdb.com/name/nm1706767/,False
nm1707265,Albert Lee,,,"[""producer"", ""miscellaneous"", ""executive""]","[""tt1533117"", ""tt1424310"", ""tt2952602"", ""tt0469050""]",https://www.imdb.com/name/nm1707265/,False
nm1708547,Deshun Wang,,,"[""actor""]","[""tt0865556"", ""tt4938830"", ""tt1667150"", ""tt1123373""]",https://www.imdb.com/name/nm1708547/,False
nm1709264,Dave Callaham,,,"[""writer"", ""producer"", ""script_department""]","[""tt9376612"", ""tt9362722"", ""tt6682754"", ""tt20833660""]",https://www.imdb.com/name/nm1709264/,False
nm1713653,Rain,1982,,"[""actor"", ""writer"", ""producer""]","[""tt0497137"", ""tt1186367"", ""tt0811080"", ""tt0464625""]",https://www.imdb.com/name/nm1713653/,False
nm1715297,Penny Vital,1977,,"[""actress"", ""archive_footage""]","[""tt0960890"", ""tt0439709"", ""tt1131743"", ""tt18567536""]",https://www.imdb.com/name/nm1715297/,False
nm1718060,Hesham Abdel Khalek,,,"[""producer"", ""assistant_director""]","[""tt0446559"", ""tt0417202"", ""tt1961311"", ""tt5687212""]",https://www.imdb.com/name/nm1718060/,False
nm17203125,Manpreet Singh Dhami,,,"[""director"", ""writer"", ""producer""]","[""tt14332510"", ""tt36491337""]",https://www.imdb.com/name/nm17203125/,False
nm1720736,Robert Tonino,,,"[""producer"", ""miscellaneous"", ""actor""]","[""tt0830558"", ""tt1714208"", ""tt1845804"", ""tt1267319""]",https://www.imdb.com/name/nm1720736/,False
nm1723252,Emanuele Scaringi,,,"[""director"", ""writer"", ""producer""]","[""tt14372210"", ""tt7660450"", ""tt19654028"", ""tt3568158""]",https://www.imdb.com/name/nm1723252/,False
nm1725514,Tim McGregor,,,"[""writer"", ""location_management""]","[""tt0843878"", ""tt1331329"", ""tt1871415"", ""tt1249294""]",https://www.imdb.com/name/nm1725514/,False
nm1726978,Yagmur Atacan,1983,,"[""actor""]","[""tt0826631"", ""tt0953931"", ""tt0929809"", ""tt1304568""]",https://www.imdb.com/name/nm1726978/,False
nm1727456,Gözde Kansu,1980,,"[""actress""]","[""tt1322930"", ""tt6051216"", ""tt21105088"", ""tt8853394""]",https://www.imdb.com/name/nm1727456/,False
nm1728514,Cara Horgan,,,"[""actress""]","[""tt1751634"", ""tt4686844"", ""tt7371896"", ""tt0914798""]",https://www.imdb.com/name/nm1728514/,False
nm1728748,Victoria Nestorowicz,1980,,"[""actress"", ""writer"", ""producer""]","[""tt0798794"", ""tt0843878"", ""tt0377248"", ""tt0454823""]",https://www.imdb.com/name/nm1728748/,False
nm1729395,Lauren Pomerantz,1979,,"[""writer"", ""producer"", ""miscellaneous""]","[""tt11225626"", ""tt0379623"", ""tt6477194"", ""tt0072562""]",https://www.imdb.com/name/nm1729395/,False
nm1729428,Gary Whitta,,,"[""producer"", ""director"", ""writer""]","[""tt1815862"", ""tt3748528"", ""tt1037705"", ""tt0466931""]",https://www.imdb.com/name/nm1729428/,False
nm1730201,Alicia Haverland,,,"[""miscellaneous"", ""art_director"", ""art_department""]","[""tt1763264"", ""tt5308322"", ""tt8155288"", ""tt10855768""]",https://www.imdb.com/name/nm1730201/,False
nm1730299,Rezzan Çankir,,,"[""casting_department"", ""casting_director"", ""talent_agent""]","[""tt2608224"", ""tt0470883"", ""tt13322702"", ""tt1831164""]",https://www.imdb.com/name/nm1730299/,False
nm17314263,Upkaar Singh Dhami,,,"[""producer""]","[""tt36491337""]",https://www.imdb.com/name/nm17314263/,False
nm1732519,Lee Hana,1982,,"[""actress""]","[""tt6283632"", ""tt0843239"", ""tt1135972"", ""tt3019818""]",https://www.imdb.com/name/nm1732519/,False
nm1732890,Andrew Kaiser,,,"[""composer"", ""music_department"", ""miscellaneous""]","[""tt2669336"", ""tt0316732"", ""tt0305711"", ""tt0310910""]",https://www.imdb.com/name/nm1732890/,False
nm1733130,Bp Cooper,,,"[""producer"", ""writer"", ""executive""]","[""tt2669336"", ""tt4700370"", ""tt0479162"", ""tt1288402""]",https://www.imdb.com/name/nm1733130/,False
nm1733195,Tyler Levine,,,"[""producer"", ""director"", ""production_department""]","[""tt13588156"", ""tt5033290"", ""tt4593196""]",https://www.imdb.com/name/nm1733195/,False
nm17349162,Marie Amandinef,,,"[""actor""]","[""tt36491337""]",https://www.imdb.com/name/nm17349162/,False
nm1735048,Tuba Büyüküstün,1982,,"[""actress"", ""archive_footage""]","[""tt3565486"", ""tt6162588"", ""tt5927352""]",https://www.imdb.com/name/nm1735048/,False
nm1736914,Ali Craig,,,"[""actor"", ""writer""]","[""tt1706470"", ""tt8428402"", ""tt2081311"", ""tt1418712""]",https://www.imdb.com/name/nm1736914/,False
nm1736979,Kaisa Hela,1977,,"[""actress"", ""writer"", ""producer""]","[""tt4506706"", ""tt23183606"", ""tt8499998"", ""tt2901962""]",https://www.imdb.com/name/nm1736979/,False
nm1738580,Brenda Jean Foley,,,"[""actress"", ""director"", ""producer""]","[""tt18411838"", ""tt5669410"", ""tt14480726"", ""tt15057400""]",https://www.imdb.com/name/nm1738580/,False
nm1738698,Laís Bodanzky,1969,,"[""director"", ""producer"", ""writer""]","[""tt0977642"", ""tt5631456"", ""tt9225812"", ""tt1054677""]",https://www.imdb.com/name/nm1738698/,False
nm1738801,Veli Kuzlu,1973,,"[""cinematographer"", ""camera_department"", ""producer""]","[""tt0384116"", ""tt0782042"", ""tt29292161"", ""tt1807950""]",https://www.imdb.com/name/nm1738801/,False
nm1738823,Ozan Çolakoglu,1972,,"[""music_department"", ""composer"", ""producer""]","[""tt0384116"", ""tt0470883"", ""tt0827503"", ""tt10420532""]",https://www.imdb.com/name/nm1738823/,False
nm1738875,Çagri Türkkan,,,"[""editor"", ""miscellaneous"", ""actor""]","[""tt1567448"", ""tt0384116"", ""tt3347976"", ""tt8442644""]",https://www.imdb.com/name/nm1738875/,False
nm1739317,Kookie Gulati,,,"[""director"", ""assistant_director"", ""writer""]","[""tt9614452"", ""tt1455816"", ""tt0464160"", ""tt27843798""]",https://www.imdb.com/name/nm1739317/,False
nm17408921,Jeon Yeo-jin,,,"[""actress""]","[""tt13885376"", ""tt6720154"", ""tt0843195"", ""tt6461346""]",https://www.imdb.com/name/nm17408921/,False
nm1741757,Chun-Luk Chan,,,"[""actress""]","[""tt0369060"", ""tt15165236"", ""tt0343663"", ""tt0439890""]",https://www.imdb.com/name/nm1741757/,False
nm1741828,Konrad Bugaj,1979,,"[""casting_director"", ""actor"", ""casting_department""]","[""tt9506474"", ""tt8649186"", ""tt26423839"", ""tt0441074""]",https://www.imdb.com/name/nm1741828/,False
nm1742464,Wing Tong Sheung,,,"[""actor""]","[""tt15165236"", ""tt0343663""]",https://www.imdb.com/name/nm1742464/,False
nm1742465,Cheng You Shin,,,"[""actor""]","[""tt15165236"", ""tt0343663""]",https://www.imdb.com/name/nm1742465/,False
nm1742636,Lai Fu Yim,,,"[""actor""]","[""tt15165236"", ""tt0343663""]",https://www.imdb.com/name/nm1742636/,False
nm17429923,Manjeet,,,"[""cinematographer""]","[""tt22036406"", ""tt7715202"", ""tt28258888"", ""tt5465370""]",https://www.imdb.com/name/nm17429923/,False
nm1743692,Filip Vandewal,,,"[""cinematographer"", ""camera_department"", ""director""]","[""tt7608028"", ""tt18212138"", ""tt3195606"", ""tt5648232""]",https://www.imdb.com/name/nm1743692/,False
nm1743822,Ryan Czaplinski,,,"[""visual_effects"", ""art_department"", ""editor""]","[""tt10543530"", ""tt28448709"", ""tt1590190"", ""tt8114634""]",https://www.imdb.com/name/nm1743822/,False
nm1745488,Siu Man Ting,,,"[""actor""]","[""tt15165236"", ""tt0343663""]",https://www.imdb.com/name/nm1745488/,False
nm1745524,Kim Tak Wong,,,"[""actor""]","[""tt15165236"", ""tt0343663""]",https://www.imdb.com/name/nm1745524/,False
nm1747924,Jim Parrack,1981,,"[""actor"", ""producer"", ""director""]","[""tt1386697"", ""tt0844441"", ""tt1217613"", ""tt2713180""]",https://www.imdb.com/name/nm1747924/,False
nm1751245,Amanda Billing,1976,,"[""actress"", ""camera_department"", ""art_department""]","[""tt3566834"", ""tt5335606"", ""tt0098911"", ""tt5286434""]",https://www.imdb.com/name/nm1751245/,False
nm1753428,Volkan Demirok,1988,,"[""actor""]","[""tt0826631"", ""tt1147696"", ""tt0399854"", ""tt1286142""]",https://www.imdb.com/name/nm1753428/,False
nm1754541,Ömer Lütfi Mete,1950,2009,"[""writer"", ""producer"", ""script_department""]","[""tt0426672"", ""tt32474519"", ""tt0481354"", ""tt0302463""]",https://www.imdb.com/name/nm1754541/,False
nm1755854,Tania Verafield,,,"[""actress"", ""producer"", ""writer""]","[""tt0433387"", ""tt12593682"", ""tt1299384"", ""tt1307065""]",https://www.imdb.com/name/nm1755854/,False
nm1757929,Gareth Edwards,1975,,"[""visual_effects"", ""director"", ""writer""]","[""tt1470827"", ""tt3748528"", ""tt0831387"", ""tt11858890""]",https://www.imdb.com/name/nm1757929/,False
nm1759786,Sinasi Yurtsever,1973,2025,"[""actor"", ""writer""]","[""tt0827503"", ""tt3347976"", ""tt3671754"", ""tt32139367""]",https://www.imdb.com/name/nm1759786/,False
nm1759824,Caner Özyurtlu,1986,,"[""actor"", ""producer"", ""director""]","[""tt9081470"", ""tt10441806"", ""tt1589427"", ""tt14344266""]",https://www.imdb.com/name/nm1759824/,False
nm1760623,Flore Vannier-Moreau,,,"[""actress""]","[""tt1217637"", ""tt0485241"", ""tt0429052"", ""tt1064861""]",https://www.imdb.com/name/nm1760623/,False
nm1764351,Nicky Whelan,1981,,"[""actress"", ""producer"", ""archive_footage""]","[""tt0480687"", ""tt2101383"", ""tt0884732"", ""tt1311067""]",https://www.imdb.com/name/nm1764351/,False
nm1767524,Tanyabuth Songsakul,,,"[""actor""]","[""tt0401248""]",https://www.imdb.com/name/nm1767524/,False
nm1767581,Somsak Tuangmkuda,,,"[""actor""]","[""tt0401248"", ""tt1784600""]",https://www.imdb.com/name/nm1767581/,False
nm1767726,Amanda Clayton,,,"[""actress"", ""producer"", ""director""]","[""tt7187044"", ""tt3645318"", ""tt1620935"", ""tt0401729""]",https://www.imdb.com/name/nm1767726/,False
nm1768846,Dixie Chassay,,,"[""casting_director"", ""casting_department"", ""producer""]","[""tt5083738"", ""tt2235759"", ""tt15239678"", ""tt14230458""]",https://www.imdb.com/name/nm1768846/,False
nm1770848,Daniel Manche,1993,,"[""actor"", ""composer""]","[""tt0830558"", ""tt2620736"", ""tt0048845"", ""tt0479138""]",https://www.imdb.com/name/nm1770848/,False
nm1771469,Krista Gall,,,"[""production_designer"", ""art_department"", ""art_director""]","[""tt34878951"", ""tt22485826"", ""tt10584608"", ""tt7725422""]",https://www.imdb.com/name/nm1771469/,False
nm1773400,Moon Jeong-Hee,1976,,"[""actress""]","[""tt2173024"", ""tt3953834"", ""tt3155654"", ""tt5145372""]",https://www.imdb.com/name/nm1773400/,False
nm1773843,Takefumi Haketa,,,"[""composer"", ""music_department"", ""soundtrack""]","[""tt0286751"", ""tt2108249"", ""tt1629284"", ""tt3110014""]",https://www.imdb.com/name/nm1773843/,False
nm1780337,Gökhan Tiryaki,1972,,"[""cinematographer"", ""director"", ""camera_department""]","[""tt1827487"", ""tt2608224"", ""tt2758880"", ""tt6628102""]",https://www.imdb.com/name/nm1780337/,False
nm1780517,Julien Lacheray,,,"[""editor"", ""sound_department"", ""director""]","[""tt3655522"", ""tt8613070"", ""tt1836841"", ""tt4680196""]",https://www.imdb.com/name/nm1780517/,False
nm1782299,Imogen Poots,1989,,"[""actress"", ""producer"", ""soundtrack""]","[""tt8368406"", ""tt4062536"", ""tt0463854"", ""tt2101383""]",https://www.imdb.com/name/nm1782299/,False
nm1782770,Simon Brandon,1982,,"[""actor"", ""director"", ""writer""]","[""tt8134482"", ""tt10913434"", ""tt12270378"", ""tt11732840""]",https://www.imdb.com/name/nm1782770/,False
nm1783713,Bradley King,,,"[""director"", ""writer"", ""actor""]","[""tt2669336"", ""tt4700370"", ""tt0436035"", ""tt2057389""]",https://www.imdb.com/name/nm1783713/,False
nm1786125,Jamie Lapsley,,,"[""production_designer"", ""art_department"", ""art_director""]","[""tt2667380"", ""tt3467914"", ""tt13057120"", ""tt7493974""]",https://www.imdb.com/name/nm1786125/,False
nm17870785,Sunil Kumar,,,"[""cinematographer""]","[""tt11947158"", ""tt27542289"", ""tt7363076"", ""tt26936666""]",https://www.imdb.com/name/nm17870785/,False
nm1789263,Mieko Hillman,,,"[""actress""]","[""tt0191397"", ""tt1567432"", ""tt1442437"", ""tt0375355""]",https://www.imdb.com/name/nm1789263/,False
nm1789723,Kiyoshi Hirose,,,"[""editor"", ""editorial_department"", ""actor""]","[""tt30217403"", ""tt7451284"", ""tt16764368"", ""tt13424422""]",https://www.imdb.com/name/nm1789723/,False
nm1789970,Addison Timlin,1991,,"[""actress"", ""producer"", ""soundtrack""]","[""tt0398017"", ""tt1767354"", ""tt1389096"", ""tt1800246""]",https://www.imdb.com/name/nm1789970/,False
nm17917967,Medikonda Hareesh,,,"[""casting_director""]","[""tt14564000"", ""tt37803534"", ""tt26595643""]",https://www.imdb.com/name/nm17917967/,False
nm1791881,George Nelson,,,"[""actor"", ""stunts"", ""producer""]","[""tt13051664"", ""tt15108230"", ""tt9527682"", ""tt1754871""]",https://www.imdb.com/name/nm1791881/,False
nm1792396,Jason Sherman,,,"[""camera_department"", ""producer"", ""cinematographer""]","[""tt15413348"", ""tt43330486"", ""tt1844635"", ""tt5909140""]",https://www.imdb.com/name/nm1792396/,False
nm17927076,Dmitry Vasilenko,,,"[""actor""]","[""tt32123395""]",https://www.imdb.com/name/nm17927076/,False
nm17932223,Sameer Ahmed Mir,,,"[""actor""]","[""tt23865942"", ""tt10869778"", ""tt8392006""]",https://www.imdb.com/name/nm17932223/,False
nm1794432,Aleksey Bardukov,1984,,"[""actor"", ""archive_footage""]","[""tt1283294"", ""tt1532382"", ""tt2649128"", ""tt16103786""]",https://www.imdb.com/name/nm1794432/,False
nm1794642,Shane Bowen,1971,,"[""actor""]","[""tt0358273"", ""tt1000146"", ""tt1662295"", ""tt2527186""]",https://www.imdb.com/name/nm1794642/,False
nm1794888,Paul Che,1959,,"[""actor""]","[""tt1634122"", ""tt0465580"", ""tt10165900"", ""tt0434008""]",https://www.imdb.com/name/nm1794888/,False
nm1795989,Leo Howard,1997,,"[""actor"", ""director"", ""archive_footage""]","[""tt0816462"", ""tt1100119"", ""tt1046173"", ""tt1765622""]",https://www.imdb.com/name/nm1795989/,False
nm1796156,Yannick Jozefzoon,,,"[""actor"", ""script_department""]","[""tt12345940"", ""tt14691100"", ""tt15739388"", ""tt16291192""]",https://www.imdb.com/name/nm1796156/,False
nm1796390,Ravi Krishna,1983,,"[""actor""]","[""tt0439418"", ""tt1496729"", ""tt0953605"", ""tt1966496""]",https://www.imdb.com/name/nm1796390/,False
nm1797032,Scotty Mullen,,,"[""writer"", ""casting_director"", ""actor""]","[""tt39053638"", ""tt39305216"", ""tt37086390"", ""tt6298780""]",https://www.imdb.com/name/nm1797032/,False
nm1798902,Devi Ajith,1973,,"[""actress""]","[""tt4258292"", ""tt5320514"", ""tt6315524"", ""tt27096874""]",https://www.imdb.com/name/nm1798902/,False
nm1799153,Chelsea Ellis Bloch,,,"[""casting_director"", ""casting_department"", ""actress""]","[""tt8151874"", ""tt9362930"", ""tt14022668"", ""tt13249596""]",https://www.imdb.com/name/nm1799153/,False
nm17998404,Milkha Singh,,,"[""cinematographer""]","[""tt13773882"", ""tt13801462"", ""tt33084735""]",https://www.imdb.com/name/nm17998404/,False
nm1800111,Mao Inoue,1987,,"[""actress""]","[""tt0489597"", ""tt1727825"", ""tt0108880"", ""tt1401656""]",https://www.imdb.com/name/nm1800111/,False
nm1801800,Sharni Vinson,1983,,"[""actress"", ""producer"", ""archive_footage""]","[""tt1853739"", ""tt1193631"", ""tt0094481"", ""tt2147459""]",https://www.imdb.com/name/nm1801800/,False
nm1802259,Alex Nam,,,"[""editor"", ""producer"", ""director""]","[""tt0456113"", ""tt0455720"", ""tt0772174"", ""tt0406661""]",https://www.imdb.com/name/nm1802259/,False
nm1802377,Ankur Tewari,1977,,"[""music_department"", ""composer"", ""producer""]","[""tt2395469"", ""tt1010048"", ""tt15434074"", ""tt10733228""]",https://www.imdb.com/name/nm1802377/,False
nm1802964,Murat Akdilek,,,"[""producer"", ""actor"", ""executive""]","[""tt1827487"", ""tt1668191"", ""tt1286126"", ""tt1051907""]",https://www.imdb.com/name/nm1802964/,False
nm1804168,Andrej Melita,,,"[""composer"", ""music_department"", ""actor""]","[""tt7225386"", ""tt4077584"", ""tt5521594"", ""tt1247657""]",https://www.imdb.com/name/nm1804168/,False
nm1805444,Honey Trehan,1978,,"[""casting_director"", ""assistant_director"", ""producer""]","[""tt12567088"", ""tt1934231"", ""tt4934950"", ""tt28089784""]",https://www.imdb.com/name/nm1805444/,False
nm1814056,Byron Wong,,,"[""editor"", ""editorial_department"", ""production_department""]","[""tt0942385"", ""tt1656186"", ""tt1714915"", ""tt0120832""]",https://www.imdb.com/name/nm1814056/,False
nm1817887,Christa Théret,1991,,"[""actress"", ""archive_footage""]","[""tt2150332"", ""tt1194616"", ""tt4040042"", ""tt0422015""]",https://www.imdb.com/name/nm1817887/,False
nm1818121,Nacho G. Velilla,1967,,"[""producer"", ""writer"", ""director""]","[""tt1020955"", ""tt1475400"", ""tt5674842"", ""tt3500544""]",https://www.imdb.com/name/nm1818121/,False
nm1818256,Wojciech Saramonowicz,,,"[""writer"", ""miscellaneous""]","[""tt18970380"", ""tt12857246"", ""tt0441060"", ""tt2264054""]",https://www.imdb.com/name/nm1818256/,False
nm1819990,Jessica Elbaum,,,"[""producer"", ""miscellaneous"", ""executive""]","[""tt1489887"", ""tt8064302"", ""tt5503686"", ""tt3797512""]",https://www.imdb.com/name/nm1819990/,False
nm1822342,Upendra Limaye,1969,,"[""actor""]","[""tt1653015"", ""tt13751694"", ""tt13491110"", ""tt5338082""]",https://www.imdb.com/name/nm1822342/,False
nm18295774,Ahmad El-Zughbi,,,"[""casting_director""]","[""tt31013030""]",https://www.imdb.com/name/nm18295774/,False
nm1831639,Antaine Furlong,,,"[""writer"", ""producer"", ""director""]","[""tt10370042"", ""tt10319554"", ""tt12132632"", ""tt11273700""]",https://www.imdb.com/name/nm1831639/,False
nm1831976,Jake Abel,,,"[""actor"", ""producer"", ""archive_footage""]","[""tt3811906"", ""tt0814255"", ""tt1517260"", ""tt0903657""]",https://www.imdb.com/name/nm1831976/,False
nm1834530,Kevin Turen,1979,2023,"[""producer"", ""writer"", ""miscellaneous""]","[""tt8652728"", ""tt13560574"", ""tt2017038"", ""tt11291274""]",https://www.imdb.com/name/nm1834530/,False
nm1834737,Tiffany Beaudin,1980,,"[""editor"", ""editorial_department"", ""visual_effects""]","[""tt4815426"", ""tt16464084"", ""tt5030452"", ""tt11994750""]",https://www.imdb.com/name/nm1834737/,False
nm1834891,Maneesh Sharma,,,"[""producer"", ""director"", ""assistant_director""]","[""tt1610452"", ""tt3495026"", ""tt18411490"", ""tt3495030""]",https://www.imdb.com/name/nm1834891/,False
nm1836376,Edward A. Warschilka,1954,,"[""editor"", ""editorial_department"", ""sound_department""]","[""tt0093894"", ""tt0083511"", ""tt0116225"", ""tt0090728""]",https://www.imdb.com/name/nm1836376/,False
nm1841348,Arcade Fire,,,"[""music_department"", ""music_artist"", ""actor""]","[""tt1798709"", ""tt1392170"", ""tt2222042"", ""tt7734218""]",https://www.imdb.com/name/nm1841348/,False
nm1842419,Lynn Adrianna Freedman,,,"[""actress"", ""writer"", ""producer""]","[""tt32376165"", ""tt1798709"", ""tt13833978"", ""tt2267998""]",https://www.imdb.com/name/nm1842419/,False
nm1843550,Jeremy King,,,"[""actor"", ""producer"", ""writer""]","[""tt33253070"", ""tt15203646"", ""tt39124092"", ""tt1298650""]",https://www.imdb.com/name/nm1843550/,False
nm1843554,Carl Levin,,,"[""producer"", ""miscellaneous"", ""executive""]","[""tt1336608"", ""tt0381505"", ""tt0482461"", ""tt0466766""]",https://www.imdb.com/name/nm1843554/,False
nm1848950,Alexandra Rojek,,,"[""set_decorator"", ""production_designer"", ""art_department""]","[""tt2661044"", ""tt13146488"", ""tt15439048"", ""tt29780951""]",https://www.imdb.com/name/nm1848950/,False
nm1850507,Pawel Pogorzelski,1979,,"[""cinematographer"", ""camera_department"", ""producer""]","[""tt7784604"", ""tt8772262"", ""tt13521006"", ""tt9362930""]",https://www.imdb.com/name/nm1850507/,False
nm1852658,Jacques Ballard,1984,,"[""camera_department"", ""cinematographer"", ""assistant_director""]","[""tt27032708"", ""tt7458762"", ""tt11686490"", ""tt0869977""]",https://www.imdb.com/name/nm1852658/,False
nm1853240,Rick Chambers,,,"[""actor"", ""camera_department""]","[""tt1645170"", ""tt1059786"", ""tt5758778"", ""tt0477080""]",https://www.imdb.com/name/nm1853240/,False
nm1853865,Matthew Margeson,1980,,"[""composer"", ""music_department"", ""miscellaneous""]","[""tt2802144"", ""tt1564585"", ""tt2066051"", ""tt1935859""]",https://www.imdb.com/name/nm1853865/,False
nm1854664,Jermaine Fowler,1988,,"[""actor"", ""producer"", ""writer""]","[""tt5688932"", ""tt6802400"", ""tt19758112"", ""tt9784798""]",https://www.imdb.com/name/nm1854664/,False
nm1855335,Faruk Savun,1927,2011,"[""actor""]","[""tt2246789"", ""tt1957993"", ""tt2261451"", ""tt6006996""]",https://www.imdb.com/name/nm1855335/,False
nm1856080,Hülya Gülsen Irmak,1965,,"[""actress""]","[""tt8960568"", ""tt39222526"", ""tt4114744"", ""tt0448277""]",https://www.imdb.com/name/nm1856080/,False
nm1857335,Emilie Tisné,1978,,"[""producer"", ""executive""]","[""tt2098628"", ""tt7374926"", ""tt4085084"", ""tt15329224""]",https://www.imdb.com/name/nm1857335/,False
nm1857354,Björn Vosgerau,,,"[""producer""]","[""tt14917354"", ""tt0920458"", ""tt1223934"", ""tt0424992""]",https://www.imdb.com/name/nm1857354/,False
nm1857623,Christopher O'Young,,,"[""composer"", ""music_department"", ""sound_department""]","[""tt1693764"", ""tt1667150"", ""tt7194894"", ""tt1104814""]",https://www.imdb.com/name/nm1857623/,False
nm1859475,Omid Abtahi,1979,,"[""actor"", ""casting_department"", ""archive_footage""]","[""tt1951266"", ""tt0765010"", ""tt1217239"", ""tt2233084""]",https://www.imdb.com/name/nm1859475/,False
nm1862104,Tiwa Moeithaisong,,,"[""cinematographer"", ""editor"", ""director""]","[""tt1135961"", ""tt2292693"", ""tt0756245"", ""tt2591732""]",https://www.imdb.com/name/nm1862104/,False
nm1862815,Venkat Prabhu,1975,,"[""actor"", ""director"", ""writer""]","[""tt4983780"", ""tt1496380"", ""tt27487934"", ""tt1705772""]",https://www.imdb.com/name/nm1862815/,False
nm1865011,Anjana Sukhani,1978,,"[""actress""]","[""tt20753964"", ""tt1692189"", ""tt0485272"", ""tt3171872""]",https://www.imdb.com/name/nm1865011/,False
nm1869349,Thelma Buabeng,1981,,"[""actress"", ""archive_footage""]","[""tt6616002"", ""tt4711952"", ""tt6133328"", ""tt6470924""]",https://www.imdb.com/name/nm1869349/,False
nm1871313,Samir Fuchs,1977,,"[""actor"", ""miscellaneous""]","[""tt4063800"", ""tt14962342"", ""tt1796960"", ""tt0804484""]",https://www.imdb.com/name/nm1871313/,False
nm1871951,Leïla Bekhti,1984,,"[""actress"", ""miscellaneous"", ""soundtrack""]","[""tt0401711"", ""tt1235166"", ""tt1587877"", ""tt4669264""]",https://www.imdb.com/name/nm1871951/,False
nm1872698,Dianna Agron,1986,,"[""actress"", ""producer"", ""director""]","[""tt2404311"", ""tt1464540"", ""tt1327801"", ""tt19757912""]",https://www.imdb.com/name/nm1872698/,False
nm1876303,Danna Lee,,,"[""actress""]","[""tt0452668"", ""tt0281825""]",https://www.imdb.com/name/nm1876303/,False
nm1876440,Yildiz Kültür,1944,,"[""actress""]","[""tt1322930"", ""tt1795096"", ""tt1347521"", ""tt3138782""]",https://www.imdb.com/name/nm1876440/,False
nm1879213,Juan Moreno,,,"[""producer"", ""production_department"", ""writer""]","[""tt1543037"", ""tt0412800"", ""tt14077696"", ""tt1186830""]",https://www.imdb.com/name/nm1879213/,False
nm1880510,Atsuko Maeda,1991,,"[""actress"", ""make_up_department"", ""director""]","[""tt4262980"", ""tt1796562"", ""tt4691804"", ""tt6103812""]",https://www.imdb.com/name/nm1880510/,False
nm1880888,Olivia Thirlby,1986,,"[""actress"", ""producer"", ""writer""]","[""tt0467406"", ""tt1343727"", ""tt1411238"", ""tt1082886""]",https://www.imdb.com/name/nm1880888/,False
nm1882152,Xavier Samuel,1983,,"[""actor"", ""soundtrack""]","[""tt1655389"", ""tt3704428"", ""tt2103267"", ""tt3068194""]",https://www.imdb.com/name/nm1882152/,False
nm1882929,Liana Liberato,1995,,"[""actress""]","[""tt1355630"", ""tt1529572"", ""tt1972779"", ""tt2205697""]",https://www.imdb.com/name/nm1882929/,False
nm1883139,Venkat Dega,,,"[""producer""]","[""tt0460394"", ""tt0473604"", ""tt0452634""]",https://www.imdb.com/name/nm1883139/,False
nm1883318,Jiiva,1984,,"[""actor"", ""producer""]","[""tt7518786"", ""tt0453190"", ""tt1851988"", ""tt2342227""]",https://www.imdb.com/name/nm1883318/,False
nm18865278,Leona L. Dandee,,,"[""actress""]","[""tt4642970""]",https://www.imdb.com/name/nm18865278/,False
nm1886602,Miles Teller,1987,,"[""actor"", ""producer"", ""soundtrack""]","[""tt2582802"", ""tt1714206"", ""tt1502712"", ""tt13654226""]",https://www.imdb.com/name/nm1886602/,False
nm1887138,Mohit Suri,1981,,"[""director"", ""writer"", ""assistant_director""]","[""tt28037987"", ""tt2203308"", ""tt11947158"", ""tt9877170""]",https://www.imdb.com/name/nm1887138/,False
nm1889547,Neville Raschid,,,"[""producer"", ""director"", ""actor""]","[""tt1999930"", ""tt1183482"", ""tt6888938"", ""tt14317746""]",https://www.imdb.com/name/nm1889547/,False
nm1890304,Cole Payne,,,"[""producer"", ""executive"", ""miscellaneous""]","[""tt36647890"", ""tt3333870"", ""tt7132924"", ""tt0411323""]",https://www.imdb.com/name/nm1890304/,False
nm1890589,George Mendel,1950,,"[""actor""]","[""tt2873282"", ""tt1067774"", ""tt0353357"", ""tt5099020""]",https://www.imdb.com/name/nm1890589/,False
nm1894520,Trivikram Srinivas,1971,,"[""writer"", ""director"", ""music_department""]","[""tt9537292"", ""tt0471571"", ""tt3042926"", ""tt7765910""]",https://www.imdb.com/name/nm1894520/,False
nm1895871,Ross M. Dinerstein,,,"[""producer"", ""writer""]","[""tt37674426"", ""tt1772925"", ""tt11188154"", ""tt33481094""]",https://www.imdb.com/name/nm1895871/,False
nm1896588,Tim Large,,,"[""actor"", ""producer""]","[""tt1274596"", ""tt0765485"", ""tt1472543"", ""tt1220898""]",https://www.imdb.com/name/nm1896588/,False
nm1897746,Idoia Esteban,,,"[""art_director"", ""production_designer"", ""art_department""]","[""tt4857264"", ""tt9742794"", ""tt7921844"", ""tt1935896""]",https://www.imdb.com/name/nm1897746/,False
nm1898680,Scott Dougan,,,"[""production_designer"", ""art_director"", ""art_department""]","[""tt3682448"", ""tt3410834"", ""tt2024469"", ""tt0405336""]",https://www.imdb.com/name/nm1898680/,False
nm1903054,Allison Shearmur,1963,2018,"[""producer"", ""miscellaneous"", ""archive_footage""]","[""tt1951266"", ""tt1951265"", ""tt1951264"", ""tt3778644""]",https://www.imdb.com/name/nm1903054/,False
nm1905310,Jeff Zimbalist,1978,,"[""producer"", ""director"", ""writer""]","[""tt8106568"", ""tt2700330"", ""tt0995868"", ""tt24587530""]",https://www.imdb.com/name/nm1905310/,False
nm1909620,Ginge Anvik,,,"[""composer"", ""music_department"", ""soundtrack""]","[""tt7005636"", ""tt4968908"", ""tt1601227"", ""tt2835494""]",https://www.imdb.com/name/nm1909620/,False
nm1911188,Loren Semmens,,,"[""producer"", ""writer"", ""editor""]","[""tt1714208"", ""tt18253162"", ""tt27588823"", ""tt1650042""]",https://www.imdb.com/name/nm1911188/,False
nm1911240,Philip Delmaar,1971,,"[""writer"", ""script_department""]","[""tt10949122"", ""tt3544008"", ""tt3620418"", ""tt2359002""]",https://www.imdb.com/name/nm1911240/,False
nm1913734,Rooney Mara,1985,,"[""actress"", ""producer"", ""costume_designer""]","[""tt1568346"", ""tt2402927"", ""tt1285016"", ""tt13669038""]",https://www.imdb.com/name/nm1913734/,False
nm1915955,Tim Doiron,1979,,"[""writer"", ""producer"", ""actor""]","[""tt9689696"", ""tt13130024"", ""tt13786042"", ""tt1121964""]",https://www.imdb.com/name/nm1915955/,False
nm1918040,Virendra Chauhan,,,"[""actor""]","[""tt0460394"", ""tt1198349"", ""tt1931513"", ""tt13199716""]",https://www.imdb.com/name/nm1918040/,False
nm1918446,Amitabh Shukla,,,"[""editor"", ""editorial_department"", ""producer""]","[""tt0871510"", ""tt2556308"", ""tt0238936"", ""tt0432637""]",https://www.imdb.com/name/nm1918446/,False
nm1919048,Ashok Kumar,,,"[""actor""]","[""tt0460394"", ""tt0491772"", ""tt8660422"", ""tt5572890""]",https://www.imdb.com/name/nm1919048/,False
nm1919240,Valerio Aprea,1968,,"[""actor""]","[""tt3438354"", ""tt0887235"", ""tt0204098"", ""tt5897288""]",https://www.imdb.com/name/nm1919240/,False
nm1919605,Sudhakar Reddy Sathi,,,"[""camera_department"", ""editor"", ""assistant_director""]","[""tt0460394"", ""tt1183907"", ""tt0960734"", ""tt1268906""]",https://www.imdb.com/name/nm1919605/,False
nm1920568,Mohit Chadda,,,"[""actor"", ""director"", ""producer""]","[""tt14071150"", ""tt0460394"", ""tt38682747"", ""tt43507454""]",https://www.imdb.com/name/nm1920568/,False
nm1922104,KK Senthil Kumar,,,"[""cinematographer"", ""camera_department"", ""producer""]","[""tt8178634"", ""tt2631186"", ""tt4849438"", ""tt2258337""]",https://www.imdb.com/name/nm1922104/,False
nm1923369,Chandra Sekhar Yeleti,1973,,"[""writer"", ""director""]","[""tt0460394"", ""tt5948916"", ""tt0473604"", ""tt2905768""]",https://www.imdb.com/name/nm1923369/,False
nm1923803,Éric Bruneau,1983,,"[""actor"", ""miscellaneous"", ""writer""]","[""tt14107334"", ""tt8814476"", ""tt2322441"", ""tt23838390""]",https://www.imdb.com/name/nm1923803/,False
nm1924121,Chandulal Dalal,,,"[""writer""]","[""tt0459293""]",https://www.imdb.com/name/nm1924121/,False
nm1924625,Abhishek,,,"[""actor""]","[""tt0460394"", ""tt1579943"", ""tt4198490"", ""tt12740988""]",https://www.imdb.com/name/nm1924625/,False
nm1924628,Yuka Terasaki,1983,,"[""actress"", ""soundtrack""]","[""tt2591814"", ""tt5311514"", ""tt16156718"", ""tt0983213""]",https://www.imdb.com/name/nm1924628/,False
nm1925026,Laura Ortiz,1987,,"[""actress"", ""producer"", ""writer""]","[""tt0477051"", ""tt0454841"", ""tt0451079"", ""tt2015381""]",https://www.imdb.com/name/nm1925026/,False
nm1927347,Ilanit Shapiro,,,"[""actress""]","[""tt0326208"", ""tt0459293"", ""tt0835462"", ""tt1343016""]",https://www.imdb.com/name/nm1927347/,False
nm1928737,Nona Khodai,,,"[""editor"", ""editorial_department"", ""sound_department""]","[""tt9140560"", ""tt1190634"", ""tt10857164"", ""tt17220216""]",https://www.imdb.com/name/nm1928737/,False
nm1933765,Ryan Orion,,,"[""actor""]","[""tt0403217"", ""tt0930074""]",https://www.imdb.com/name/nm1933765/,False
nm1935952,Jördis Triebel,1977,,"[""actress"", ""miscellaneous"", ""soundtrack""]","[""tt2476552"", ""tt0424992"", ""tt5753856"", ""tt4073166""]",https://www.imdb.com/name/nm1935952/,False
nm1936347,Kim Dong-won,1962,,"[""director"", ""writer"", ""producer""]","[""tt2253742"", ""tt1880412"", ""tt0757353"", ""tt9018916""]",https://www.imdb.com/name/nm1936347/,False
nm1937563,Jenny Jue,,,"[""casting_director"", ""casting_department""]","[""tt3967856"", ""tt1706620"", ""tt0361748"", ""tt18259538""]",https://www.imdb.com/name/nm1937563/,False
nm1942197,Javier Gullón,,,"[""writer"", ""producer"", ""script_department""]","[""tt2316411"", ""tt4581576"", ""tt8406738"", ""tt2062559""]",https://www.imdb.com/name/nm1942197/,False
nm1942975,Andrea Jeremiah,1985,,"[""music_department"", ""actress"", ""producer""]","[""tt2187153"", ""tt1512888"", ""tt10579952"", ""tt0376127""]",https://www.imdb.com/name/nm1942975/,False
nm1944198,Suman Shetty,,,"[""actor""]","[""tt0439418"", ""tt2690596"", ""tt0907618"", ""tt1156516""]",https://www.imdb.com/name/nm1944198/,False
nm1948103,Jussi Vatanen,1978,,"[""actor"", ""writer"", ""producer""]","[""tt21027780"", ""tt4065552"", ""tt12366990"", ""tt10588740""]",https://www.imdb.com/name/nm1948103/,False
nm1951127,Arya,1980,,"[""actor"", ""producer""]","[""tt11580854"", ""tt2555958"", ""tt1379228"", ""tt10370932""]",https://www.imdb.com/name/nm1951127/,False
nm1951721,Lu Parker,1968,,"[""actress""]","[""tt0990407"", ""tt7178640"", ""tt1837576"", ""tt6290798""]",https://www.imdb.com/name/nm1951721/,False
nm1951858,Adam Deyoe,1982,,"[""director"", ""producer"", ""writer""]","[""tt3630800"", ""tt27715562"", ""tt27588823"", ""tt0452623""]",https://www.imdb.com/name/nm1951858/,False
nm1954240,Teresa Palmer,1986,,"[""actress"", ""producer"", ""writer""]","[""tt1588173"", ""tt4786282"", ""tt1464540"", ""tt3335606""]",https://www.imdb.com/name/nm1954240/,False
nm1954446,Kim Go-eun,1991,,"[""actress"", ""archive_footage""]","[""tt27802490"", ""tt2390253"", ""tt5994364"", ""tt4741110""]",https://www.imdb.com/name/nm1954446/,False
nm1955257,Lars Eidinger,1976,,"[""actor"", ""composer"", ""music_department""]","[""tt2452254"", ""tt9738784"", ""tt4714782"", ""tt2180587""]",https://www.imdb.com/name/nm1955257/,False
nm1957593,Emil Almén,,,"[""actor""]","[""tt1132620"", ""tt1647838"", ""tt0463263"", ""tt3342990""]",https://www.imdb.com/name/nm1957593/,False
nm1959127,Marina Potapova,1983,,"[""writer"", ""director"", ""editor""]","[""tt13188920"", ""tt1651118"", ""tt0466103"", ""tt13141664""]",https://www.imdb.com/name/nm1959127/,False
nm1959192,Sergey Loban,1972,,"[""director"", ""editor"", ""cinematographer""]","[""tt1651118"", ""tt0466103"", ""tt8513070"", ""tt4657708""]",https://www.imdb.com/name/nm1959192/,False
nm1961264,Rajeevan,,,"[""art_director"", ""production_designer"", ""actor""]","[""tt1725795"", ""tt1180583"", ""tt2375559"", ""tt27487934""]",https://www.imdb.com/name/nm1961264/,False
nm1962272,Santhanam,1980,,"[""actor"", ""cinematographer"", ""producer""]","[""tt2302966"", ""tt1305797"", ""tt1606183"", ""tt1965272""]",https://www.imdb.com/name/nm1962272/,False
nm1963755,Candis Nergaard,,,"[""actress"", ""writer"", ""miscellaneous""]","[""tt3747572"", ""tt1983079"", ""tt3868832"", ""tt0853153""]",https://www.imdb.com/name/nm1963755/,False
nm1963897,Severina Stoyanova,,,"[""production_designer"", ""set_decorator"", ""art_director""]","[""tt1253863"", ""tt2537176"", ""tt5801132"", ""tt3069212""]",https://www.imdb.com/name/nm1963897/,False
nm1964923,Habib Faisal,,,"[""writer"", ""director"", ""actor""]","[""tt2308773"", ""tt1714832"", ""tt3495026"", ""tt1610452""]",https://www.imdb.com/name/nm1964923/,False
nm1965828,Neil Kopp,,,"[""producer"", ""actor"", ""miscellaneous""]","[""tt11301886"", ""tt0842929"", ""tt5057140"", ""tt9231040""]",https://www.imdb.com/name/nm1965828/,False
nm1966322,Gris Jordana,,,"[""cinematographer"", ""camera_department"", ""art_department""]","[""tt0464141"", ""tt1164999"", ""tt10589738"", ""tt9618098""]",https://www.imdb.com/name/nm1966322/,False
nm1967417,Juanjo Javierre,,,"[""composer"", ""music_department"", ""director""]","[""tt1475400"", ""tt11123316"", ""tt16347374"", ""tt1020955""]",https://www.imdb.com/name/nm1967417/,False
nm1968069,Rachel Lascar,,,"[""actress"", ""director"", ""writer""]","[""tt28298539"", ""tt16288804"", ""tt2515034"", ""tt4136774""]",https://www.imdb.com/name/nm1968069/,False
nm1970746,Kôichi Takahashi,,,"[""editor"", ""editorial_department""]","[""tt3265404"", ""tt0314111"", ""tt0938341"", ""tt32828123""]",https://www.imdb.com/name/nm1970746/,False
nm1973308,Álvaro Augustin,,,"[""producer""]","[""tt1242422"", ""tt0457430"", ""tt0464141"", ""tt1186830""]",https://www.imdb.com/name/nm1973308/,False
nm1978079,Brian Quinn,1976,,"[""producer"", ""actor"", ""music_department""]","[""tt9208444"", ""tt6521876"", ""tt3148266"", ""tt37285985""]",https://www.imdb.com/name/nm1978079/,False
nm1978095,Joon-Seok Sol,,,"[""writer""]","[""tt0345603"", ""tt0426196"", ""tt1183174"", ""tt0470967""]",https://www.imdb.com/name/nm1978095/,False
nm1981344,Kostas Laskos,,2021,"[""actor"", ""archive_footage""]","[""tt11369420"", ""tt10110614"", ""tt3737988"", ""tt3864096""]",https://www.imdb.com/name/nm1981344/,False
nm1981533,Seo Ji-hye,1984,,"[""actress""]","[""tt10850932"", ""tt4329922"", ""tt2153296"", ""tt3211202""]",https://www.imdb.com/name/nm1981533/,False
nm1981744,Cha Ye-ryun,1985,,"[""actor""]","[""tt11133628"", ""tt0470967"", ""tt1934381"", ""tt0821462""]",https://www.imdb.com/name/nm1981744/,False
nm1981893,Riz Ahmed,1982,,"[""actor"", ""producer"", ""writer""]","[""tt5363618"", ""tt2872718"", ""tt3748528"", ""tt1341167""]",https://www.imdb.com/name/nm1981893/,False
nm1982607,Kim Ok-bin,1986,,"[""actress"", ""soundtrack""]","[""tt0762073"", ""tt6777338"", ""tt3865684"", ""tt8750956""]",https://www.imdb.com/name/nm1982607/,False
nm1983779,Andrew Clements,,,"[""actor"", ""production_department""]","[""tt4130510"", ""tt4902618"", ""tt3608654"", ""tt2004465""]",https://www.imdb.com/name/nm1983779/,False
nm1984001,Julian Chen,1971,,"[""actor"", ""soundtrack""]","[""tt1667150"", ""tt12661368"", ""tt21855566"", ""tt5565658""]",https://www.imdb.com/name/nm1984001/,False
nm1985797,Nina Crintzs,,,"[""writer""]","[""tt5314250"", ""tt7308092"", ""tt4299406"", ""tt7239146""]",https://www.imdb.com/name/nm1985797/,False
nm1987231,Fali Unwalla,,,"[""production_designer""]","[""tt9544034"", ""tt0425326"", ""tt1605790"", ""tt5197544""]",https://www.imdb.com/name/nm1987231/,False
nm1988202,George Kallis,1974,,"[""composer"", ""music_department"", ""sound_department""]","[""tt15334488"", ""tt26452781"", ""tt6175394"", ""tt0299981""]",https://www.imdb.com/name/nm1988202/,False
nm1989400,Bassel Hossam,,,"[""production_designer"", ""set_decorator"", ""art_director""]","[""tt2757228"", ""tt43641011"", ""tt1961311"", ""tt11273058""]",https://www.imdb.com/name/nm1989400/,False
nm1990642,Carlo Rizzo,,,"[""editor"", ""editorial_department"", ""director""]","[""tt1535616"", ""tt1430612"", ""tt1657507"", ""tt0465494""]",https://www.imdb.com/name/nm1990642/,False
nm1993322,Timo Vuorensola,1979,,"[""director"", ""actor"", ""writer""]","[""tt1034314"", ""tt3038708"", ""tt0472566"", ""tt37038757""]",https://www.imdb.com/name/nm1993322/,False
nm1996344,Clinton Cerejo,,,"[""music_artist"", ""music_department"", ""composer""]","[""tt1821480"", ""tt8130968"", ""tt0488414"", ""tt1562872""]",https://www.imdb.com/name/nm1996344/,False
nm1998668,Man Yan Chiu,,,"[""actress""]","[""tt0090956"", ""tt0101535"", ""tt0199153"", ""tt0186305""]",https://www.imdb.com/name/nm1998668/,False
nm2001517,Max von der Groeben,1992,,"[""actor"", ""producer"", ""soundtrack""]","[""tt2987732"", ""tt8613876"", ""tt9181732"", ""tt10084688""]",https://www.imdb.com/name/nm2001517/,False
nm2004109,Alex Oh,,,"[""music_department"", ""composer"", ""sound_department""]","[""tt1438173"", ""tt39315233"", ""tt0474791"", ""tt8382922""]",https://www.imdb.com/name/nm2004109/,False
nm2004248,Jing Hu,1978,,"[""actress"", ""assistant_director""]","[""tt6742348"", ""tt10166728"", ""tt3720058"", ""tt1667150""]",https://www.imdb.com/name/nm2004248/,False
nm2005850,Sam Bean,,,"[""actor""]","[""tt0094484"", ""tt2527186""]",https://www.imdb.com/name/nm2005850/,False
nm2005915,Martin Shore,,,"[""producer"", ""director"", ""writer""]","[""tt3498950"", ""tt18966752"", ""tt0475298"", ""tt8793018""]",https://www.imdb.com/name/nm2005915/,False
nm2006683,Bruno Monteiro,,,"[""animation_department"", ""writer"", ""art_department""]","[""tt2231208"", ""tt5481184"", ""tt12546328"", ""tt4808696""]",https://www.imdb.com/name/nm2006683/,False
nm2011723,Ryohei Hirota,1996,,"[""actor""]","[""tt0471414"", ""tt2152385"", ""tt1054122"", ""tt1133477""]",https://www.imdb.com/name/nm2011723/,False
nm2014973,Ju-Feng Yeh,,,"[""producer"", ""miscellaneous"", ""production_manager""]","[""tt0425637"", ""tt1326972"", ""tt0884865"", ""tt10883506""]",https://www.imdb.com/name/nm2014973/,False
nm2022987,Gopimohan,1974,,"[""writer"", ""assistant_director"", ""script_department""]","[""tt1708532"", ""tt1756476"", ""tt1305803"", ""tt1582560""]",https://www.imdb.com/name/nm2022987/,False
nm2029106,Chad Archibald,1981,,"[""producer"", ""director"", ""writer""]","[""tt35892608"", ""tt28230296"", ""tt4264426"", ""tt11778118""]",https://www.imdb.com/name/nm2029106/,False
nm2031400,Jordan Krug,,,"[""editor"", ""cinematographer"", ""producer""]","[""tt21069376"", ""tt10721420"", ""tt1320363"", ""tt28711712""]",https://www.imdb.com/name/nm2031400/,False
nm2033909,Sonal Choudhary,,,"[""set_decorator"", ""art_department"", ""costume_department""]","[""tt0838221"", ""tt1610452"", ""tt0886539"", ""tt0392883""]",https://www.imdb.com/name/nm2033909/,False
nm2034662,Esref Ziya Terzi,1968,,"[""actor"", ""writer""]","[""tt35050896"", ""tt0481354""]",https://www.imdb.com/name/nm2034662/,False
nm2035353,Alia Rhiana Eckerman,1982,,"[""actress"", ""producer"", ""casting_department""]","[""tt1001508"", ""tt1288406"", ""tt5726912"", ""tt4495858""]",https://www.imdb.com/name/nm2035353/,False
nm2037987,Helena Maura,,,"[""editor"", ""production_manager"", ""writer""]","[""tt2231208"", ""tt1887943"", ""tt0856801"", ""tt15525658""]",https://www.imdb.com/name/nm2037987/,False
nm2039562,Ege Ellidokuzoglu,1964,,"[""cinematographer"", ""camera_department""]","[""tt0484602"", ""tt7356432"", ""tt0492376"", ""tt0481354""]",https://www.imdb.com/name/nm2039562/,False
nm2042422,Mustafa Cihat Kilic,,,"[""producer"", ""soundtrack""]","[""tt0481354"", ""tt7932896""]",https://www.imdb.com/name/nm2042422/,False
nm2042837,Tamara Meem,,,"[""editor"", ""editorial_department"", ""visual_effects""]","[""tt33100314"", ""tt12005128"", ""tt1748207"", ""tt8902978""]",https://www.imdb.com/name/nm2042837/,False
nm2045250,Renuka Jeyapalan,,,"[""director"", ""producer"", ""writer""]","[""tt0481479"", ""tt15310816"", ""tt16464084"", ""tt27427326""]",https://www.imdb.com/name/nm2045250/,False
nm2046077,Ben Shiffrin,,,"[""writer"", ""miscellaneous""]","[""tt0407304"", ""tt4383594"", ""tt2239874"", ""tt9311218""]",https://www.imdb.com/name/nm2046077/,False
nm2046639,Percy Kemp,,,"[""actor"", ""writer""]","[""tt4085084"", ""tt2018043"", ""tt0364154"", ""tt0446863""]",https://www.imdb.com/name/nm2046639/,False
nm2047170,Emun Elliott,1983,,"[""actor""]","[""tt2488496"", ""tt1446714"", ""tt1450321"", ""tt0944947""]",https://www.imdb.com/name/nm2047170/,False
nm2047699,Oliver Ziegenbalg,1971,,"[""writer"", ""producer"", ""director""]","[""tt1639093"", ""tt7225386"", ""tt4216934"", ""tt1247657""]",https://www.imdb.com/name/nm2047699/,False
nm2050098,Otis E. Ross,,,"[""actor""]","[""tt0483631"", ""tt0341569"", ""tt1362210""]",https://www.imdb.com/name/nm2050098/,False
nm2050714,Mary Kitchen,,,"[""actress"", ""producer"", ""archive_footage""]","[""tt1650554"", ""tt3173594"", ""tt33040817"", ""tt2368645""]",https://www.imdb.com/name/nm2050714/,False
nm2055008,Baburaj,1970,,"[""actor"", ""writer"", ""director""]","[""tt13206926"", ""tt1988774"", ""tt1606181"", ""tt2278074""]",https://www.imdb.com/name/nm2055008/,False
nm2056348,Dmitri Model,,,"[""cinematographer""]","[""tt0466103"", ""tt4657708"", ""tt15940204""]",https://www.imdb.com/name/nm2056348/,False
nm2058848,Sajen Corona,1974,,"[""actor""]","[""tt0480035"", ""tt4878400"", ""tt0483631"", ""tt0368227""]",https://www.imdb.com/name/nm2058848/,False
nm2059792,Larisa Pyatnitskaya,,,"[""actress""]","[""tt0466103""]",https://www.imdb.com/name/nm2059792/,False
nm2063982,Antonia Campbell-Hughes,,,"[""actress"", ""writer"", ""director""]","[""tt3734688"", ""tt1667355"", ""tt2076871"", ""tt0810784""]",https://www.imdb.com/name/nm2063982/,False
nm2064412,Robbie Amell,1988,,"[""actor"", ""producer"", ""executive""]","[""tt7826376"", ""tt1666801"", ""tt2660734"", ""tt5640450""]",https://www.imdb.com/name/nm2064412/,False
nm2066239,Merete Vold,,,"[""casting_director"", ""casting_department"", ""actress""]","[""tt0837106"", ""tt9183978"", ""tt1118649"", ""tt13318942""]",https://www.imdb.com/name/nm2066239/,False
nm2066703,Arad Sawat,,,"[""art_department"", ""production_designer"", ""art_director""]","[""tt1445520"", ""tt6896536"", ""tt2309224"", ""tt10517426""]",https://www.imdb.com/name/nm2066703/,False
nm2066870,Burak Yenilmez,,,"[""actor""]","[""tt7440366"", ""tt35497752"", ""tt0481354"", ""tt6290732""]",https://www.imdb.com/name/nm2066870/,False
nm2070278,Sinan Akyol,,,"[""actor""]","[""tt0481354""]",https://www.imdb.com/name/nm2070278/,False
nm2071705,Mehmet Usta,1973,,"[""actor""]","[""tt1831164"", ""tt1795096"", ""tt11143822"", ""tt13092460""]",https://www.imdb.com/name/nm2071705/,False
nm2072286,Lauren Pritchard,1977,,"[""actress"", ""writer"", ""soundtrack""]","[""tt0460649"", ""tt1442437"", ""tt26786432"", ""tt19766560""]",https://www.imdb.com/name/nm2072286/,False
nm2073075,Yasar Karakulak,1962,,"[""actor"", ""miscellaneous""]","[""tt0421384"", ""tt38907461"", ""tt8727110"", ""tt10724358""]",https://www.imdb.com/name/nm2073075/,False
nm2073234,Feroz Abbas Khan,,,"[""director"", ""writer""]","[""tt0459293"", ""tt3672618"", ""tt9127232"", ""tt15014860""]",https://www.imdb.com/name/nm2073234/,False
nm2074421,Steve Berg,1976,,"[""actor"", ""writer"", ""producer""]","[""tt2881698"", ""tt10731256"", ""tt2854926"", ""tt1227926""]",https://www.imdb.com/name/nm2074421/,False
nm2074951,Verónica Callón,,,"[""editor"", ""editorial_department"", ""script_department""]","[""tt14400246"", ""tt1648216"", ""tt14463484"", ""tt7213402""]",https://www.imdb.com/name/nm2074951/,False
nm2078303,Todd Pritchett,,,"[""actor"", ""art_department"", ""art_director""]","[""tt0485782"", ""tt1650042"", ""tt0478135"", ""tt1297456""]",https://www.imdb.com/name/nm2078303/,False
nm2079681,Morgan Lily,2000,,"[""actress"", ""archive_footage""]","[""tt1190080"", ""tt0817177"", ""tt2490326"", ""tt1270798""]",https://www.imdb.com/name/nm2079681/,False
nm2082813,Zach Lewis,,,"[""actor"", ""writer"", ""producer""]","[""tt4729430"", ""tt3183310"", ""tt3892648""]",https://www.imdb.com/name/nm2082813/,False
nm2084329,Gustine Fudickar,,,"[""actress"", ""director"", ""writer""]","[""tt0323120"", ""tt3992284"", ""tt39961108"", ""tt2776704""]",https://www.imdb.com/name/nm2084329/,False
nm2086398,Bill Gill,,,"[""editor"", ""editorial_department""]","[""tt1418712"", ""tt0795463"", ""tt1285216"", ""tt0377251""]",https://www.imdb.com/name/nm2086398/,False
nm2086668,Robert Wilson,,,"[""director"", ""producer"", ""production_manager""]","[""tt2133239"", ""tt1839593"", ""tt0848552"", ""tt0490240""]",https://www.imdb.com/name/nm2086668/,False
nm2088340,Salvatore Crivello,,,"[""actor""]","[""tt0483631"", ""tt1309575""]",https://www.imdb.com/name/nm2088340/,False
nm2089884,Lincoln Lewis,1987,,"[""actor"", ""archive_footage""]","[""tt1456941"", ""tt0094481"", ""tt1815862"", ""tt19864802""]",https://www.imdb.com/name/nm2089884/,False
nm2092839,Mark Millar,1969,,"[""writer"", ""producer"", ""miscellaneous""]","[""tt2802144"", ""tt4649466"", ""tt6856242"", ""tt1250777""]",https://www.imdb.com/name/nm2092839/,False
nm2093066,Kannan,,,"[""composer"", ""music_department"", ""writer""]","[""tt33298502"", ""tt2778412"", ""tt13387566"", ""tt20873118""]",https://www.imdb.com/name/nm2093066/,False
nm2098642,Raghuchandran Nair,,,"[""producer""]","[""tt0924213"", ""tt0487011""]",https://www.imdb.com/name/nm2098642/,False
nm2099473,Ajaychandran Nair,,,"[""producer""]","[""tt0924213"", ""tt0487011"", ""tt1756397""]",https://www.imdb.com/name/nm2099473/,False
nm2100081,Phoebe Tonkin,1989,,"[""actress"", ""producer"", ""director""]","[""tt10399902"", ""tt10640346"", ""tt6816530"", ""tt8888322""]",https://www.imdb.com/name/nm2100081/,False
nm2101048,Sunil Parameshwaran,,,"[""writer""]","[""tt0487011"", ""tt2854408"", ""tt4905732"", ""tt14741150""]",https://www.imdb.com/name/nm2101048/,False
nm2101751,Anvita Dutt,1972,,"[""music_department"", ""writer"", ""actress""]","[""tt10295212"", ""tt3322420"", ""tt2016894"", ""tt1562871""]",https://www.imdb.com/name/nm2101751/,False
nm2102665,Patrick Sebes,,,"[""actor"", ""producer"", ""director""]","[""tt1464540"", ""tt5845304"", ""tt6999812"", ""tt0858479""]",https://www.imdb.com/name/nm2102665/,False
nm2104234,Yûsuke Hayashi,,,"[""composer"", ""actor"", ""music_department""]","[""tt2034618"", ""tt0476582"", ""tt5999530"", ""tt3265404""]",https://www.imdb.com/name/nm2104234/,False
nm2104637,Jana Lämmerer,1984,,"[""cinematographer"", ""camera_department"", ""director""]","[""tt12875782"", ""tt2408134"", ""tt3334794"", ""tt21237858""]",https://www.imdb.com/name/nm2104637/,False
nm2105961,Manuel Alva,,,"[""casting_director"", ""casting_department"", ""camera_department""]","[""tt0995868"", ""tt1353943"", ""tt8045124"", ""tt0496822""]",https://www.imdb.com/name/nm2105961/,False
nm2112742,Jay Master,,,"[""writer"", ""script_department"", ""assistant_director""]","[""tt0437238"", ""tt0419058"", ""tt0805184"", ""tt0371735""]",https://www.imdb.com/name/nm2112742/,False
nm2113074,Mao Sasaki,1999,,"[""actress""]","[""tt0983970"", ""tt0805625"", ""tt1921012"", ""tt0870944""]",https://www.imdb.com/name/nm2113074/,False
nm2113645,Maxime Giroux,,,"[""director"", ""writer"", ""producer""]","[""tt3685218"", ""tt8553192"", ""tt0841117"", ""tt1664971""]",https://www.imdb.com/name/nm2113645/,False
nm2113653,Richard Harmon,1991,,"[""actor"", ""producer"", ""archive_footage""]","[""tt9619824"", ""tt2661044"", ""tt35707374"", ""tt15764684""]",https://www.imdb.com/name/nm2113653/,False
nm2115236,Melis Birkan,1983,,"[""actress""]","[""tt1322930"", ""tt0902955"", ""tt20258974"", ""tt1831164""]",https://www.imdb.com/name/nm2115236/,False
nm2118175,Aaron Christensen,1968,,"[""actor"", ""assistant_director"", ""producer""]","[""tt2094810"", ""tt2283860"", ""tt2122517"", ""tt0267764""]",https://www.imdb.com/name/nm2118175/,False
nm2118923,Apoorva Mehta,,,"[""producer"", ""miscellaneous"", ""production_department""]","[""tt7098658"", ""tt28259207"", ""tt14993250"", ""tt10350626""]",https://www.imdb.com/name/nm2118923/,False
nm2118985,Jessica Mahnke,,,"[""production_designer"", ""art_department"", ""art_director""]","[""tt1995260"", ""tt3487994"", ""tt0815170"", ""tt3089190""]",https://www.imdb.com/name/nm2118985/,False
nm2125021,Jordan Bass,,,"[""casting_director"", ""casting_department"", ""producer""]","[""tt5362988"", ""tt3322940"", ""tt5198796"", ""tt5045592""]",https://www.imdb.com/name/nm2125021/,False
nm2125359,Marcus Griffiths,,,"[""actor""]","[""tt4198034"", ""tt6146394"", ""tt0840196"", ""tt5869634""]",https://www.imdb.com/name/nm2125359/,False
nm2128541,Pablo García Revert,,,"[""editor"", ""editorial_department"", ""director""]","[""tt4729430"", ""tt0762125"", ""tt1430098"", ""tt1583953""]",https://www.imdb.com/name/nm2128541/,False
nm2134910,Gary Shaw,,,"[""cinematographer"", ""visual_effects"", ""camera_department""]","[""tt2317225"", ""tt1464763"", ""tt1182345"", ""tt1760967""]",https://www.imdb.com/name/nm2134910/,False
nm2138633,Esi Gülce,,,"[""producer""]","[""tt0476735"", ""tt1322930"", ""tt8344080"", ""tt7442274""]",https://www.imdb.com/name/nm2138633/,False
nm2140528,Bryan Olinger,,,"[""director"", ""producer"", ""cinematographer""]","[""tt14287446"", ""tt14643256"", ""tt33320650"", ""tt33333341""]",https://www.imdb.com/name/nm2140528/,False
nm2147526,Govardhan Asrani,1941,2025,"[""actor"", ""director"", ""producer""]","[""tt1729637"", ""tt0073707"", ""tt0488798"", ""tt0075825""]",https://www.imdb.com/name/nm2147526/,False
nm2148914,Karim Zouak,,,"[""director"", ""editorial_department"", ""producer""]","[""tt9746554"", ""tt1327022"", ""tt21059788"", ""tt0843878""]",https://www.imdb.com/name/nm2148914/,False
nm2152695,Trenton Rogers,2000,,"[""actor"", ""miscellaneous""]","[""tt1001508"", ""tt1396218"", ""tt2023453"", ""tt1772341""]",https://www.imdb.com/name/nm2152695/,False
nm2156780,Loes Haverkort,1981,,"[""actress"", ""archive_footage""]","[""tt31181421"", ""tt20122554"", ""tt5622836"", ""tt27518944""]",https://www.imdb.com/name/nm2156780/,False
nm2164653,Kaley Bowler,1998,,"[""actress""]","[""tt15262370"", ""tt1305579"", ""tt6675400"", ""tt2382108""]",https://www.imdb.com/name/nm2164653/,False
nm2167957,Paul Anderson,1978,,"[""actor""]","[""tt2442560"", ""tt1663202"", ""tt3569230"", ""tt1515091""]",https://www.imdb.com/name/nm2167957/,False
nm2168221,Jamie Reidy,,,"[""writer"", ""producer"", ""archive_footage""]","[""tt0758752""]",https://www.imdb.com/name/nm2168221/,False
nm2172995,Glenn M. Stewart,,,"[""producer"", ""executive"", ""actor""]","[""tt0471041"", ""tt0790712"", ""tt0808399"", ""tt0981072""]",https://www.imdb.com/name/nm2172995/,False
nm2180936,Claudio Herrera,,,"[""writer"", ""actor"", ""director""]","[""tt5259966"", ""tt0991265"", ""tt26743795"", ""tt1389603""]",https://www.imdb.com/name/nm2180936/,False
nm2182337,Greg Weisman,,,"[""actor"", ""miscellaneous""]","[""tt1650042"", ""tt0765488"", ""tt0757905""]",https://www.imdb.com/name/nm2182337/,False
nm2185413,Man of Action,,,"[""writer"", ""producer"", ""animation_department""]","[""tt2245084"", ""tt5608708"", ""tt0760437"", ""tt6148376""]",https://www.imdb.com/name/nm2185413/,False
nm2186074,Thea Sofie Loch Næss,1996,,"[""actress""]","[""tt29344903"", ""tt4179452"", ""tt19369032"", ""tt38672581""]",https://www.imdb.com/name/nm2186074/,False
nm2186865,Hong Chau,1979,,"[""actress"", ""writer"", ""miscellaneous""]","[""tt13833688"", ""tt32897959"", ""tt1389072"", ""tt7049682""]",https://www.imdb.com/name/nm2186865/,False
nm2188866,Harvey Glazer,,,"[""producer"", ""director"", ""visual_effects""]","[""tt0772178"", ""tt0848552"", ""tt0872314"", ""tt3551074""]",https://www.imdb.com/name/nm2188866/,False
nm2190638,Elodie Demey,,,"[""casting_department"", ""casting_director"", ""actress""]","[""tt14230458"", ""tt8655470"", ""tt1515091"", ""tt1605783""]",https://www.imdb.com/name/nm2190638/,False
nm2190814,Job Castelijn,1982,,"[""casting_director"", ""casting_department"", ""actor""]","[""tt32525017"", ""tt27237072"", ""tt27192052"", ""tt22871794""]",https://www.imdb.com/name/nm2190814/,False
nm2193672,Erin Mackinnon,,,"[""actress""]","[""tt22041854"", ""tt0843878"", ""tt0420403"", ""tt0491712""]",https://www.imdb.com/name/nm2193672/,False
nm2203012,Canan Özer,,,"[""actress"", ""costume_department""]","[""tt3982774"", ""tt0781874"", ""tt3451500"", ""tt8107994""]",https://www.imdb.com/name/nm2203012/,False
nm2205956,Erken Ialgashev,,,"[""producer"", ""actor"", ""director""]","[""tt0780484"", ""tt1042895"", ""tt3546678"", ""tt0758762""]",https://www.imdb.com/name/nm2205956/,False
nm2206668,Erhan Acar Jr.,,,"[""editor"", ""editorial_department""]","[""tt1286126"", ""tt3698408"", ""tt9434968"", ""tt3624536""]",https://www.imdb.com/name/nm2206668/,False
nm2210329,Gareth Reeves,,,"[""actor"", ""miscellaneous""]","[""tt2788732"", ""tt0798692"", ""tt1510984"", ""tt1179791""]",https://www.imdb.com/name/nm2210329/,False
nm2212543,Jacqueline Vleck Moody,,,"[""writer"", ""producer"", ""miscellaneous""]","[""tt5179408"", ""tt8181554"", ""tt4424852"", ""tt1408430""]",https://www.imdb.com/name/nm2212543/,False
nm2216880,Kwok-Ming Cheung,,,"[""director"", ""writer"", ""actor""]","[""tt0185188"", ""tt0192141"", ""tt0113599"", ""tt0280715""]",https://www.imdb.com/name/nm2216880/,False
nm2217601,Andrew Buchan,1979,,"[""actor"", ""writer"", ""producer""]","[""tt5294550"", ""tt2249364"", ""tt1477131"", ""tt8463714""]",https://www.imdb.com/name/nm2217601/,False
nm2218406,Kai-wei Chiu,1976,,"[""actor"", ""soundtrack""]","[""tt13012936"", ""tt2901548"", ""tt6789752"", ""tt6352860""]",https://www.imdb.com/name/nm2218406/,False
nm2218801,Aparna Sud,,,"[""production_designer"", ""art_director"", ""producer""]","[""tt5286444"", ""tt19868804"", ""tt13529034"", ""tt33888131""]",https://www.imdb.com/name/nm2218801/,False
nm2219212,Thor Benander,,,"[""actor"", ""producer""]","[""tt0768218"", ""tt0303402""]",https://www.imdb.com/name/nm2219212/,False
nm2221090,Glenn Cockburn,,,"[""talent_agent"", ""producer"", ""manager""]","[""tt0913445"", ""tt6085642"", ""tt16464084"", ""tt6115392""]",https://www.imdb.com/name/nm2221090/,False
nm2221759,Jill McElroy,,,"[""manager"", ""producer"", ""talent_agent""]","[""tt12585076"", ""tt1460740"", ""tt0893532"", ""tt5940390""]",https://www.imdb.com/name/nm2221759/,False
nm2224524,Evelina Turen,,,"[""actress"", ""miscellaneous""]","[""tt0362478"", ""tt1800246"", ""tt1764183"", ""tt1436035""]",https://www.imdb.com/name/nm2224524/,False
nm2227608,Lucas Vidal,1984,,"[""composer"", ""music_department"", ""actor""]","[""tt4196566"", ""tt6127004"", ""tt24901692"", ""tt7134908""]",https://www.imdb.com/name/nm2227608/,False
nm2236210,Shahnawaz Ahmed Kenny,,,"[""assistant_director"", ""writer""]","[""tt0354538"", ""tt0349620"", ""tt0331216"", ""tt0809515""]",https://www.imdb.com/name/nm2236210/,False
nm2239394,Jimmy Lyons,,,"[""actor"", ""writer"", ""producer""]","[""tt1182865"", ""tt2458812"", ""tt2062661"", ""tt27757984""]",https://www.imdb.com/name/nm2239394/,False
nm2250929,Maria Ekerhovd,1975,,"[""producer"", ""production_department""]","[""tt27714581"", ""tt29344903"", ""tt17633184"", ""tt4028464""]",https://www.imdb.com/name/nm2250929/,False
nm2251999,Aleksey Podolskiy,,,"[""actor""]","[""tt0466103"", ""tt1651118"", ""tt15271904"", ""tt0459748""]",https://www.imdb.com/name/nm2251999/,False
nm2252942,Gleb Mikhaylov,,,"[""actor"", ""director"", ""writer""]","[""tt2393755"", ""tt0466103"", ""tt0192936"", ""tt3556408""]",https://www.imdb.com/name/nm2252942/,False
nm2253190,Mikhail Kitaev,1984,,"[""producer"", ""production_manager"", ""production_department""]","[""tt11905962"", ""tt23805348"", ""tt4731148"", ""tt30182752""]",https://www.imdb.com/name/nm2253190/,False
nm2253409,Marçal Forés,,,"[""director"", ""writer"", ""assistant_director""]","[""tt14463484"", ""tt4077768"", ""tt21245882"", ""tt1100091""]",https://www.imdb.com/name/nm2253409/,False
nm2255973,Donald Glover,1983,,"[""actor"", ""writer"", ""producer""]","[""tt3778644"", ""tt1439629"", ""tt4288182"", ""tt8858104""]",https://www.imdb.com/name/nm2255973/,False
nm2257426,Aleksey Ageyev,1978,,"[""producer"", ""manager"", ""director""]","[""tt4254584"", ""tt7038246"", ""tt4901756"", ""tt1651118""]",https://www.imdb.com/name/nm2257426/,False
nm2258025,Pavel Shevchenko,,,"[""camera_department"", ""composer""]","[""tt0466103"", ""tt4551318""]",https://www.imdb.com/name/nm2258025/,False
nm2258824,Yong-heung Kim,,,"[""cinematographer""]","[""tt1662506"", ""tt1213856"", ""tt0777837"", ""tt1832362""]",https://www.imdb.com/name/nm2258824/,False
nm2265077,Aria,,,"[""composer"", ""music_department""]","[""tt1322930"", ""tt1173223"", ""tt0449832"", ""tt1278279""]",https://www.imdb.com/name/nm2265077/,False
nm2267975,Pupillo,,,"[""composer"", ""music_department"", ""producer""]","[""tt0982849"", ""tt1322277"", ""tt0431615"", ""tt2231208""]",https://www.imdb.com/name/nm2267975/,False
nm2268587,Nina Yelisova,,,"[""actress""]","[""tt0466103""]",https://www.imdb.com/name/nm2268587/,False
nm2270408,Nico Rogner,,,"[""actor"", ""director"", ""writer""]","[""tt7671070"", ""tt3636060"", ""tt9114512"", ""tt2488586""]",https://www.imdb.com/name/nm2270408/,False
nm2273444,Henry Jackman,1974,,"[""composer"", ""music_department"", ""soundtrack""]","[""tt1535109"", ""tt2802144"", ""tt1583421"", ""tt1270798""]",https://www.imdb.com/name/nm2273444/,False
nm2274512,Jason Brooks,,,"[""actor"", ""special_effects"", ""producer""]","[""tt31022851"", ""tt36748605"", ""tt14604100"", ""tt35542282""]",https://www.imdb.com/name/nm2274512/,False
nm2282967,Eddie Borey,,,"[""writer"", ""actor"", ""producer""]","[""tt7638348"", ""tt2071550"", ""tt2052006"", ""tt2355621""]",https://www.imdb.com/name/nm2282967/,False
nm2284226,Bradford Young,1977,,"[""cinematographer"", ""director"", ""camera_department""]","[""tt2543164"", ""tt2937898"", ""tt3778644"", ""tt1020072""]",https://www.imdb.com/name/nm2284226/,False
nm2284889,Nikki Blonsky,1988,,"[""actress"", ""producer"", ""soundtrack""]","[""tt0427327"", ""tt2235902"", ""tt22061554"", ""tt1758830""]",https://www.imdb.com/name/nm2284889/,False
nm2286188,Manu Rishi Chadha,1971,,"[""actor"", ""writer"", ""music_department""]","[""tt1292703"", ""tt3614516"", ""tt2063745"", ""tt10350922""]",https://www.imdb.com/name/nm2286188/,False
nm2288528,Laurence Rosenthal,,,"[""writer"", ""actor"", ""producer""]","[""tt5259966"", ""tt1641958"", ""tt9019352"", ""tt2356454""]",https://www.imdb.com/name/nm2288528/,False
nm2294397,Ruth Key,,,"[""casting_department"", ""production_department"", ""casting_director""]","[""tt0425112"", ""tt0918940"", ""tt2406566"", ""tt1139328""]",https://www.imdb.com/name/nm2294397/,False
nm2298359,Chiara Gensini,1982,,"[""actress""]","[""tt0437954"", ""tt7838494"", ""tt1828246"", ""tt6284576""]",https://www.imdb.com/name/nm2298359/,False
nm2303301,Zev Foreman,,,"[""producer"", ""executive""]","[""tt11858890"", ""tt9362930"", ""tt2906216"", ""tt2180339""]",https://www.imdb.com/name/nm2303301/,False
nm2308745,Maxwell Hamilton,,,"[""actor"", ""director"", ""producer""]","[""tt5710514"", ""tt11261532"", ""tt4209256"", ""tt19395772""]",https://www.imdb.com/name/nm2308745/,False
nm2309517,Armie Hammer,1986,,"[""actor"", ""producer"", ""archive_footage""]","[""tt5726616"", ""tt1285016"", ""tt1210819"", ""tt1616195""]",https://www.imdb.com/name/nm2309517/,False
nm2310461,Shafi,,,"[""actor""]","[""tt0339252"", ""tt1582519"", ""tt0843328"", ""tt1756476""]",https://www.imdb.com/name/nm2310461/,False
nm2312458,Kayla Emter,,,"[""editor"", ""editorial_department"", ""producer""]","[""tt33362589"", ""tt5503686"", ""tt8105234"", ""tt11225626""]",https://www.imdb.com/name/nm2312458/,False
nm2315739,Justin Moses,,,"[""stunts"", ""actor"", ""miscellaneous""]","[""tt10551256"", ""tt11585506"", ""tt27954448""]",https://www.imdb.com/name/nm2315739/,False
nm2316016,Katia Winter,1983,,"[""actress"", ""writer"", ""editor""]","[""tt1190634"", ""tt0773262"", ""tt32840267"", ""tt26547864""]",https://www.imdb.com/name/nm2316016/,False
nm2320774,Yigit Güralp,1977,,"[""writer"", ""script_department"", ""director""]","[""tt6316138"", ""tt6697582"", ""tt9503870"", ""tt0826631""]",https://www.imdb.com/name/nm2320774/,False
nm2326919,Maddy Howard,,,"[""actress""]","[""tt0758762"", ""tt0997038""]",https://www.imdb.com/name/nm2326919/,False
nm2334246,Jessica Kelly,,,"[""casting_director"", ""casting_department"", ""producer""]","[""tt8772296"", ""tt11161474"", ""tt8772262"", ""tt0929632""]",https://www.imdb.com/name/nm2334246/,False
nm2335335,Benjamin L. Newmark,1984,,"[""actor"", ""producer"", ""writer""]","[""tt29622420"", ""tt35315863"", ""tt10805098"", ""tt26899693""]",https://www.imdb.com/name/nm2335335/,False
nm2339680,Nick Nevern,1980,,"[""actor"", ""director"", ""writer""]","[""tt12982370"", ""tt8804852"", ""tt1525182"", ""tt2360446""]",https://www.imdb.com/name/nm2339680/,False
nm2342578,Kate French,1984,,"[""actress"", ""producer"", ""archive_footage""]","[""tt3033948"", ""tt4648732"", ""tt15398776"", ""tt0384793""]",https://www.imdb.com/name/nm2342578/,False
nm2343058,Bailey Maughan,,,"[""actor""]","[""tt0462465"", ""tt7513016"", ""tt0819735"", ""tt11242218""]",https://www.imdb.com/name/nm2343058/,False
nm2344792,Pawel Czajor,1982,2021,"[""casting_director"", ""actor"", ""assistant_director""]","[""tt9506474"", ""tt1561768"", ""tt8649186"", ""tt3865478""]",https://www.imdb.com/name/nm2344792/,False
nm2346035,Dil Raju,1970,,"[""producer"", ""actor"", ""cinematographer""]","[""tt0843326"", ""tt0431619"", ""tt1661031"", ""tt13761284""]",https://www.imdb.com/name/nm2346035/,False
nm2346665,Chinmay Mandlekar,1979,,"[""writer"", ""actor"", ""producer""]","[""tt36822418"", ""tt24055968"", ""tt35076553"", ""tt13627102""]",https://www.imdb.com/name/nm2346665/,False
nm2347196,Subodh Bhave,1975,,"[""actor"", ""producer"", ""director""]","[""tt5190958"", ""tt1929373"", ""tt4219894"", ""tt16227058""]",https://www.imdb.com/name/nm2347196/,False
nm2349726,Rico Rodriguez,1998,,"[""actor"", ""soundtrack"", ""archive_footage""]","[""tt1442437"", ""tt1204342"", ""tt0799949"", ""tt1765510""]",https://www.imdb.com/name/nm2349726/,False
nm2349733,Alaa Safi,,,"[""actor"", ""director"", ""editor""]","[""tt1462764"", ""tt4761112"", ""tt5622316"", ""tt1211837""]",https://www.imdb.com/name/nm2349733/,False
nm2350618,Kikunosuke Onoe,1977,,"[""actor"", ""director"", ""archive_footage""]","[""tt40620388"", ""tt0794297"", ""tt0111170"", ""tt1308184""]",https://www.imdb.com/name/nm2350618/,False
nm2351472,Lisa-Marie Schneider,,,"[""actress""]","[""tt0455362"", ""tt0256380"", ""tt0408378"", ""tt1010418""]",https://www.imdb.com/name/nm2351472/,False
nm2353045,Glenn Miller,1974,,"[""director"", ""assistant_director"", ""camera_department""]","[""tt3062074"", ""tt35616045"", ""tt14147224"", ""tt14849038""]",https://www.imdb.com/name/nm2353045/,False
nm2353152,Oleg Novikov,,,"[""actor""]","[""tt0466103""]",https://www.imdb.com/name/nm2353152/,False
nm2353862,Dev Patel,1990,,"[""actor"", ""producer"", ""director""]","[""tt1010048"", ""tt9214772"", ""tt3741834"", ""tt9243804""]",https://www.imdb.com/name/nm2353862/,False
nm2353863,Asli Aybars,1972,,"[""actress""]","[""tt1322930"", ""tt0397835"", ""tt1092198"", ""tt4900982""]",https://www.imdb.com/name/nm2353863/,False
nm2353871,Mikhail Sinyov,,,"[""producer""]","[""tt1651118"", ""tt0466103"", ""tt8513070"", ""tt3765628""]",https://www.imdb.com/name/nm2353871/,False
nm2356531,Mikhail Balinsky,,,"[""actor""]","[""tt0466103""]",https://www.imdb.com/name/nm2356531/,False
nm2356963,Bea Miller,1999,,"[""actress"", ""composer"", ""music_department""]","[""tt0435761"", ""tt4126476"", ""tt1093908"", ""tt2543472""]",https://www.imdb.com/name/nm2356963/,False
nm2358356,Sasha Jackson,1988,,"[""actress"", ""writer"", ""producer""]","[""tt6064520"", ""tt3986586"", ""tt4616014"", ""tt1630626""]",https://www.imdb.com/name/nm2358356/,False
nm2361914,Lourens Blok,1978,,"[""director"", ""miscellaneous"", ""producer""]","[""tt21322416"", ""tt16397346"", ""tt5154952"", ""tt2389456""]",https://www.imdb.com/name/nm2361914/,False
nm2361978,Rae Brunton,,,"[""writer""]","[""tt5532370"", ""tt0892899"", ""tt0406404"", ""tt2241403""]",https://www.imdb.com/name/nm2361978/,False
nm2367991,Marcelo Adnet,1981,,"[""actor"", ""writer"", ""producer""]","[""tt3748836"", ""tt12138520"", ""tt1932900"", ""tt0466351""]",https://www.imdb.com/name/nm2367991/,False
nm2368109,Dylan Chapgier,1986,,"[""camera_department"", ""cinematographer"", ""art_department""]","[""tt12992082"", ""tt9455810"", ""tt8483994"", ""tt1744570""]",https://www.imdb.com/name/nm2368109/,False
nm2369774,Eddie Matazzoni,,,"[""art_department"", ""art_director"", ""production_designer""]","[""tt5164196"", ""tt3868848"", ""tt8722888"", ""tt12585076""]",https://www.imdb.com/name/nm2369774/,False
nm2371460,Samuel Deshors,,,"[""production_designer"", ""art_director"", ""art_department""]","[""tt5726616"", ""tt0996605"", ""tt1068649"", ""tt1815799""]",https://www.imdb.com/name/nm2371460/,False
nm2375283,Vincent Moskowec,,,"[""production_designer"", ""miscellaneous"", ""art_department""]","[""tt14867006"", ""tt4526372"", ""tt9261042"", ""tt9458062""]",https://www.imdb.com/name/nm2375283/,False
nm2376380,Daniel Taylor,,,"[""art_department"", ""production_designer"", ""art_director""]","[""tt2356777"", ""tt15009428"", ""tt12758060"", ""tt2626964""]",https://www.imdb.com/name/nm2376380/,False
nm2376956,Jonathan Tappin,,,"[""editorial_department"", ""producer"", ""editor""]","[""tt1490017"", ""tt10370042"", ""tt4116284"", ""tt1219342""]",https://www.imdb.com/name/nm2376956/,False
nm2377978,Kristy Vernon,,,"[""producer"", ""actress"", ""production_manager""]","[""tt0857376"", ""tt10370042"", ""tt32508174"", ""tt10952012""]",https://www.imdb.com/name/nm2377978/,False
nm2378976,Ulf Stenberg,1979,,"[""actor"", ""director"", ""writer""]","[""tt9677638"", ""tt4815672"", ""tt3775742"", ""tt22031812""]",https://www.imdb.com/name/nm2378976/,False
nm2380274,Jan Duszynski,,,"[""composer"", ""music_department"", ""soundtrack""]","[""tt2785288"", ""tt2209300"", ""tt8706988"", ""tt5612148""]",https://www.imdb.com/name/nm2380274/,False
nm2380904,Ricky Lionardi,,,"[""composer"", ""music_department"", ""soundtrack""]","[""tt14773940"", ""tt4877706"", ""tt15215918"", ""tt37534343""]",https://www.imdb.com/name/nm2380904/,False
nm2384954,Azie Tesfai,,,"[""actress"", ""writer"", ""producer""]","[""tt3566726"", ""tt2575988"", ""tt4016454"", ""tt7255502""]",https://www.imdb.com/name/nm2384954/,False
nm2390228,Virag Mishra,,,"[""music_department"", ""writer"", ""composer""]","[""tt1179781"", ""tt0488906"", ""tt0811066"", ""tt1228707""]",https://www.imdb.com/name/nm2390228/,False
nm2391187,Mauro Vanzati,,,"[""production_designer"", ""art_director"", ""art_department""]","[""tt5533370"", ""tt6066958"", ""tt32478708"", ""tt14508984""]",https://www.imdb.com/name/nm2391187/,False
nm2391552,Nobuhiro Doi,1964,,"[""director"", ""producer"", ""cinematographer""]","[""tt5433304"", ""tt4195368"", ""tt10206818"", ""tt4930608""]",https://www.imdb.com/name/nm2391552/,False
nm2392852,Jon Kortajarena,1985,,"[""actor"", ""archive_footage""]","[""tt1315981"", ""tt13603966"", ""tt8580274"", ""tt4073890""]",https://www.imdb.com/name/nm2392852/,False
nm2395586,Christopher Mintz-Plasse,1989,,"[""actor"", ""producer"", ""writer""]","[""tt0829482"", ""tt1250777"", ""tt1650554"", ""tt2386490""]",https://www.imdb.com/name/nm2395586/,False
nm2397300,Catherine Steadman,,,"[""actress"", ""writer"", ""producer""]","[""tt7395992"", ""tt1606375"", ""tt1441952""]",https://www.imdb.com/name/nm2397300/,False
nm2399297,Mark C. Hanson,1977,,"[""actor"", ""writer"", ""sound_department""]","[""tt2669336"", ""tt1703224"", ""tt2455546"", ""tt1587839""]",https://www.imdb.com/name/nm2399297/,False
nm2403277,Alden Ehrenreich,1989,,"[""actor"", ""director"", ""writer""]","[""tt0475290"", ""tt3778644"", ""tt1559547"", ""tt15398776""]",https://www.imdb.com/name/nm2403277/,False
nm2403367,Diana Prince,,,"[""actress"", ""producer"", ""soundtrack""]","[""tt8284230"", ""tt18378296"", ""tt18286456"", ""tt10665342""]",https://www.imdb.com/name/nm2403367/,False
nm2403746,John Berardo,1986,,"[""director"", ""producer"", ""writer""]","[""tt7397098"", ""tt11261532"", ""tt3224036"", ""tt3237804""]",https://www.imdb.com/name/nm2403746/,False
nm2404077,Antoine DesRochers,,,"[""actor""]","[""tt4645368"", ""tt0790602"", ""tt28613565"", ""tt0880584""]",https://www.imdb.com/name/nm2404077/,False
nm2406890,John Stewart Eduri,,,"[""music_department"", ""composer"", ""miscellaneous""]","[""tt28037987"", ""tt10295212"", ""tt1562871"", ""tt6473300""]",https://www.imdb.com/name/nm2406890/,False
nm2410400,Kim Kwang-kyu,1967,,"[""actor""]","[""tt3141190"", ""tt4201628"", ""tt9759978"", ""tt1900891""]",https://www.imdb.com/name/nm2410400/,False
nm2410557,Akarsh Khurana,,,"[""director"", ""writer"", ""actor""]","[""tt1029231"", ""tt0432637"", ""tt10895556"", ""tt7919680""]",https://www.imdb.com/name/nm2410557/,False
nm2411120,Sylvain Corbeil,,,"[""producer"", ""actor"", ""production_manager""]","[""tt4645368"", ""tt31691389"", ""tt11448830"", ""tt22487338""]",https://www.imdb.com/name/nm2411120/,False
nm2412082,Kumiko Sakamoto,,,"[""editor"", ""editorial_department"", ""cinematographer""]","[""tt5626028"", ""tt7745068"", ""tt11107074"", ""tt7480958""]",https://www.imdb.com/name/nm2412082/,False
nm2412706,Alexander Salzberger,1985,,"[""actor""]","[""tt4473482"", ""tt4428744"", ""tt4396192"", ""tt10928086""]",https://www.imdb.com/name/nm2412706/,False
nm2414711,Axel Skovdal Roelofs,,,"[""editor"", ""editorial_department""]","[""tt6787076"", ""tt8129666"", ""tt32056738"", ""tt3089822""]",https://www.imdb.com/name/nm2414711/,False
nm2415304,Larissa Mair,,,"[""casting_director"", ""casting_department"", ""editorial_department""]","[""tt0365929"", ""tt0270288"", ""tt13554536"", ""tt14456760""]",https://www.imdb.com/name/nm2415304/,False
nm2415610,Gabe Gomez,1977,,"[""actor"", ""editor"", ""visual_effects""]","[""tt5715524"", ""tt10249682"", ""tt1798709"", ""tt1416765""]",https://www.imdb.com/name/nm2415610/,False
nm2415918,Anton Megerdichev,1969,,"[""director"", ""editor"", ""writer""]","[""tt5987402"", ""tt2649128"", ""tt0459759"", ""tt10749948""]",https://www.imdb.com/name/nm2415918/,False
nm2417960,Fayssal Bazzi,,,"[""actor"", ""archive_footage""]","[""tt0429087"", ""tt14966898"", ""tt4878488"", ""tt5117670""]",https://www.imdb.com/name/nm2417960/,False
nm2419994,Zoe Jarman,1982,,"[""actress"", ""writer"", ""producer""]","[""tt7858874"", ""tt1001508"", ""tt4635276"", ""tt1442437""]",https://www.imdb.com/name/nm2419994/,False
nm2420471,Karen Oganesyan,1978,,"[""director"", ""producer"", ""actor""]","[""tt1046198"", ""tt4586258"", ""tt1194607"", ""tt13144490""]",https://www.imdb.com/name/nm2420471/,False
nm2424044,Evan Gamble,1981,,"[""actor"", ""writer"", ""producer""]","[""tt3729898"", ""tt3743822"", ""tt1405406"", ""tt2179136""]",https://www.imdb.com/name/nm2424044/,False
nm2429593,Krister Kern,1977,,"[""actor""]","[""tt5501104"", ""tt1846197"", ""tt0782510"", ""tt5227746""]",https://www.imdb.com/name/nm2429593/,False
nm2433603,Cenk Erdogan,1979,,"[""composer"", ""music_department"", ""actor""]","[""tt3698408"", ""tt1322930"", ""tt0903021"", ""tt13471738""]",https://www.imdb.com/name/nm2433603/,False
nm2434196,Rainie Yang,1984,,"[""actress"", ""music_department"", ""soundtrack""]","[""tt1641680"", ""tt5525506"", ""tt0891457"", ""tt7034962""]",https://www.imdb.com/name/nm2434196/,False
nm2435579,Kim Arnott,,,"[""producer"", ""miscellaneous"", ""executive""]","[""tt1765510"", ""tt1626146"", ""tt0369226"", ""tt0317676""]",https://www.imdb.com/name/nm2435579/,False
nm2436145,Alice Parkinson,,,"[""actress""]","[""tt0458525"", ""tt0881320"", ""tt0386117"", ""tt1252625""]",https://www.imdb.com/name/nm2436145/,False
nm2441005,Viola Fügen,,,"[""producer"", ""production_manager"", ""production_department""]","[""tt1714915"", ""tt2818654"", ""tt4516162"", ""tt6390668""]",https://www.imdb.com/name/nm2441005/,False
nm2441568,Alexandre Laferrière,,,"[""writer""]","[""tt3685218"", ""tt1311065"", ""tt21826522"", ""tt33247029""]",https://www.imdb.com/name/nm2441568/,False
nm2441763,Cressida Cowell,,,"[""writer""]","[""tt26743210"", ""tt0892769"", ""tt2386490"", ""tt1646971""]",https://www.imdb.com/name/nm2441763/,False
nm2442244,Taylor Chien,,,"[""director"", ""cinematographer"", ""camera_department""]","[""tt1445645"", ""tt12163074"", ""tt1323592"", ""tt2047790""]",https://www.imdb.com/name/nm2442244/,False
nm2449744,Graham Abbey,1971,,"[""actor"", ""stunts""]","[""tt1303828"", ""tt1592281"", ""tt1495708"", ""tt1194417""]",https://www.imdb.com/name/nm2449744/,False
nm2450622,Nelson Quan,,,"[""producer"", ""editor"", ""director""]","[""tt5128810"", ""tt29443071"", ""tt34169789"", ""tt0348150""]",https://www.imdb.com/name/nm2450622/,False
nm2452692,Sri Rao,,,"[""writer"", ""producer"", ""director""]","[""tt0824713"", ""tt9447956"", ""tt5197544"", ""tt1328634""]",https://www.imdb.com/name/nm2452692/,False
nm2453360,Alessandra Tosi,,,"[""casting_director"", ""casting_department"", ""producer""]","[""tt2861532"", ""tt5631456"", ""tt2231208"", ""tt1442578""]",https://www.imdb.com/name/nm2453360/,False
nm2453858,Shayne Armstrong,1970,,"[""writer"", ""producer"", ""director""]","[""tt29516222"", ""tt0902952"", ""tt1878841"", ""tt8998778""]",https://www.imdb.com/name/nm2453858/,False
nm2457295,Lotte Tabbers,,,"[""writer"", ""script_department""]","[""tt32843452"", ""tt14859224"", ""tt6506490"", ""tt8180660""]",https://www.imdb.com/name/nm2457295/,False
nm2458358,Sidney Iwanter,,,"[""producer"", ""miscellaneous"", ""writer""]","[""tt0780583"", ""tt0343962"", ""tt0955534"", ""tt1294183""]",https://www.imdb.com/name/nm2458358/,False
nm2459088,Sanyukta Kaza,,,"[""editor"", ""editorial_department"", ""sound_department""]","[""tt8239946"", ""tt14099334"", ""tt27853283"", ""tt9680440""]",https://www.imdb.com/name/nm2459088/,False
nm2459486,Isabelle Coulombe,,,"[""actress""]","[""tt0498116"", ""tt0286009"", ""tt3092076""]",https://www.imdb.com/name/nm2459486/,False
nm2460535,Sireesh,,,"[""producer""]","[""tt11998558"", ""tt8269248"", ""tt14209618"", ""tt1661031""]",https://www.imdb.com/name/nm2460535/,False
nm2460614,Kalinka Petrie,1994,,"[""actress""]","[""tt9145334"", ""tt4647692"", ""tt5954206"", ""tt9312856""]",https://www.imdb.com/name/nm2460614/,False
nm2461009,Tim Landers,,,"[""actor""]","[""tt15782690"", ""tt0944947"", ""tt21957774"", ""tt15346418""]",https://www.imdb.com/name/nm2461009/,False
nm2462004,Nobuhiko Okamoto,1986,,"[""actor"", ""music_department"", ""miscellaneous""]","[""tt5626028"", ""tt5607616"", ""tt11304740"", ""tt32820897""]",https://www.imdb.com/name/nm2462004/,False
nm2463374,Dmitriy Kulichkov,1979,,"[""actor"", ""archive_footage""]","[""tt3560686"", ""tt1343703"", ""tt6095090"", ""tt2594950""]",https://www.imdb.com/name/nm2463374/,False
nm2465399,Sabumon Abdusamad,,,"[""actor"", ""director""]","[""tt8721556"", ""tt33983465"", ""tt11322920"", ""tt2606554""]",https://www.imdb.com/name/nm2465399/,False
nm2468967,Joseph Trapanese,,,"[""composer"", ""music_department"", ""soundtrack""]","[""tt1483013"", ""tt1485796"", ""tt2908446"", ""tt1398426""]",https://www.imdb.com/name/nm2468967/,False
nm2469515,Bay Dariz,,,"[""producer"", ""director"", ""writer""]","[""tt33249097"", ""tt12186098"", ""tt7847324"", ""tt28487871""]",https://www.imdb.com/name/nm2469515/,False
nm2469558,Bijukuttan,,,"[""actor""]","[""tt7268738"", ""tt8091652"", ""tt1138482"", ""tt11531182""]",https://www.imdb.com/name/nm2469558/,False
nm2470148,Elliot Hoffman,,,"[""writer"", ""camera_department""]","[""tt1844635""]",https://www.imdb.com/name/nm2470148/,False
nm2473320,Brendan Walsh,,,"[""editor"", ""editorial_department"", ""production_manager""]","[""tt0369610"", ""tt0469494"", ""tt2209764"", ""tt0844708""]",https://www.imdb.com/name/nm2473320/,False
nm2473389,Cristina Raffaeli,1973,,"[""casting_director"", ""casting_department"", ""production_department""]","[""tt0892318"", ""tt1046997"", ""tt5256098"", ""tt4379536""]",https://www.imdb.com/name/nm2473389/,False
nm2477197,John Boyne,1971,,"[""writer"", ""producer""]","[""tt0914798"", ""tt8171006"", ""tt14465610"", ""tt1741676""]",https://www.imdb.com/name/nm2477197/,False
nm2481453,Jade Chia,,,"[""actress""]","[""tt8587122"", ""tt7769656"", ""tt2474944"", ""tt1562296""]",https://www.imdb.com/name/nm2481453/,False
nm2481725,Hadas Yaron,1990,,"[""actress""]","[""tt3685218"", ""tt2219514"", ""tt4275910"", ""tt5360996""]",https://www.imdb.com/name/nm2481725/,False
nm2482939,Chris Borey,,,"[""writer"", ""camera_department"", ""assistant_director""]","[""tt7638348"", ""tt2071550"", ""tt2052006"", ""tt9760478""]",https://www.imdb.com/name/nm2482939/,False
nm2483129,Charon R. Arnold,,,"[""actor""]","[""tt0758745"", ""tt2527186""]",https://www.imdb.com/name/nm2483129/,False
nm2486220,Manoj Tiwari,1971,,"[""actor"", ""music_department"", ""writer""]","[""tt1954470"", ""tt3495026"", ""tt1158700"", ""tt11114760""]",https://www.imdb.com/name/nm2486220/,False
nm2486268,Emile Berling,1990,,"[""actor""]","[""tt0993789"", ""tt1517214"", ""tt0836700"", ""tt7943036""]",https://www.imdb.com/name/nm2486268/,False
nm2486605,Daria Danilova,,,"[""editor"", ""editorial_department""]","[""tt8845840"", ""tt0940662"", ""tt1224449"", ""tt15727388""]",https://www.imdb.com/name/nm2486605/,False
nm2488485,Charlotta Åkerblom,,,"[""actress"", ""costume_designer""]","[""tt1324068"", ""tt3730356"", ""tt5534588"", ""tt10928086""]",https://www.imdb.com/name/nm2488485/,False
nm2492359,Charlotte Ritchie,1989,,"[""actress"", ""writer"", ""soundtrack""]","[""tt6166392"", ""tt8594324"", ""tt1983079"", ""tt3969282""]",https://www.imdb.com/name/nm2492359/,False
nm2496992,Ajay,1978,,"[""actor"", ""archive_footage""]","[""tt4981966"", ""tt9389998"", ""tt9537292"", ""tt15163652""]",https://www.imdb.com/name/nm2496992/,False
nm2498855,Yorgos Lamprinos,,,"[""editor"", ""editorial_department""]","[""tt10272386"", ""tt6002232"", ""tt3186946"", ""tt4168202""]",https://www.imdb.com/name/nm2498855/,False
nm2500372,Valery Tscheplanowa,1980,,"[""actress"", ""writer""]","[""tt0811080"", ""tt6197022"", ""tt1063745"", ""tt14917354""]",https://www.imdb.com/name/nm2500372/,False
nm2500556,Motoi Takahashi,,,"[""camera_department"", ""animation_department"", ""cinematographer""]","[""tt7961060"", ""tt2263944"", ""tt0109277"", ""tt0142236""]",https://www.imdb.com/name/nm2500556/,False
nm2506347,Daemon Hillin,,,"[""producer"", ""executive"", ""director""]","[""tt13924672"", ""tt17156822"", ""tt1830643"", ""tt3468380""]",https://www.imdb.com/name/nm2506347/,False
nm2511943,Aditya Kanwar,,,"[""production_designer"", ""art_director"", ""art_department""]","[""tt10350626"", ""tt1010048"", ""tt8291224"", ""tt19755170""]",https://www.imdb.com/name/nm2511943/,False
nm2513949,Wencislaus,,,"[""art_director"", ""production_designer"", ""art_department""]","[""tt8237172"", ""tt0946998"", ""tt2182019"", ""tt7624578""]",https://www.imdb.com/name/nm2513949/,False
nm2519727,Manoj Punjabi,1972,,"[""producer"", ""writer"", ""soundtrack""]","[""tt11013610"", ""tt2589132"", ""tt23136186"", ""tt16258352""]",https://www.imdb.com/name/nm2519727/,False
nm2521958,Sanjay Mulani,,,"[""casting_director"", ""casting_department"", ""miscellaneous""]","[""tt13612010"", ""tt15711508"", ""tt8520966"", ""tt8463722""]",https://www.imdb.com/name/nm2521958/,False
nm2529840,Atul Mongia,1978,,"[""miscellaneous"", ""writer"", ""casting_director""]","[""tt14160684"", ""tt27530512"", ""tt8291224"", ""tt28037987""]",https://www.imdb.com/name/nm2529840/,False
nm2532542,Claudine Vincent,,,"[""actress""]","[""tt6445396"", ""tt0825239"", ""tt11364170"", ""tt4161632""]",https://www.imdb.com/name/nm2532542/,False
nm2534912,Darren Smith,,,"[""composer"", ""music_department"", ""writer""]","[""tt0963194"", ""tt10650376"", ""tt0945586"", ""tt0443435""]",https://www.imdb.com/name/nm2534912/,False
nm2536215,VTV Ganesh,1961,,"[""actor"", ""producer"", ""music_department""]","[""tt11663228"", ""tt1609168"", ""tt11301946"", ""tt27487934""]",https://www.imdb.com/name/nm2536215/,False
nm2536305,Maria Karlsson,1978,,"[""writer""]","[""tt1291652"", ""tt1588342"", ""tt2427502"", ""tt14032988""]",https://www.imdb.com/name/nm2536305/,False
nm2539953,Alicia Vikander,1988,,"[""actress"", ""producer"", ""soundtrack""]","[""tt0470752"", ""tt0810819"", ""tt1638355"", ""tt1441953""]",https://www.imdb.com/name/nm2539953/,False
nm2540242,Shruti Gupte,,,"[""production_designer"", ""art_director""]","[""tt0461936"", ""tt7778680"", ""tt2350496"", ""tt15260176""]",https://www.imdb.com/name/nm2540242/,False
nm2541742,Adrián Guerra,1984,,"[""producer"", ""production_manager""]","[""tt1462758"", ""tt14463484"", ""tt27599851"", ""tt4857264""]",https://www.imdb.com/name/nm2541742/,False
nm2541974,Jai Courtney,1986,,"[""actor"", ""soundtrack"", ""archive_footage""]","[""tt1340138"", ""tt1840309"", ""tt1606378"", ""tt1386697""]",https://www.imdb.com/name/nm2541974/,False
nm2552491,Sylvain Dubrez,,,"[""music_department"", ""composer""]","[""tt0429052""]",https://www.imdb.com/name/nm2552491/,False
nm2554050,Judith Martin,,,"[""composer"", ""production_department"", ""soundtrack""]","[""tt0450259"", ""tt0449059"", ""tt0397044"", ""tt0323120""]",https://www.imdb.com/name/nm2554050/,False
nm2554352,T.J. Miller,1981,,"[""actor"", ""writer"", ""producer""]","[""tt2575988"", ""tt1060277"", ""tt2245084"", ""tt2109248""]",https://www.imdb.com/name/nm2554352/,False
nm2555676,Salah Benchegra,,,"[""casting_department"", ""casting_director"", ""assistant_director""]","[""tt4669264"", ""tt33764258"", ""tt0320661"", ""tt1462764""]",https://www.imdb.com/name/nm2555676/,False
nm2560081,John Kim,,,"[""writer""]","[""tt29516222"", ""tt1438173""]",https://www.imdb.com/name/nm2560081/,False
nm2561303,Erika Gonzales,1976,,"[""editor"", ""editorial_department"", ""writer""]","[""tt0420238"", ""tt10928086"", ""tt6155016"", ""tt10916112""]",https://www.imdb.com/name/nm2561303/,False
nm2561395,Manoj Paramahamsa,1981,,"[""cinematographer"", ""producer"", ""camera_department""]","[""tt15654328"", ""tt1670635"", ""tt11301946"", ""tt3518888""]",https://www.imdb.com/name/nm2561395/,False
nm2561798,Sylwia Wilkos,,,"[""producer"", ""writer""]","[""tt8706988"", ""tt7134892"", ""tt7201346"", ""tt2627146""]",https://www.imdb.com/name/nm2561798/,False
nm2562810,Wiradit Srimalai,,,"[""actor""]","[""tt1135961"", ""tt1609160"", ""tt0756204"", ""tt35021460""]",https://www.imdb.com/name/nm2562810/,False
nm2567492,Na Eun-kyeong,1982,,"[""actress""]","[""tt0339824"", ""tt1468365"", ""tt1669582"", ""tt1330186""]",https://www.imdb.com/name/nm2567492/,False
nm2568279,Kenji Nagasaki,,,"[""director"", ""assistant_director"", ""art_department""]","[""tt7745068"", ""tt5626028"", ""tt1726286"", ""tt11107074""]",https://www.imdb.com/name/nm2568279/,False
nm2568792,Marlen von Heydenaber,1984,,"[""art_department"", ""production_designer"", ""costume_designer""]","[""tt7225386"", ""tt2290449"", ""tt4679092"", ""tt0469233""]",https://www.imdb.com/name/nm2568792/,False
nm2569233,Yûki Kaji,1985,,"[""actor"", ""music_department"", ""miscellaneous""]","[""tt2560140"", ""tt2359704"", ""tt2339875"", ""tt2122656""]",https://www.imdb.com/name/nm2569233/,False
nm2574962,Vivek Harshan,1981,,"[""editor""]","[""tt26458038"", ""tt3569782"", ""tt8188872"", ""tt26660021""]",https://www.imdb.com/name/nm2574962/,False
nm2575361,Robb Maus,,,"[""actor"", ""casting_director"", ""casting_department""]","[""tt2545652"", ""tt5049298"", ""tt0996958"", ""tt1274596""]",https://www.imdb.com/name/nm2575361/,False
nm2577851,Jorrit Kleijnen,,,"[""composer"", ""music_department"", ""sound_department""]","[""tt26660729"", ""tt6851410"", ""tt7534314"", ""tt2585160""]",https://www.imdb.com/name/nm2577851/,False
nm2583479,Jannik Schümann,1992,,"[""actor"", ""miscellaneous"", ""producer""]","[""tt6475714"", ""tt4932154"", ""tt5977276"", ""tt2178941""]",https://www.imdb.com/name/nm2583479/,False
nm2584600,Julianne Hough,1988,,"[""producer"", ""actress"", ""miscellaneous""]","[""tt1336608"", ""tt1702439"", ""tt1068242"", ""tt1860213""]",https://www.imdb.com/name/nm2584600/,False
nm2587614,Colin Jones,,,"[""casting_director"", ""casting_department"", ""producer""]","[""tt2183014"", ""tt3068194"", ""tt2235759"", ""tt15325794""]",https://www.imdb.com/name/nm2587614/,False
nm2588703,Drew Daniels,,,"[""cinematographer"", ""camera_department"", ""actor""]","[""tt4695012"", ""tt8652728"", ""tt28607951"", ""tt13453006""]",https://www.imdb.com/name/nm2588703/,False
nm2588785,Jean-Philippe Verdin,,,"[""composer"", ""music_department"", ""soundtrack""]","[""tt1592873"", ""tt1194616"", ""tt1594503"", ""tt0118003""]",https://www.imdb.com/name/nm2588785/,False
nm2589555,Chaiwat Thongsaeng,1988,,"[""actor""]","[""tt1135961"", ""tt26997341"", ""tt39749953"", ""tt38428959""]",https://www.imdb.com/name/nm2589555/,False
nm2592941,Xavi Font,1972,,"[""composer"", ""music_department"", ""producer""]","[""tt32298285"", ""tt8337662"", ""tt7104984"", ""tt15063296""]",https://www.imdb.com/name/nm2592941/,False
nm2594429,Stuart Freeman,,,"[""actor""]","[""tt3296276"", ""tt0915457"", ""tt2226343"", ""tt7209510""]",https://www.imdb.com/name/nm2594429/,False
nm2595269,Matthew Compton,,,"[""composer"", ""music_department"", ""actor""]","[""tt34685692"", ""tt2334871"", ""tt9484998"", ""tt1470023""]",https://www.imdb.com/name/nm2595269/,False
nm2595531,Jing Chris Liu,,,"[""producer"", ""actor"", ""writer""]","[""tt1959563"", ""tt3801934"", ""tt2309048"", ""tt6338836""]",https://www.imdb.com/name/nm2595531/,False
nm2600737,Hyung-ju Kim,,,"[""editor"", ""cinematographer""]","[""tt12763920"", ""tt31254554"", ""tt35097551"", ""tt4038966""]",https://www.imdb.com/name/nm2600737/,False
nm2604920,Lee Hwa-ryong,1975,,"[""actor""]","[""tt0762073"", ""tt11535228"", ""tt15146202"", ""tt8912586""]",https://www.imdb.com/name/nm2604920/,False
nm2607210,Sheela Kaur,1989,,"[""actress""]","[""tt1198349"", ""tt2325915"", ""tt1582466"", ""tt1579806""]",https://www.imdb.com/name/nm2607210/,False
nm2609083,Sergio Sánchez,,,"[""writer"", ""script_department"", ""director""]","[""tt1141289"", ""tt0382464"", ""tt5259966"", ""tt8777518""]",https://www.imdb.com/name/nm2609083/,False
nm2610844,Michael Zaiko Hall,,,"[""producer"", ""director"", ""writer""]","[""tt12042764"", ""tt1979388"", ""tt1663662"", ""tt1060277""]",https://www.imdb.com/name/nm2610844/,False
nm2616100,Kimon Fioretos,,,"[""actor"", ""writer"", ""production_department""]","[""tt6144370"", ""tt10110614"", ""tt1298464"", ""tt1170405""]",https://www.imdb.com/name/nm2616100/,False
nm2618590,Tyler Cross,1985,,"[""actor"", ""camera_department"", ""sound_department""]","[""tt1045772"", ""tt1568802"", ""tt1582445"", ""tt1216489""]",https://www.imdb.com/name/nm2618590/,False
nm2627085,Wei-Ning Hsu,1984,,"[""actress""]","[""tt22399058"", ""tt5078188"", ""tt5077912"", ""tt1293316""]",https://www.imdb.com/name/nm2627085/,False
nm2632878,Kimberley Nixon,1985,,"[""actress"", ""archive_footage""]","[""tt0963743"", ""tt1024255"", ""tt1181791"", ""tt0808244""]",https://www.imdb.com/name/nm2632878/,False
nm2633096,Mauricio Argüelles,,,"[""producer"", ""actor"", ""writer""]","[""tt4835926"", ""tt27391124"", ""tt5259966"", ""tt5878590""]",https://www.imdb.com/name/nm2633096/,False
nm2633535,Asa Butterfield,1997,,"[""actor"", ""archive_footage""]","[""tt0970179"", ""tt1731141"", ""tt0914798"", ""tt3922818""]",https://www.imdb.com/name/nm2633535/,False
nm2633591,Amber Beattie,1993,,"[""actress"", ""miscellaneous"", ""archive_footage""]","[""tt0914798"", ""tt0862620"", ""tt1540110"", ""tt1781715""]",https://www.imdb.com/name/nm2633591/,False
nm2635576,Alexander Reumers,,,"[""composer"", ""music_department"", ""sound_department""]","[""tt0453556"", ""tt26660729"", ""tt6851410"", ""tt32307068""]",https://www.imdb.com/name/nm2635576/,False
nm2637619,Mikaila Hutchinson,,,"[""actress""]","[""tt0388377"", ""tt1003014"", ""tt0452102""]",https://www.imdb.com/name/nm2637619/,False
nm2639820,Özgür Eken,1976,,"[""cinematographer"", ""camera_department"", ""make_up_department""]","[""tt1021004"", ""tt13649034"", ""tt1284591"", ""tt2191332""]",https://www.imdb.com/name/nm2639820/,False
nm2640887,Stefanie Scott,1996,,"[""actress"", ""writer"", ""producer""]","[""tt3195644"", ""tt1226837"", ""tt13269536"", ""tt14622682""]",https://www.imdb.com/name/nm2640887/,False
nm2640966,Thomas Hennessy,,,"[""cinematographer"", ""director"", ""camera_department""]","[""tt32641890"", ""tt19817178"", ""tt3451984"", ""tt5953432""]",https://www.imdb.com/name/nm2640966/,False
nm2641532,Roxy Saint,,,"[""actress"", ""music_department"", ""producer""]","[""tt0960890"", ""tt3562852"", ""tt1227927"", ""tt2657528""]",https://www.imdb.com/name/nm2641532/,False
nm2641712,Robin Lundberg,,,"[""actor"", ""production_department"", ""miscellaneous""]","[""tt0937378"", ""tt2315558"", ""tt2184211"", ""tt5991312""]",https://www.imdb.com/name/nm2641712/,False
nm2641744,Holeg Spies,,,"[""composer"", ""writer"", ""producer""]","[""tt3963226"", ""tt13918550"", ""tt1467304"", ""tt0296042""]",https://www.imdb.com/name/nm2641744/,False
nm2642787,Chelsie Preston Crayford,1987,,"[""actress"", ""writer"", ""director""]","[""tt1119176"", ""tt3914672"", ""tt8760708"", ""tt3416742""]",https://www.imdb.com/name/nm2642787/,False
nm2642892,Todd Lasance,1985,,"[""actor"", ""archive_footage""]","[""tt18258908"", ""tt0499097"", ""tt1442449"", ""tt2353868""]",https://www.imdb.com/name/nm2642892/,False
nm2646294,Henry Kingsmill,,,"[""actor""]","[""tt0914798"", ""tt1209303""]",https://www.imdb.com/name/nm2646294/,False
nm2650522,Sachiko Tanaka,,,"[""writer""]","[""tt0938341"", ""tt7112154"", ""tt2280964"", ""tt5999530""]",https://www.imdb.com/name/nm2650522/,False
nm2651319,Uwe Kolbe,1966,,"[""miscellaneous"", ""producer""]","[""tt14917354"", ""tt0347048"", ""tt0920458"", ""tt0177858""]",https://www.imdb.com/name/nm2651319/,False
nm2652802,A.S. Prakash,,,"[""art_director"", ""production_designer""]","[""tt9537292"", ""tt5946852"", ""tt27670706"", ""tt24060892""]",https://www.imdb.com/name/nm2652802/,False
nm2653111,Nicky Bligh,,,"[""casting_director"", ""casting_department""]","[""tt0910554"", ""tt7524382"", ""tt1305562"", ""tt2708572""]",https://www.imdb.com/name/nm2653111/,False
nm2656048,Karl Mueller,,,"[""writer"", ""director"", ""producer""]","[""tt1535616"", ""tt4902716"", ""tt1730174"", ""tt2507280""]",https://www.imdb.com/name/nm2656048/,False
nm2668723,Wyatt Kuether,,,"[""actor"", ""stunts"", ""sound_department""]","[""tt4108582"", ""tt1259204"", ""tt4725892"", ""tt2290323""]",https://www.imdb.com/name/nm2668723/,False
nm2671074,Lara Dorée,,,"[""production_manager"", ""producer"", ""actress""]","[""tt1753735"", ""tt5500064"", ""tt3238502"", ""tt1751634""]",https://www.imdb.com/name/nm2671074/,False
nm2671904,Yoshihiro Ôyabu,,,"[""producer"", ""production_department"", ""miscellaneous""]","[""tt7745068"", ""tt5626028"", ""tt0995941"", ""tt11107074""]",https://www.imdb.com/name/nm2671904/,False
nm2680937,Mark Mitchinson,1966,,"[""actor"", ""producer"", ""writer""]","[""tt13345606"", ""tt1170358"", ""tt0834001"", ""tt2310332""]",https://www.imdb.com/name/nm2680937/,False
nm2681255,Fiona O'Carroll,1980,,"[""actress"", ""producer"", ""script_department""]","[""tt3433074"", ""tt2201815"", ""tt1819022"", ""tt3921858""]",https://www.imdb.com/name/nm2681255/,False
nm2686934,Aaron L. Ginsburg,,,"[""producer""]","[""tt35630036"", ""tt5992164"", ""tt5616718"", ""tt14058484""]",https://www.imdb.com/name/nm2686934/,False
nm2691112,Attila Digi Kövári,,,"[""art_department"", ""art_director"", ""miscellaneous""]","[""tt2071550"", ""tt3079380"", ""tt5151570"", ""tt3467412""]",https://www.imdb.com/name/nm2691112/,False
nm2691892,Megan Ellison,1986,,"[""producer"", ""miscellaneous"", ""sound_department""]","[""tt1798709"", ""tt1790885"", ""tt7125860"", ""tt1800241""]",https://www.imdb.com/name/nm2691892/,False
nm2694758,Evan Frankfort,1970,,"[""music_department"", ""composer"", ""sound_department""]","[""tt2661044"", ""tt1225901"", ""tt0935095"", ""tt0790772""]",https://www.imdb.com/name/nm2694758/,False
nm2699875,James Belfer,,,"[""producer"", ""actor"", ""animation_department""]","[""tt1758692"", ""tt1971352"", ""tt2195548"", ""tt5236900""]",https://www.imdb.com/name/nm2699875/,False
nm2700235,Jim Mahoney,,,"[""actor"", ""writer"", ""director""]","[""tt4729430"", ""tt11615616"", ""tt15250656"", ""tt5691552""]",https://www.imdb.com/name/nm2700235/,False
nm2705126,Domonkos Németh,,,"[""actor""]","[""tt0914798""]",https://www.imdb.com/name/nm2705126/,False
nm2707777,Melanie Munt,,,"[""actress"", ""writer"", ""producer""]","[""tt1518917"", ""tt0875149"", ""tt15654944"", ""tt11847842""]",https://www.imdb.com/name/nm2707777/,False
nm2716637,Teisui Ichiryûsai,,,"[""actor""]","[""tt0491015"", ""tt0844319"", ""tt0230429"", ""tt4693354""]",https://www.imdb.com/name/nm2716637/,False
nm2717602,Carlota Pereda,,,"[""script_department"", ""director"", ""writer""]","[""tt10399608"", ""tt8286974"", ""tt5612190"", ""tt11638302""]",https://www.imdb.com/name/nm2717602/,False
nm2718341,Sascha Alexander Gersak,1975,,"[""actor""]","[""tt2071466"", ""tt2822400"", ""tt10598848"", ""tt6815674""]",https://www.imdb.com/name/nm2718341/,False
nm2726789,Zac Mattoon O'Brien,,,"[""actor"", ""writer"", ""director""]","[""tt0914798"", ""tt10177964"", ""tt1023500"", ""tt1836808""]",https://www.imdb.com/name/nm2726789/,False
nm2728917,Zack Gold,,,"[""actor"", ""writer"", ""director""]","[""tt13659418"", ""tt23639696"", ""tt30291387"", ""tt26676904""]",https://www.imdb.com/name/nm2728917/,False
nm2733134,Linda Nigmatulina,1983,,"[""actress""]","[""tt3105350"", ""tt32123395"", ""tt33969160"", ""tt3095268""]",https://www.imdb.com/name/nm2733134/,False
nm2735968,Nicholas Alavanos,,,"[""producer"", ""director"", ""actor""]","[""tt2118648"", ""tt37381479"", ""tt31193137"", ""tt14395312""]",https://www.imdb.com/name/nm2735968/,False
nm2739958,Nechama Tec,1931,2023,"[""writer""]","[""tt1034303""]",https://www.imdb.com/name/nm2739958/,False
nm2747682,Patrick Savage,,,"[""music_department"", ""composer"", ""producer""]","[""tt3963226"", ""tt1467304"", ""tt13918550"", ""tt9603208""]",https://www.imdb.com/name/nm2747682/,False
nm2748159,Aseem Arrora,,,"[""writer"", ""assistant_director"", ""producer""]","[""tt13131232"", ""tt15315164"", ""tt15145764"", ""tt7446400""]",https://www.imdb.com/name/nm2748159/,False
nm2752910,Jamie Bloch,1999,,"[""actress"", ""producer"", ""writer""]","[""tt5320160"", ""tt1479978"", ""tt0443533"", ""tt6673494""]",https://www.imdb.com/name/nm2752910/,False
nm2756179,Kostas Pappas,,,"[""production_designer"", ""set_decorator"", ""art_department""]","[""tt2313112"", ""tt7838494"", ""tt0325703"", ""tt5057054""]",https://www.imdb.com/name/nm2756179/,False
nm2756685,Büsra Pekin,1982,,"[""actress"", ""writer"", ""director""]","[""tt1523515"", ""tt1640202"", ""tt3982774"", ""tt3646462""]",https://www.imdb.com/name/nm2756685/,False
nm2760702,Roberto Di Tanna,,,"[""editor"", ""editorial_department"", ""sound_department""]","[""tt5000250"", ""tt14469460"", ""tt13315340"", ""tt8792882""]",https://www.imdb.com/name/nm2760702/,False
nm2761749,Idil Dizdar,1982,,"[""director"", ""writer"", ""actress""]","[""tt2608224"", ""tt30397934"", ""tt3982774"", ""tt13659208""]",https://www.imdb.com/name/nm2761749/,False
nm2764137,Yin-Shang Liu,1937,2022,"[""actress""]","[""tt20212666"", ""tt7010242"", ""tt10494462"", ""tt1562440""]",https://www.imdb.com/name/nm2764137/,False
nm2766163,Greg Ephraim,,,"[""cinematographer"", ""camera_department"", ""editor""]","[""tt5701718"", ""tt1629395"", ""tt3313314"", ""tt3766102""]",https://www.imdb.com/name/nm2766163/,False
nm2768570,Gina Fegan,,,"[""producer""]","[""tt0471041"", ""tt5969928"", ""tt1453245"", ""tt2798456""]",https://www.imdb.com/name/nm2768570/,False
nm2774121,Jasmine Woods,1983,,"[""actress"", ""director"", ""writer""]","[""tt1001508"", ""tt15552992"", ""tt0368479"", ""tt2544944""]",https://www.imdb.com/name/nm2774121/,False
nm2775396,Elisa Lleras,,,"[""producer"", ""production_manager"", ""miscellaneous""]","[""tt5073642"", ""tt13507778"", ""tt15316232"", ""tt18988142""]",https://www.imdb.com/name/nm2775396/,False
nm2775995,Ajmal Ameer,1985,,"[""actor""]","[""tt1851988"", ""tt1922545"", ""tt27487934"", ""tt10973118""]",https://www.imdb.com/name/nm2775995/,False
nm2777281,Neha Sharma,1987,,"[""actress""]","[""tt8108274"", ""tt1753640"", ""tt12631660"", ""tt27618627""]",https://www.imdb.com/name/nm2777281/,False
nm2778003,Brian Moon,,,"[""writer""]","[""tt1209361""]",https://www.imdb.com/name/nm2778003/,False
nm2778071,Edward Said,,,"[""casting_department"", ""casting_director"", ""miscellaneous""]","[""tt2094766"", ""tt32278481"", ""tt4172430"", ""tt1186830""]",https://www.imdb.com/name/nm2778071/,False
nm2780726,Aadore Mukherjee,,,"[""casting_director"", ""casting_department""]","[""tt2905838"", ""tt1934231"", ""tt6836936"", ""tt1285241""]",https://www.imdb.com/name/nm2780726/,False
nm2782402,Stephanie Allynne,1985,,"[""actress"", ""writer"", ""director""]","[""tt2294677"", ""tt4947608"", ""tt4093826"", ""tt4662420""]",https://www.imdb.com/name/nm2782402/,False
nm2782505,Charlotte Best,1994,,"[""actress"", ""stunts"", ""miscellaneous""]","[""tt2222848"", ""tt0094481"", ""tt10370042"", ""tt5136686""]",https://www.imdb.com/name/nm2782505/,False
nm2786608,Callan McAuliffe,1995,,"[""actor"", ""soundtrack""]","[""tt1464540"", ""tt0817177"", ""tt1343092"", ""tt1518917""]",https://www.imdb.com/name/nm2786608/,False
nm2791723,Yohance Myles,,,"[""actor"", ""director""]","[""tt1517260"", ""tt2094018"", ""tt1925431"", ""tt1245492""]",https://www.imdb.com/name/nm2791723/,False
nm2792551,Olivier Alary,1975,,"[""composer"", ""music_department"", ""sound_department""]","[""tt6215208"", ""tt8132778"", ""tt8553192"", ""tt20521138""]",https://www.imdb.com/name/nm2792551/,False
nm2797744,Himesh Patel,1990,,"[""actor"", ""writer"", ""producer""]","[""tt8079248"", ""tt33764258"", ""tt6723592"", ""tt11286314""]",https://www.imdb.com/name/nm2797744/,False
nm2798055,David Stone Hamilton,,,"[""composer"", ""music_department"", ""sound_department""]","[""tt31190225"", ""tt8269120"", ""tt10580194"", ""tt6134274""]",https://www.imdb.com/name/nm2798055/,False
nm2801340,Anna Kalaitzidou,,,"[""actress""]","[""tt1379182"", ""tt5221894"", ""tt10110614"", ""tt11369420""]",https://www.imdb.com/name/nm2801340/,False
nm2801942,Arantza Vélez,,,"[""casting_director"", ""casting_department"", ""producer""]","[""tt1111854"", ""tt15006566"", ""tt5862312"", ""tt3704538""]",https://www.imdb.com/name/nm2801942/,False
nm2804064,Mireia Juárez,,,"[""casting_director"", ""casting_department"", ""director""]","[""tt1715336"", ""tt1164999"", ""tt4301422"", ""tt13479592""]",https://www.imdb.com/name/nm2804064/,False
nm2804580,Nick Schroeder,1986,,"[""actor"", ""producer"", ""director""]","[""tt32460211"", ""tt33090075"", ""tt17129114"", ""tt37672699""]",https://www.imdb.com/name/nm2804580/,False
nm2806693,Angga Dwimas Sasongko,1985,,"[""producer"", ""director"", ""writer""]","[""tt3813456"", ""tt13484872"", ""tt6029714"", ""tt23472308""]",https://www.imdb.com/name/nm2806693/,False
nm2813680,Konstantinos Papatheodorou,,,"[""actor""]","[""tt10110614"", ""tt8268902"", ""tt1111843"", ""tt4697126""]",https://www.imdb.com/name/nm2813680/,False
nm2815326,Amit Sadh,1979,,"[""actor"", ""producer""]","[""tt4832640"", ""tt2213054"", ""tt12405230"", ""tt12392458""]",https://www.imdb.com/name/nm2815326/,False
nm2816668,Matthew Robinson,1978,,"[""writer"", ""director"", ""producer""]","[""tt1058017"", ""tt2222042"", ""tt5617712"", ""tt7547410""]",https://www.imdb.com/name/nm2816668/,False
nm2820114,Liz Toonkel,,,"[""production_designer"", ""art_department"", ""art_director""]","[""tt15339456"", ""tt15255876"", ""tt1362406"", ""tt4865022""]",https://www.imdb.com/name/nm2820114/,False
nm2821273,Tiffany Mak,,,"[""casting_department"", ""casting_director"", ""production_department""]","[""tt9619824"", ""tt24950660"", ""tt28015403"", ""tt13875494""]",https://www.imdb.com/name/nm2821273/,False
nm2824661,Vanesa Escobar Liska,,,"[""art_director"", ""miscellaneous"", ""art_department""]","[""tt7704726"", ""tt1912398"", ""tt24248114"", ""tt36415530""]",https://www.imdb.com/name/nm2824661/,False
nm2826126,Gershom Hyldreth,,,"[""art_department"", ""producer"", ""production_designer""]","[""tt5718162"", ""tt2629852"", ""tt2062661"", ""tt1107319""]",https://www.imdb.com/name/nm2826126/,False
nm2826685,Nick Montgomery,,,"[""editor"", ""visual_effects"", ""cinematographer""]","[""tt21622842"", ""tt4264426"", ""tt5283288"", ""tt6318848""]",https://www.imdb.com/name/nm2826685/,False
nm2827111,Rattanaballang Tohssawat,1979,,"[""actor""]","[""tt1135961"", ""tt1420771"", ""tt0756204"", ""tt29607680""]",https://www.imdb.com/name/nm2827111/,False
nm2830075,Frédéric Hazan,,,"[""actor"", ""writer"", ""director""]","[""tt8904472"", ""tt39314864"", ""tt36343302"", ""tt9372172""]",https://www.imdb.com/name/nm2830075/,False
nm2830157,Marc Dold,,,"[""music_department"", ""composer"", ""actor""]","[""tt0450259"", ""tt0449059"", ""tt0397044"", ""tt0279600""]",https://www.imdb.com/name/nm2830157/,False
nm2831763,Rishi Punjabi,,,"[""cinematographer"", ""camera_department""]","[""tt32223398"", ""tt0464160"", ""tt7286562"", ""tt0453671""]",https://www.imdb.com/name/nm2831763/,False
nm2832163,H. Banerjee,,,"[""writer"", ""miscellaneous""]","[""tt0238936"", ""tt0296574"", ""tt0251756"", ""tt0114234""]",https://www.imdb.com/name/nm2832163/,False
nm2833385,Darya Balyura,,,"[""casting_department"", ""casting_director"", ""actress""]","[""tt37520553"", ""tt1758772"", ""tt26736385"", ""tt20205256""]",https://www.imdb.com/name/nm2833385/,False
nm2834234,Marshawn Lynch,1986,,"[""actor"", ""producer"", ""writer""]","[""tt17527468"", ""tt2325853"", ""tt1480684"", ""tt15401512""]",https://www.imdb.com/name/nm2834234/,False
nm2834487,Marcelo Vindicato,,,"[""writer"", ""actor""]","[""tt1921043"", ""tt1264083"", ""tt4012424"", ""tt13354188""]",https://www.imdb.com/name/nm2834487/,False
nm2838336,Bryn Chainey,,,"[""director"", ""writer"", ""editor""]","[""tt29567402"", ""tt2343652"", ""tt1142315"", ""tt1588346""]",https://www.imdb.com/name/nm2838336/,False
nm2838508,Ryan Moody,,,"[""editor"", ""producer"", ""director""]","[""tt2616768"", ""tt2210775"", ""tt1796597"", ""tt35523175""]",https://www.imdb.com/name/nm2838508/,False
nm2840457,Deanna Rashell,,,"[""actress"", ""director"", ""stunts""]","[""tt3560084"", ""tt2113659"", ""tt11608126"", ""tt9073730""]",https://www.imdb.com/name/nm2840457/,False
nm2841345,Suzunosuke Tanaka,1984,,"[""actor""]","[""tt6306178"", ""tt0777881"", ""tt0929860"", ""tt0312843""]",https://www.imdb.com/name/nm2841345/,False
nm2841677,Yuliya Parshuta,1988,,"[""actress""]","[""tt7601480"", ""tt27114092"", ""tt4643442"", ""tt10767426""]",https://www.imdb.com/name/nm2841677/,False
nm2843559,Raai Laxmi,1989,,"[""actress""]","[""tt1705772"", ""tt1388434"", ""tt1503184"", ""tt15302222""]",https://www.imdb.com/name/nm2843559/,False
nm2846618,Neelamben Parikh,,,"[""writer""]","[""tt0459293""]",https://www.imdb.com/name/nm2846618/,False
nm2847284,Lionel Lingelser,,,"[""actor"", ""miscellaneous"", ""archive_footage""]","[""tt10298810"", ""tt7043380"", ""tt3006802"", ""tt10761838""]",https://www.imdb.com/name/nm2847284/,False
nm2864252,Mason Gooding,1996,,"[""actor"", ""director"", ""production_department""]","[""tt11245972"", ""tt15325794"", ""tt17663992"", ""tt32558992""]",https://www.imdb.com/name/nm2864252/,False
nm2864993,Prashant Pandey,,,"[""writer"", ""director"", ""music_department""]","[""tt21626284"", ""tt4435072"", ""tt6180274"", ""tt1664809""]",https://www.imdb.com/name/nm2864993/,False
nm2865407,Satoru Matsuo,1975,,"[""actor""]","[""tt4262980"", ""tt2072230"", ""tt2119858"", ""tt31250132""]",https://www.imdb.com/name/nm2865407/,False
nm2871336,Micah Dahlberg,,,"[""casting_director"", ""miscellaneous"", ""casting_department""]","[""tt1431045"", ""tt0265208"", ""tt3416828"", ""tt0449010""]",https://www.imdb.com/name/nm2871336/,False
nm2872384,Lillie Jeffrey,,,"[""casting_director"", ""casting_department""]","[""tt12758060"", ""tt22084616"", ""tt7736496"", ""tt2066051""]",https://www.imdb.com/name/nm2872384/,False
nm2873551,Font García,,,"[""actor"", ""writer""]","[""tt4771896"", ""tt1528080"", ""tt7573322"", ""tt2557018""]",https://www.imdb.com/name/nm2873551/,False
nm2881299,Ioanna Pogiantzi,1983,,"[""editor"", ""editorial_department"", ""actress""]","[""tt1379182"", ""tt23149358"", ""tt7838494"", ""tt27468963""]",https://www.imdb.com/name/nm2881299/,False
nm2886400,Namrata Rao,,,"[""editor"", ""director"", ""actress""]","[""tt1821480"", ""tt1608777"", ""tt1610452"", ""tt3495026""]",https://www.imdb.com/name/nm2886400/,False
nm2890357,Kôji Nagai,,,"[""producer"", ""production_department""]","[""tt7745068"", ""tt11107074"", ""tt13544716"", ""tt5626028""]",https://www.imdb.com/name/nm2890357/,False
nm2893202,Vicky Goswami,,,"[""composer""]","[""tt0374271"", ""tt2226666""]",https://www.imdb.com/name/nm2893202/,False
nm2893431,Yoshimasa Hosoya,1982,,"[""actor"", ""soundtrack"", ""archive_sound""]","[""tt2560140"", ""tt33175825"", ""tt6155214"", ""tt32820897""]",https://www.imdb.com/name/nm2893431/,False
nm2900221,Peter Lam,,,"[""producer"", ""miscellaneous"", ""executive""]","[""tt1371111"", ""tt0913968"", ""tt1393746"", ""tt7375466""]",https://www.imdb.com/name/nm2900221/,False
nm2908893,Premgi Amaren,1979,,"[""actor"", ""music_department"", ""composer""]","[""tt4983780"", ""tt27487934"", ""tt1308015"", ""tt3686168""]",https://www.imdb.com/name/nm2908893/,False
nm2917649,Paul Raschid,1993,,"[""director"", ""writer"", ""actor""]","[""tt6888938"", ""tt32550030"", ""tt10133874"", ""tt12485740""]",https://www.imdb.com/name/nm2917649/,False
nm2917725,Raymond Ablack,1989,,"[""actor"", ""producer"", ""writer""]","[""tt10813940"", ""tt2707408"", ""tt2234222"", ""tt1708463""]",https://www.imdb.com/name/nm2917725/,False
nm2917846,Maria Kallimani,,,"[""actress"", ""executive"", ""archive_footage""]","[""tt1371631"", ""tt2655938"", ""tt3500792"", ""tt4991590""]",https://www.imdb.com/name/nm2917846/,False
nm2927478,Ibrahim Ali Khan,2001,,"[""actor"", ""assistant_director""]","[""tt14993250"", ""tt30422937"", ""tt23865942"", ""tt0995752""]",https://www.imdb.com/name/nm2927478/,False
nm2927976,Dmitriy Noskov,1976,,"[""composer"", ""music_department"", ""producer""]","[""tt6537238"", ""tt9346816"", ""tt1372747"", ""tt8820590""]",https://www.imdb.com/name/nm2927976/,False
nm2930298,Janaprakal Chandruang,,,"[""actor""]","[""tt1135961"", ""tt24260954"", ""tt24262242"", ""tt30630431""]",https://www.imdb.com/name/nm2930298/,False
nm2930931,Uthumporn Silaphan,,,"[""actress""]","[""tt1135961"", ""tt10083260"", ""tt29668631"", ""tt26997341""]",https://www.imdb.com/name/nm2930931/,False
nm2931575,Maciej Majchrzak,1974,,"[""camera_department"", ""cinematographer"", ""director""]","[""tt3607402"", ""tt3594278"", ""tt3586978"", ""tt3686942""]",https://www.imdb.com/name/nm2931575/,False
nm2933015,Andrew Jeric,,,"[""cinematographer"", ""camera_department"", ""director""]","[""tt25947954"", ""tt10559102"", ""tt10303430"", ""tt10623550""]",https://www.imdb.com/name/nm2933015/,False
nm2934314,Lily Collins,1989,,"[""actress"", ""producer"", ""executive""]","[""tt1538403"", ""tt5541240"", ""tt1638002"", ""tt1667353""]",https://www.imdb.com/name/nm2934314/,False
nm2934741,Awi Suryadi,1977,,"[""director"", ""writer"", ""script_department""]","[""tt1190099"", ""tt4877706"", ""tt1718798"", ""tt33349807""]",https://www.imdb.com/name/nm2934741/,False
nm2939226,Elle Furudahl,,,"[""production_designer"", ""art_department"", ""art_director""]","[""tt9861200"", ""tt10928086"", ""tt13583090"", ""tt1859522""]",https://www.imdb.com/name/nm2939226/,False
nm2941945,Natalie Pawloff,,,"[""actress"", ""casting_director"", ""casting_department""]","[""tt1686053"", ""tt14605066"", ""tt1572962"", ""tt4421462""]",https://www.imdb.com/name/nm2941945/,False
nm2942818,Edward Allen,,,"[""producer""]","[""tt5259966"", ""tt20395798"", ""tt9019352"", ""tt1329189""]",https://www.imdb.com/name/nm2942818/,False
nm2943468,Logan Huffman,1989,,"[""actor"", ""writer"", ""producer""]","[""tt2124787"", ""tt1307824"", ""tt0363780"", ""tt6556576""]",https://www.imdb.com/name/nm2943468/,False
nm2946490,Adam Anders,1975,,"[""director"", ""writer"", ""producer""]","[""tt1327801"", ""tt13848804"", ""tt10161886"", ""tt1336608""]",https://www.imdb.com/name/nm2946490/,False
nm2948426,Erica Frene,,,"[""actress"", ""stunts""]","[""tt10151854"", ""tt1336608"", ""tt5165368"", ""tt15571732""]",https://www.imdb.com/name/nm2948426/,False
nm2950601,Mikolaj Roznerski,1983,,"[""actor"", ""soundtrack"", ""archive_footage""]","[""tt3092552"", ""tt2282989"", ""tt10340366"", ""tt8857666""]",https://www.imdb.com/name/nm2950601/,False
nm2954841,Soumik Haldar,1975,,"[""cinematographer"", ""director"", ""camera_department""]","[""tt10834986"", ""tt8374266"", ""tt8665824"", ""tt2075108""]",https://www.imdb.com/name/nm2954841/,False
nm2955501,Kristie Conway,,,"[""actress""]","[""tt1161418""]",https://www.imdb.com/name/nm2955501/,False
nm2957490,Harvey Guillén,1990,,"[""actor"", ""producer"", ""writer""]","[""tt3915174"", ""tt9288692"", ""tt11304740"", ""tt26584495""]",https://www.imdb.com/name/nm2957490/,False
nm2961544,Shivani Rawat,,,"[""producer"", ""executive"", ""actress""]","[""tt4669264"", ""tt3758814"", ""tt1070874"", ""tt3553976""]",https://www.imdb.com/name/nm2961544/,False
nm2962034,Faye Mullen,,,"[""production_designer"", ""actor""]","[""tt5073620"", ""tt3465074"", ""tt1989485"", ""tt1320334""]",https://www.imdb.com/name/nm2962034/,False
nm2963060,Max Topplin,1989,,"[""actor"", ""producer"", ""cinematographer""]","[""tt1632701"", ""tt9202550"", ""tt13988936"", ""tt13460398""]",https://www.imdb.com/name/nm2963060/,False
nm2965766,Nikolay Kulikov,1979,,"[""writer"", ""producer"", ""actor""]","[""tt2182001"", ""tt7863198"", ""tt5987402"", ""tt3194532""]",https://www.imdb.com/name/nm2965766/,False
nm2967328,Anuya Bhagwat,,,"[""actress""]","[""tt1496872"", ""tt5700398"", ""tt2331167"", ""tt2180477""]",https://www.imdb.com/name/nm2967328/,False
nm2967763,Varun Sandesh,1989,,"[""actor"", ""music_department""]","[""tt39917515"", ""tt1605739"", ""tt15309808"", ""tt32178794""]",https://www.imdb.com/name/nm2967763/,False
nm2969954,Tony Bellissimo,1989,,"[""actor"", ""production_department"", ""miscellaneous""]","[""tt14321632"", ""tt2626350"", ""tt3783958"", ""tt7369974""]",https://www.imdb.com/name/nm2969954/,False
nm2970236,Cody Calahan,,,"[""director"", ""writer"", ""producer""]","[""tt35892608"", ""tt44471834"", ""tt10743534"", ""tt39104938""]",https://www.imdb.com/name/nm2970236/,False
nm2970706,Christopher Giroux,1987,,"[""producer"", ""director"", ""production_manager""]","[""tt39377308"", ""tt35287187"", ""tt29378386"", ""tt27557250""]",https://www.imdb.com/name/nm2970706/,False
nm2974384,Hong Won-chan,,,"[""writer"", ""director""]","[""tt1190539"", ""tt4682562"", ""tt12763920"", ""tt22507524""]",https://www.imdb.com/name/nm2974384/,False
nm2977637,Louisa Schabas,,,"[""production_designer"", ""art_director"", ""set_decorator""]","[""tt31691389"", ""tt1191111"", ""tt31066723"", ""tt7394674""]",https://www.imdb.com/name/nm2977637/,False
nm2983290,Tsu-wu Hsieh,1968,,"[""actor""]","[""tt11205780"", ""tt6985020"", ""tt9900570"", ""tt2011123""]",https://www.imdb.com/name/nm2983290/,False
nm2984287,Paul Butler,,,"[""actor""]","[""tt1078588"", ""tt1315981"", ""tt1844624"", ""tt0452046""]",https://www.imdb.com/name/nm2984287/,False
nm2984738,Caroline Anglade,1982,,"[""actress"", ""miscellaneous""]","[""tt1758830"", ""tt14142950"", ""tt3229778"", ""tt3260888""]",https://www.imdb.com/name/nm2984738/,False
nm2988626,Peter Barber,,,"[""visual_effects"", ""producer""]","[""tt1438173"", ""tt0963287""]",https://www.imdb.com/name/nm2988626/,False
nm2989608,Bobby K. Richardson,,,"[""editor"", ""editorial_department"", ""production_department""]","[""tt1261046"", ""tt3349712"", ""tt15135004"", ""tt5770864""]",https://www.imdb.com/name/nm2989608/,False
nm2995162,Artt Butler,1969,,"[""actor"", ""director"", ""sound_department""]","[""tt1798709"", ""tt2758770"", ""tt0458290"", ""tt9580138""]",https://www.imdb.com/name/nm2995162/,False
nm3001225,Nil Karaibrahimgil,1976,,"[""composer"", ""actress"", ""music_department""]","[""tt1286126"", ""tt0470883"", ""tt3142872"", ""tt2184065""]",https://www.imdb.com/name/nm3001225/,False
nm3003143,Murat Boz,1980,,"[""actor"", ""composer"", ""producer""]","[""tt14899624"", ""tt9749604"", ""tt6289394"", ""tt4788722""]",https://www.imdb.com/name/nm3003143/,False
nm3003162,Lokesh Gupte,,,"[""actor"", ""director"", ""writer""]","[""tt36315440"", ""tt37272598"", ""tt8427486"", ""tt27557190""]",https://www.imdb.com/name/nm3003162/,False
nm3006765,Saurabh Goswami,,,"[""cinematographer"", ""camera_department""]","[""tt4981966"", ""tt27922706"", ""tt21626774"", ""tt1198101""]",https://www.imdb.com/name/nm3006765/,False
nm3007194,Kamaljeet Negi,,,"[""cinematographer"", ""camera_department""]","[""tt2855648"", ""tt10295212"", ""tt2317337"", ""tt3767372""]",https://www.imdb.com/name/nm3007194/,False
nm3010926,Bradley James,,,"[""actor"", ""archive_footage""]","[""tt9308682"", ""tt4337944"", ""tt1199099"", ""tt3717252""]",https://www.imdb.com/name/nm3010926/,False
nm3012085,Dante Jimenez,,,"[""actor""]","[""tt0408839"", ""tt1440129"", ""tt12163074""]",https://www.imdb.com/name/nm3012085/,False
nm3012172,Chrissie Chau,1985,,"[""actress"", ""soundtrack""]","[""tt6095004"", ""tt1691832"", ""tt17005282"", ""tt1756679""]",https://www.imdb.com/name/nm3012172/,False
nm3014511,Samantha Belén,,,"[""actress"", ""producer"", ""writer""]","[""tt14932580"", ""tt2062661"", ""tt1270084"", ""tt1562918""]",https://www.imdb.com/name/nm3014511/,False
nm3020610,Jan-Michael Losada,,,"[""cinematographer"", ""camera_department"", ""producer""]","[""tt4172114"", ""tt6167682"", ""tt8168992"", ""tt5508204""]",https://www.imdb.com/name/nm3020610/,False
nm3020849,Valentino Campitelli,,,"[""actor""]","[""tt1866379"", ""tt7197684"", ""tt1167611"", ""tt1275778""]",https://www.imdb.com/name/nm3020849/,False
nm3021633,Norton Herrick,,,"[""producer"", ""miscellaneous"", ""executive""]","[""tt1272878"", ""tt1452628"", ""tt1091191"", ""tt16527290""]",https://www.imdb.com/name/nm3021633/,False
nm3025400,Shawn C. Phillips,1985,,"[""actor"", ""producer"", ""director""]","[""tt5265898"", ""tt2600742"", ""tt1884318"", ""tt2034009""]",https://www.imdb.com/name/nm3025400/,False
nm3028820,Mowg,,,"[""composer"", ""music_department"", ""actor""]","[""tt7282468"", ""tt1588170"", ""tt2070649"", ""tt4914580""]",https://www.imdb.com/name/nm3028820/,False
nm3034977,Samara Weaving,1992,,"[""actress"", ""producer"", ""director""]","[""tt5027774"", ""tt7798634"", ""tt34685692"", ""tt6902676""]",https://www.imdb.com/name/nm3034977/,False
nm3035751,Aurore Broutin,1982,,"[""actress"", ""casting_department"", ""casting_director""]","[""tt10480412"", ""tt10457128"", ""tt4964074"", ""tt31411349""]",https://www.imdb.com/name/nm3035751/,False
nm3035937,Vicky Sidana,,,"[""casting_director"", ""casting_department"", ""actor""]","[""tt3595298"", ""tt3848892"", ""tt4430212"", ""tt1327035""]",https://www.imdb.com/name/nm3035937/,False
nm3038143,Emily Atack,1989,,"[""actress"", ""writer"", ""camera_department""]","[""tt3038708"", ""tt4423984"", ""tt1772422"", ""tt2175669""]",https://www.imdb.com/name/nm3038143/,False
nm3040373,Isa Campo,1975,,"[""writer"", ""producer"", ""script_department""]","[""tt4034208"", ""tt16021642"", ""tt14104600"", ""tt1306964""]",https://www.imdb.com/name/nm3040373/,False
nm3042542,Nopphadol Arkart,,,"[""production_designer""]","[""tt2364547"", ""tt0401248"", ""tt0926151"", ""tt8322060""]",https://www.imdb.com/name/nm3042542/,False
nm3052104,Emilien De Falco,,,"[""actor"", ""stunts"", ""producer""]","[""tt3344680"", ""tt2400631"", ""tt6682754"", ""tt2402207""]",https://www.imdb.com/name/nm3052104/,False
nm3052337,Sergey Sosnovskiy,1955,2022,"[""actor""]","[""tt8664988"", ""tt8285216"", ""tt2649128"", ""tt1706433""]",https://www.imdb.com/name/nm3052337/,False
nm3055344,Joe Roche,,,"[""actor"", ""writer"", ""miscellaneous""]","[""tt37693714"", ""tt26786432"", ""tt19766560"", ""tt23924182""]",https://www.imdb.com/name/nm3055344/,False
nm3056725,Paran Banerjee,1940,,"[""actor"", ""music_department""]","[""tt8984572"", ""tt15512754"", ""tt6376380"", ""tt2133312""]",https://www.imdb.com/name/nm3056725/,False
nm3067246,Eduardo Sterblitch,,,"[""actor"", ""writer"", ""script_department""]","[""tt24018168"", ""tt3748836"", ""tt4857496"", ""tt34471143""]",https://www.imdb.com/name/nm3067246/,False
nm3069408,Eric Pearson,,,"[""writer"", ""script_department"", ""producer""]","[""tt20969586"", ""tt10676052"", ""tt3501632"", ""tt3480822""]",https://www.imdb.com/name/nm3069408/,False
nm3077292,Cristina Dunlap,,,"[""cinematographer"", ""camera_department"", ""editor""]","[""tt23561236"", ""tt14376344"", ""tt19813772"", ""tt15041480""]",https://www.imdb.com/name/nm3077292/,False
nm3079991,Mateusz Kosciukiewicz,1986,,"[""actor"", ""writer"", ""producer""]","[""tt1833116"", ""tt1442584"", ""tt6415416"", ""tt1683046""]",https://www.imdb.com/name/nm3079991/,False
nm3080738,Arthur Cartwright,,,"[""actor"", ""producer"", ""writer""]","[""tt1452628"", ""tt3361292"", ""tt14557572"", ""tt1416801""]",https://www.imdb.com/name/nm3080738/,False
nm3081735,Patrycja Volny,1988,,"[""actress"", ""miscellaneous""]","[""tt5328350"", ""tt6828390"", ""tt8706988"", ""tt0441074""]",https://www.imdb.com/name/nm3081735/,False
nm3082936,Aseem Mishra,,,"[""cinematographer"", ""miscellaneous""]","[""tt7518786"", ""tt2016894"", ""tt2574698"", ""tt1620933""]",https://www.imdb.com/name/nm3082936/,False
nm3084753,Ikue Sakakibara,1959,,"[""actress""]","[""tt14727298"", ""tt1459166"", ""tt13142464"", ""tt0076560""]",https://www.imdb.com/name/nm3084753/,False
nm3087237,Olga Filipuk,1983,,"[""producer"", ""executive""]","[""tt27681354"", ""tt4873118"", ""tt5177120"", ""tt23805348""]",https://www.imdb.com/name/nm3087237/,False
nm3087478,Firat Dogu Parlak,1975,,"[""producer"", ""production_designer"", ""director""]","[""tt2710838"", ""tt1268700"", ""tt10397982"", ""tt32122777""]",https://www.imdb.com/name/nm3087478/,False
nm3087728,Anushka Sharma,1988,,"[""actress"", ""producer"", ""soundtrack""]","[""tt2176013"", ""tt2338151"", ""tt4832640"", ""tt1182937""]",https://www.imdb.com/name/nm3087728/,False
nm3088427,Patrick Brunken,,,"[""writer"", ""miscellaneous""]","[""tt14917354"", ""tt0806910"", ""tt23170480"", ""tt3720672""]",https://www.imdb.com/name/nm3088427/,False
nm3091777,Josh Brener,,,"[""actor"", ""producer"", ""writer""]","[""tt2575988"", ""tt3581920"", ""tt8879940"", ""tt13016388""]",https://www.imdb.com/name/nm3091777/,False
nm3092471,Marwan Kenzari,1983,,"[""actor"", ""producer"", ""archive_footage""]","[""tt6139732"", ""tt6443346"", ""tt7556122"", ""tt1536537""]",https://www.imdb.com/name/nm3092471/,False
nm3093760,Ed Morrone,,,"[""actor"", ""producer"", ""writer""]","[""tt1358522"", ""tt13924672"", ""tt9347750"", ""tt11525390""]",https://www.imdb.com/name/nm3093760/,False
nm3094484,JaQuinley Kerr,,,"[""actress"", ""director"", ""writer""]","[""tt5893412"", ""tt1273239"", ""tt0380510"", ""tt0247882""]",https://www.imdb.com/name/nm3094484/,False
nm3094735,Tanuj Tiku,,,"[""music_department"", ""composer"", ""soundtrack""]","[""tt10028196"", ""tt15464188"", ""tt13451410"", ""tt6277462""]",https://www.imdb.com/name/nm3094735/,False
nm3096693,Rob Norris,,,"[""sound_department"", ""producer""]","[""tt1274596"", ""tt3310116"", ""tt1734192"", ""tt8549566""]",https://www.imdb.com/name/nm3096693/,False
nm3096722,David D'Onofrio,,,"[""actor""]","[""tt1514054"", ""tt1274596"", ""tt1585601""]",https://www.imdb.com/name/nm3096722/,False
nm3097137,J. Mark Emerson,,,"[""actor"", ""stunts""]","[""tt1514054"", ""tt1274596"", ""tt7856404"", ""tt7264498""]",https://www.imdb.com/name/nm3097137/,False
nm3097327,Lynanne Rockhill,,,"[""writer"", ""casting_department"", ""producer""]","[""tt1274596""]",https://www.imdb.com/name/nm3097327/,False
nm3097612,Greg Jocoy,,,"[""art_department"", ""production_department"", ""editor""]","[""tt8235312"", ""tt8325400"", ""tt27202857"", ""tt1274596""]",https://www.imdb.com/name/nm3097612/,False
nm3097960,Jon Schellenger,,,"[""cinematographer"", ""editor"", ""producer""]","[""tt7817890"", ""tt6557724"", ""tt1274596"", ""tt7737082""]",https://www.imdb.com/name/nm3097960/,False
nm3104562,Michael Zimbalist,1980,,"[""producer"", ""director"", ""writer""]","[""tt8106568"", ""tt2700330"", ""tt6864952"", ""tt7983678""]",https://www.imdb.com/name/nm3104562/,False
nm3112143,Ralph A. Villani,,,"[""actor"", ""producer"", ""director""]","[""tt1274596"", ""tt11128408"", ""tt8549566"", ""tt1532545""]",https://www.imdb.com/name/nm3112143/,False
nm3117207,Kazuya Kojima,,,"[""actor"", ""archive_footage""]","[""tt0938341"", ""tt10333650"", ""tt11928960"", ""tt4969474""]",https://www.imdb.com/name/nm3117207/,False
nm3119194,Nancy Grant,,,"[""producer"", ""actress"", ""production_manager""]","[""tt4645368"", ""tt3612616"", ""tt8767908"", ""tt2427892""]",https://www.imdb.com/name/nm3119194/,False
nm3121384,Becky G,1997,,"[""music_artist"", ""actress"", ""composer""]","[""tt3717490"", ""tt9362930"", ""tt4919268"", ""tt9362722""]",https://www.imdb.com/name/nm3121384/,False
nm3122871,George Finn,1990,,"[""actor"", ""producer"", ""executive""]","[""tt2669336"", ""tt1592873"", ""tt12263384"", ""tt14369362""]",https://www.imdb.com/name/nm3122871/,False
nm3126674,Rio Dewanto,1987,,"[""actor"", ""producer""]","[""tt4643400"", ""tt10773114"", ""tt27490380"", ""tt2147199""]",https://www.imdb.com/name/nm3126674/,False
nm3130548,Shelby Stehlin,,,"[""actor""]","[""tt2226179"", ""tt2443022"", ""tt1806905"", ""tt1289437""]",https://www.imdb.com/name/nm3130548/,False
nm3130704,Krista Marchand,,,"[""actress"", ""director"", ""writer""]","[""tt35495023"", ""tt26748321"", ""tt42614660"", ""tt19637104""]",https://www.imdb.com/name/nm3130704/,False
nm3135674,Evgeniy Sytyy,1969,2022,"[""actor"", ""writer""]","[""tt21105576"", ""tt8664988"", ""tt0372366"", ""tt9151230""]",https://www.imdb.com/name/nm3135674/,False
nm3141307,Hannes Krantz,,,"[""cinematographer"", ""editor"", ""writer""]","[""tt4291654"", ""tt5227746"", ""tt14807348"", ""tt10928086""]",https://www.imdb.com/name/nm3141307/,False
nm3143608,Anna Waterhouse,,,"[""writer"", ""producer"", ""script_department""]","[""tt8404256"", ""tt2235695"", ""tt7130300"", ""tt3499096""]",https://www.imdb.com/name/nm3143608/,False
nm3149143,Catherine Annette,1985,,"[""actress"", ""writer"", ""producer""]","[""tt1228705"", ""tt1698008"", ""tt1404830"", ""tt1791611""]",https://www.imdb.com/name/nm3149143/,False
nm3154399,Jaffer Idukki,,,"[""actor""]","[""tt2428298"", ""tt9006564"", ""tt10717738"", ""tt8721556""]",https://www.imdb.com/name/nm3154399/,False
nm3157423,Stephen Fiske,,,"[""producer"", ""production_manager"", ""assistant_director""]","[""tt2062661"", ""tt1350512"", ""tt1410205"", ""tt2265561""]",https://www.imdb.com/name/nm3157423/,False
nm3160236,Ilker Özcan,,,"[""editor"", ""editorial_department"", ""actor""]","[""tt8865546"", ""tt3698408"", ""tt6697582"", ""tt1286126""]",https://www.imdb.com/name/nm3160236/,False
nm3161101,Robert Patrick Stern,,,"[""cinematographer"", ""producer"", ""camera_department""]","[""tt11056910"", ""tt16431882""]",https://www.imdb.com/name/nm3161101/,False
nm3163817,Vaibhav Reddy,1978,,"[""actor"", ""producer""]","[""tt27487934"", ""tt1705772"", ""tt8959820"", ""tt43681671""]",https://www.imdb.com/name/nm3163817/,False
nm3164292,Sampath Raj,1976,,"[""actor"", ""director"", ""writer""]","[""tt2469980"", ""tt8948790"", ""tt1385824"", ""tt1308015""]",https://www.imdb.com/name/nm3164292/,False
nm3168318,Hunter Hill,,,"[""editorial_department"", ""editor"", ""producer""]","[""tt5322012"", ""tt1798603"", ""tt2062661"", ""tt13444912""]",https://www.imdb.com/name/nm3168318/,False
nm3177066,Michael Teutsch,,,"[""producer"", ""special_effects""]","[""tt1274596""]",https://www.imdb.com/name/nm3177066/,False
nm3178429,Shawn Simmons,,,"[""writer"", ""producer"", ""miscellaneous""]","[""tt6486762"", ""tt15514498"", ""tt7765404"", ""tt1131750""]",https://www.imdb.com/name/nm3178429/,False
nm3182969,Hugo Arbues,2004,,"[""actor""]","[""tt14463484"", ""tt3595102"", ""tt1318025"", ""tt7090454""]",https://www.imdb.com/name/nm3182969/,False
nm3183889,Shanti Besseling,,,"[""casting_director"", ""casting_department"", ""production_department""]","[""tt3487478"", ""tt1978200"", ""tt6506490"", ""tt1954315""]",https://www.imdb.com/name/nm3183889/,False
nm3184775,Niken Anjani,,,"[""actress""]","[""tt42903440"", ""tt33513545"", ""tt36217095"", ""tt21962590""]",https://www.imdb.com/name/nm3184775/,False
nm3191792,River Huang,1989,,"[""actor""]","[""tt5078188"", ""tt2957962"", ""tt1226282"", ""tt2293038""]",https://www.imdb.com/name/nm3191792/,False
nm3192975,Veda Yurtsever Ipek,1969,,"[""actress""]","[""tt1322930"", ""tt2606118"", ""tt38413198"", ""tt16259122""]",https://www.imdb.com/name/nm3192975/,False
nm3193559,Serif Bozkurt,,,"[""actor""]","[""tt1322930"", ""tt5988466"", ""tt33183854"", ""tt4320258""]",https://www.imdb.com/name/nm3193559/,False
nm3194241,Justin Chien,,,"[""camera_department"", ""producer"", ""assistant_director""]","[""tt9419884"", ""tt3215824"", ""tt5433138"", ""tt10155932""]",https://www.imdb.com/name/nm3194241/,False
nm3194762,Karl Glusman,1988,,"[""actor"", ""miscellaneous"", ""camera_department""]","[""tt3774694"", ""tt8134186"", ""tt21454134"", ""tt15514498""]",https://www.imdb.com/name/nm3194762/,False
nm3200433,Jonathan Pope,,,"[""cinematographer"", ""editorial_department"", ""producer""]","[""tt11464826"", ""tt30700334"", ""tt11261532"", ""tt13540650""]",https://www.imdb.com/name/nm3200433/,False
nm3202669,Jesse Cilio,,,"[""writer"", ""producer"", ""director""]","[""tt0421054"", ""tt5767628"", ""tt4616250"", ""tt10203012""]",https://www.imdb.com/name/nm3202669/,False
nm3202701,Kalki Koechlin,1983,,"[""actress"", ""writer""]","[""tt1562872"", ""tt1327035"", ""tt2178470"", ""tt5918074""]",https://www.imdb.com/name/nm3202701/,False
nm3210066,Choi Bum-ho,1964,,"[""actor""]","[""tt11769798"", ""tt32322546"", ""tt18250780"", ""tt2253742""]",https://www.imdb.com/name/nm3210066/,False
nm3210279,David Pelegrín,,,"[""editor"", ""editorial_department"", ""producer""]","[""tt6468322"", ""tt2512438"", ""tt8286974"", ""tt2124494""]",https://www.imdb.com/name/nm3210279/,False
nm3210743,Magalie Lépine Blondeau,1982,,"[""actress"", ""miscellaneous"", ""soundtrack""]","[""tt22487338"", ""tt4046784"", ""tt4500922"", ""tt1600524""]",https://www.imdb.com/name/nm3210743/,False
nm3214170,Jonathan Cohen,1980,,"[""actor"", ""writer"", ""producer""]","[""tt13286778"", ""tt0887883"", ""tt0361748"", ""tt1323594""]",https://www.imdb.com/name/nm3214170/,False
nm3214738,Haim Mazar,,,"[""composer"", ""music_department"", ""executive""]","[""tt32093575"", ""tt37976405"", ""tt9223870"", ""tt1491044""]",https://www.imdb.com/name/nm3214738/,False
nm3215232,Greg Townley,,,"[""stunts"", ""actor"", ""archive_footage""]","[""tt2802144"", ""tt1464540"", ""tt0451279"", ""tt5108870""]",https://www.imdb.com/name/nm3215232/,False
nm3217731,Kainaz Motivala,1986,,"[""actress""]","[""tt1324059"", ""tt1890513"", ""tt2251552"", ""tt4087890""]",https://www.imdb.com/name/nm3217731/,False
nm3218921,Sofia Georgovassili,,,"[""actress"", ""director"", ""writer""]","[""tt6966688"", ""tt1331297"", ""tt17275588"", ""tt3186436""]",https://www.imdb.com/name/nm3218921/,False
nm3225390,Carlos Chan,1986,,"[""actor"", ""producer"", ""soundtrack""]","[""tt5805026"", ""tt11469352"", ""tt33312280"", ""tt8591352""]",https://www.imdb.com/name/nm3225390/,False
nm3230432,D.J. Kast,1984,,"[""camera_department"", ""cinematographer"", ""actor""]","[""tt3662342"", ""tt1336624"", ""tt6149564"", ""tt1763948""]",https://www.imdb.com/name/nm3230432/,False
nm3230448,Tom Gormican,1980,,"[""writer"", ""producer"", ""director""]","[""tt11291274"", ""tt3083016"", ""tt1800246""]",https://www.imdb.com/name/nm3230448/,False
nm3231387,Savannah Ward,,,"[""actress""]","[""tt2062661"", ""tt2147225"", ""tt1562918"", ""tt2265561""]",https://www.imdb.com/name/nm3231387/,False
nm3233092,Gor Kirakosian,,,"[""writer"", ""director"", ""editor""]","[""tt1340552"", ""tt1876373"", ""tt10504026"", ""tt39319857""]",https://www.imdb.com/name/nm3233092/,False
nm3235085,Maxim Zhukov,,,"[""cinematographer"", ""camera_department""]","[""tt11905962"", ""tt14536120"", ""tt7601480"", ""tt1506973""]",https://www.imdb.com/name/nm3235085/,False
nm3236159,Paul Walter Hauser,1986,,"[""actor"", ""producer"", ""writer""]","[""tt5580036"", ""tt7349662"", ""tt3513548"", ""tt4301160""]",https://www.imdb.com/name/nm3236159/,False
nm3236344,Marissa Merrill,1988,,"[""actress"", ""director"", ""writer""]","[""tt13079414"", ""tt1454592"", ""tt3630800"", ""tt27588823""]",https://www.imdb.com/name/nm3236344/,False
nm3236698,Jason Rayment,,,"[""miscellaneous"", ""editor"", ""visual_effects""]","[""tt1338704"", ""tt8114980"", ""tt1139592"", ""tt3238502""]",https://www.imdb.com/name/nm3236698/,False
nm3236934,Narek Gaplanian,,,"[""actor"", ""writer"", ""composer""]","[""tt8206344"", ""tt1876373"", ""tt3414990"", ""tt1340552""]",https://www.imdb.com/name/nm3236934/,False
nm3238246,Leah Harvey,,,"[""actress"", ""producer""]","[""tt11218290"", ""tt0804484"", ""tt8230448"", ""tt9638084""]",https://www.imdb.com/name/nm3238246/,False
nm3239918,Lou Lesage,,,"[""actress"", ""music_department"", ""archive_footage""]","[""tt1194616"", ""tt3433358"", ""tt5065522"", ""tt2418298""]",https://www.imdb.com/name/nm3239918/,False
nm3240001,Louis Sommer,,,"[""actor"", ""composer"", ""music_department""]","[""tt1194616"", ""tt46178012"", ""tt5058358"", ""tt5628062""]",https://www.imdb.com/name/nm3240001/,False
nm3242193,Stavros Raptis,1976,,"[""casting_director"", ""casting_department"", ""writer""]","[""tt10110614"", ""tt3533438"", ""tt33764258"", ""tt14549466""]",https://www.imdb.com/name/nm3242193/,False
nm3247344,Lin Xu,,,"[""producer"", ""miscellaneous"", ""production_manager""]","[""tt1438173"", ""tt3890278"", ""tt2118727"", ""tt7149536""]",https://www.imdb.com/name/nm3247344/,False
nm3253318,Kavin Dave,1984,,"[""actor"", ""writer"", ""director""]","[""tt2372222"", ""tt1188996"", ""tt24245466"", ""tt30132461""]",https://www.imdb.com/name/nm3253318/,False
nm3255186,Frederic Linkemann,1981,,"[""actor""]","[""tt37026990"", ""tt29669668"", ""tt14321668"", ""tt6905756""]",https://www.imdb.com/name/nm3255186/,False
nm3257504,Peter DaCunha,2003,,"[""actor"", ""writer"", ""producer""]","[""tt2710394"", ""tt5769006"", ""tt3322892"", ""tt3148266""]",https://www.imdb.com/name/nm3257504/,False
nm3260333,Erin Richards,,,"[""actress"", ""director"", ""writer""]","[""tt3749900"", ""tt4786824"", ""tt1630574"", ""tt1349938""]",https://www.imdb.com/name/nm3260333/,False
nm3260339,Émile Bertherat,,,"[""actor"", ""producer"", ""sound_department""]","[""tt1194616"", ""tt12970136"", ""tt2536448"", ""tt2403634""]",https://www.imdb.com/name/nm3260339/,False
nm3260947,Adèle Choubard,,,"[""actress"", ""writer""]","[""tt1194616"", ""tt21276064"", ""tt14180156"", ""tt13963648""]",https://www.imdb.com/name/nm3260947/,False
nm3261208,Marion Chabassol,,,"[""actress"", ""archive_footage""]","[""tt1194616"", ""tt1946269"", ""tt0173548""]",https://www.imdb.com/name/nm3261208/,False
nm3261209,Jade-Rose Parker,,,"[""actress"", ""writer"", ""soundtrack""]","[""tt1194616"", ""tt1891942"", ""tt27664683"", ""tt35404638""]",https://www.imdb.com/name/nm3261209/,False
nm3261379,Jérémy Kapone,1990,,"[""actor"", ""soundtrack"", ""archive_footage""]","[""tt1194616"", ""tt13116540"", ""tt3798244"", ""tt1292644""]",https://www.imdb.com/name/nm3261379/,False
nm3264092,John K. Roberts,,,"[""casting_director""]","[""tt0960890""]",https://www.imdb.com/name/nm3264092/,False
nm3267876,Daniel Singh,1987,,"[""actor""]","[""tt15009428"", ""tt6189022"", ""tt1598754"", ""tt1524515""]",https://www.imdb.com/name/nm3267876/,False
nm3269479,Andy O'Callaghan,,,"[""composer"", ""music_department"", ""actor""]","[""tt3433074"", ""tt1819022"", ""tt6662728"", ""tt0170930""]",https://www.imdb.com/name/nm3269479/,False
nm3274263,Julián Valcárcel,,,"[""actor""]","[""tt2404738"", ""tt10399608"", ""tt9204142"", ""tt6471068""]",https://www.imdb.com/name/nm3274263/,False
nm3276030,Jude Tucker,,,"[""producer"", ""casting_director"", ""production_manager""]","[""tt3488056"", ""tt2062661"", ""tt2265561"", ""tt1719068""]",https://www.imdb.com/name/nm3276030/,False
nm3282988,Brendan Uegama,,,"[""cinematographer"", ""producer"", ""camera_department""]","[""tt32140872"", ""tt8663516"", ""tt31710822""]",https://www.imdb.com/name/nm3282988/,False
nm3284959,Ewan Mulligan,,,"[""cinematographer"", ""camera_department""]","[""tt10324144"", ""tt13919802"", ""tt3714018"", ""tt19072562""]",https://www.imdb.com/name/nm3284959/,False
nm3288578,Whitmer Thomas,1989,,"[""actor"", ""producer"", ""writer""]","[""tt4160686"", ""tt1520211"", ""tt5770786"", ""tt5325226""]",https://www.imdb.com/name/nm3288578/,False
nm3289096,Sidharth Malhotra,1985,,"[""actor"", ""assistant_director"", ""writer""]","[""tt10295212"", ""tt4900716"", ""tt3173910"", ""tt13131232""]",https://www.imdb.com/name/nm3289096/,False
nm3294159,Colin Cox,,,"[""actor""]","[""tt0096344""]",https://www.imdb.com/name/nm3294159/,False
nm3300185,Elliot Herman,1989,,"[""sound_department"", ""writer"", ""director""]","[""tt1877889"", ""tt6908274"", ""tt1965092"", ""tt1385602""]",https://www.imdb.com/name/nm3300185/,False
nm3301699,Jeffrey Peters,,,"[""camera_department"", ""cinematographer"", ""miscellaneous""]","[""tt3488056"", ""tt3951206"", ""tt7476524"", ""tt7349910""]",https://www.imdb.com/name/nm3301699/,False
nm3310195,Joel Young,,,"[""visual_effects"", ""cinematographer"", ""camera_department""]","[""tt13186604"", ""tt13327038"", ""tt27047903"", ""tt11145118""]",https://www.imdb.com/name/nm3310195/,False
nm3311695,Chase Williamson,1988,,"[""actor"", ""producer"", ""writer""]","[""tt1783732"", ""tt2980592"", ""tt11469196"", ""tt2170584""]",https://www.imdb.com/name/nm3311695/,False
nm3314026,Simon Kölle,1977,,"[""composer"", ""producer"", ""music_department""]","[""tt14111834"", ""tt5603186"", ""tt8284860"", ""tt4616250""]",https://www.imdb.com/name/nm3314026/,False
nm3324374,Yaroslav Zhalnin,1986,,"[""actor"", ""producer"", ""writer""]","[""tt2856930"", ""tt1925421"", ""tt4362772"", ""tt13148864""]",https://www.imdb.com/name/nm3324374/,False
nm3325679,Martin Berthiaume,,,"[""camera_department"", ""miscellaneous"", ""editor""]","[""tt0455275"", ""tt2039338"", ""tt5719748"", ""tt6156584""]",https://www.imdb.com/name/nm3325679/,False
nm3328207,Efthimis Filippou,1977,,"[""writer"", ""actor"", ""producer""]","[""tt3464902"", ""tt5715874"", ""tt1379182"", ""tt22408160""]",https://www.imdb.com/name/nm3328207/,False
nm3332611,Patricia Altman,,,"[""production_designer"", ""set_decorator"", ""producer""]","[""tt1706593"", ""tt3215394"", ""tt3701828"", ""tt0841922""]",https://www.imdb.com/name/nm3332611/,False
nm3334275,Arko Pravo Mukherjee,1983,,"[""music_artist"", ""composer"", ""music_department""]","[""tt6967980"", ""tt4900716"", ""tt5165344"", ""tt13131232""]",https://www.imdb.com/name/nm3334275/,False
nm3336072,Liz Fenning,,,"[""actress""]","[""tt10950320"", ""tt34688170"", ""tt15558362"", ""tt7509270""]",https://www.imdb.com/name/nm3336072/,False
nm3338210,Aleksandr Kushaev,1973,,"[""producer""]","[""tt1588875"", ""tt2650954"", ""tt3781262"", ""tt4550906""]",https://www.imdb.com/name/nm3338210/,False
nm3342464,Kalpathi S. Agoram,,,"[""producer""]","[""tt27487934"", ""tt4987556"", ""tt9260636"", ""tt1365030""]",https://www.imdb.com/name/nm3342464/,False
nm3342685,Kalpathi S. Suresh,,,"[""producer""]","[""tt27487934"", ""tt4987556"", ""tt9260636"", ""tt1382339""]",https://www.imdb.com/name/nm3342685/,False
nm3344486,Kalpathi S. Ganesh,,,"[""producer""]","[""tt27487934"", ""tt4987556"", ""tt9260636"", ""tt1382339""]",https://www.imdb.com/name/nm3344486/,False
nm3349155,Yûki Hayashi,,,"[""composer"", ""music_department"", ""soundtrack""]","[""tt5626028"", ""tt3398540"", ""tt3301678"", ""tt4362960""]",https://www.imdb.com/name/nm3349155/,False
nm3351534,Aleksey Filimonov,1981,,"[""actor""]","[""tt3508808"", ""tt9750028"", ""tt1239426"", ""tt15386394""]",https://www.imdb.com/name/nm3351534/,False
nm3351812,Laura Galán,1986,,"[""actress""]","[""tt10399608"", ""tt8286974"", ""tt5827790"", ""tt1318517""]",https://www.imdb.com/name/nm3351812/,False
nm3354777,Lauren Ashley Carter,1986,,"[""actress"", ""producer"", ""writer""]","[""tt1547234"", ""tt5612564"", ""tt1714208"", ""tt2620736""]",https://www.imdb.com/name/nm3354777/,False
nm3354963,Pallavi Sharda,,,"[""actress"", ""writer"", ""miscellaneous""]","[""tt11426572"", ""tt1361336"", ""tt3741834"", ""tt8451638""]",https://www.imdb.com/name/nm3354963/,False
nm3355632,Corsica Wilson,1988,,"[""actress"", ""production_department"", ""producer""]","[""tt2294677"", ""tt1754700"", ""tt3106642"", ""tt4632718""]",https://www.imdb.com/name/nm3355632/,False
nm3366784,Violet Boudicca Johnson,,,"[""actress"", ""sound_department""]","[""tt0758762"", ""tt0997038"", ""tt3289804"", ""tt39673602""]",https://www.imdb.com/name/nm3366784/,False
nm3370591,Angela Verdino,,,"[""costume_department"", ""producer"", ""production_designer""]","[""tt1136617"", ""tt7395114"", ""tt5226192"", ""tt19231492""]",https://www.imdb.com/name/nm3370591/,False
nm3372981,Srabanti Chatterjee,1987,,"[""actress""]","[""tt8051738"", ""tt3054472"", ""tt5830022"", ""tt4773112""]",https://www.imdb.com/name/nm3372981/,False
nm3374818,Willem Bosch,,,"[""writer"", ""producer"", ""director""]","[""tt9310544"", ""tt5270172"", ""tt18378942"", ""tt33367513""]",https://www.imdb.com/name/nm3374818/,False
nm3384558,Vasiliy Sigarev,1977,,"[""writer"", ""director"", ""producer""]","[""tt1446206"", ""tt2190483"", ""tt3579808"", ""tt9180358""]",https://www.imdb.com/name/nm3384558/,False
nm3385422,Conor Fisher,,,"[""miscellaneous"", ""cinematographer"", ""production_manager""]","[""tt21867434"", ""tt7207328"", ""tt9668600"", ""tt35522483""]",https://www.imdb.com/name/nm3385422/,False
nm3386768,Adam Krause,,,"[""writer"", ""director"", ""editor""]","[""tt6271882"", ""tt6570372"", ""tt3280434"", ""tt1405427""]",https://www.imdb.com/name/nm3386768/,False
nm3395879,Atakan Ilgazdag,1976,,"[""composer"", ""music_department"", ""actor""]","[""tt6942048"", ""tt12694140"", ""tt31064918"", ""tt13562418""]",https://www.imdb.com/name/nm3395879/,False
nm3397948,Shanoo Sharma,,,"[""casting_director"", ""actress"", ""casting_department""]","[""tt2016894"", ""tt2574698"", ""tt4832640"", ""tt7430722""]",https://www.imdb.com/name/nm3397948/,False
nm3400186,Julia Garner,1994,,"[""actress"", ""producer"", ""soundtrack""]","[""tt10676052"", ""tt9000224"", ""tt26581740"", ""tt5071412""]",https://www.imdb.com/name/nm3400186/,False
nm3409476,Matt Latham,,,"[""editor"", ""cinematographer"", ""editorial_department""]","[""tt4270452"", ""tt5534434"", ""tt16358384"", ""tt36593638""]",https://www.imdb.com/name/nm3409476/,False
nm3414099,Eleanna Finokalioti,,,"[""actress""]","[""tt22522800"", ""tt7838494"", ""tt1851958"", ""tt30766027""]",https://www.imdb.com/name/nm3414099/,False
nm3425246,Giant Wave,,,"[""composer"", ""sound_department""]","[""tt1135961"", ""tt1420771"", ""tt3043720"", ""tt0756204""]",https://www.imdb.com/name/nm3425246/,False
nm3429840,Jodie Hillock,,,"[""actress"", ""writer"", ""miscellaneous""]","[""tt9265514"", ""tt0903624"", ""tt2310332"", ""tt1414378""]",https://www.imdb.com/name/nm3429840/,False
nm3430702,Vanita Shastry,,,"[""producer"", ""director"", ""writer""]","[""tt1972589"", ""tt3210444"", ""tt7281110"", ""tt2597814""]",https://www.imdb.com/name/nm3430702/,False
nm3435231,Alex Martin,,,"[""actor"", ""stunts"", ""miscellaneous""]","[""tt32591698"", ""tt10234724"", ""tt1905041"", ""tt4777008""]",https://www.imdb.com/name/nm3435231/,False
nm3435605,Luke Haigh,,,"[""editor"", ""producer"", ""visual_effects""]","[""tt4698684"", ""tt29120447"", ""tt6902676"", ""tt3672742""]",https://www.imdb.com/name/nm3435605/,False
nm3436464,Jella Haase,1992,,"[""actress"", ""producer"", ""archive_footage""]","[""tt15135104"", ""tt37020296"", ""tt6470924"", ""tt2987732""]",https://www.imdb.com/name/nm3436464/,False
nm3442652,Francesco Puggioni,,,"[""editor"", ""editorial_department"", ""producer""]","[""tt4073890"", ""tt3711684"", ""tt1428563"", ""tt19813932""]",https://www.imdb.com/name/nm3442652/,False
nm3443587,Scott McIntyre,,,"[""miscellaneous"", ""cinematographer"", ""editor""]","[""tt13450340"", ""tt10042498"", ""tt9178972"", ""tt3402594""]",https://www.imdb.com/name/nm3443587/,False
nm3447958,Oussama Kheddam,,,"[""actor""]","[""tt6155084"", ""tt21627730"", ""tt5636222"", ""tt14304084""]",https://www.imdb.com/name/nm3447958/,False
nm3451508,Mathilde Snodgrass,,,"[""casting_director"", ""casting_department"", ""actress""]","[""tt11210390"", ""tt5151570"", ""tt22893404"", ""tt0361748""]",https://www.imdb.com/name/nm3451508/,False
nm3453460,Sidney Allison,,,"[""actress""]","[""tt2527186"", ""tt4518962"", ""tt3135540"", ""tt4682944""]",https://www.imdb.com/name/nm3453460/,False
nm3454031,Lee Sung Jae,,,"[""animation_department"", ""cinematographer""]","[""tt16303830"", ""tt11052808"", ""tt0493247"", ""tt0367037""]",https://www.imdb.com/name/nm3454031/,False
nm3454615,Sudeepa,,,"[""actress""]","[""tt0843326"", ""tt0439418"", ""tt0928121"", ""tt0924249""]",https://www.imdb.com/name/nm3454615/,False
nm3454631,Katerina Shpitsa,1985,,"[""actress""]","[""tt2649128"", ""tt5653294"", ""tt22171656"", ""tt40548812""]",https://www.imdb.com/name/nm3454631/,False
nm3457470,Magdalena Lamparska,1988,,"[""actress"", ""writer""]","[""tt10886166"", ""tt12996154"", ""tt1730768"", ""tt1199743""]",https://www.imdb.com/name/nm3457470/,False
nm3469492,Peer Astrom,,,"[""music_department"", ""composer"", ""producer""]","[""tt10161886"", ""tt1336608"", ""tt2091256"", ""tt8447606""]",https://www.imdb.com/name/nm3469492/,False
nm3474579,Jonas Katzenstein,,,"[""producer"", ""sound_department""]","[""tt6436726"", ""tt9203694"", ""tt27796126"", ""tt6596454""]",https://www.imdb.com/name/nm3474579/,False
nm3478257,Yana Troyanova,1973,,"[""actress"", ""director"", ""writer""]","[""tt3579808"", ""tt6481562"", ""tt1446206"", ""tt2403899""]",https://www.imdb.com/name/nm3478257/,False
nm3478737,Antonis Myriagos,,,"[""actor"", ""archive_footage""]","[""tt28693459"", ""tt13781918"", ""tt7838494"", ""tt38747537""]",https://www.imdb.com/name/nm3478737/,False
nm3480246,Ella Purnell,1996,,"[""actress"", ""producer"", ""director""]","[""tt12637874"", ""tt11041332"", ""tt1935859"", ""tt11126994""]",https://www.imdb.com/name/nm3480246/,False
nm3490382,Traci Hays,,,"[""director"", ""production_designer"", ""art_director""]","[""tt39182249"", ""tt29485262"", ""tt22527474"", ""tt4225012""]",https://www.imdb.com/name/nm3490382/,False
nm3491871,Kees van Nieuwkerk,,,"[""director"", ""actor"", ""writer""]","[""tt4208868"", ""tt3800028"", ""tt1666332"", ""tt6207286""]",https://www.imdb.com/name/nm3491871/,False
nm3492555,Bekah Brunstetter,1982,,"[""producer"", ""writer""]","[""tt5555260"", ""tt11337908"", ""tt35587659"", ""tt1758772""]",https://www.imdb.com/name/nm3492555/,False
nm3500725,Tikhon Zhiznevskiy,1988,,"[""actor""]","[""tt7601480"", ""tt1532382"", ""tt30425001"", ""tt27114092""]",https://www.imdb.com/name/nm3500725/,False
nm3501111,Kyle Gentz,1987,,"[""miscellaneous"", ""cinematographer"", ""camera_department""]","[""tt19406606"", ""tt2246918"", ""tt9670282"", ""tt10713340""]",https://www.imdb.com/name/nm3501111/,False
nm3508368,Ulysses Oliver,,,"[""producer"", ""writer"", ""assistant_director""]","[""tt20674132"", ""tt14992934"", ""tt15258032"", ""tt15257980""]",https://www.imdb.com/name/nm3508368/,False
nm3516275,Rod Decker,,,"[""actor""]","[""tt1161418"", ""tt1460793"", ""tt4264834""]",https://www.imdb.com/name/nm3516275/,False
nm3517181,Jack Sochet,,,"[""actor""]","[""tt15474916"", ""tt17825038"", ""tt4076926"", ""tt3749900""]",https://www.imdb.com/name/nm3517181/,False
nm3520159,Aydan Tas,1982,,"[""actress""]","[""tt0470883"", ""tt4901120"", ""tt2339608"", ""tt30833079""]",https://www.imdb.com/name/nm3520159/,False
nm3529223,Hanna Wesierska,,,"[""writer"", ""actress"", ""production_department""]","[""tt27562193"", ""tt7555552"", ""tt1783781"", ""tt21846774""]",https://www.imdb.com/name/nm3529223/,False
nm3533508,Aparajita Adhya,1978,,"[""actress""]","[""tt0368969"", ""tt8364356"", ""tt39444922"", ""tt1394310""]",https://www.imdb.com/name/nm3533508/,False
nm3539140,Carly Sturgeon,,,"[""assistant_director"", ""producer"", ""art_director""]","[""tt7668870"", ""tt8361028"", ""tt10640346"", ""tt11261532""]",https://www.imdb.com/name/nm3539140/,False
nm3539353,Niko Alm,,,"[""actor""]","[""tt7209510"", ""tt0799915"", ""tt11134554""]",https://www.imdb.com/name/nm3539353/,False
nm3547499,Marko Moellers,,,"[""manager"", ""producer""]","[""tt32123395""]",https://www.imdb.com/name/nm3547499/,False
nm3550537,Il-Yeon Kim,,,"[""cinematographer"", ""camera_department""]","[""tt7057496"", ""tt10648440"", ""tt1519633"", ""tt1274293""]",https://www.imdb.com/name/nm3550537/,False
nm3551066,Tushar Kanti Ray,,,"[""cinematographer"", ""camera_department"", ""director""]","[""tt2385104"", ""tt10869778"", ""tt28142095"", ""tt4814290""]",https://www.imdb.com/name/nm3551066/,False
nm3557375,Shine Tom Chacko,1983,,"[""actor"", ""assistant_director"", ""music_department""]","[""tt15440322"", ""tt11301946"", ""tt9448332"", ""tt7026666""]",https://www.imdb.com/name/nm3557375/,False
nm3561501,Sathyan,,,"[""actor""]","[""tt4981966"", ""tt2187153"", ""tt8960382"", ""tt0449951""]",https://www.imdb.com/name/nm3561501/,False
nm3561899,Jordan Trovillion,1986,,"[""actress""]","[""tt0790724"", ""tt2587914"", ""tt1559359"", ""tt1678052""]",https://www.imdb.com/name/nm3561899/,False
nm3563965,Kat Wood,,,"[""writer"", ""producer"", ""director""]","[""tt10676052"", ""tt13655194"", ""tt10474240"", ""tt7737200""]",https://www.imdb.com/name/nm3563965/,False
nm3564817,Phoebe Waller-Bridge,1985,,"[""actress"", ""producer"", ""writer""]","[""tt3778644"", ""tt1462764"", ""tt5687612"", ""tt7016936""]",https://www.imdb.com/name/nm3564817/,False
nm3565718,Michelle LeBlanc,,,"[""actress""]","[""tt5478456"", ""tt9138980"", ""tt10260844"", ""tt4116116""]",https://www.imdb.com/name/nm3565718/,False
nm3566051,Taylor Groothuis,,,"[""actress""]","[""tt1452628"", ""tt0817177"", ""tt1468387"", ""tt1506998""]",https://www.imdb.com/name/nm3566051/,False
nm3567048,Sean Goller,,,"[""camera_department"", ""editor"", ""producer""]","[""tt3713166"", ""tt10986222"", ""tt4925292"", ""tt5613484""]",https://www.imdb.com/name/nm3567048/,False
nm3567337,Jinder Ho,,,"[""writer"", ""director"", ""actor""]","[""tt1488029"", ""tt13918550"", ""tt5816586"", ""tt5364898""]",https://www.imdb.com/name/nm3567337/,False
nm3567615,Tyler Michael Smith,,,"[""composer"", ""music_department""]","[""tt4337690"", ""tt16341258"", ""tt7643622"", ""tt10078886""]",https://www.imdb.com/name/nm3567615/,False
nm3572578,James A. Harper,,,"[""actor""]","[""tt0768218""]",https://www.imdb.com/name/nm3572578/,False
nm3572795,Ali Reed,,,"[""actress""]","[""tt0768218""]",https://www.imdb.com/name/nm3572795/,False
nm3577976,James Chick,,,"[""director"", ""visual_effects"", ""editor""]","[""tt1830617"", ""tt6686006"", ""tt29304996"", ""tt26771713""]",https://www.imdb.com/name/nm3577976/,False
nm3578957,M. Rajesh,1985,,"[""director"", ""writer""]","[""tt1496872"", ""tt9053416"", ""tt1606183"", ""tt2359201""]",https://www.imdb.com/name/nm3578957/,False
nm3579550,S.P. Ahamad,,,"[""editor""]","[""tt4445964"", ""tt8076974"", ""tt1496872"", ""tt8209378""]",https://www.imdb.com/name/nm3579550/,False
nm3582089,Carlos Martínez López,,,"[""animation_department"", ""visual_effects"", ""director""]","[""tt4729430"", ""tt0762125"", ""tt2857458"", ""tt1235830""]",https://www.imdb.com/name/nm3582089/,False
nm3582197,Lisa Vicari,1997,,"[""actress"", ""director"", ""writer""]","[""tt5089068"", ""tt9806322"", ""tt5753856"", ""tt22694460""]",https://www.imdb.com/name/nm3582197/,False
nm3584034,Leighann Brokaw,1985,2017,"[""make_up_department"", ""actress"", ""costume_designer""]","[""tt1506459"", ""tt1844635"", ""tt1470890"", ""tt1754850""]",https://www.imdb.com/name/nm3584034/,False
nm3586739,Viji,,,"[""writer"", ""director""]","[""tt27487934"", ""tt1034053"", ""tt8364418"", ""tt0476803""]",https://www.imdb.com/name/nm3586739/,False
nm3586914,B. Srinivasan,,,"[""producer""]","[""tt12126032"", ""tt12153588"", ""tt1496872"", ""tt41962673""]",https://www.imdb.com/name/nm3586914/,False
nm3591033,Andy Edwards,,,"[""writer"", ""producer"", ""director""]","[""tt3238502"", ""tt13452544"", ""tt13209904"", ""tt8427562""]",https://www.imdb.com/name/nm3591033/,False
nm3592235,Ritesh Batra,1979,,"[""director"", ""writer"", ""producer""]","[""tt2350496"", ""tt7778680"", ""tt2051839"", ""tt4827986""]",https://www.imdb.com/name/nm3592235/,False
nm3592338,Emilia Clarke,1986,,"[""actress"", ""producer"", ""soundtrack""]","[""tt0944947"", ""tt1340138"", ""tt2674426"", ""tt3778644""]",https://www.imdb.com/name/nm3592338/,False
nm3598782,Alexander Arntzen,,,"[""composer"", ""music_department"", ""actor""]","[""tt11261532"", ""tt16605088"", ""tt35954032"", ""tt28540105""]",https://www.imdb.com/name/nm3598782/,False
nm3599323,Patrick McDonald,1990,,"[""actor"", ""writer"", ""director""]","[""tt0993840"", ""tt44733860"", ""tt43022209"", ""tt32482309""]",https://www.imdb.com/name/nm3599323/,False
nm3599831,Courtney Lauren Penn,1981,,"[""producer"", ""actress"", ""director""]","[""tt13315664"", ""tt11552344"", ""tt8753656"", ""tt1800393""]",https://www.imdb.com/name/nm3599831/,False
nm3601893,Sacha Galperine,1980,,"[""composer"", ""music_department"", ""soundtrack""]","[""tt6304162"", ""tt8790086"", ""tt1298554"", ""tt1772947""]",https://www.imdb.com/name/nm3601893/,False
nm3602603,West Dylan Thordson,,,"[""composer"", ""music_department"", ""sound_department""]","[""tt2446980"", ""tt5580036"", ""tt6823368"", ""tt4972582""]",https://www.imdb.com/name/nm3602603/,False
nm3604699,Emilie Levienaise-Farrouch,,,"[""composer"", ""music_department""]","[""tt9051908"", ""tt21192142"", ""tt10521092"", ""tt10329614""]",https://www.imdb.com/name/nm3604699/,False
nm3605018,U.K. Senthil Kumar,,,"[""cinematographer"", ""camera_department""]","[""tt1821536"", ""tt0305204"", ""tt4112250"", ""tt6567406""]",https://www.imdb.com/name/nm3605018/,False
nm3606261,Marina Gavrilova,,,"[""director"", ""actress"", ""cinematographer""]","[""tt2190483"", ""tt1507944""]",https://www.imdb.com/name/nm3606261/,False
nm3608706,Albin Weidenbladh,,,"[""actor""]","[""tt29344903"", ""tt1347733"", ""tt36364611"", ""tt10415250""]",https://www.imdb.com/name/nm3608706/,False
nm3608929,Asem Ali,,,"[""production_designer"", ""art_director"", ""art_department""]","[""tt38629478"", ""tt0839811"", ""tt41986848"", ""tt8526164""]",https://www.imdb.com/name/nm3608929/,False
nm3609960,Paula Cámara,,,"[""casting_director"", ""casting_department"", ""actress""]","[""tt15006566"", ""tt27050277"", ""tt10399608"", ""tt36020545""]",https://www.imdb.com/name/nm3609960/,False
nm3610886,Nans Delgado,,,"[""writer"", ""actor""]","[""tt1592873"", ""tt1194616"", ""tt36841139"", ""tt4024546""]",https://www.imdb.com/name/nm3610886/,False
nm3616170,Ella-June Henrard,1993,,"[""actress""]","[""tt3620418"", ""tt2544766"", ""tt1206331"", ""tt1625150""]",https://www.imdb.com/name/nm3616170/,False
nm3619235,Hitoshi Nagai,,,"[""miscellaneous"", ""writer"", ""art_department""]","[""tt7745068"", ""tt11107074"", ""tt13544716"", ""tt32176689""]",https://www.imdb.com/name/nm3619235/,False
nm3622948,Emily Peters,,,"[""production_designer"", ""art_director"", ""director""]","[""tt10472570"", ""tt25402382"", ""tt11261532"", ""tt8394996""]",https://www.imdb.com/name/nm3622948/,False
nm3627938,Jayda Aslan,,,"[""actress"", ""art_department"", ""production_department""]","[""tt6111130"", ""tt1298650"", ""tt0069658"", ""tt0884732""]",https://www.imdb.com/name/nm3627938/,False
nm3627998,Balázs Szitás,1985,,"[""actor"", ""camera_department"", ""stunts""]","[""tt2071550"", ""tt10628596"", ""tt3467412"", ""tt3808342""]",https://www.imdb.com/name/nm3627998/,False
nm3631479,Tribhuvan Babu Sadineni,,,"[""cinematographer"", ""camera_department"", ""actor""]","[""tt36147204"", ""tt22099068"", ""tt1890513"", ""tt8907992""]",https://www.imdb.com/name/nm3631479/,False
nm3631520,Hsin-Hua Feng,,,"[""cinematographer"", ""camera_department"", ""editor""]","[""tt3725862"", ""tt1616203"", ""tt4987430"", ""tt5548092""]",https://www.imdb.com/name/nm3631520/,False
nm3632976,Jacob Latimore,,,"[""actor"", ""soundtrack""]","[""tt4682786"", ""tt6294706"", ""tt5390504"", ""tt1790864""]",https://www.imdb.com/name/nm3632976/,False
nm3633980,Ajay Sharma,,2021,"[""editor"", ""editorial_department"", ""director""]","[""tt7212754"", ""tt2178470"", ""tt2082197"", ""tt1849718""]",https://www.imdb.com/name/nm3633980/,False
nm3641120,Núria Valls,,,"[""producer"", ""actress"", ""miscellaneous""]","[""tt4986098"", ""tt14400246"", ""tt13229894"", ""tt4857264""]",https://www.imdb.com/name/nm3641120/,False
nm3649423,Merry Colomer,,,"[""producer"", ""production_manager"", ""production_department""]","[""tt0948470"", ""tt10399608"", ""tt8406744"", ""tt3563262""]",https://www.imdb.com/name/nm3649423/,False
nm3649532,Christos Nikou,1984,,"[""assistant_director"", ""director"", ""writer""]","[""tt13968674"", ""tt10110614"", ""tt2567066"", ""tt1379182""]",https://www.imdb.com/name/nm3649532/,False
nm3650117,Alejandro Salinas Albrecht,,,"[""cinematographer"", ""camera_department"", ""sound_department""]","[""tt13804536"", ""tt8559614"", ""tt4076926"", ""tt4183140""]",https://www.imdb.com/name/nm3650117/,False
nm3650724,Olivier Kahn,,,"[""producer"", ""actor""]","[""tt13271264"", ""tt11610804"", ""tt8338930"", ""tt6021860""]",https://www.imdb.com/name/nm3650724/,False
nm3651113,Robert Shepyer,,,"[""writer"", ""producer"", ""director""]","[""tt2240985"", ""tt2062661"", ""tt3088734"", ""tt6505714""]",https://www.imdb.com/name/nm3651113/,False
nm3651726,Toy Terdsak Janpan,,,"[""composer"", ""music_department"", ""soundtrack""]","[""tt0785035"", ""tt1037850"", ""tt31158589"", ""tt2020110""]",https://www.imdb.com/name/nm3651726/,False
nm3654931,Johannes Grenzfurthner,1975,,"[""director"", ""writer"", ""producer""]","[""tt4490762"", ""tt11586384"", ""tt19445266"", ""tt27179628""]",https://www.imdb.com/name/nm3654931/,False
nm3655466,Marina Petrenko,1987,,"[""actress"", ""producer"", ""director""]","[""tt1532382"", ""tt26448455"", ""tt23061362"", ""tt16720892""]",https://www.imdb.com/name/nm3655466/,False
nm3659351,Liz Ludwitzke,,,"[""casting_department"", ""casting_director""]","[""tt19381692"", ""tt1341338"", ""tt4998632"", ""tt3704428""]",https://www.imdb.com/name/nm3659351/,False
nm3661207,Pietro Castellitto,1991,,"[""actor"", ""director"", ""writer""]","[""tt10948820"", ""tt1396226"", ""tt27219440"", ""tt7660450""]",https://www.imdb.com/name/nm3661207/,False
nm3662636,Francis Chouler,1986,,"[""actor"", ""producer"", ""director""]","[""tt13635918"", ""tt26676104"", ""tt5103758"", ""tt2057392""]",https://www.imdb.com/name/nm3662636/,False
nm3663196,Ariana DeBose,1991,,"[""actress"", ""writer"", ""producer""]","[""tt3581652"", ""tt11304740"", ""tt8790086"", ""tt15009428""]",https://www.imdb.com/name/nm3663196/,False
nm3664884,Philip Gelatt,,,"[""writer"", ""producer"", ""director""]","[""tt2051879"", ""tt4991112"", ""tt9561862"", ""tt3885422""]",https://www.imdb.com/name/nm3664884/,False
nm3664933,Mabel del Pozo,,,"[""actress"", ""director"", ""writer""]","[""tt11859542"", ""tt21936070"", ""tt10399608"", ""tt10883660""]",https://www.imdb.com/name/nm3664933/,False
nm3668033,Michael Markus,,,"[""writer""]","[""tt3063462"", ""tt10378974"", ""tt1538019""]",https://www.imdb.com/name/nm3668033/,False
nm3672962,Tim Stubinski,,,"[""writer""]","[""tt3063462"", ""tt1538019"", ""tt35287187"", ""tt3510920""]",https://www.imdb.com/name/nm3672962/,False
nm3679382,Michael Elkin,1972,,"[""actor"", ""director"", ""writer""]","[""tt1684605"", ""tt4590390"", ""tt15491980"", ""tt4443974""]",https://www.imdb.com/name/nm3679382/,False
nm3681509,Oliver Thompson,,,"[""editor"", ""director"", ""writer""]","[""tt3564794"", ""tt21222434"", ""tt5329846"", ""tt7498054""]",https://www.imdb.com/name/nm3681509/,False
nm3683989,Park Jeong-min,1987,,"[""actor"", ""director"", ""writer""]","[""tt12763920"", ""tt12477480"", ""tt5799928"", ""tt7095852""]",https://www.imdb.com/name/nm3683989/,False
nm3693111,Sarah Messens,,,"[""actress""]","[""tt1430110"", ""tt2191082"", ""tt6131908"", ""tt8986356""]",https://www.imdb.com/name/nm3693111/,False
nm3694749,Walid Abo Elmaaty,,,"[""actor"", ""writer"", ""assistant_director""]","[""tt19754548"", ""tt1589417"", ""tt15613514"", ""tt0970918""]",https://www.imdb.com/name/nm3694749/,False
nm3697228,Giorgio Giampà,1982,,"[""composer"", ""director"", ""producer""]","[""tt38721437"", ""tt43704846"", ""tt6444140"", ""tt32038799""]",https://www.imdb.com/name/nm3697228/,False
nm3697747,Abdeslam Bounouacha,,,"[""actor"", ""location_management""]","[""tt4669264"", ""tt0399738"", ""tt6438030"", ""tt0313879""]",https://www.imdb.com/name/nm3697747/,False
nm3705094,Shakyra Dowling,,,"[""casting_director"", ""casting_department"", ""producer""]","[""tt30918821"", ""tt7230422"", ""tt26676104"", ""tt7675204""]",https://www.imdb.com/name/nm3705094/,False
nm3708199,Kristina Lyons,,,"[""editor"", ""sound_department"", ""cinematographer""]","[""tt7397098"", ""tt11261532"", ""tt3224036"", ""tt3122420""]",https://www.imdb.com/name/nm3708199/,False
nm3709162,Marc Miró,,,"[""cinematographer"", ""camera_department""]","[""tt1562872"", ""tt1462758"", ""tt1205071"", ""tt4213806""]",https://www.imdb.com/name/nm3709162/,False
nm3713130,Andrea Iervolino,1987,,"[""producer"", ""writer"", ""director""]","[""tt3758542"", ""tt5541240"", ""tt2090465"", ""tt31762027""]",https://www.imdb.com/name/nm3713130/,False
nm3716585,Jamie McLeod-Ross,,,"[""producer"", ""actor"", ""executive""]","[""tt9182964"", ""tt6769564"", ""tt33098130"", ""tt16024960""]",https://www.imdb.com/name/nm3716585/,False
nm3720911,Giorgos Karvelas,,,"[""cinematographer"", ""camera_department"", ""producer""]","[""tt5721552"", ""tt21206496"", ""tt9389916"", ""tt7322224""]",https://www.imdb.com/name/nm3720911/,False
nm3722546,Gareth Dunnet-Alcocer,,,"[""writer"", ""director"", ""producer""]","[""tt9362930"", ""tt3184516"", ""tt5941692"", ""tt30227792""]",https://www.imdb.com/name/nm3722546/,False
nm3732346,Ben La Marca,,,"[""camera_department"", ""editor"", ""editorial_department""]","[""tt3215824"", ""tt5748448"", ""tt6878306"", ""tt10696784""]",https://www.imdb.com/name/nm3732346/,False
nm3736022,Titus Paar,1984,,"[""director"", ""writer"", ""producer""]","[""tt37053332"", ""tt4616250"", ""tt40642098"", ""tt20495070""]",https://www.imdb.com/name/nm3736022/,False
nm3738746,Murisa Harba,1983,,"[""actress"", ""director"", ""producer""]","[""tt11948716"", ""tt3614046"", ""tt9684220"", ""tt35497646""]",https://www.imdb.com/name/nm3738746/,False
nm3746087,John Pata,,,"[""editor"", ""camera_department"", ""producer""]","[""tt18482800"", ""tt2094810"", ""tt3419322"", ""tt1571195""]",https://www.imdb.com/name/nm3746087/,False
nm3750468,Jeremy David White,1987,,"[""producer"", ""writer"", ""director""]","[""tt2401394"", ""tt4022944"", ""tt1577090"", ""tt23874242""]",https://www.imdb.com/name/nm3750468/,False
nm3750894,Leun Yu,,,"[""composer""]","[""tt0083199"", ""tt6289282"", ""tt6289284""]",https://www.imdb.com/name/nm3750894/,False
nm3754323,Yanhui Wang,,,"[""actor""]","[""tt1982693"", ""tt11317408"", ""tt10703664"", ""tt11306684""]",https://www.imdb.com/name/nm3754323/,False
nm3754545,Joo Suk-tae,1976,,"[""actor""]","[""tt3697626"", ""tt4914580"", ""tt1662557"", ""tt3541262""]",https://www.imdb.com/name/nm3754545/,False
nm3756197,Jeong Seok-won,1985,,"[""actor"", ""composer""]","[""tt2418264"", ""tt1757202"", ""tt1430619"", ""tt6611916""]",https://www.imdb.com/name/nm3756197/,False
nm3756791,Piotr Zygo,,,"[""producer"", ""actor"", ""sound_department""]","[""tt2785288"", ""tt12857246"", ""tt18970380"", ""tt10590530""]",https://www.imdb.com/name/nm3756791/,False
nm3758664,Giona Ostinelli,,,"[""composer"", ""soundtrack"", ""music_department""]","[""tt11737520"", ""tt5180504"", ""tt0800175"", ""tt13984270""]",https://www.imdb.com/name/nm3758664/,False
nm3766910,Vallabhaneni Vamsi Mohan,,,"[""producer""]","[""tt1582466"", ""tt6468814"", ""tt2024484""]",https://www.imdb.com/name/nm3766910/,False
nm3770108,Felix Vossen,,,"[""producer""]","[""tt0857190"", ""tt1587411"", ""tt1921070"", ""tt2701760""]",https://www.imdb.com/name/nm3770108/,False
nm3772243,Theo James,1984,,"[""actor"", ""producer"", ""archive_footage""]","[""tt1840309"", ""tt2908446"", ""tt3410834"", ""tt27714946""]",https://www.imdb.com/name/nm3772243/,False
nm3780733,Doris Pfardrescher,,,"[""producer"", ""executive""]","[""tt5918982"", ""tt1458169"", ""tt20112746"", ""tt6643972""]",https://www.imdb.com/name/nm3780733/,False
nm3787175,Jake Martin,,,"[""actor""]","[""tt3419322"", ""tt2094810"", ""tt6570372"", ""tt1571195""]",https://www.imdb.com/name/nm3787175/,False
nm3787416,Jobie Hughes,1980,,"[""writer"", ""producer"", ""script_department""]","[""tt1464540"", ""tt35932841"", ""tt3039732"", ""tt5909754""]",https://www.imdb.com/name/nm3787416/,False
nm3789009,Arlene Lagos,,,"[""producer"", ""writer"", ""director""]","[""tt12798870"", ""tt10746594"", ""tt3116648"", ""tt18566416""]",https://www.imdb.com/name/nm3789009/,False
nm3792864,Lindsay LaVanchy,,,"[""actress"", ""writer"", ""producer""]","[""tt36463894"", ""tt7397098"", ""tt3921180"", ""tt1378167""]",https://www.imdb.com/name/nm3792864/,False
nm3796147,Joe Scarpellino,1994,,"[""actor""]","[""tt1597396"", ""tt38806007"", ""tt16464084"", ""tt39364935""]",https://www.imdb.com/name/nm3796147/,False
nm3797278,Kim Jae-hwa,1980,,"[""actress""]","[""tt16900880"", ""tt2431438"", ""tt14810692"", ""tt2308860""]",https://www.imdb.com/name/nm3797278/,False
nm3797855,Cynthia Barrett,,,"[""actress""]","[""tt4574334"", ""tt11324406"", ""tt2908446"", ""tt14948432""]",https://www.imdb.com/name/nm3797855/,False
nm3800165,Mathieu Quesnel,,,"[""actor"", ""composer"", ""director""]","[""tt11365002"", ""tt2909008"", ""tt4720674"", ""tt14997446""]",https://www.imdb.com/name/nm3800165/,False
nm3801586,Erin Nicole,1986,,"[""actress""]","[""tt1452628"", ""tt1221207"", ""tt1587865"", ""tt14377236""]",https://www.imdb.com/name/nm3801586/,False
nm3807965,Sundeep Kishan,1987,,"[""actor"", ""producer""]","[""tt9544034"", ""tt2327170"", ""tt22170036"", ""tt7221634""]",https://www.imdb.com/name/nm3807965/,False
nm3808948,Vennela Kishore,1980,,"[""actor"", ""director""]","[""tt20850406"", ""tt4992086"", ""tt11199356"", ""tt9537292""]",https://www.imdb.com/name/nm3808948/,False
nm3813298,Kabby Borders,,,"[""actress"", ""assistant_director"", ""producer""]","[""tt2704998"", ""tt4276820"", ""tt0800325"", ""tt4712086""]",https://www.imdb.com/name/nm3813298/,False
nm3814301,Amitabh Bhattacharya,,,"[""music_department"", ""writer"", ""composer""]","[""tt6277462"", ""tt4559006"", ""tt5074352"", ""tt1849718""]",https://www.imdb.com/name/nm3814301/,False
nm3818371,Ravi Kabra,,,"[""actor""]","[""tt0439418"", ""tt1606303""]",https://www.imdb.com/name/nm3818371/,False
nm3822505,Amrita Acharia,,,"[""actress"", ""director"", ""writer""]","[""tt14022350"", ""tt0944947"", ""tt10642480"", ""tt2798170""]",https://www.imdb.com/name/nm3822505/,False
nm3822770,Rajkummar Rao,1984,,"[""actor"", ""miscellaneous"", ""producer""]","[""tt2181831"", ""tt6484982"", ""tt3322420"", ""tt6571548""]",https://www.imdb.com/name/nm3822770/,False
nm3823257,Yi-Chun Kuo,,,"[""production_designer"", ""art_department"", ""producer""]","[""tt8587122"", ""tt14332502"", ""tt13093146"", ""tt4823122""]",https://www.imdb.com/name/nm3823257/,False
nm3826513,Ranjit Tewari,,,"[""writer"", ""assistant_director"", ""director""]","[""tt11260832"", ""tt5697870"", ""tt15315164"", ""tt2385104""]",https://www.imdb.com/name/nm3826513/,False
nm3828984,Ranveer Singh,1985,,"[""actor"", ""music_department"", ""producer""]","[""tt2395469"", ""tt33014583"", ""tt5935704"", ""tt3735246""]",https://www.imdb.com/name/nm3828984/,False
nm3835687,Stephen Phelps,,,"[""miscellaneous"", ""art_department"", ""production_designer""]","[""tt28607951"", ""tt4695012"", ""tt4846232"", ""tt1571249""]",https://www.imdb.com/name/nm3835687/,False
nm3836977,Louis Hofmann,1997,,"[""actor"", ""production_manager"", ""miscellaneous""]","[""tt3841424"", ""tt5753856"", ""tt4932154"", ""tt3127698""]",https://www.imdb.com/name/nm3836977/,False
nm3838417,Juan Navazo,,,"[""composer"", ""music_department"", ""soundtrack""]","[""tt2071550"", ""tt2918606"", ""tt1508099"", ""tt10149980""]",https://www.imdb.com/name/nm3838417/,False
nm3848064,Sonakshi Sinha,1987,,"[""actress"", ""music_department"", ""costume_department""]","[""tt2556308"", ""tt1620719"", ""tt2224317"", ""tt2178508""]",https://www.imdb.com/name/nm3848064/,False
nm3849940,Catherine Jacobs,,,"[""actress"", ""producer"", ""writer""]","[""tt12243112"", ""tt8393952""]",https://www.imdb.com/name/nm3849940/,False
nm3851570,Aris Dagios,,,"[""producer"", ""actor""]","[""tt10110614"", ""tt32731433"", ""tt38605962"", ""tt4235516""]",https://www.imdb.com/name/nm3851570/,False
nm3853116,Angelos Venetis,,,"[""producer"", ""miscellaneous"", ""actor""]","[""tt1379182"", ""tt10110614"", ""tt14972654"", ""tt7858220""]",https://www.imdb.com/name/nm3853116/,False
nm3854486,Daniel Figueiredo,,,"[""composer"", ""music_department"", ""producer""]","[""tt26570494"", ""tt17156822"", ""tt20827706"", ""tt11737102""]",https://www.imdb.com/name/nm3854486/,False
nm3870590,Melissa Weisz,,,"[""actress"", ""producer"", ""art_director""]","[""tt1632724"", ""tt4172764"", ""tt3685218"", ""tt8442132""]",https://www.imdb.com/name/nm3870590/,False
nm3872143,Gisa Flake,1985,,"[""actress"", ""writer""]","[""tt10116488"", ""tt7488532"", ""tt5191110"", ""tt8535968""]",https://www.imdb.com/name/nm3872143/,False
nm3872496,Luzer Twersky,1985,,"[""actor"", ""writer"", ""costume_department""]","[""tt3685218"", ""tt1172232"", ""tt1632724"", ""tt3502262""]",https://www.imdb.com/name/nm3872496/,False
nm3875456,Shamier Anderson,1991,,"[""actor"", ""producer"", ""writer""]","[""tt3499096""]",https://www.imdb.com/name/nm3875456/,False
nm3879213,Sage Howard,,,"[""actor"", ""writer"", ""producer""]","[""tt2443022"", ""tt2423044"", ""tt6342310"", ""tt1964630""]",https://www.imdb.com/name/nm3879213/,False
nm3884562,Jayme Laforest,,,"[""writer"", ""producer"", ""director""]","[""tt1644580"", ""tt2398276"", ""tt4264426"", ""tt3954542""]",https://www.imdb.com/name/nm3884562/,False
nm3887625,Alex Russell,1987,,"[""actor"", ""producer"", ""director""]","[""tt1706593"", ""tt1939659"", ""tt1809398"", ""tt1517260""]",https://www.imdb.com/name/nm3887625/,False
nm3888555,Zackary Kresser,,,"[""actor""]","[""tt1844635"", ""tt2230816"", ""tt1601967"", ""tt2321193""]",https://www.imdb.com/name/nm3888555/,False
nm3888981,S. Thaman,1983,,"[""composer"", ""music_department"", ""actor""]","[""tt9537292"", ""tt2071613"", ""tt1756476"", ""tt24060892""]",https://www.imdb.com/name/nm3888981/,False
nm3891905,Lubna Salim,,,"[""actress""]","[""tt4662064"", ""tt2283748"", ""tt15532476"", ""tt15441054""]",https://www.imdb.com/name/nm3891905/,False
nm3893111,Shena Gamat,,,"[""actress""]","[""tt1327035"", ""tt1610452"", ""tt15680536""]",https://www.imdb.com/name/nm3893111/,False
nm3898625,Trevor LaPaglia,1985,,"[""actor"", ""producer"", ""director""]","[""tt5270668"", ""tt4054734"", ""tt4515744"", ""tt6499392""]",https://www.imdb.com/name/nm3898625/,False
nm3902889,Anil Ravipudi,1982,,"[""writer"", ""director"", ""assistant_director""]","[""tt21810110"", ""tt31226981"", ""tt10773090"", ""tt8188610""]",https://www.imdb.com/name/nm3902889/,False
nm3907268,Josh Dolgin,,,"[""composer"", ""actor"", ""cinematographer""]","[""tt4694594"", ""tt1934358"", ""tt3685218"", ""tt7052114""]",https://www.imdb.com/name/nm3907268/,False
nm3907440,Grant Beijon,,,"[""actor""]","[""tt1650042""]",https://www.imdb.com/name/nm3907440/,False
nm3908878,Henry Kwok,,,"[""actor""]","[""tt5109784"", ""tt3556944"", ""tt4189492"", ""tt1699748""]",https://www.imdb.com/name/nm3908878/,False
nm3911117,Robert Sayegh,,,"[""producer"", ""casting_department"", ""writer""]","[""tt6988366"", ""tt4877134"", ""tt0445922"", ""tt15942174""]",https://www.imdb.com/name/nm3911117/,False
nm3914590,Dana Gills,,,"[""miscellaneous"", ""producer"", ""writer""]","[""tt2908446"", ""tt1860357"", ""tt3717490"", ""tt3110958""]",https://www.imdb.com/name/nm3914590/,False
nm3914804,Eva Cao,,,"[""producer"", ""writer"", ""miscellaneous""]","[""tt1667150"", ""tt2992152"", ""tt5929292"", ""tt2479726""]",https://www.imdb.com/name/nm3914804/,False
nm3914900,Kasia Malipan,,,"[""production_manager"", ""producer"", ""production_department""]","[""tt14230458"", ""tt12300742"", ""tt22408160"", ""tt8338762""]",https://www.imdb.com/name/nm3914900/,False
nm3918733,Nathaniel Rollo,,,"[""camera_department"", ""producer"", ""miscellaneous""]","[""tt1535616"", ""tt1835955"", ""tt2027231"", ""tt2112210""]",https://www.imdb.com/name/nm3918733/,False
nm3919263,Shravan Katikaneni,,,"[""editor"", ""director"", ""writer""]","[""tt3841388"", ""tt9664732"", ""tt38682789"", ""tt32827720""]",https://www.imdb.com/name/nm3919263/,False
nm3923793,Nikki Bell,,,"[""actress""]","[""tt1844635"", ""tt2178927"", ""tt1770675"", ""tt2389034""]",https://www.imdb.com/name/nm3923793/,False
nm3924049,Ángel Manuel Soto,1983,,"[""director"", ""producer"", ""writer""]","[""tt33046197"", ""tt9362930"", ""tt9048840"", ""tt2231349""]",https://www.imdb.com/name/nm3924049/,False
nm3928613,Kevin O. Matta,,,"[""actor""]","[""tt1650042""]",https://www.imdb.com/name/nm3928613/,False
nm3929259,Brian Duffield,1985,,"[""writer"", ""producer"", ""director""]","[""tt14509110"", ""tt5774062"", ""tt14209916"", ""tt13929756""]",https://www.imdb.com/name/nm3929259/,False
nm3937449,Jamie Noel,1986,,"[""actress"", ""producer"", ""production_manager""]","[""tt1754700"", ""tt2611690"", ""tt3608654"", ""tt2057481""]",https://www.imdb.com/name/nm3937449/,False
nm3941091,Mauro Conte,1983,,"[""actor""]","[""tt7121252"", ""tt1583737"", ""tt14540892"", ""tt15053106""]",https://www.imdb.com/name/nm3941091/,False
nm3941379,Yavor Baharov,1985,,"[""actor"", ""archive_footage""]","[""tt2537176"", ""tt1680019"", ""tt1043726"", ""tt1650527""]",https://www.imdb.com/name/nm3941379/,False
nm3945547,Takuya Kusakawa,1994,,"[""actor"", ""archive_footage""]","[""tt2847220"", ""tt1590089"", ""tt3019994"", ""tt3473596""]",https://www.imdb.com/name/nm3945547/,False
nm3948952,Vanessa Kirby,1987,,"[""actress"", ""producer"", ""soundtrack""]","[""tt4786824"", ""tt4912910"", ""tt11161474"", ""tt10676052""]",https://www.imdb.com/name/nm3948952/,False
nm3949598,Tomasz Schuchardt,1986,,"[""actor"", ""production_manager""]","[""tt18347222"", ""tt32246406"", ""tt37646600"", ""tt1674050""]",https://www.imdb.com/name/nm3949598/,False
nm3951039,Chris Lofing,,,"[""producer"", ""director"", ""editor""]","[""tt2309260"", ""tt7473716"", ""tt8676446"", ""tt12788430""]",https://www.imdb.com/name/nm3951039/,False
nm3953376,Sanjay Belani,,,"[""assistant_director"", ""producer"", ""camera_department""]","[""tt11261532"", ""tt5113250"", ""tt1663331"", ""tt2039726""]",https://www.imdb.com/name/nm3953376/,False
nm3954703,Will Meldman,,,"[""producer"", ""production_department"", ""actor""]","[""tt1240982"", ""tt1291580"", ""tt0496806"", ""tt9883024""]",https://www.imdb.com/name/nm3954703/,False
nm3961240,Tomoyo Kurosawa,1996,,"[""actress"", ""music_department"", ""soundtrack""]","[""tt16156718"", ""tt4384306"", ""tt27206542"", ""tt26699386""]",https://www.imdb.com/name/nm3961240/,False
nm3961686,Michael Emery,,,"[""actor"", ""writer"", ""producer""]","[""tt1595859"", ""tt7053188""]",https://www.imdb.com/name/nm3961686/,False
nm3963098,Johan Theorin,,,"[""writer""]","[""tt2425852"", ""tt10928086"", ""tt0386722"", ""tt29939507""]",https://www.imdb.com/name/nm3963098/,False
nm3965943,Elma Begovic,1989,,"[""actress"", ""producer"", ""writer""]","[""tt9189370"", ""tt15089230"", ""tt4264426"", ""tt4630874""]",https://www.imdb.com/name/nm3965943/,False
nm3967596,Brett W. Bachman,,,"[""editor"", ""editorial_department"", ""producer""]","[""tt26584495"", ""tt11003218"", ""tt6998518"", ""tt15567174""]",https://www.imdb.com/name/nm3967596/,False
nm3968837,Viktoriya Evseeva,1972,2024,"[""writer""]","[""tt2649128"", ""tt3772216"", ""tt1718881"", ""tt3006798""]",https://www.imdb.com/name/nm3968837/,False
nm3969425,Emily Weider,,,"[""actress"", ""miscellaneous"", ""director""]","[""tt28607951"", ""tt32752171"", ""tt5830960"", ""tt37240840""]",https://www.imdb.com/name/nm3969425/,False
nm3972152,Abel Gongora,1983,,"[""animation_department"", ""director"", ""art_department""]","[""tt30217403"", ""tt13622982"", ""tt36440312"", ""tt18573684""]",https://www.imdb.com/name/nm3972152/,False
nm3973782,Ashley Hallihan,,,"[""casting_director"", ""casting_department"", ""producer""]","[""tt22000724"", ""tt11778118"", ""tt8980602"", ""tt27053309""]",https://www.imdb.com/name/nm3973782/,False
nm3978779,Mayuko Furumoto,,,"[""cinematographer"", ""camera_department"", ""visual_effects""]","[""tt1355642"", ""tt7745068"", ""tt11107074"", ""tt13544716""]",https://www.imdb.com/name/nm3978779/,False
nm3983776,Olivia Scott-Webb,,,"[""casting_director"", ""casting_department""]","[""tt10048342"", ""tt5687612"", ""tt32536315"", ""tt27995114""]",https://www.imdb.com/name/nm3983776/,False
nm3986032,Hovik Keuchkerian,1972,,"[""actor"", ""archive_footage""]","[""tt2094766"", ""tt10883660"", ""tt1715336"", ""tt2378079""]",https://www.imdb.com/name/nm3986032/,False
nm3987941,Mitesh Kumar Patel,,,"[""producer"", ""director"", ""writer""]","[""tt18411838"", ""tt12889912"", ""tt18257242"", ""tt12735488""]",https://www.imdb.com/name/nm3987941/,False
nm3990580,Gopichand Malineni,1979,,"[""director"", ""writer"", ""assistant_director""]","[""tt8302382"", ""tt15387190"", ""tt32223398"", ""tt2654480""]",https://www.imdb.com/name/nm3990580/,False
nm3993149,Gippy Grewal,1983,,"[""actor"", ""producer"", ""writer""]","[""tt9537346"", ""tt16867396"", ""tt35402446"", ""tt6705612""]",https://www.imdb.com/name/nm3993149/,False
nm3999580,Anfisa Vistingauzen,1999,,"[""actress"", ""archive_footage""]","[""tt2649128"", ""tt15474794"", ""tt24315604"", ""tt4947578""]",https://www.imdb.com/name/nm3999580/,False
nm4000389,Travis Cluff,,,"[""producer"", ""actor"", ""director""]","[""tt2309260"", ""tt8676446"", ""tt7473716"", ""tt14657190""]",https://www.imdb.com/name/nm4000389/,False
nm4004372,Graham Rogers,1990,,"[""actor""]","[""tt2249007"", ""tt7255502"", ""tt6315640"", ""tt4428122""]",https://www.imdb.com/name/nm4004372/,False
nm4004708,Lucy Gahagan,,,"[""art_director"", ""production_designer"", ""art_department""]","[""tt19770238"", ""tt11514780"", ""tt6888938"", ""tt4173306""]",https://www.imdb.com/name/nm4004708/,False
nm4015380,Srinivas Avasarala,1984,,"[""actor"", ""writer"", ""director""]","[""tt6087086"", ""tt3835608"", ""tt12735488"", ""tt10087728""]",https://www.imdb.com/name/nm4015380/,False
nm4028151,Aju Varghese,1985,,"[""actor"", ""producer"", ""music_department""]","[""tt7268738"", ""tt4110972"", ""tt32362695"", ""tt4557014""]",https://www.imdb.com/name/nm4028151/,False
nm4034632,S.S. Kanchi,,,"[""writer"", ""director"", ""actor""]","[""tt1447500"", ""tt2258337"", ""tt8178634"", ""tt2178508""]",https://www.imdb.com/name/nm4034632/,False
nm4037412,Ken Inoue,,,"[""director"", ""producer""]","[""tt0286751"", ""tt39375754"", ""tt2359852"", ""tt0185094""]",https://www.imdb.com/name/nm4037412/,False
nm4043111,Vijay Sethupathi,1978,,"[""actor"", ""writer"", ""producer""]","[""tt15354916"", ""tt6148156"", ""tt7019842"", ""tt10579952""]",https://www.imdb.com/name/nm4043111/,False
nm4043627,Martin Dirkov,1979,,"[""composer"", ""sound_department"", ""actor""]","[""tt18550140"", ""tt8368368"", ""tt5501104"", ""tt1628841""]",https://www.imdb.com/name/nm4043627/,False
nm4056296,Hiroki Hasegawa,1977,,"[""actor""]","[""tt4262980"", ""tt2409302"", ""tt3267222"", ""tt1854361""]",https://www.imdb.com/name/nm4056296/,False
nm4059614,Lauren Hoekstra,,,"[""director"", ""producer"", ""writer""]","[""tt5213964"", ""tt6820286"", ""tt6003828"", ""tt10806332""]",https://www.imdb.com/name/nm4059614/,False
nm4062328,Lee Jong-suk,1989,,"[""actor"", ""executive"", ""soundtrack""]","[""tt9130542"", ""tt6256484"", ""tt3141190"", ""tt4201628""]",https://www.imdb.com/name/nm4062328/,False
nm4063713,Teng-Hui Huang,1981,,"[""actor"", ""producer""]","[""tt27722618"", ""tt8293484"", ""tt12999468"", ""tt38893248""]",https://www.imdb.com/name/nm4063713/,False
nm4071279,John Kokken,1981,,"[""actor""]","[""tt7838252"", ""tt2375559"", ""tt10698680"", ""tt15163652""]",https://www.imdb.com/name/nm4071279/,False
nm4075462,Naval Kishore,,,"[""actor""]","[""tt36491337"", ""tt1887817"", ""tt9420618"", ""tt0451089""]",https://www.imdb.com/name/nm4075462/,False
nm4076047,Prawin Pudi,,,"[""editor"", ""editorial_department"", ""visual_effects""]","[""tt4981966"", ""tt15557314"", ""tt8269248"", ""tt3042926""]",https://www.imdb.com/name/nm4076047/,False
nm4080670,Xingtong Yao,1983,,"[""actress""]","[""tt1424310"", ""tt1726640"", ""tt10168090"", ""tt4838422""]",https://www.imdb.com/name/nm4080670/,False
nm4089208,Max Huang,,,"[""actor"", ""director"", ""stunts""]","[""tt0293429"", ""tt12264826"", ""tt5813366""]",https://www.imdb.com/name/nm4089208/,False
nm4090362,Ryan Shoos,,,"[""actor"", ""producer"", ""miscellaneous""]","[""tt2309260"", ""tt20218618"", ""tt10436362"", ""tt12616248""]",https://www.imdb.com/name/nm4090362/,False
nm4092908,Anna Wieczur-Bluszcz,1974,,"[""director"", ""writer"", ""music_department""]","[""tt18970380"", ""tt1729641"", ""tt0441074"", ""tt38705053""]",https://www.imdb.com/name/nm4092908/,False
nm4100983,Maarten Swart,,,"[""producer"", ""writer"", ""actor""]","[""tt2108546"", ""tt5013056"", ""tt28768679"", ""tt3864056""]",https://www.imdb.com/name/nm4100983/,False
nm4102879,Krystle Martin,,,"[""stunts"", ""actress"", ""producer""]","[""tt20853816"", ""tt12306692"", ""tt20600980"", ""tt12887536""]",https://www.imdb.com/name/nm4102879/,False
nm4103488,Adriaan Kirchner,,,"[""cinematographer"", ""production_department"", ""director""]","[""tt1465477"", ""tt14901178"", ""tt3109046"", ""tt10981388""]",https://www.imdb.com/name/nm4103488/,False
nm4103537,Lyndsi LaRose,1989,,"[""actress"", ""writer"", ""producer""]","[""tt0478970"", ""tt2908446"", ""tt4573516""]",https://www.imdb.com/name/nm4103537/,False
nm4107221,Vishal Khurana,,,"[""music_department"", ""composer"", ""sound_department""]","[""tt13510660"", ""tt12448030"", ""tt5982852"", ""tt5286444""]",https://www.imdb.com/name/nm4107221/,False
nm4110994,Manasi Sinha,,,"[""actress"", ""director"", ""writer""]","[""tt34448299"", ""tt29705562"", ""tt3479530"", ""tt36132462""]",https://www.imdb.com/name/nm4110994/,False
nm4114024,Nicholas Blandullo,,,"[""actor""]","[""tt0896923""]",https://www.imdb.com/name/nm4114024/,False
nm4115744,Joost Koning,1996,,"[""actor""]","[""tt1674553"", ""tt1772452"", ""tt3620418"", ""tt1741688""]",https://www.imdb.com/name/nm4115744/,False
nm4116102,Jet Jandreau,,,"[""actress"", ""producer"", ""soundtrack""]","[""tt15005606"", ""tt5660834"", ""tt14947834"", ""tt12042764""]",https://www.imdb.com/name/nm4116102/,False
nm4119000,Mahanadhi Shankar,1955,,"[""actor""]","[""tt11663228"", ""tt10579952"", ""tt15163652"", ""tt0139876""]",https://www.imdb.com/name/nm4119000/,False
nm4122551,John Lerchen,,,"[""producer"", ""writer"", ""director""]","[""tt12317180"", ""tt17501936"", ""tt15186426"", ""tt9082806""]",https://www.imdb.com/name/nm4122551/,False
nm4122775,Ian Nelson,1995,,"[""actor"", ""producer"", ""director""]","[""tt3181822"", ""tt1392170"", ""tt1872194"", ""tt1972779""]",https://www.imdb.com/name/nm4122775/,False
nm4123156,Carlotta Kittel,1988,,"[""editor"", ""editorial_department"", ""director""]","[""tt6441090"", ""tt4932154"", ""tt6959256"", ""tt0806910""]",https://www.imdb.com/name/nm4123156/,False
nm4133068,Sander Emmering,,,"[""producer"", ""writer"", ""production_manager""]","[""tt7295378"", ""tt26932098"", ""tt3800028"", ""tt4195148""]",https://www.imdb.com/name/nm4133068/,False
nm4137793,Eric Liberacki,,,"[""cinematographer"", ""camera_department"", ""actor""]","[""tt10985402"", ""tt5201882"", ""tt15005606"", ""tt3623232""]",https://www.imdb.com/name/nm4137793/,False
nm4141252,Lily James,1989,,"[""actress"", ""producer"", ""soundtrack""]","[""tt1661199"", ""tt6911608"", ""tt1374989"", ""tt3890160""]",https://www.imdb.com/name/nm4141252/,False
nm4141638,Mashhoor Amrohi,1982,,"[""actor"", ""director""]","[""tt33014583"", ""tt7430722"", ""tt39139925"", ""tt1920962""]",https://www.imdb.com/name/nm4141638/,False
nm4147126,Anne-Élisabeth Bossé,,,"[""actress"", ""writer"", ""soundtrack""]","[""tt1600524"", ""tt10155342"", ""tt32509666"", ""tt1650048""]",https://www.imdb.com/name/nm4147126/,False
nm4148859,Jessica Malanaphy,,,"[""producer"", ""miscellaneous""]","[""tt32214143"", ""tt14298328"", ""tt9271672"", ""tt20255354""]",https://www.imdb.com/name/nm4148859/,False
nm4158039,Murat Kaman,1985,,"[""writer"", ""director"", ""actor""]","[""tt6229852"", ""tt5478632"", ""tt40656390"", ""tt11789868""]",https://www.imdb.com/name/nm4158039/,False
nm4158912,Emrah Kaman,1985,,"[""actor"", ""writer"", ""soundtrack""]","[""tt5478632"", ""tt3671754"", ""tt6229852"", ""tt12479584""]",https://www.imdb.com/name/nm4158912/,False
nm4159350,Ava Preston,2004,,"[""actress"", ""writer"", ""soundtrack""]","[""tt3900614"", ""tt0448115"", ""tt1567215"", ""tt2710394""]",https://www.imdb.com/name/nm4159350/,False
nm4169922,Kiersey Clemons,1993,,"[""actress"", ""producer"", ""soundtrack""]","[""tt3850214"", ""tt6560164"", ""tt8096832"", ""tt7158430""]",https://www.imdb.com/name/nm4169922/,False
nm4174212,Varalaxmi Sarathkumar,1985,,"[""actress"", ""director"", ""producer""]","[""tt6148156"", ""tt15433956"", ""tt7715202"", ""tt5340516""]",https://www.imdb.com/name/nm4174212/,False
nm4176678,Jennifer O'Bannon,,,"[""costume_designer"", ""costume_department"", ""production_designer""]","[""tt32166167"", ""tt33339315"", ""tt13891338"", ""tt23026530""]",https://www.imdb.com/name/nm4176678/,False
nm4178453,Mariana Nunes,,,"[""actress""]","[""tt3527550"", ""tt0995868"", ""tt2071544"", ""tt4895668""]",https://www.imdb.com/name/nm4178453/,False
nm4187270,Abbey Thickson,,,"[""actress"", ""miscellaneous""]","[""tt1535616"", ""tt3630652"", ""tt4083066"", ""tt1969175""]",https://www.imdb.com/name/nm4187270/,False
nm4188965,Jae-hak Lee,,,"[""composer"", ""music_department"", ""soundtrack""]","[""tt0940642"", ""tt1298648"", ""tt27688034"", ""tt2253742""]",https://www.imdb.com/name/nm4188965/,False
nm4189485,Charley McDougall,,,"[""producer"", ""writer"", ""actor""]","[""tt9182964"", ""tt35891036"", ""tt4428398"", ""tt16496386""]",https://www.imdb.com/name/nm4189485/,False
nm4190866,Mahendra Shrivas,,,"[""actor"", ""casting_department"", ""miscellaneous""]","[""tt3405236"", ""tt5982852"", ""tt5668770"", ""tt1395054""]",https://www.imdb.com/name/nm4190866/,False
nm4194328,Shella Alan,,,"[""actress""]","[""tt1753640""]",https://www.imdb.com/name/nm4194328/,False
nm4201857,Yoshiko Makabe,,,"[""producer"", ""production_department""]","[""tt30217403"", ""tt33343397"", ""tt36440312"", ""tt13622982""]",https://www.imdb.com/name/nm4201857/,False
nm4207697,Randolf Walderhaug,,,"[""actor""]","[""tt4353996"", ""tt2102465"", ""tt5029220"", ""tt1934395""]",https://www.imdb.com/name/nm4207697/,False
nm4217565,Agnel Roman,,,"[""composer"", ""music_department"", ""producer""]","[""tt15224598"", ""tt1890513"", ""tt27418282"", ""tt30241117""]",https://www.imdb.com/name/nm4217565/,False
nm4217915,Faizan Hussain,,,"[""composer"", ""music_department"", ""actor""]","[""tt36812904"", ""tt2353824"", ""tt1890513"", ""tt5598578""]",https://www.imdb.com/name/nm4217915/,False
nm4225981,Alison Wheeler,1986,,"[""actress"", ""writer"", ""soundtrack""]","[""tt7456310"", ""tt10316280"", ""tt8701652"", ""tt43620095""]",https://www.imdb.com/name/nm4225981/,False
nm4228942,Marcia Do Vales,,,"[""actress"", ""producer"", ""writer""]","[""tt5032170"", ""tt3111516"", ""tt3238502"", ""tt2071445""]",https://www.imdb.com/name/nm4228942/,False
nm4237148,Sam C.S.,,,"[""composer"", ""music_department"", ""soundtrack""]","[""tt6148156"", ""tt13131350"", ""tt9900782"", ""tt16539454""]",https://www.imdb.com/name/nm4237148/,False
nm4244981,Visshesh Tiwari,2000,,"[""actor""]","[""tt2406676"", ""tt1841542"", ""tt2912578"", ""tt1465493""]",https://www.imdb.com/name/nm4244981/,False
nm4266732,Michael Vlamis,1990,,"[""actor"", ""writer"", ""director""]","[""tt7588054"", ""tt18767068"", ""tt33764258"", ""tt10343438""]",https://www.imdb.com/name/nm4266732/,False
nm4269187,Eilish O'Carroll,,,"[""actress"", ""archive_footage""]","[""tt3433074"", ""tt2201815"", ""tt1819022"", ""tt3921858""]",https://www.imdb.com/name/nm4269187/,False
nm4271832,Abigail Schrader,,,"[""actress"", ""writer""]","[""tt2062661"", ""tt1562918"", ""tt1719068"", ""tt2820808""]",https://www.imdb.com/name/nm4271832/,False
nm4271961,Sara Arjun,2005,,"[""actress""]","[""tt33014583"", ""tt1857670"", ""tt39139925"", ""tt10701074""]",https://www.imdb.com/name/nm4271961/,False
nm4275862,Stacey Schroeder,,,"[""editor"", ""editorial_department"", ""cinematographer""]","[""tt3521126"", ""tt2531344"", ""tt3960412"", ""tt3794354""]",https://www.imdb.com/name/nm4275862/,False
nm4284457,Shu-yao Kuo,1990,,"[""actress"", ""music_department"", ""soundtrack""]","[""tt3145558"", ""tt6895798"", ""tt10494260"", ""tt7774954""]",https://www.imdb.com/name/nm4284457/,False
nm4286247,Matt Dahan,,,"[""music_department"", ""composer"", ""actor""]","[""tt10366460"", ""tt4397372"", ""tt2062661"", ""tt3453648""]",https://www.imdb.com/name/nm4286247/,False
nm4292635,Michaël Dauber,,,"[""actor""]","[""tt4085084"", ""tt1714667""]",https://www.imdb.com/name/nm4292635/,False
nm4301688,Jaideep Suri,,,"[""actor""]","[""tt2033947"", ""tt1753640"", ""tt4479178"", ""tt0401916""]",https://www.imdb.com/name/nm4301688/,False
nm4302098,Jeffrey Tangreo Tsoutsos,,,"[""actor""]","[""tt1753640""]",https://www.imdb.com/name/nm4302098/,False
nm4302345,Aman Hora,,,"[""actor""]","[""tt1753640""]",https://www.imdb.com/name/nm4302345/,False
nm4302809,Olivia Neergaard-Holm,1982,,"[""editor"", ""editorial_department"", ""director""]","[""tt18550140"", ""tt5501104"", ""tt8368368"", ""tt8550054""]",https://www.imdb.com/name/nm4302809/,False
nm4312021,Justin Nappi,,,"[""producer"", ""actor"", ""executive""]","[""tt2017038"", ""tt1764183"", ""tt4547194"", ""tt2582576""]",https://www.imdb.com/name/nm4312021/,False
nm4314103,Wing-Fat Fung,,,"[""producer""]","[""tt0083199"", ""tt1840336"", ""tt0083963""]",https://www.imdb.com/name/nm4314103/,False
nm4316121,Veronica Roth,1988,,"[""writer"", ""producer"", ""actress""]","[""tt1840309"", ""tt2908446"", ""tt3410834"", ""tt21239838""]",https://www.imdb.com/name/nm4316121/,False
nm4327765,Michael Galliano,,,"[""actor""]","[""tt1844635""]",https://www.imdb.com/name/nm4327765/,False
nm4327894,Megan Beck,,,"[""actress""]","[""tt1844635""]",https://www.imdb.com/name/nm4327894/,False
nm4328193,Adam Chylinski,,,"[""actor""]","[""tt1844635"", ""tt11530728""]",https://www.imdb.com/name/nm4328193/,False
nm4328316,Kathleen Williams,,,"[""producer"", ""costume_department"", ""art_department""]","[""tt2048551"", ""tt1844635"", ""tt10192566""]",https://www.imdb.com/name/nm4328316/,False
nm4328412,Jason Sherman,,,"[""writer"", ""director"", ""actor""]","[""tt1844635"", ""tt1918779""]",https://www.imdb.com/name/nm4328412/,False
nm4328449,Dan Kellmer,,,"[""actor"", ""writer"", ""camera_department""]","[""tt2741602"", ""tt11242246"", ""tt6053490"", ""tt1844635""]",https://www.imdb.com/name/nm4328449/,False
nm4328648,Brandon Ebron,,,"[""actor""]","[""tt1844635""]",https://www.imdb.com/name/nm4328648/,False
nm4328678,Jimm Scannell,,,"[""writer"", ""camera_department"", ""make_up_department""]","[""tt1844635""]",https://www.imdb.com/name/nm4328678/,False
nm4328699,Brian Affleck,,,"[""actor""]","[""tt1844635""]",https://www.imdb.com/name/nm4328699/,False
nm4328705,Brittany Geiger,,,"[""actress""]","[""tt1844635""]",https://www.imdb.com/name/nm4328705/,False
nm4336636,Dermot O'Neill,,,"[""actor"", ""miscellaneous"", ""archive_footage""]","[""tt2201815"", ""tt3433074"", ""tt1819022"", ""tt3921858""]",https://www.imdb.com/name/nm4336636/,False
nm4340065,Shih-Keng Chien,,,"[""writer""]","[""tt10805432"", ""tt1226282"", ""tt8507402"", ""tt0889212""]",https://www.imdb.com/name/nm4340065/,False
nm4341859,Caitlin Dechelle-McDonald,,,"[""stunts"", ""actress""]","[""tt8111088"", ""tt0451279"", ""tt8244784"", ""tt20202136""]",https://www.imdb.com/name/nm4341859/,False
nm4348198,Shadae Lamar Smith,,,"[""director"", ""actor"", ""producer""]","[""tt4076926"", ""tt4486672"", ""tt4056158"", ""tt2434692""]",https://www.imdb.com/name/nm4348198/,False
nm4355888,Tianna Nori,,,"[""actress"", ""producer"", ""stunts""]","[""tt4285960"", ""tt2041328"", ""tt3549636"", ""tt3402594""]",https://www.imdb.com/name/nm4355888/,False
nm4365667,Emily Auble,,,"[""set_decorator"", ""art_department"", ""production_designer""]","[""tt9022950"", ""tt4291722"", ""tt10832274"", ""tt1839337""]",https://www.imdb.com/name/nm4365667/,False
nm4367449,Justin Perkinson,,,"[""cinematographer"", ""director"", ""camera_department""]","[""tt1887877"", ""tt2361874"", ""tt3226340"", ""tt23554518""]",https://www.imdb.com/name/nm4367449/,False
nm4391958,Aleksandar Aleksiev,1988,,"[""actor"", ""producer""]","[""tt2537176"", ""tt29267605"", ""tt1205537"", ""tt3833480""]",https://www.imdb.com/name/nm4391958/,False
nm4393993,M. Ravichandran Thevar,,,"[""cinematographer"", ""actor"", ""camera_department""]","[""tt1860215"", ""tt2635622"", ""tt2186731"", ""tt3000390""]",https://www.imdb.com/name/nm4393993/,False
nm4394265,Siddhartha Nuni,1983,,"[""cinematographer"", ""camera_department"", ""director""]","[""tt2358592"", ""tt27487934"", ""tt0454876"", ""tt22170036""]",https://www.imdb.com/name/nm4394265/,False
nm4394691,Krist Manaryan,,,"[""actor"", ""writer""]","[""tt1876373"", ""tt2571444"", ""tt11427244""]",https://www.imdb.com/name/nm4394691/,False
nm4401759,Kieron Holland,,,"[""writer"", ""director""]","[""tt10370042"", ""tt1881066"", ""tt10319554"", ""tt2937938""]",https://www.imdb.com/name/nm4401759/,False
nm4409325,Victor Pontecorvo,,,"[""actor"", ""assistant_director""]","[""tt26605367"", ""tt32868318"", ""tt21354694"", ""tt17912040""]",https://www.imdb.com/name/nm4409325/,False
nm4414804,Parijat Poddar,,,"[""art_director"", ""production_designer"", ""art_department""]","[""tt2574698"", ""tt7430722"", ""tt2082197"", ""tt0800956""]",https://www.imdb.com/name/nm4414804/,False
nm4414872,Vaspar Dandiwala,,,"[""writer""]","[""tt1890513"", ""tt9778022"", ""tt4279104"", ""tt7269100""]",https://www.imdb.com/name/nm4414872/,False
nm4415007,Mayank Tewari,1981,,"[""writer"", ""actor""]","[""tt6484982"", ""tt8069036"", ""tt9398466"", ""tt1890513""]",https://www.imdb.com/name/nm4415007/,False
nm4415009,Pavan Kirpalani,,,"[""writer"", ""director"", ""producer""]","[""tt1890513"", ""tt10083640"", ""tt5743656"", ""tt27012110""]",https://www.imdb.com/name/nm4415009/,False
nm4420495,Sonoya Mizuno,1986,,"[""actress"", ""director"", ""writer""]","[""tt0470752"", ""tt3783958"", ""tt5580146"", ""tt2798920""]",https://www.imdb.com/name/nm4420495/,False
nm4424397,Krystal Joy Brown,,,"[""actress"", ""producer"", ""director""]","[""tt11242246"", ""tt14721936"", ""tt0203259"", ""tt3979300""]",https://www.imdb.com/name/nm4424397/,False
nm4427586,R.K. Mama,,,"[""actor""]","[""tt2258337"", ""tt7971756"", ""tt14325118"", ""tt22751230""]",https://www.imdb.com/name/nm4427586/,False
nm4432572,Alex Martin,,,"[""editor"", ""editorial_department""]","[""tt1598873"", ""tt6888938"", ""tt1871391"", ""tt2222718""]",https://www.imdb.com/name/nm4432572/,False
nm4436707,Candy Potts,,,"[""actress"", ""producer""]","[""tt6988366"", ""tt1877214""]",https://www.imdb.com/name/nm4436707/,False
nm4444576,Marc Novak,,,"[""producer"", ""writer""]","[""tt7951704"", ""tt2184233"", ""tt8386514"", ""tt21872820""]",https://www.imdb.com/name/nm4444576/,False
nm4446637,Meng-Ju Shieh,,,"[""editor"", ""editorial_department"", ""director""]","[""tt38365045"", ""tt9283056"", ""tt10805432"", ""tt12079212""]",https://www.imdb.com/name/nm4446637/,False
nm4447323,Taha Shah Badussha,1987,,"[""actor"", ""producer""]","[""tt15204292"", ""tt11364772"", ""tt32123140"", ""tt12969078""]",https://www.imdb.com/name/nm4447323/,False
nm4447886,Paul Gallister,,,"[""composer"", ""music_department"", ""actor""]","[""tt3886222"", ""tt4932154"", ""tt32395062"", ""tt30513835""]",https://www.imdb.com/name/nm4447886/,False
nm4477065,Sophia Banks,,,"[""director"", ""producer"", ""writer""]","[""tt13918550"", ""tt8008810"", ""tt12137690"", ""tt29994753""]",https://www.imdb.com/name/nm4477065/,False
nm4480362,Fernando Delgado-Hierro,,,"[""actor"", ""writer"", ""director""]","[""tt36334424"", ""tt10399608"", ""tt5084096"", ""tt14118046""]",https://www.imdb.com/name/nm4480362/,False
nm4482049,Nicholas McGough,,,"[""actor""]","[""tt1414378""]",https://www.imdb.com/name/nm4482049/,False
nm4483013,Daria Gladysheva,,,"[""editor"", ""editorial_department"", ""miscellaneous""]","[""tt2649128"", ""tt15488646"", ""tt1820555"", ""tt23036528""]",https://www.imdb.com/name/nm4483013/,False
nm4485092,Eduard Sola,,,"[""writer"", ""producer"", ""director""]","[""tt28803868"", ""tt33312067"", ""tt29793197"", ""tt14463484""]",https://www.imdb.com/name/nm4485092/,False
nm4487928,Ty Parker,1998,,"[""actor""]","[""tt4872896"", ""tt3551096"", ""tt2184233"", ""tt2866824""]",https://www.imdb.com/name/nm4487928/,False
nm4489323,Pouya Shahbazian,,,"[""producer"", ""executive""]","[""tt3721936"", ""tt1840309"", ""tt3410834"", ""tt2908446""]",https://www.imdb.com/name/nm4489323/,False
nm4490375,Andrea Bang,,,"[""actress"", ""writer"", ""director""]","[""tt5912064"", ""tt7616148"", ""tt16464084"", ""tt7608248""]",https://www.imdb.com/name/nm4490375/,False
nm4496875,Mackenzie Davis,,,"[""actress"", ""producer"", ""director""]","[""tt6450804"", ""tt2085059"", ""tt1856101"", ""tt5610554""]",https://www.imdb.com/name/nm4496875/,False
nm4502162,Sylvie Ohayon,,,"[""director"", ""writer""]","[""tt3227548"", ""tt11610804"", ""tt0872041"", ""tt3749178""]",https://www.imdb.com/name/nm4502162/,False
nm4506004,Jody Brown,,,"[""actor""]","[""tt1414378""]",https://www.imdb.com/name/nm4506004/,False
nm4506218,Subrata Chakraborty,,,"[""production_designer"", ""art_director""]","[""tt4981966"", ""tt3390572"", ""tt10083340"", ""tt10295212""]",https://www.imdb.com/name/nm4506218/,False
nm4514363,Kôdai Asaka,1992,,"[""actor"", ""archive_footage""]","[""tt4717202"", ""tt13243836"", ""tt21308450"", ""tt8523116""]",https://www.imdb.com/name/nm4514363/,False
nm4514387,Shinnosuke Mitsushima,1989,,"[""actor"", ""soundtrack"", ""archive_footage""]","[""tt5249462"", ""tt5084170"", ""tt5731132"", ""tt10657812""]",https://www.imdb.com/name/nm4514387/,False
nm4517428,Ben Whalen,1988,,"[""actor"", ""producer"", ""director""]","[""tt38179615"", ""tt13064558"", ""tt23744070"", ""tt2948712""]",https://www.imdb.com/name/nm4517428/,False
nm4518724,Akash Sinha,,,"[""actor""]","[""tt1954470"", ""tt3019098"", ""tt11067726"", ""tt3959638""]",https://www.imdb.com/name/nm4518724/,False
nm4521638,Mangala Ahire,,,"[""actress""]","[""tt1890513"", ""tt26541225"", ""tt23804378""]",https://www.imdb.com/name/nm4521638/,False
nm4521892,Vinod Rawat,,,"[""director"", ""miscellaneous"", ""actor""]","[""tt12448030"", ""tt29454072"", ""tt7849412"", ""tt2072227""]",https://www.imdb.com/name/nm4521892/,False
nm4522379,Shernaza,,,"[""actress""]","[""tt1890513""]",https://www.imdb.com/name/nm4522379/,False
nm4522492,Christy Philips,,,"[""editor"", ""actor""]","[""tt3000390"", ""tt1999935"", ""tt1890513""]",https://www.imdb.com/name/nm4522492/,False
nm4522692,Janice,,,"[""actress""]","[""tt1890513""]",https://www.imdb.com/name/nm4522692/,False
nm4525146,Francesca Kao,1972,,"[""actress"", ""soundtrack""]","[""tt4770882"", ""tt16296066"", ""tt12768840"", ""tt4728952""]",https://www.imdb.com/name/nm4525146/,False
nm4527554,Brandon Burrows,,,"[""producer"", ""actor"", ""writer""]","[""tt38128471"", ""tt4616250"", ""tt16368898"", ""tt14950412""]",https://www.imdb.com/name/nm4527554/,False
nm4530596,Karen E. Johnson,,,"[""producer""]","[""tt1977817"", ""tt0455362"", ""tt1540792""]",https://www.imdb.com/name/nm4530596/,False
nm4534452,Jordan Coulson,,,"[""actor"", ""producer""]","[""tt0780653"", ""tt8814476"", ""tt1877830"", ""tt0088512""]",https://www.imdb.com/name/nm4534452/,False
nm4549664,Dhananjoy Mandol,,,"[""production_designer"", ""art_director""]","[""tt1620933"", ""tt2073070"", ""tt7695014"", ""tt2551378""]",https://www.imdb.com/name/nm4549664/,False
nm4550048,Ivan Orlic,,,"[""producer"", ""actor""]","[""tt0995868"", ""tt19864832"", ""tt20779570""]",https://www.imdb.com/name/nm4550048/,False
nm4555421,Aman Ahmad Jeffery,,,"[""writer""]","[""tt0354538"", ""tt1620907""]",https://www.imdb.com/name/nm4555421/,False
nm4556015,Alejandro Gil,,,"[""casting_director"", ""casting_department"", ""actor""]","[""tt14463484"", ""tt27599851"", ""tt18795088"", ""tt17677434""]",https://www.imdb.com/name/nm4556015/,False
nm4558604,Jason Akers,,,"[""music_department"", ""composer""]","[""tt1179933"", ""tt8663516"", ""tt5308322"", ""tt3741700""]",https://www.imdb.com/name/nm4558604/,False
nm4561627,Moon Choi,1986,,"[""actress"", ""writer"", ""director""]","[""tt35504660"", ""tt6903980"", ""tt3967856"", ""tt8922682""]",https://www.imdb.com/name/nm4561627/,False
nm4565312,Arjuna Harjai,,,"[""composer"", ""music_department"", ""actor""]","[""tt4857886"", ""tt8108196"", ""tt2576450"", ""tt5697870""]",https://www.imdb.com/name/nm4565312/,False
nm4565585,Sajid-Wajid,,,"[""music_artist"", ""composer"", ""music_department""]","[""tt2016894"", ""tt0374271"", ""tt3679040"", ""tt2762334""]",https://www.imdb.com/name/nm4565585/,False
nm4565815,Mena Massoud,1991,,"[""actor"", ""producer"", ""writer""]","[""tt6139732"", ""tt13989030"", ""tt14893438"", ""tt37542993""]",https://www.imdb.com/name/nm4565815/,False
nm4566698,R.R. Venkatathiri,,,"[""producer""]","[""tt1692189""]",https://www.imdb.com/name/nm4566698/,False
nm4569238,Gabriella Rivera,,,"[""actress"", ""sound_department""]","[""tt11261532"", ""tt10506510"", ""tt5903724"", ""tt2734876""]",https://www.imdb.com/name/nm4569238/,False
nm4571960,Chris J. Nairn,,,"[""composer"", ""music_department"", ""sound_department""]","[""tt3238502"", ""tt2282703"", ""tt4181138"", ""tt2267578""]",https://www.imdb.com/name/nm4571960/,False
nm4591704,Ed Kear,,,"[""actor"", ""writer"", ""producer""]","[""tt1877830"", ""tt8594324"", ""tt7097896"", ""tt3079380""]",https://www.imdb.com/name/nm4591704/,False
nm4596460,Homer Todiwala,,,"[""actor"", ""producer"", ""sound_department""]","[""tt4532826"", ""tt5013056"", ""tt8508734"", ""tt4468740""]",https://www.imdb.com/name/nm4596460/,False
nm4616575,Ace,,,"[""actor""]","[""tt0097388"", ""tt0103504""]",https://www.imdb.com/name/nm4616575/,False
nm4630698,Geneviève Boivin-Roussy,,,"[""actress"", ""writer""]","[""tt18561292"", ""tt2624626"", ""tt6649682"", ""tt39569538""]",https://www.imdb.com/name/nm4630698/,False
nm4630926,Denise Yuen,,,"[""actress"", ""producer"", ""costume_designer""]","[""tt4264426"", ""tt5678876"", ""tt5086772""]",https://www.imdb.com/name/nm4630926/,False
nm4633602,Kodali Venkateshwara Rao,,,"[""composer""]","[""tt1582466""]",https://www.imdb.com/name/nm4633602/,False
nm4657617,Marc O. Seng,,,"[""writer"", ""producer"", ""director""]","[""tt5753856"", ""tt11349196"", ""tt23397438"", ""tt12875782""]",https://www.imdb.com/name/nm4657617/,False
nm4665474,Michael B. Wunderman,,,"[""producer""]","[""tt2071550"", ""tt2053423""]",https://www.imdb.com/name/nm4665474/,False
nm4667199,Adrianna Edwards,,,"[""actress"", ""writer"", ""producer""]","[""tt8862940"", ""tt32254860"", ""tt6888938"", ""tt13796468""]",https://www.imdb.com/name/nm4667199/,False
nm4668046,Sayani Gupta,,,"[""actress"", ""director"", ""producer""]","[""tt10324144"", ""tt38066879"", ""tt6112414"", ""tt3495026""]",https://www.imdb.com/name/nm4668046/,False
nm4671160,Simon Savelyev,,,"[""editor"", ""assistant_director"", ""director""]","[""tt2629420"", ""tt2483062"", ""tt2520534"", ""tt4076926""]",https://www.imdb.com/name/nm4671160/,False
nm4677521,Harshraj Shroff,,,"[""cinematographer"", ""actor"", ""camera_department""]","[""tt2635622"", ""tt1860215"", ""tt2186731"", ""tt2071418""]",https://www.imdb.com/name/nm4677521/,False
nm4681652,Gerren Crochet,,,"[""producer"", ""executive""]","[""tt15374070""]",https://www.imdb.com/name/nm4681652/,False
nm4683400,Philippe Tlokinski,1985,,"[""actor""]","[""tt8706988"", ""tt4584746"", ""tt7633516"", ""tt15064554""]",https://www.imdb.com/name/nm4683400/,False
nm4683796,Tammie Smith,,,"[""producer"", ""director"", ""actress""]","[""tt14604100"", ""tt18362340"", ""tt20228278"", ""tt23871574""]",https://www.imdb.com/name/nm4683796/,False
nm4687352,C. Sathya,,,"[""music_department"", ""composer"", ""soundtrack""]","[""tt2065924"", ""tt2562162"", ""tt2827388"", ""tt2889234""]",https://www.imdb.com/name/nm4687352/,False
nm4703551,Brooke Butler,,,"[""actress""]","[""tt5071412"", ""tt2527186"", ""tt14412366"", ""tt28618542""]",https://www.imdb.com/name/nm4703551/,False
nm4705505,Lyubov Aksyonova,1990,,"[""actress"", ""producer""]","[""tt22987884"", ""tt6087226"", ""tt2476294"", ""tt6537238""]",https://www.imdb.com/name/nm4705505/,False
nm4707978,Jason Britton,,,"[""editorial_department"", ""production_manager"", ""visual_effects""]","[""tt8839352"", ""tt6113488"", ""tt2073584"", ""tt2528814""]",https://www.imdb.com/name/nm4707978/,False
nm4715348,Jose Tirado,,,"[""production_designer"", ""art_director"", ""miscellaneous""]","[""tt14463484"", ""tt15006566"", ""tt12683756"", ""tt32549375""]",https://www.imdb.com/name/nm4715348/,False
nm4716757,Saida Fuentes,,,"[""actress""]","[""tt32768323"", ""tt26693955"", ""tt11823940"", ""tt32210160""]",https://www.imdb.com/name/nm4716757/,False
nm4724311,Kailas Menon,,,"[""composer"", ""music_department"", ""soundtrack""]","[""tt13913068"", ""tt10218838"", ""tt7585270"", ""tt27209716""]",https://www.imdb.com/name/nm4724311/,False
nm4724320,Bastien Ughetto,1989,,"[""actor"", ""writer"", ""director""]","[""tt1964624"", ""tt11248266"", ""tt27729779"", ""tt18290238""]",https://www.imdb.com/name/nm4724320/,False
nm4726634,Haley Lu Richardson,1995,,"[""actress"", ""producer"", ""archive_footage""]","[""tt6472976"", ""tt5990474"", ""tt13406094"", ""tt1878870""]",https://www.imdb.com/name/nm4726634/,False
nm4728487,Jemma Dallender,,,"[""actress""]","[""tt2537176"", ""tt1662546"", ""tt5031580"", ""tt8457714""]",https://www.imdb.com/name/nm4728487/,False
nm4729449,Rajat Kaul,,,"[""actor""]","[""tt2792284"", ""tt12844910"", ""tt28614045"", ""tt2402131""]",https://www.imdb.com/name/nm4729449/,False
nm4731139,Henson Milam,,,"[""actress""]","[""tt12585076"", ""tt0210405"", ""tt3337732""]",https://www.imdb.com/name/nm4731139/,False
nm4731330,Nitin Baid,,,"[""editor"", ""editorial_department"", ""miscellaneous""]","[""tt2395469"", ""tt4635372"", ""tt7098658"", ""tt7518786""]",https://www.imdb.com/name/nm4731330/,False
nm4743632,Nicholas Elert,,,"[""composer"", ""music_department""]","[""tt4255318"", ""tt15220066"", ""tt18482800"", ""tt2094810""]",https://www.imdb.com/name/nm4743632/,False
nm4751834,Aaron Tharp,,,"[""editor"", ""visual_effects"", ""writer""]","[""tt33036144"", ""tt8021784"", ""tt23639696"", ""tt2098803""]",https://www.imdb.com/name/nm4751834/,False
nm4751994,Houssam Habib,1988,,"[""cinematographer"", ""camera_department""]","[""tt12204810"", ""tt43689538"", ""tt8409854"", ""tt20244880""]",https://www.imdb.com/name/nm4751994/,False
nm4752699,Michel Merkt,1972,,"[""producer"", ""miscellaneous""]","[""tt10199590"", ""tt10199640"", ""tt10199586"", ""tt7736478""]",https://www.imdb.com/name/nm4752699/,False
nm4753357,Paddy Houlihan,,,"[""actor"", ""writer"", ""producer""]","[""tt3433074"", ""tt1819022"", ""tt2201815"", ""tt3921858""]",https://www.imdb.com/name/nm4753357/,False
nm4756541,Magnus Karlsen,,,"[""composer""]","[""tt2102465""]",https://www.imdb.com/name/nm4756541/,False
nm4757196,Charu Shree Roy,,,"[""editor"", ""editorial_department"", ""director""]","[""tt9052870"", ""tt19755170"", ""tt3234002"", ""tt4807830""]",https://www.imdb.com/name/nm4757196/,False
nm4758864,Lena Young,,,"[""actress"", ""production_department""]","[""tt3608654"", ""tt4573594"", ""tt6318094"", ""tt4419498""]",https://www.imdb.com/name/nm4758864/,False
nm4760668,Keita Machida,1990,,"[""actor"", ""archive_footage""]","[""tt10795658"", ""tt13664452"", ""tt13243836"", ""tt9271566""]",https://www.imdb.com/name/nm4760668/,False
nm4760729,Lucie Red,,,"[""production_designer"", ""art_director"", ""art_department""]","[""tt6332736"", ""tt1555093"", ""tt29567402"", ""tt2095762""]",https://www.imdb.com/name/nm4760729/,False
nm4780115,Alex Farnham,,,"[""actor"", ""producer"", ""director""]","[""tt14637386"", ""tt15262370"", ""tt15670222"", ""tt21158192""]",https://www.imdb.com/name/nm4780115/,False
nm4784702,Katie Booth,,,"[""actress"", ""writer"", ""producer""]","[""tt7210448"", ""tt5937770"", ""tt5534434"", ""tt4168240""]",https://www.imdb.com/name/nm4784702/,False
nm4785118,Ayane Sakura,1994,,"[""actress"", ""music_department"", ""miscellaneous""]","[""tt2061702"", ""tt33175825"", ""tt5626028"", ""tt30217403""]",https://www.imdb.com/name/nm4785118/,False
nm4787081,Gnanasambandan Gurunathan,,,"[""actor"", ""producer""]","[""tt9260636"", ""tt10189514"", ""tt5959700"", ""tt0364647""]",https://www.imdb.com/name/nm4787081/,False
nm4787181,Sneha Murali,,,"[""actress""]","[""tt1496872"", ""tt23460884"", ""tt46568337""]",https://www.imdb.com/name/nm4787181/,False
nm4788192,Chris Wrobleski,,,"[""producer"", ""production_department"", ""production_manager""]","[""tt0896781"", ""tt2443022"", ""tt9505138"", ""tt8845260""]",https://www.imdb.com/name/nm4788192/,False
nm4788618,Sarah Sharp,,,"[""make_up_department"", ""production_designer"", ""producer""]","[""tt18482800"", ""tt10676052"", ""tt34441067"", ""tt4050462""]",https://www.imdb.com/name/nm4788618/,False
nm4791836,Simone Kome van Breugel,,,"[""writer""]","[""tt2359002"", ""tt0920448"", ""tt0478840"", ""tt3800028""]",https://www.imdb.com/name/nm4791836/,False
nm4797922,Vijay Deverakonda,1989,,"[""actor"", ""music_department"", ""producer""]","[""tt7294534"", ""tt4435072"", ""tt8590896"", ""tt12735488""]",https://www.imdb.com/name/nm4797922/,False
nm4801422,Artem Grigoryev,,,"[""stunts"", ""producer"", ""actor""]","[""tt27648491"", ""tt4032214"", ""tt1606384"", ""tt32606470""]",https://www.imdb.com/name/nm4801422/,False
nm4806449,Joseph Quinn,1994,,"[""actor"", ""soundtrack"", ""archive_footage""]","[""tt13433802"", ""tt10676052"", ""tt9218128"", ""tt31434639""]",https://www.imdb.com/name/nm4806449/,False
nm4806622,Huma Qureshi,1986,,"[""actress"", ""producer"", ""archive_footage""]","[""tt1954470"", ""tt2675978"", ""tt3678782"", ""tt15128068""]",https://www.imdb.com/name/nm4806622/,False
nm4814216,Sarah Boon,,,"[""actress""]","[""tt26660615"", ""tt19722066""]",https://www.imdb.com/name/nm4814216/,False
nm4818678,Masahiro Higashide,1988,,"[""actor"", ""archive_footage""]","[""tt7112154"", ""tt7155178"", ""tt5058340"", ""tt2142797""]",https://www.imdb.com/name/nm4818678/,False
nm4821724,Francesca Bradley,,,"[""casting_department"", ""casting_director"", ""actress""]","[""tt0427340"", ""tt1341338"", ""tt31186865"", ""tt4288182""]",https://www.imdb.com/name/nm4821724/,False
nm4829898,Joey Heyworth,,,"[""actor"", ""stunts"", ""camera_department""]","[""tt13064558"", ""tt9470422"", ""tt5987842""]",https://www.imdb.com/name/nm4829898/,False
nm4858900,Navin Nooli,,,"[""editor"", ""miscellaneous"", ""editorial_department""]","[""tt8948790"", ""tt5098128"", ""tt9537292"", ""tt7392212""]",https://www.imdb.com/name/nm4858900/,False
nm4859365,Elena Sopova,,,"[""actress""]","[""tt0452664"", ""tt5259790"", ""tt4949934""]",https://www.imdb.com/name/nm4859365/,False
nm4861800,Carlos Serrano,1989,,"[""actor"", ""soundtrack""]","[""tt2091188"", ""tt35657504"", ""tt10354106"", ""tt1847905""]",https://www.imdb.com/name/nm4861800/,False
nm4863191,Anna Vawser,,,"[""actress""]","[""tt1650042""]",https://www.imdb.com/name/nm4863191/,False
nm4877913,Muhammad Farrag,1982,,"[""actor""]","[""tt27721079"", ""tt4379056"", ""tt3353132"", ""tt11703922""]",https://www.imdb.com/name/nm4877913/,False
nm4884145,Mark Sheridan,,,"[""actor"", ""production_department"", ""miscellaneous""]","[""tt6662728"", ""tt9100764"", ""tt2201815"", ""tt3433074""]",https://www.imdb.com/name/nm4884145/,False
nm4888313,Roland Gratzer,,,"[""actor"", ""writer"", ""miscellaneous""]","[""tt2315738"", ""tt3296276"", ""tt8476156"", ""tt5597690""]",https://www.imdb.com/name/nm4888313/,False
nm4890759,Aggy K. Adams,1995,,"[""actress"", ""producer""]","[""tt5180504"", ""tt27369122"", ""tt28283547""]",https://www.imdb.com/name/nm4890759/,False
nm4899218,Justin Lee,,,"[""writer"", ""director"", ""producer""]","[""tt10253466"", ""tt13924672"", ""tt2738928"", ""tt3892566""]",https://www.imdb.com/name/nm4899218/,False
nm4905066,Isabella Gomez,,,"[""actress"", ""soundtrack"", ""archive_footage""]","[""tt5339440"", ""tt12708514"", ""tt7397098"", ""tt9428746""]",https://www.imdb.com/name/nm4905066/,False
nm4905103,Jenna Sarkin,,,"[""manager"", ""producer"", ""production_department""]","[""tt12585076"", ""tt20561654"", ""tt2244977"", ""tt2890374""]",https://www.imdb.com/name/nm4905103/,False
nm4905110,Phil Carter,,,"[""camera_department"", ""cinematographer""]","[""tt2649830"", ""tt4183140"", ""tt4076926"", ""tt2597814""]",https://www.imdb.com/name/nm4905110/,False
nm4914979,Yuriy Korobeynikov,1986,,"[""cinematographer"", ""director""]","[""tt5135336"", ""tt8664988"", ""tt22468422"", ""tt38708913""]",https://www.imdb.com/name/nm4914979/,False
nm4925834,Cara Theobold,1990,,"[""actress""]","[""tt1606375"", ""tt6038584"", ""tt6794990"", ""tt1677720""]",https://www.imdb.com/name/nm4925834/,False
nm4927704,Xolo Maridueña,2001,,"[""actor"", ""producer"", ""archive_footage""]","[""tt7221388"", ""tt9362930"", ""tt17069148""]",https://www.imdb.com/name/nm4927704/,False
nm4932007,Tomás Virgós,,,"[""composer"", ""music_department"", ""soundtrack""]","[""tt14722598"", ""tt6433832"", ""tt10225276"", ""tt2566176""]",https://www.imdb.com/name/nm4932007/,False
nm4932304,Claudia Lee,1996,,"[""actress""]","[""tt1650554"", ""tt3826866"", ""tt1832979"", ""tt9009826""]",https://www.imdb.com/name/nm4932304/,False
nm4937378,Mohamed Mamdouh,1981,,"[""actor""]","[""tt3461252"", ""tt16311220"", ""tt4003070"", ""tt2757228""]",https://www.imdb.com/name/nm4937378/,False
nm4940865,Riko Sakaguchi,,,"[""writer""]","[""tt2576852"", ""tt6336356"", ""tt37969835"", ""tt7637350""]",https://www.imdb.com/name/nm4940865/,False
nm4944824,Bianca Haase,,,"[""actress""]","[""tt2637294"", ""tt4384086"", ""tt6484002"", ""tt4903242""]",https://www.imdb.com/name/nm4944824/,False
nm4946914,Ben Pollack,,,"[""casting_department"", ""casting_director"", ""director""]","[""tt14500082"", ""tt15096128"", ""tt7845644"", ""tt2109248""]",https://www.imdb.com/name/nm4946914/,False
nm4949679,Grant O'Connell,,,"[""actor"", ""writer"", ""producer""]","[""tt24441264"", ""tt5708072"", ""tt9561712"", ""tt4480398""]",https://www.imdb.com/name/nm4949679/,False
nm4960279,Margaret Qualley,1994,,"[""actress"", ""producer"", ""miscellaneous""]","[""tt7131622"", ""tt8746478"", ""tt6018502"", ""tt4513316""]",https://www.imdb.com/name/nm4960279/,False
nm4965072,Lukas Gage,1995,,"[""actor"", ""writer"", ""producer""]","[""tt13406094"", ""tt8772296"", ""tt29268110"", ""tt26584495""]",https://www.imdb.com/name/nm4965072/,False
nm4966249,Mark Columbus,,,"[""editor"", ""director"", ""sound_department""]","[""tt2318697"", ""tt4177980"", ""tt4076926"", ""tt3525446""]",https://www.imdb.com/name/nm4966249/,False
nm4972308,Sharad Singh,,,"[""actor"", ""producer"", ""music_department""]","[""tt13013820"", ""tt2292625"", ""tt0392625"", ""tt16407334""]",https://www.imdb.com/name/nm4972308/,False
nm4977054,S. Radha Krishna,,,"[""producer""]","[""tt2330927"", ""tt9537292"", ""tt5684466"", ""tt7765910""]",https://www.imdb.com/name/nm4977054/,False
nm4996483,Anthony Marciano,,,"[""director"", ""writer"", ""composer""]","[""tt2354181"", ""tt7998848"", ""tt36313062"", ""tt4032428""]",https://www.imdb.com/name/nm4996483/,False
nm5003154,Hiroshi Seko,,,"[""writer"", ""production_department"", ""script_department""]","[""tt30472557"", ""tt30217403"", ""tt33175825"", ""tt12343534""]",https://www.imdb.com/name/nm5003154/,False
nm5003252,Aleksandr Petrov,1989,,"[""actor"", ""producer"", ""director""]","[""tt7456310"", ""tt10767426"", ""tt8820590"", ""tt6840106""]",https://www.imdb.com/name/nm5003252/,False
nm5004245,Max Taxe,,,"[""writer""]","[""tt12585076"", ""tt14022206"", ""tt42497776"", ""tt2582758""]",https://www.imdb.com/name/nm5004245/,False
nm5011560,Sona Eyambe,1981,,"[""actor"", ""sound_department""]","[""tt4439102"", ""tt3540136"", ""tt2328841"", ""tt3091398""]",https://www.imdb.com/name/nm5011560/,False
nm5012845,Maxim Busel,1993,,"[""actor"", ""composer""]","[""tt3040638"", ""tt8198998"", ""tt10329842"", ""tt38638821""]",https://www.imdb.com/name/nm5012845/,False
nm5016474,Kaushik Roy,,,"[""actor""]","[""tt3173910"", ""tt3602260"", ""tt14260908"", ""tt26687058""]",https://www.imdb.com/name/nm5016474/,False
nm5023746,Kayoze Irani,1987,,"[""sound_department"", ""actor"", ""director""]","[""tt13510660"", ""tt2172071"", ""tt23865942"", ""tt14091818""]",https://www.imdb.com/name/nm5023746/,False
nm5033237,Gaia Scodellaro,,,"[""actress""]","[""tt17024450"", ""tt32474316"", ""tt4337894"", ""tt7809420""]",https://www.imdb.com/name/nm5033237/,False
nm5044946,Jay Shanker Pandey,,,"[""actor""]","[""tt2308773"", ""tt36491337"", ""tt8836572"", ""tt28654494""]",https://www.imdb.com/name/nm5044946/,False
nm5051981,Lawrene Denkers,1961,,"[""actress""]","[""tt10874006"", ""tt15599312"", ""tt8599572"", ""tt28585739""]",https://www.imdb.com/name/nm5051981/,False
nm5052065,Ansel Elgort,1994,,"[""actor"", ""producer"", ""soundtrack""]","[""tt2582846"", ""tt1840309"", ""tt3890160"", ""tt2908446""]",https://www.imdb.com/name/nm5052065/,False
nm5052148,Buddy Patrick,1984,,"[""producer""]","[""tt7784604"", ""tt1327773"", ""tt1634106"", ""tt10310140""]",https://www.imdb.com/name/nm5052148/,False
nm5060304,A.R. Sreedhar,,,"[""writer"", ""assistant_director"", ""director""]","[""tt4435072"", ""tt9558468"", ""tt2181931"", ""tt22751230""]",https://www.imdb.com/name/nm5060304/,False
nm5063862,Pierre-Philippe Côté,,,"[""composer"", ""music_department"", ""actor""]","[""tt6243140"", ""tt1374992"", ""tt14814040"", ""tt7264528""]",https://www.imdb.com/name/nm5063862/,False
nm5064855,Sergey Kozlov,1954,,"[""producer""]","[""tt5317914"", ""tt2649128"", ""tt0200267"", ""tt0102361""]",https://www.imdb.com/name/nm5064855/,False
nm5066571,Shaan Rahman,,,"[""composer"", ""music_department"", ""actor""]","[""tt6789174"", ""tt7268738"", ""tt2248028"", ""tt3517192""]",https://www.imdb.com/name/nm5066571/,False
nm5069465,Diana Penty,1985,,"[""actress"", ""archive_footage""]","[""tt2168910"", ""tt27922706"", ""tt11314148"", ""tt27501039""]",https://www.imdb.com/name/nm5069465/,False
nm5072747,Diana Del Bufalo,1990,,"[""actress"", ""soundtrack""]","[""tt30235974"", ""tt1805767"", ""tt6917290"", ""tt36956284""]",https://www.imdb.com/name/nm5072747/,False
nm5088183,Michael Olusczak,,,"[""actor""]","[""tt1336608""]",https://www.imdb.com/name/nm5088183/,False
nm5088247,Dakota Sage Grant,,,"[""actress""]","[""tt1336608""]",https://www.imdb.com/name/nm5088247/,False
nm5092206,Thea Hollatz,,,"[""production_designer"", ""set_decorator"", ""art_director""]","[""tt10893130"", ""tt21103576"", ""tt7069496"", ""tt4006302""]",https://www.imdb.com/name/nm5092206/,False
nm5094403,Dylan Playfair,1992,,"[""actor"", ""producer"", ""director""]","[""tt4647692"", ""tt5117876"", ""tt5467814"", ""tt0883391""]",https://www.imdb.com/name/nm5094403/,False
nm5109998,Sarah Hoffmeister,,,"[""actress""]","[""tt4411584"", ""tt7235466""]",https://www.imdb.com/name/nm5109998/,False
nm5114767,Bheems Ceciroleo,,,"[""composer"", ""music_department"", ""actor""]","[""tt15685876"", ""tt31226981"", ""tt14411774"", ""tt30413898""]",https://www.imdb.com/name/nm5114767/,False
nm5120794,Rukman Rosadi,,,"[""actor"", ""miscellaneous"", ""assistant_director""]","[""tt14954636"", ""tt13834788"", ""tt6947800"", ""tt8900302""]",https://www.imdb.com/name/nm5120794/,False
nm5132581,Emilie Blichfeldt,1991,,"[""director"", ""writer"", ""actress""]","[""tt29344903"", ""tt3449862"", ""tt8760738"", ""tt36156228""]",https://www.imdb.com/name/nm5132581/,False
nm5136172,Dan Antoniazzi,,,"[""writer""]","[""tt4383594"", ""tt2239874"", ""tt3132794""]",https://www.imdb.com/name/nm5136172/,False
nm5137104,Amanda Grace Benitez,,,"[""actress""]","[""tt2527186"", ""tt11454320"", ""tt10418846"", ""tt6720438""]",https://www.imdb.com/name/nm5137104/,False
nm5137121,Natsuki Hanae,1991,,"[""actor"", ""music_department"", ""miscellaneous""]","[""tt30217403"", ""tt6263850"", ""tt3819668"", ""tt3228774""]",https://www.imdb.com/name/nm5137121/,False
nm5142487,Brian Robertson,,,"[""producer"", ""director"", ""production_designer""]","[""tt35939341"", ""tt32880932"", ""tt18070666"", ""tt10036104""]",https://www.imdb.com/name/nm5142487/,False
nm5144965,Jordan Thornsburg,,,"[""cinematographer"", ""actor"", ""visual_effects""]","[""tt2585548"", ""tt10117122"", ""tt4642970"", ""tt2252756""]",https://www.imdb.com/name/nm5144965/,False
nm5145057,Talitha Eliana Bateman,2001,,"[""actress"", ""archive_footage""]","[""tt5140878"", ""tt1981128"", ""tt5164432"", ""tt2304933""]",https://www.imdb.com/name/nm5145057/,False
nm5159926,Ricardo Lorenzo,,,"[""director"", ""editor"", ""producer""]","[""tt10207962"", ""tt2273736"", ""tt4475762"", ""tt23664706""]",https://www.imdb.com/name/nm5159926/,False
nm5162352,Sarah Fisher,,,"[""actress"", ""composer"", ""producer""]","[""tt0288937"", ""tt5224012"", ""tt22334258"", ""tt1094229""]",https://www.imdb.com/name/nm5162352/,False
nm5163988,Eamon Long,,,"[""camera_department"", ""cinematographer"", ""editor""]","[""tt6037582"", ""tt26771713"", ""tt13924672"", ""tt15262370""]",https://www.imdb.com/name/nm5163988/,False
nm5166292,Namitha Pramod,1996,,"[""actress""]","[""tt4305802"", ""tt3895152"", ""tt5082670"", ""tt5271432""]",https://www.imdb.com/name/nm5166292/,False
nm5174473,Vanesa Tamayo,,,"[""actress"", ""producer"", ""production_department""]","[""tt17543592"", ""tt16612352"", ""tt26899693"", ""tt11736136""]",https://www.imdb.com/name/nm5174473/,False
nm5189784,Alex Sharp,,,"[""actor"", ""soundtrack""]","[""tt1070874"", ""tt5541240"", ""tt13016388"", ""tt9051908""]",https://www.imdb.com/name/nm5189784/,False
nm5190413,Elías M. Félix,,,"[""cinematographer"", ""camera_department"", ""director""]","[""tt6450804"", ""tt3721964"", ""tt0900387"", ""tt14463484""]",https://www.imdb.com/name/nm5190413/,False
nm5193944,Lele Laila,,,"[""writer"", ""producer"", ""script_department""]","[""tt13972320"", ""tt13369452"", ""tt11572502"", ""tt43484979""]",https://www.imdb.com/name/nm5193944/,False
nm5208525,Asghar Wajahat,,,"[""writer""]","[""tt29330744"", ""tt29606230"", ""tt13801462"", ""tt0150683""]",https://www.imdb.com/name/nm5208525/,False
nm5215694,John Harding,,,"[""actor"", ""stunts""]","[""tt9376612"", ""tt38072404"", ""tt10370042"", ""tt6665130""]",https://www.imdb.com/name/nm5215694/,False
nm5216674,Michael Ayres,,,"[""actor"", ""director"", ""writer""]","[""tt4139588"", ""tt5178678"", ""tt37498315"", ""tt5774002""]",https://www.imdb.com/name/nm5216674/,False
nm5219130,Asim Chaudhry,1986,,"[""actor"", ""writer"", ""director""]","[""tt3762198"", ""tt9217716"", ""tt9495224"", ""tt7211032""]",https://www.imdb.com/name/nm5219130/,False
nm5222015,Ailbhe Keogan,,,"[""writer"", ""script_department""]","[""tt33059458"", ""tt2343158"", ""tt13515090"", ""tt15469618""]",https://www.imdb.com/name/nm5222015/,False
nm5222357,Sasha Gavrilova,,,"[""actor""]","[""tt2190483""]",https://www.imdb.com/name/nm5222357/,False
nm5223087,Irma Arendt,,,"[""actress""]","[""tt32058413"", ""tt2190483"", ""tt5298138"", ""tt1446206""]",https://www.imdb.com/name/nm5223087/,False
nm5224068,Ersya Aurelia,,,"[""actress"", ""soundtrack""]","[""tt28506753"", ""tt28506744"", ""tt28506726"", ""tt2409300""]",https://www.imdb.com/name/nm5224068/,False
nm5241704,Shruti Mahajan,,,"[""casting_director"", ""casting_department"", ""talent_agent""]","[""tt3735246"", ""tt6826438"", ""tt5165344"", ""tt7218518""]",https://www.imdb.com/name/nm5241704/,False
nm5244246,Haori Takahashi,1997,,"[""actress""]","[""tt4192662"", ""tt5167966"", ""tt9642406"", ""tt15534052""]",https://www.imdb.com/name/nm5244246/,False
nm5253091,Squall Charlson,,,"[""actor"", ""director"", ""writer""]","[""tt11982214"", ""tt6570372"", ""tt6649792"", ""tt6877772""]",https://www.imdb.com/name/nm5253091/,False
nm5253704,Rishabh Purohit,,,"[""writer"", ""miscellaneous""]","[""tt5440700"", ""tt4987556"", ""tt4432480"", ""tt7019820""]",https://www.imdb.com/name/nm5253704/,False
nm5276483,Svyatoslav Podgaevskiy,1983,,"[""director"", ""writer"", ""producer""]","[""tt4901756"", ""tt6095090"", ""tt12057168"", ""tt22873772""]",https://www.imdb.com/name/nm5276483/,False
nm5280583,Yuelin Shi,,,"[""actress""]","[""tt27907198"", ""tt5082580"", ""tt2405552"", ""tt9638680""]",https://www.imdb.com/name/nm5280583/,False
nm5286765,Brendan McNeill,,,"[""producer"", ""miscellaneous"", ""production_manager""]","[""tt21431644"", ""tt8746404"", ""tt14764464"", ""tt10696116""]",https://www.imdb.com/name/nm5286765/,False
nm5288134,Suzanne Crowley,,,"[""casting_director"", ""casting_department""]","[""tt7016936"", ""tt5014882"", ""tt0266425"", ""tt0183790""]",https://www.imdb.com/name/nm5288134/,False
nm5307128,Daniel Barnett,,,"[""actor"", ""production_department""]","[""tt1341338"", ""tt4357198"", ""tt4995776"", ""tt4761112""]",https://www.imdb.com/name/nm5307128/,False
nm5312835,Tara Anaïse,,,"[""producer"", ""director"", ""writer""]","[""tt2443022"", ""tt13639222"", ""tt3499986"", ""tt2109141""]",https://www.imdb.com/name/nm5312835/,False
nm5315106,Steve Krikris,,,"[""producer"", ""director"", ""writer""]","[""tt7838494"", ""tt31193137"", ""tt1379182"", ""tt13649928""]",https://www.imdb.com/name/nm5315106/,False
nm5321876,Wakana Okamura,,,"[""producer"", ""miscellaneous"", ""production_department""]","[""tt35222590"", ""tt16428256"", ""tt9426210"", ""tt2591814""]",https://www.imdb.com/name/nm5321876/,False
nm5322576,Alfonso G. Aguilar,1985,,"[""composer"", ""music_department"", ""producer""]","[""tt3395608"", ""tt4729430"", ""tt1941717"", ""tt3703418""]",https://www.imdb.com/name/nm5322576/,False
nm5349154,Tae-gon Chang,,,"[""producer""]","[""tt2253742""]",https://www.imdb.com/name/nm5349154/,False
nm5349173,Aram Choi,,,"[""miscellaneous"", ""producer""]","[""tt1706620"", ""tt0762073"", ""tt0310775"", ""tt2253742""]",https://www.imdb.com/name/nm5349173/,False
nm5356239,Alex Ashworth,,,"[""producer"", ""miscellaneous"", ""production_manager""]","[""tt14850054"", ""tt27812086"", ""tt4131496"", ""tt34374553""]",https://www.imdb.com/name/nm5356239/,False
nm5357429,Matti Falkenberg,,,"[""editor"", ""editorial_department"", ""visual_effects""]","[""tt5753856"", ""tt2107814"", ""tt11324982"", ""tt7225386""]",https://www.imdb.com/name/nm5357429/,False
nm5362985,Jordan Gray,,,"[""actor"", ""producer"", ""writer""]","[""tt6267828"", ""tt6129830"", ""tt40185396"", ""tt6267814""]",https://www.imdb.com/name/nm5362985/,False
nm5371809,Lucy Attwood,,,"[""art_department"", ""production_designer"", ""art_director""]","[""tt3238502"", ""tt2319288"", ""tt3157224"", ""tt6932244""]",https://www.imdb.com/name/nm5371809/,False
nm5372552,Nadia Boceski,,,"[""actress""]","[""tt2527186"", ""tt1369697""]",https://www.imdb.com/name/nm5372552/,False
nm5372762,Alex Barima,1991,,"[""actor"", ""producer"", ""writer""]","[""tt8690918"", ""tt13983670"", ""tt5420376"", ""tt5368542""]",https://www.imdb.com/name/nm5372762/,False
nm5372764,Zach Lorkiewicz,,,"[""editor"", ""writer"", ""director""]","[""tt32465280"", ""tt27523519"", ""tt21062614"", ""tt14323206""]",https://www.imdb.com/name/nm5372764/,False
nm5381703,Joe Homokay,,,"[""visual_effects"", ""editor"", ""director""]","[""tt3065836"", ""tt6856592"", ""tt5814778"", ""tt7120112""]",https://www.imdb.com/name/nm5381703/,False
nm5389195,Bhavesh Balchandani,2001,,"[""actor"", ""archive_footage""]","[""tt6994570"", ""tt5328326"", ""tt2406676"", ""tt19868542""]",https://www.imdb.com/name/nm5389195/,False
nm5393011,Sing Hom,1989,,"[""actor""]","[""tt35006637"", ""tt9314996"", ""tt3974790"", ""tt3487082""]",https://www.imdb.com/name/nm5393011/,False
nm5396123,Klaudiusz Frydrych,,,"[""producer""]","[""tt33996793"", ""tt35522907"", ""tt15538962"", ""tt2627146""]",https://www.imdb.com/name/nm5396123/,False
nm5397686,Albin Grenholm,,,"[""actor""]","[""tt6910282"", ""tt4836846"", ""tt11385266"", ""tt9140604""]",https://www.imdb.com/name/nm5397686/,False
nm5400953,Sofia Lesaffre,1997,,"[""actress""]","[""tt10199590"", ""tt3838034"", ""tt10092752"", ""tt13278100""]",https://www.imdb.com/name/nm5400953/,False
nm5403150,Alena Lapteva,,,"[""actress""]","[""tt2190483"", ""tt11018008"", ""tt23034674""]",https://www.imdb.com/name/nm5403150/,False
nm5403173,Pavel Dodonov,1979,,"[""composer"", ""actor"", ""sound_department""]","[""tt28484952"", ""tt32378615"", ""tt29076602"", ""tt12810906""]",https://www.imdb.com/name/nm5403173/,False
nm5403653,Aleksei Pustovoitev,,,"[""actor""]","[""tt2190483"", ""tt29248112"", ""tt14480138""]",https://www.imdb.com/name/nm5403653/,False
nm5403682,Olga Gileva,,,"[""casting_director"", ""actress"", ""casting_department""]","[""tt22460506"", ""tt1693830"", ""tt3508808"", ""tt37962221""]",https://www.imdb.com/name/nm5403682/,False
nm5405440,Kyanna Simone,,,"[""actress""]","[""tt7949204"", ""tt7550000"", ""tt4537896"", ""tt5686132""]",https://www.imdb.com/name/nm5405440/,False
nm5411093,Müjde Uzman,1984,,"[""actress""]","[""tt4787052"", ""tt8653902"", ""tt41683295"", ""tt2544148""]",https://www.imdb.com/name/nm5411093/,False
nm5412083,Chris Redd,1985,,"[""actor"", ""writer"", ""producer""]","[""tt3960412"", ""tt7286456"", ""tt5884792"", ""tt14129388""]",https://www.imdb.com/name/nm5412083/,False
nm5425309,Lijo Paul,,,"[""editor"", ""editorial_department"", ""assistant_director""]","[""tt3517192"", ""tt4511460"", ""tt5884834"", ""tt1433543""]",https://www.imdb.com/name/nm5425309/,False
nm5432149,Amit Ray,,,"[""production_designer"", ""art_director"", ""actor""]","[""tt4981966"", ""tt3390572"", ""tt10083340"", ""tt10295212""]",https://www.imdb.com/name/nm5432149/,False
nm5439393,Efi Birba,,,"[""production_designer"", ""set_decorator""]","[""tt10110614"", ""tt18224728"", ""tt23462590""]",https://www.imdb.com/name/nm5439393/,False
nm5440206,Sushil Dahiya,,,"[""actor""]","[""tt8291224"", ""tt4934950"", ""tt5571734"", ""tt8948790""]",https://www.imdb.com/name/nm5440206/,False
nm5443998,Guglielmo Poggi,1991,,"[""actor"", ""director"", ""writer""]","[""tt11902732"", ""tt7667558"", ""tt5419476"", ""tt20243828""]",https://www.imdb.com/name/nm5443998/,False
nm5444787,Vijay Babu,1976,,"[""actor"", ""producer"", ""archive_footage""]","[""tt4930814"", ""tt6167894"", ""tt10329838"", ""tt15568546""]",https://www.imdb.com/name/nm5444787/,False
nm5445991,Scott Meola,,,"[""composer""]","[""tt2443022"", ""tt10553164"", ""tt10441912""]",https://www.imdb.com/name/nm5445991/,False
nm5452110,Girish Takle,,,"[""editorial_department"", ""editor""]","[""tt2120120"", ""tt1951266"", ""tt2109248"", ""tt1386703""]",https://www.imdb.com/name/nm5452110/,False
nm5454757,Jonathan King,,,"[""director"", ""writer"", ""producer""]","[""tt2609000"", ""tt4076926"", ""tt5674466"", ""tt8582232""]",https://www.imdb.com/name/nm5454757/,False
nm5470601,Regina Pavón,,,"[""actress""]","[""tt12540080"", ""tt12616964"", ""tt16442864"", ""tt23781408""]",https://www.imdb.com/name/nm5470601/,False
nm5470854,Keya Hamilton,,,"[""actress"", ""writer"", ""director""]","[""tt31038430"", ""tt4627382"", ""tt21335356"", ""tt15425920""]",https://www.imdb.com/name/nm5470854/,False
nm5477810,Marisol Roncali,,,"[""casting_director"", ""casting_department""]","[""tt33095251"", ""tt24950660"", ""tt9362930"", ""tt15255876""]",https://www.imdb.com/name/nm5477810/,False
nm5481013,Kaito Ishikawa,1993,,"[""actor"", ""miscellaneous"", ""soundtrack""]","[""tt5311514"", ""tt14205554"", ""tt4508902"", ""tt30217403""]",https://www.imdb.com/name/nm5481013/,False
nm5524273,Paul Hamy,1982,,"[""actor""]","[""tt4929038"", ""tt6136188"", ""tt2298416"", ""tt5287852""]",https://www.imdb.com/name/nm5524273/,False
nm5545145,Annette Wozniak,,,"[""actress"", ""art_department""]","[""tt5201934"", ""tt9869668"", ""tt4452274"", ""tt5269172""]",https://www.imdb.com/name/nm5545145/,False
nm5548171,Madhu Bhojwani,,,"[""producer""]","[""tt15012366"", ""tt4387040"", ""tt2385104"", ""tt11260832""]",https://www.imdb.com/name/nm5548171/,False
nm5548228,Monisha Advani,,,"[""producer"", ""actress""]","[""tt15012366"", ""tt4387040"", ""tt28552918"", ""tt8869978""]",https://www.imdb.com/name/nm5548228/,False
nm5557614,Teresa Sullivan,,,"[""writer""]","[""tt4076926"", ""tt2748554""]",https://www.imdb.com/name/nm5557614/,False
nm5558562,Jade Croot,1999,,"[""actress""]","[""tt2317225"", ""tt32273171"", ""tt32268992"", ""tt23152082""]",https://www.imdb.com/name/nm5558562/,False
nm5570560,Odessa A'zion,2000,,"[""actress"", ""producer"", ""soundtrack""]","[""tt0887261"", ""tt10473150"", ""tt7712594"", ""tt11379026""]",https://www.imdb.com/name/nm5570560/,False
nm5575570,Robert Mockler,,,"[""director"", ""writer"", ""editor""]","[""tt3204632""]",https://www.imdb.com/name/nm5575570/,False
nm5575653,Adam Bessa,1991,,"[""actor"", ""archive_footage""]","[""tt9317274"", ""tt30135174"", ""tt9252468"", ""tt8936646""]",https://www.imdb.com/name/nm5575653/,False
nm5575765,Michael Gideon Sherry,,,"[""actor"", ""producer"", ""writer""]","[""tt1840309"", ""tt2844656"", ""tt8370358"", ""tt3125492""]",https://www.imdb.com/name/nm5575765/,False
nm5575971,Fawzi Darwish,,,"[""cinematographer""]","[""tt31013030"", ""tt13694540"", ""tt10544518"", ""tt13317106""]",https://www.imdb.com/name/nm5575971/,False
nm5578638,Sandra Thomas,,,"[""actress"", ""producer""]","[""tt4511460"", ""tt27209716"", ""tt2786278"", ""tt3686242""]",https://www.imdb.com/name/nm5578638/,False
nm5599463,Kristin Brewer,,,"[""actress""]","[""tt1161418""]",https://www.imdb.com/name/nm5599463/,False
nm5621687,Tammiraju Bikkina,,,"[""editor""]","[""tt1447500"", ""tt2631186"", ""tt2258337"", ""tt4849438""]",https://www.imdb.com/name/nm5621687/,False
nm5636855,Ipek Sorak,,,"[""producer"", ""director"", ""writer""]","[""tt0384116"", ""tt10420532"", ""tt43641159"", ""tt1807950""]",https://www.imdb.com/name/nm5636855/,False
nm5637317,Raashi Khanna,1990,,"[""actress"", ""music_department"", ""producer""]","[""tt2855648"", ""tt14486948"", ""tt15477488"", ""tt16139258""]",https://www.imdb.com/name/nm5637317/,False
nm5648145,Jeremy Jude,,,"[""actor""]","[""tt3560084"", ""tt2184233"", ""tt4416518"", ""tt4270408""]",https://www.imdb.com/name/nm5648145/,False
nm5654913,Ting-hu Zhang,1991,,"[""actor""]","[""tt4171698"", ""tt4987072"", ""tt27941077"", ""tt22757470""]",https://www.imdb.com/name/nm5654913/,False
nm5658585,Philippe Haddad,,,"[""actor""]","[""tt4085084"", ""tt6634514""]",https://www.imdb.com/name/nm5658585/,False
nm5663160,Dmitriy Chebotaryov,1986,,"[""actor""]","[""tt12518970"", ""tt30420755"", ""tt7601480"", ""tt23789808""]",https://www.imdb.com/name/nm5663160/,False
nm5663632,Eleanor Stagg,2004,,"[""actress""]","[""tt3319730"", ""tt2884018"", ""tt2245003"", ""tt2901772""]",https://www.imdb.com/name/nm5663632/,False
nm5683875,Judah Sandhy,,,"[""composer"", ""music_department"", ""actor""]","[""tt38755084"", ""tt45605002"", ""tt16246472"", ""tt14773866""]",https://www.imdb.com/name/nm5683875/,False
nm5684567,Neville Kiser,1982,,"[""writer"", ""production_department"", ""director""]","[""tt0350028"", ""tt0368933"", ""tt2932578"", ""tt3876648""]",https://www.imdb.com/name/nm5684567/,False
nm5687461,Rocio Garcia,,,"[""actress"", ""writer""]","[""tt2431438"", ""tt1032838"", ""tt39699537"", ""tt7414954""]",https://www.imdb.com/name/nm5687461/,False
nm5693918,Daiki Yamashita,1989,,"[""actor"", ""miscellaneous"", ""music_department""]","[""tt5626028"", ""tt6467266"", ""tt32820897"", ""tt13409432""]",https://www.imdb.com/name/nm5693918/,False
nm5694650,Andreas Johannessen,,,"[""cinematographer"", ""camera_department"", ""producer""]","[""tt29567402"", ""tt10592866"", ""tt6486762"", ""tt36454040""]",https://www.imdb.com/name/nm5694650/,False
nm5696188,Sophie Payan,,,"[""actress"", ""stunts""]","[""tt43645716"", ""tt35319926"", ""tt28182919"", ""tt9584814""]",https://www.imdb.com/name/nm5696188/,False
nm5697538,Ayyappa P. Sharma,1969,,"[""actor"", ""writer"", ""director""]","[""tt37637165"", ""tt7838252"", ""tt10698680"", ""tt2949874""]",https://www.imdb.com/name/nm5697538/,False
nm5699124,Caroline Palmer,,,"[""actress"", ""miscellaneous"", ""writer""]","[""tt0448115"", ""tt11654680"", ""tt3450134"", ""tt29592878""]",https://www.imdb.com/name/nm5699124/,False
nm5700898,Mikey Madison,1999,,"[""actress"", ""choreographer"", ""miscellaneous""]","[""tt28607951"", ""tt7131622"", ""tt11245972"", ""tt4370596""]",https://www.imdb.com/name/nm5700898/,False
nm5702375,Kim Ji-young,2005,,"[""actress""]","[""tt2070649"", ""tt3727450"", ""tt28494829"", ""tt15146242""]",https://www.imdb.com/name/nm5702375/,False
nm5703727,Kelly Lynn Reiter,1997,,"[""actress"", ""producer"", ""writer""]","[""tt27812086"", ""tt13751042"", ""tt26697087"", ""tt37279821""]",https://www.imdb.com/name/nm5703727/,False
nm5710414,Thomas Cocquerel,,,"[""actor"", ""producer"", ""soundtrack""]","[""tt31314751"", ""tt4406178"", ""tt9844522"", ""tt2661044""]",https://www.imdb.com/name/nm5710414/,False
nm5717475,Rob Smat,,,"[""director"", ""writer"", ""actor""]","[""tt5578598"", ""tt2968088"", ""tt8318348"", ""tt18411838""]",https://www.imdb.com/name/nm5717475/,False
nm5720713,Bartosz Swiniarski,,,"[""cinematographer"", ""camera_department"", ""director""]","[""tt10110614"", ""tt32367116"", ""tt15211080"", ""tt11671404""]",https://www.imdb.com/name/nm5720713/,False
nm5721655,Young-min Kim,,,"[""producer""]","[""tt27802490"", ""tt11022284"", ""tt1828959"", ""tt2967578""]",https://www.imdb.com/name/nm5721655/,False
nm5725247,Bobby Kolli,1983,,"[""writer"", ""director"", ""script_department""]","[""tt15281402"", ""tt6861726"", ""tt37727259"", ""tt3949638""]",https://www.imdb.com/name/nm5725247/,False
nm5741284,Eric Osborne,1997,,"[""actor"", ""composer"", ""soundtrack""]","[""tt0288937"", ""tt5119116"", ""tt5320160"", ""tt7600704""]",https://www.imdb.com/name/nm5741284/,False
nm5750869,James Siewert,,,"[""visual_effects"", ""cinematographer"", ""camera_department""]","[""tt4941204"", ""tt35616693"", ""tt40210362"", ""tt7946216""]",https://www.imdb.com/name/nm5750869/,False
nm5758559,Anna Caiado,,,"[""art_department"", ""writer"", ""animation_department""]","[""tt2231208""]",https://www.imdb.com/name/nm5758559/,False
nm5767990,Ashley Nicole Rosenberg,,,"[""miscellaneous"", ""production_department"", ""assistant_director""]","[""tt11261532"", ""tt32420734"", ""tt33041195"", ""tt15677150""]",https://www.imdb.com/name/nm5767990/,False
nm5772332,Tomohiro Maekawa,,,"[""writer"", ""director""]","[""tt5999530"", ""tt4444446"", ""tt7931422"", ""tt7256266""]",https://www.imdb.com/name/nm5772332/,False
nm5775649,John Donnelly,,,"[""writer"", ""producer""]","[""tt32768323"", ""tt5160154"", ""tt2384811"", ""tt37196425""]",https://www.imdb.com/name/nm5775649/,False
nm5777955,Simone Liberati,1988,,"[""actor"", ""assistant_director""]","[""tt9328744"", ""tt5929226"", ""tt4025514"", ""tt10964100""]",https://www.imdb.com/name/nm5777955/,False
nm5781594,Aishwarya Rajesh,1990,,"[""actress""]","[""tt8458718"", ""tt5959980"", ""tt12299714"", ""tt11731768""]",https://www.imdb.com/name/nm5781594/,False
nm5807649,Vishnu Sarma,,,"[""cinematographer"", ""editor""]","[""tt4435072"", ""tt39108319"", ""tt6001878"", ""tt6789174""]",https://www.imdb.com/name/nm5807649/,False
nm5811897,Steph Copeland,,,"[""composer"", ""soundtrack"", ""music_department""]","[""tt11778118"", ""tt10743534"", ""tt11392272"", ""tt14403532""]",https://www.imdb.com/name/nm5811897/,False
nm5820794,Lyle Reginald,,,"[""actor""]","[""tt1878870"", ""tt5651844"", ""tt0460681"", ""tt2934844""]",https://www.imdb.com/name/nm5820794/,False
nm5829670,Brian Bowman,,,"[""actor"", ""writer"", ""producer""]","[""tt0790770"", ""tt9784798"", ""tt3663564"", ""tt6290798""]",https://www.imdb.com/name/nm5829670/,False
nm5835994,Joe Fallover,,,"[""production_designer"", ""miscellaneous"", ""art_director""]","[""tt4399952"", ""tt10698174"", ""tt6223974"", ""tt8233874""]",https://www.imdb.com/name/nm5835994/,False
nm5839579,Sebastian Moradiellos,,,"[""casting_director"", ""casting_department"", ""actor""]","[""tt39328391"", ""tt8254556"", ""tt13597298"", ""tt9660502""]",https://www.imdb.com/name/nm5839579/,False
nm5844090,Malina Pauli Weissman,,,"[""actress"", ""soundtrack""]","[""tt4834206"", ""tt4383594"", ""tt1291150"", ""tt4016454""]",https://www.imdb.com/name/nm5844090/,False
nm5845865,Kang In Soo,,,"[""actor""]","[""tt13866142"", ""tt3094464"", ""tt13660270"", ""tt14322370""]",https://www.imdb.com/name/nm5845865/,False
nm5860559,Tofi Seffer,2003,,"[""actor"", ""stunts""]","[""tt2071550"", ""tt3059638"", ""tt22000548""]",https://www.imdb.com/name/nm5860559/,False
nm5871452,Mikel Shane Prather,,,"[""music_department"", ""composer"", ""producer""]","[""tt8031422"", ""tt27047596"", ""tt26736344"", ""tt13716060""]",https://www.imdb.com/name/nm5871452/,False
nm5895739,Michael Orr,,,"[""actor"", ""producer""]","[""tt3465074"", ""tt27954448"", ""tt3148266"", ""tt4159076""]",https://www.imdb.com/name/nm5895739/,False
nm5913711,Jung Huh,,,"[""director"", ""writer""]","[""tt3155654"", ""tt7046826"", ""tt46638889""]",https://www.imdb.com/name/nm5913711/,False
nm5923409,Jake Allyn,1990,,"[""actor"", ""writer"", ""producer""]","[""tt36271247"", ""tt3581920"", ""tt26295103"", ""tt16366836""]",https://www.imdb.com/name/nm5923409/,False
nm5924908,Dora Pereli,,,"[""actress"", ""music_department"", ""producer""]","[""tt3608654"", ""tt3861246"", ""tt5989434"", ""tt3820450""]",https://www.imdb.com/name/nm5924908/,False
nm5935017,Kaelen Ohm,,,"[""actress"", ""director"", ""editor""]","[""tt9813792"", ""tt9073940"", ""tt15791144""]",https://www.imdb.com/name/nm5935017/,False
nm5937328,Uli Latukefu,1983,,"[""actor""]","[""tt11639952"", ""tt6443346"", ""tt2189461"", ""tt2316204""]",https://www.imdb.com/name/nm5937328/,False
nm5939164,Zazie Beetz,1991,,"[""actress"", ""producer"", ""soundtrack""]","[""tt4288182"", ""tt7286456"", ""tt5463162"", ""tt10451852""]",https://www.imdb.com/name/nm5939164/,False
nm5939214,Shane Nigam,1995,,"[""actor"", ""music_department"", ""composer""]","[""tt8413338"", ""tt7477108"", ""tt15560626"", ""tt3061202""]",https://www.imdb.com/name/nm5939214/,False
nm5947744,Brooks Reynolds,,,"[""director"", ""cinematographer"", ""writer""]","[""tt3243402"", ""tt20215572"", ""tt3465074"", ""tt6532926""]",https://www.imdb.com/name/nm5947744/,False
nm5961385,Melha Bedia,,,"[""actress"", ""writer"", ""director""]","[""tt21941802"", ""tt9372172"", ""tt13670716"", ""tt35659369""]",https://www.imdb.com/name/nm5961385/,False
nm5962080,Jessalyn Abbott,,,"[""producer"", ""actress"", ""writer""]","[""tt27675476"", ""tt3204632""]",https://www.imdb.com/name/nm5962080/,False
nm5965104,JK Chandru,,,"[""writer"", ""director"", ""music_department""]","[""tt4983780"", ""tt27487934"", ""tt26319590"", ""tt3253548""]",https://www.imdb.com/name/nm5965104/,False
nm5991572,Kevin de Paula,,,"[""actor""]","[""tt0995868""]",https://www.imdb.com/name/nm5991572/,False
nm5991573,Leonardo Lima Carvalho,,,"[""actor""]","[""tt0995868"", ""tt5222314"", ""tt5800308"", ""tt5422000""]",https://www.imdb.com/name/nm5991573/,False
nm5996118,Ganindra Bimo,,,"[""actor""]","[""tt5706112"", ""tt5147214"", ""tt10681664"", ""tt4379102""]",https://www.imdb.com/name/nm5996118/,False
nm6008495,Hannah Marie Williams,,,"[""casting_director"", ""casting_department"", ""producer""]","[""tt29567402"", ""tt29228169"", ""tt23647570"", ""tt24222490""]",https://www.imdb.com/name/nm6008495/,False
nm6013612,Nika Stepanova,1992,,"[""casting_department"", ""casting_director"", ""talent_agent""]","[""tt8869096"", ""tt6442686"", ""tt10329842"", ""tt34365634""]",https://www.imdb.com/name/nm6013612/,False
nm6025393,Natalie Ruffino Wilson,,,"[""actress"", ""writer"", ""producer""]","[""tt13592092"", ""tt12988016"", ""tt7695916"", ""tt2281375""]",https://www.imdb.com/name/nm6025393/,False
nm6034158,Eric Heuvelman,,,"[""actor""]","[""tt6570372"", ""tt6271882"", ""tt3280434"", ""tt10278790""]",https://www.imdb.com/name/nm6034158/,False
nm6041761,Ahmad Zulkarnaen,,,"[""art_department"", ""set_decorator"", ""production_designer""]","[""tt38221401"", ""tt14773940"", ""tt2717822"", ""tt9214772""]",https://www.imdb.com/name/nm6041761/,False
nm6042417,Lucrecia Dalt,,,"[""composer"", ""actress"", ""music_department""]","[""tt29567402"", ""tt32083311"", ""tt12879632"", ""tt12449586""]",https://www.imdb.com/name/nm6042417/,False
nm6067806,George Burgess,,,"[""actor"", ""archive_footage""]","[""tt19864802"", ""tt10794054"", ""tt10370042"", ""tt38072404""]",https://www.imdb.com/name/nm6067806/,False
nm6082176,Phoenix Raei,1990,,"[""actor"", ""director"", ""writer""]","[""tt30428143"", ""tt10577736"", ""tt13918776"", ""tt10888878""]",https://www.imdb.com/name/nm6082176/,False
nm6093152,Yuliya Feofanova,,,"[""production_designer"", ""art_director""]","[""tt10329842"", ""tt5487524"", ""tt28236082"", ""tt13144490""]",https://www.imdb.com/name/nm6093152/,False
nm6097246,Mickey Moon,,,"[""actor""]","[""tt3465074"", ""tt9689696"", ""tt1989485""]",https://www.imdb.com/name/nm6097246/,False
nm6098360,Dhyan Sreenivasan,1988,,"[""actor"", ""writer"", ""director""]","[""tt13346486"", ""tt7117870"", ""tt6929604"", ""tt28364355""]",https://www.imdb.com/name/nm6098360/,False
nm6101361,Conny Lee,,,"[""actress""]","[""tt8476156"", ""tt3296276"", ""tt7209510"", ""tt5849750""]",https://www.imdb.com/name/nm6101361/,False
nm6101362,Hannes Duscher,,,"[""actor"", ""music_department""]","[""tt8476156"", ""tt7209510"", ""tt0892644"", ""tt2727394""]",https://www.imdb.com/name/nm6101362/,False
nm6104068,Matti Schmidt-Schaller,1996,,"[""actor""]","[""tt4165472"", ""tt1481601"", ""tt5976166"", ""tt7225386""]",https://www.imdb.com/name/nm6104068/,False
nm6106517,Park Jong-hwan,1982,,"[""actor""]","[""tt13086266"", ""tt5494656"", ""tt12560244"", ""tt4768764""]",https://www.imdb.com/name/nm6106517/,False
nm6123790,Pallavi Batra,1989,,"[""actress""]","[""tt2338151"", ""tt7098658"", ""tt9614460"", ""tt1734110""]",https://www.imdb.com/name/nm6123790/,False
nm6125219,Sumit Chakravarti,,,"[""actor""]","[""tt6888938"", ""tt8425648"", ""tt9495690"", ""tt2147521""]",https://www.imdb.com/name/nm6125219/,False
nm6130314,May Lindstrom,,,"[""actress""]","[""tt1798709""]",https://www.imdb.com/name/nm6130314/,False
nm6132141,Ajit Andhare,,,"[""producer"", ""miscellaneous"", ""assistant_director""]","[""tt5935704"", ""tt8108198"", ""tt13818368"", ""tt15732324""]",https://www.imdb.com/name/nm6132141/,False
nm6134379,Jung Joon-won,2004,,"[""actor""]","[""tt6212854"", ""tt1982229"", ""tt5093754"", ""tt5220316""]",https://www.imdb.com/name/nm6134379/,False
nm6143310,Lucy Morton,,,"[""actress""]","[""tt3394758"", ""tt2245003"", ""tt9340486"", ""tt3809282""]",https://www.imdb.com/name/nm6143310/,False
nm6145378,Mario Morán,1992,,"[""actor""]","[""tt7850542"", ""tt10448912"", ""tt37504309"", ""tt3735930""]",https://www.imdb.com/name/nm6145378/,False
nm6145761,Hiroaki Hirakawa,,,"[""actor""]","[""tt6982472"", ""tt34382036"", ""tt12763920"", ""tt28286425""]",https://www.imdb.com/name/nm6145761/,False
nm6153653,Amaal Mallik,,,"[""music_department"", ""composer"", ""actor""]","[""tt8983202"", ""tt7581902"", ""tt4387040"", ""tt4169250""]",https://www.imdb.com/name/nm6153653/,False
nm6159172,Daniel Hasibar,,,"[""sound_department"", ""composer"", ""actor""]","[""tt10254662"", ""tt3296276"", ""tt8476156"", ""tt27179628""]",https://www.imdb.com/name/nm6159172/,False
nm6178682,Shadi Alfons,1986,,"[""writer"", ""actor"", ""producer""]","[""tt7649694"", ""tt5533060"", ""tt3001096"", ""tt8006460""]",https://www.imdb.com/name/nm6178682/,False
nm6183900,Putri Ayudya,,,"[""actress"", ""miscellaneous"", ""producer""]","[""tt11289634"", ""tt8517144"", ""tt22507760"", ""tt8237172""]",https://www.imdb.com/name/nm6183900/,False
nm6187475,Dimitri Komm,,,"[""editor"", ""director"", ""writer""]","[""tt14536120"", ""tt8820590"", ""tt27114092""]",https://www.imdb.com/name/nm6187475/,False
nm6187995,Gesaffelstein,,,"[""composer"", ""music_department"", ""actor""]","[""tt1840309"", ""tt2172934"", ""tt1674771"", ""tt4085084""]",https://www.imdb.com/name/nm6187995/,False
nm6196507,Wan-Ju Yang,,,"[""writer""]","[""tt34381460"", ""tt11070528"", ""tt12768840"", ""tt6295898""]",https://www.imdb.com/name/nm6196507/,False
nm6202496,Ishan Raval,,,"[""actor"", ""miscellaneous"", ""writer""]","[""tt8476156"", ""tt14493924"", ""tt11586384"", ""tt7209510""]",https://www.imdb.com/name/nm6202496/,False
nm6214568,Sam Ewing,,,"[""composer"", ""music_department"", ""sound_department""]","[""tt1520211"", ""tt5308322"", ""tt5838588"", ""tt2085059""]",https://www.imdb.com/name/nm6214568/,False
nm6216593,Rose Williams,1994,,"[""actress"", ""costume_department""]","[""tt5151570"", ""tt7938588"", ""tt2392830"", ""tt24870072""]",https://www.imdb.com/name/nm6216593/,False
nm6222172,Urko Olazabal,1978,,"[""actor"", ""editor"", ""director""]","[""tt7907814"", ""tt14077696"", ""tt31807682"", ""tt30973261""]",https://www.imdb.com/name/nm6222172/,False
nm6230493,Lizzie Bichard,,,"[""casting_department"", ""casting_director""]","[""tt2381249"", ""tt2106651"", ""tt2980648"", ""tt1661199""]",https://www.imdb.com/name/nm6230493/,False
nm6243578,George Daileda,,,"[""director"", ""actor"", ""writer""]","[""tt7873394"", ""tt3492066"", ""tt3204632""]",https://www.imdb.com/name/nm6243578/,False
nm6275910,Aaron Caleb,,,"[""actor""]","[""tt3608654"", ""tt3519874""]",https://www.imdb.com/name/nm6275910/,False
nm6284036,Nabil Rajo,,,"[""actor"", ""writer""]","[""tt5308240"", ""tt26448526"", ""tt5774002"", ""tt7908628""]",https://www.imdb.com/name/nm6284036/,False
nm6285328,Elle Graham,2009,,"[""actress"", ""archive_footage""]","[""tt1951266"", ""tt9185206"", ""tt4560436"", ""tt1999890""]",https://www.imdb.com/name/nm6285328/,False
nm6296990,Do Joon Sung,,,"[""director"", ""producer""]","[""tt13866142"", ""tt3541356"", ""tt38839105"", ""tt6444392""]",https://www.imdb.com/name/nm6296990/,False
nm6316707,Jill Awbrey,,,"[""actress"", ""writer"", ""producer""]","[""tt10713340"", ""tt25973750"", ""tt27749942"", ""tt37988531""]",https://www.imdb.com/name/nm6316707/,False
nm6344635,Jhaleil Swaby,,,"[""actor""]","[""tt32558705"", ""tt29550683"", ""tt18350136"", ""tt7007696""]",https://www.imdb.com/name/nm6344635/,False
nm6344705,Junqi Huang,1976,,"[""actor"", ""producer""]","[""tt8239806"", ""tt5111790"", ""tt2011257"", ""tt3376596""]",https://www.imdb.com/name/nm6344705/,False
nm6352742,Ranjit Jeyakodi,,,"[""director"", ""writer"", ""assistant_director""]","[""tt15309808"", ""tt3407614"", ""tt15600582"", ""tt10016532""]",https://www.imdb.com/name/nm6352742/,False
nm6372355,Monika Bacardi,1968,,"[""producer"", ""executive""]","[""tt3758542"", ""tt5533370"", ""tt6149154"", ""tt5541240""]",https://www.imdb.com/name/nm6372355/,False
nm6377317,Josh Lee Aikin,1994,,"[""actor"", ""producer"", ""miscellaneous""]","[""tt3608654"", ""tt4366096"", ""tt15084770""]",https://www.imdb.com/name/nm6377317/,False
nm6382426,Hardik Aiya,,,"[""visual_effects"", ""editor"", ""production_department""]","[""tt6277462"", ""tt8178634"", ""tt13491110"", ""tt7798604""]",https://www.imdb.com/name/nm6382426/,False
nm6413335,Yorgos Zafeiris,,,"[""editor"", ""editorial_department"", ""visual_effects""]","[""tt13597848"", ""tt13968674"", ""tt37678610"", ""tt10110614""]",https://www.imdb.com/name/nm6413335/,False
nm6420825,Andre Gaines,,,"[""producer"", ""director"", ""writer""]","[""tt4829936"", ""tt29214162"", ""tt1408430"", ""tt12837188""]",https://www.imdb.com/name/nm6420825/,False
nm6422090,Rajesh Kumar Sharma,,,"[""actor"", ""director"", ""production_manager""]","[""tt1954470"", ""tt4434004"", ""tt3662482"", ""tt9420618""]",https://www.imdb.com/name/nm6422090/,False
nm6438644,Bobby Krlic,,,"[""composer"", ""music_department"", ""producer""]","[""tt8772262"", ""tt9362930"", ""tt1712261"", ""tt33046197""]",https://www.imdb.com/name/nm6438644/,False
nm6444214,Satender Bhardwaj,,,"[""production_manager"", ""producer"", ""casting_department""]","[""tt2338151"", ""tt3495026"", ""tt1790885"", ""tt2356180""]",https://www.imdb.com/name/nm6444214/,False
nm6446946,Mahima Nambiar,1994,,"[""actress""]","[""tt10370932"", ""tt6774092"", ""tt21370972"", ""tt32089596""]",https://www.imdb.com/name/nm6446946/,False
nm6447222,Disney James,,,"[""actor"", ""script_department"", ""director""]","[""tt13075542"", ""tt15433600"", ""tt6620266"", ""tt4125324""]",https://www.imdb.com/name/nm6447222/,False
nm6468859,Andreas Aaser,,,"[""composer"", ""music_department"", ""sound_department""]","[""tt9140554"", ""tt8466564"", ""tt9704568"", ""tt14463484""]",https://www.imdb.com/name/nm6468859/,False
nm6488594,Dave Thomas,,,"[""writer"", ""director"", ""cinematographer""]","[""tt32768323"", ""tt3724934"", ""tt5948144"", ""tt8563982""]",https://www.imdb.com/name/nm6488594/,False
nm6488595,Nell Garfath Cox,,,"[""writer"", ""producer"", ""director""]","[""tt32768323"", ""tt5948144"", ""tt43705439"", ""tt3724934""]",https://www.imdb.com/name/nm6488595/,False
nm6489058,Yogi Babu,1985,,"[""actor""]","[""tt11663228"", ""tt6485666"", ""tt2302966"", ""tt22543326""]",https://www.imdb.com/name/nm6489058/,False
nm6502608,Jan Oldakowski,,,"[""producer"", ""writer""]","[""tt8706988"", ""tt3737878"", ""tt4347938"", ""tt4295840""]",https://www.imdb.com/name/nm6502608/,False
nm6515397,Emma Broström,,,"[""writer""]","[""tt15562048"", ""tt3749338"", ""tt10928086"", ""tt29424368""]",https://www.imdb.com/name/nm6515397/,False
nm6538586,Chin Chi,1976,,"[""actress""]","[""tt7870570"", ""tt33292183"", ""tt6381036"", ""tt33708235""]",https://www.imdb.com/name/nm6538586/,False
nm6542246,Riley Suter,,,"[""actor""]","[""tt10370042"", ""tt7456722"", ""tt3775450"", ""tt28018926""]",https://www.imdb.com/name/nm6542246/,False
nm6555247,Jehan Handa,,,"[""writer"", ""assistant_director"", ""art_department""]","[""tt33888131"", ""tt3742284"", ""tt23865942"", ""tt37073975""]",https://www.imdb.com/name/nm6555247/,False
nm6555325,Serik Beyseu,1976,,"[""editor"", ""director"", ""writer""]","[""tt7106728"", ""tt5656994"", ""tt3790426"", ""tt6537238""]",https://www.imdb.com/name/nm6555325/,False
nm6560386,Ranjit Batra,,,"[""actor"", ""casting_department""]","[""tt2356180"", ""tt2980794"", ""tt1926313"", ""tt1610452""]",https://www.imdb.com/name/nm6560386/,False
nm6574241,Sakshi Agarwal,1990,,"[""actress""]","[""tt11803630"", ""tt15163948"", ""tt11866370"", ""tt6929642""]",https://www.imdb.com/name/nm6574241/,False
nm6574569,Soumaye Bocoum,,,"[""actress""]","[""tt12708658"", ""tt8403570"", ""tt20766628"", ""tt4678718""]",https://www.imdb.com/name/nm6574569/,False
nm6579202,Mohammad Irfan Ramly,,,"[""writer"", ""script_department"", ""producer""]","[""tt14773940"", ""tt3813456"", ""tt11835236"", ""tt8065796""]",https://www.imdb.com/name/nm6579202/,False
nm6583483,Patrick Thompson,,,"[""costume_department"", ""production_designer""]","[""tt3564794"", ""tt0228720""]",https://www.imdb.com/name/nm6583483/,False
nm6643051,Ken Early,,,"[""actor""]","[""tt9071322"", ""tt6290798"", ""tt4340720"", ""tt0790770""]",https://www.imdb.com/name/nm6643051/,False
nm6654019,Svenja Jung,1993,,"[""actress"", ""soundtrack"", ""archive_sound""]","[""tt32543884"", ""tt8760304"", ""tt13720112"", ""tt22325698""]",https://www.imdb.com/name/nm6654019/,False
nm6657191,Nicholas Bloom,,,"[""actor""]","[""tt2527186"", ""tt12164342""]",https://www.imdb.com/name/nm6657191/,False
nm6697626,Neeraj Madhav,1990,,"[""actor"", ""music_department"", ""writer""]","[""tt9544034"", ""tt3417422"", ""tt5082014"", ""tt6208374""]",https://www.imdb.com/name/nm6697626/,False
nm6703288,Emily Jones,,,"[""casting_department"", ""casting_director""]","[""tt3238502"", ""tt0115355"", ""tt20259432"", ""tt5194866""]",https://www.imdb.com/name/nm6703288/,False
nm6725612,Koray Sahin,,,"[""producer"", ""director"", ""writer""]","[""tt40656390"", ""tt12531662"", ""tt7628458"", ""tt9355416""]",https://www.imdb.com/name/nm6725612/,False
nm6728658,Kim Sun-young,1976,,"[""actress""]","[""tt13086266"", ""tt12385956"", ""tt10850932"", ""tt8574212""]",https://www.imdb.com/name/nm6728658/,False
nm6733346,Nathan Meeter,,,"[""actor""]","[""tt3800028""]",https://www.imdb.com/name/nm6733346/,False
nm6741315,Karan Singh Rathore,,,"[""writer"", ""director"", ""composer""]","[""tt10083340"", ""tt3001638"", ""tt13388096"", ""tt5465370""]",https://www.imdb.com/name/nm6741315/,False
nm6775392,Andreas Tengblad,,,"[""composer"", ""music_department""]","[""tt26547864"", ""tt14169850"", ""tt15216170"", ""tt13316790""]",https://www.imdb.com/name/nm6775392/,False
nm6784572,Alex Brenner,,,"[""writer""]","[""tt4616250""]",https://www.imdb.com/name/nm6784572/,False
nm6786814,Heng Zhang,1978,,"[""actress""]","[""tt2106741"", ""tt5303238"", ""tt6381036"", ""tt32352310""]",https://www.imdb.com/name/nm6786814/,False
nm6789414,Matvey Lykov,,,"[""actor"", ""camera_department""]","[""tt4057376"", ""tt27114092"", ""tt33055231"", ""tt18250082""]",https://www.imdb.com/name/nm6789414/,False
nm6796942,Tom Taylor,2001,,"[""actor"", ""soundtrack""]","[""tt1648190"", ""tt1341338"", ""tt6811018"", ""tt2183014""]",https://www.imdb.com/name/nm6796942/,False
nm6804167,Ryô Satô,1992,,"[""actress"", ""producer""]","[""tt0490215"", ""tt31491803"", ""tt13243836"", ""tt33470284""]",https://www.imdb.com/name/nm6804167/,False
nm6808559,Marissa Matteo,,,"[""writer"", ""producer""]","[""tt5827228"", ""tt4076926"", ""tt35718814"", ""tt4082048""]",https://www.imdb.com/name/nm6808559/,False
nm6808560,Nina Aujla,,,"[""producer"", ""miscellaneous""]","[""tt5691670"", ""tt12882620"", ""tt30841684"", ""tt4076926""]",https://www.imdb.com/name/nm6808560/,False
nm6808563,Joshua Theroux,,,"[""composer"", ""actor"", ""music_department""]","[""tt4076926"", ""tt5674466"", ""tt2609000"", ""tt8582232""]",https://www.imdb.com/name/nm6808563/,False
nm6808566,Jessica Nikkel,,,"[""writer""]","[""tt4076926"", ""tt4283946""]",https://www.imdb.com/name/nm6808566/,False
nm6816861,Chi-Wen Chen,,,"[""cinematographer"", ""assistant_director""]","[""tt5576318"", ""tt6213706"", ""tt27928749"", ""tt6073708""]",https://www.imdb.com/name/nm6816861/,False
nm6823359,Aidan Pierce Brennan,2006,,"[""actor""]","[""tt4411584"", ""tt5675620"", ""tt2249007"", ""tt5194792""]",https://www.imdb.com/name/nm6823359/,False
nm6826585,Christopher Winterbauer,,,"[""director"", ""writer"", ""producer""]","[""tt6764622"", ""tt12826940"", ""tt4991930"", ""tt4958486""]",https://www.imdb.com/name/nm6826585/,False
nm6834708,Emily Trappen,,,"[""actress"", ""writer"", ""miscellaneous""]","[""tt2245003"", ""tt7769614"", ""tt6954940"", ""tt6396928""]",https://www.imdb.com/name/nm6834708/,False
nm6835491,Vichu Vishwanath,,,"[""actor""]","[""tt36408254"", ""tt9239472"", ""tt2262126"", ""tt4312676""]",https://www.imdb.com/name/nm6835491/,False
nm6836472,Shashank,,,"[""actor"", ""music_department"", ""producer""]","[""tt0467003"", ""tt0460394"", ""tt9322884"", ""tt1583396""]",https://www.imdb.com/name/nm6836472/,False
nm6840054,Andrew Hoffland,,,"[""actor""]","[""tt1610452"", ""tt13050554"", ""tt29372387"", ""tt8983180""]",https://www.imdb.com/name/nm6840054/,False
nm6841174,Grace Schneider,2005,,"[""actress""]","[""tt2245003"", ""tt35672930"", ""tt11212276"", ""tt7076630""]",https://www.imdb.com/name/nm6841174/,False
nm6855695,Malte Gårdinger,2000,,"[""actor""]","[""tt6281516"", ""tt7322224"", ""tt29344903"", ""tt6841698""]",https://www.imdb.com/name/nm6855695/,False
nm6867256,Arvind Krishna,1985,,"[""producer"", ""cinematographer"", ""actor""]","[""tt0375880"", ""tt0459516"", ""tt0439418"", ""tt0955313""]",https://www.imdb.com/name/nm6867256/,False
nm6874110,George E. Johnston,,,[],"[""tt2443022""]",https://www.imdb.com/name/nm6874110/,False
nm6874111,Alan Sprague,,,[],"[""tt2443022""]",https://www.imdb.com/name/nm6874111/,False
nm6874112,Ron Eagle D'Andre II,,,[],"[""tt2443022""]",https://www.imdb.com/name/nm6874112/,False
nm6874113,Adam Haley,,,"[""actor""]","[""tt2443022"", ""tt6768616""]",https://www.imdb.com/name/nm6874113/,False
nm6874114,Antony Puglisi,,,"[""actor""]","[""tt2443022""]",https://www.imdb.com/name/nm6874114/,False
nm6874115,Nicholas Koenigs,,,"[""actor""]","[""tt2443022""]",https://www.imdb.com/name/nm6874115/,False
nm6875292,Yasin Houicha,,,"[""actor""]","[""tt4730986"", ""tt4964074"", ""tt14066140"", ""tt23741080""]",https://www.imdb.com/name/nm6875292/,False
nm6878753,Fleur Fortune,,,"[""director"", ""writer""]","[""tt32768323"", ""tt12043964""]",https://www.imdb.com/name/nm6878753/,False
nm6883900,Suad Bushnaq,,,"[""composer"", ""music_department"", ""writer""]","[""tt31186319"", ""tt36175386"", ""tt24022322"", ""tt39149951""]",https://www.imdb.com/name/nm6883900/,False
nm6891947,Lyna Khoudri,1992,,"[""actress"", ""miscellaneous"", ""archive_footage""]","[""tt8847712"", ""tt9522080"", ""tt12672536"", ""tt7336842""]",https://www.imdb.com/name/nm6891947/,False
nm6904578,Mireia Oriol,1996,,"[""actress"", ""soundtrack""]","[""tt13106334"", ""tt30973261"", ""tt7690762"", ""tt23017836""]",https://www.imdb.com/name/nm6904578/,False
nm6914133,Rodney Gemberling,,,"[""actor""]","[""tt4113346"", ""tt12163074""]",https://www.imdb.com/name/nm6914133/,False
nm6914134,Richard Teston,,,"[""actor""]","[""tt4113346"", ""tt15262370"", ""tt12163074""]",https://www.imdb.com/name/nm6914134/,False
nm6915171,Justin McCammom,,,"[""actor""]","[""tt2184233""]",https://www.imdb.com/name/nm6915171/,False
nm6934058,Joonas Suotamo,1986,,"[""actor"", ""miscellaneous"", ""archive_footage""]","[""tt3778644"", ""tt2527338"", ""tt2488496"", ""tt2527336""]",https://www.imdb.com/name/nm6934058/,False
nm6935095,Lindsay Ross Davenport,,,"[""actress"", ""writer""]","[""tt12171440"", ""tt5935690"", ""tt8055298"", ""tt10504578""]",https://www.imdb.com/name/nm6935095/,False
nm6936085,Suryadevara Naga Vamsi,,,"[""producer"", ""actor""]","[""tt8948790"", ""tt9537292"", ""tt27540542"", ""tt7765910""]",https://www.imdb.com/name/nm6936085/,False
nm6940206,Jang Jae-hyun,,,"[""writer"", ""director""]","[""tt27802490"", ""tt5049302"", ""tt7299298"", ""tt4230842""]",https://www.imdb.com/name/nm6940206/,False
nm6948098,Sagar Yvv,,,"[""cinematographer"", ""director"", ""camera_department""]","[""tt34376215"", ""tt6389070"", ""tt4251286"", ""tt12857614""]",https://www.imdb.com/name/nm6948098/,False
nm6950179,Rockid Lee,,,"[""composer"", ""music_department"", ""sound_department""]","[""tt18968540"", ""tt6295898"", ""tt5078188"", ""tt9078412""]",https://www.imdb.com/name/nm6950179/,False
nm6971718,David Boman,,,"[""composer"", ""editor"", ""music_department""]","[""tt12585076"", ""tt4958486"", ""tt6967966"", ""tt2420124""]",https://www.imdb.com/name/nm6971718/,False
nm6974206,Mamoudou Athie,1988,,"[""actor"", ""producer"", ""miscellaneous""]","[""tt15789038"", ""tt8041270"", ""tt33071426"", ""tt5648882""]",https://www.imdb.com/name/nm6974206/,False
nm7017265,Venkat Raghavan,,,"[""writer"", ""director"", ""actor""]","[""tt5833252"", ""tt38874802"", ""tt2262126"", ""tt4312676""]",https://www.imdb.com/name/nm7017265/,False
nm7027696,Benjamin Wainwright,,,"[""actor"", ""archive_footage""]","[""tt33359676"", ""tt23931190"", ""tt14824600"", ""tt7661390""]",https://www.imdb.com/name/nm7027696/,False
nm7027783,Son Sukku,1983,,"[""actor"", ""director"", ""writer""]","[""tt15838850"", ""tt15548278"", ""tt16303830"", ""tt13024974""]",https://www.imdb.com/name/nm7027783/,False
nm7035254,Hong Seo-jun,1968,,"[""actor""]","[""tt27802490"", ""tt8523042"", ""tt14169770"", ""tt7094956""]",https://www.imdb.com/name/nm7035254/,False
nm7040048,Dmitry Safonov,,,"[""writer""]","[""tt2649128"", ""tt15307014"", ""tt9481690""]",https://www.imdb.com/name/nm7040048/,False
nm7041119,Rochak Kohli,1983,,"[""music_artist"", ""composer"", ""music_department""]","[""tt7581902"", ""tt2317337"", ""tt13131232"", ""tt33888131""]",https://www.imdb.com/name/nm7041119/,False
nm7042308,Kento Ogura,,,"[""actor"", ""miscellaneous""]","[""tt4287848"", ""tt5813014"", ""tt1466867"", ""tt5999530""]",https://www.imdb.com/name/nm7042308/,False
nm7044125,Romualdo Castillo,,,"[""actor""]","[""tt14218674"", ""tt7942796"", ""tt1600194"", ""tt0870154""]",https://www.imdb.com/name/nm7044125/,False
nm7048307,Jessica Frances Dukes,,,"[""actress""]","[""tt26443935"", ""tt5071412"", ""tt25947954"", ""tt2357547""]",https://www.imdb.com/name/nm7048307/,False
nm7059620,Tatsuya Ishikawa,,,"[""producer""]","[""tt30217403"", ""tt33343397"", ""tt36440312"", ""tt9522300""]",https://www.imdb.com/name/nm7059620/,False
nm7060757,Lisa Gilroy,1989,,"[""actress"", ""writer"", ""archive_footage""]","[""tt14261112"", ""tt2085059"", ""tt33397980"", ""tt39466512""]",https://www.imdb.com/name/nm7060757/,False
nm7079028,Vineeth Mohan,,,"[""actor""]","[""tt4511460"", ""tt39014003"", ""tt8142672"", ""tt5332142""]",https://www.imdb.com/name/nm7079028/,False
nm7086840,Kensuke Ushio,1983,,"[""composer"", ""music_department"", ""soundtrack""]","[""tt30472557"", ""tt30217403"", ""tt5323662"", ""tt13616990""]",https://www.imdb.com/name/nm7086840/,False
nm7087208,Kuan-Hui Lin,,,"[""writer"", ""director"", ""art_department""]","[""tt13093146"", ""tt26686597"", ""tt8587122"", ""tt2927080""]",https://www.imdb.com/name/nm7087208/,False
nm7093076,Lana Condor,1997,,"[""actress"", ""producer"", ""soundtrack""]","[""tt3846674"", ""tt3385516"", ""tt10676012"", ""tt9354842""]",https://www.imdb.com/name/nm7093076/,False
nm7117374,Mohamed Alaa,1982,,"[""actor""]","[""tt1282476"", ""tt11477298"", ""tt5599692"", ""tt39676823""]",https://www.imdb.com/name/nm7117374/,False
nm7132227,Chloe Lee,,,"[""actress""]","[""tt10633456"", ""tt4411584"", ""tt4458946"", ""tt13955554""]",https://www.imdb.com/name/nm7132227/,False
nm7137981,Evgeniy Bazhenov,1991,,"[""writer"", ""director"", ""producer""]","[""tt3072482"", ""tt4926348"", ""tt3810192"", ""tt27114092""]",https://www.imdb.com/name/nm7137981/,False
nm7154395,Mirjam Mous,1963,,"[""writer""]","[""tt3544008"", ""tt3620418""]",https://www.imdb.com/name/nm7154395/,False
nm7179011,Mariusz Wach,1979,,"[""actor"", ""archive_footage""]","[""tt18970380"", ""tt0439389"", ""tt33295270"", ""tt10792570""]",https://www.imdb.com/name/nm7179011/,False
nm7192967,Jener Dasilva,,,"[""actor"", ""producer"", ""writer""]","[""tt9670282"", ""tt10713340"", ""tt4526100"", ""tt13092146""]",https://www.imdb.com/name/nm7192967/,False
nm7210986,Erin Kellyman,1998,,"[""actress"", ""archive_footage""]","[""tt3778644"", ""tt32141377"", ""tt9243804"", ""tt10548174""]",https://www.imdb.com/name/nm7210986/,False
nm7254628,Edgar Blackmon,1979,,"[""actor"", ""writer""]","[""tt3960412"", ""tt7476524"", ""tt4158876"", ""tt4561950""]",https://www.imdb.com/name/nm7254628/,False
nm7260546,Nicholas Dawidoff,,,"[""writer""]","[""tt4602066"", ""tt10078290"", ""tt1229946""]",https://www.imdb.com/name/nm7260546/,False
nm7263054,Sydney Tennant,,,"[""actress""]","[""tt4411584"", ""tt31859258""]",https://www.imdb.com/name/nm7263054/,False
nm7271615,Camille Aguilar,,,"[""actress"", ""writer"", ""archive_footage""]","[""tt10399608"", ""tt4964074"", ""tt6190050"", ""tt6519410""]",https://www.imdb.com/name/nm7271615/,False
nm7275962,Lee Jae-Min,,,"[""producer""]","[""tt16303830"", ""tt7967580"", ""tt3812402""]",https://www.imdb.com/name/nm7275962/,False
nm7294907,Sahatchai Churum Na Ayudthaya,,,"[""actor""]","[""tt1135961""]",https://www.imdb.com/name/nm7294907/,False
nm7294908,Ratchanong Suprakorb,,,"[""actor""]","[""tt1135961"", ""tt10291696""]",https://www.imdb.com/name/nm7294908/,False
nm7304659,James Earl Cox III,,,"[""actor"", ""director"", ""writer""]","[""tt15137700"", ""tt10117122"", ""tt26547909"", ""tt4642970""]",https://www.imdb.com/name/nm7304659/,False
nm7304660,Pinki Brainweis,,,"[""actress""]","[""tt4642970""]",https://www.imdb.com/name/nm7304660/,False
nm7304661,Gooch Jesco III,,,"[""actor""]","[""tt4642970""]",https://www.imdb.com/name/nm7304661/,False
nm7304663,L. Lean Burnside,,,"[""actress""]","[""tt4642970""]",https://www.imdb.com/name/nm7304663/,False
nm7304664,Chet Steadman,,,"[""actor"", ""editor"", ""sound_department""]","[""tt4642970"", ""tt34813106""]",https://www.imdb.com/name/nm7304664/,False
nm7304666,E.B. Buxxner,,,"[""actor"", ""cinematographer""]","[""tt4642970""]",https://www.imdb.com/name/nm7304666/,False
nm7304668,Mary Haddilam,,,"[""actress""]","[""tt4642970""]",https://www.imdb.com/name/nm7304668/,False
nm7304670,Spxxkymvldxr,,,"[""composer""]","[""tt4642970""]",https://www.imdb.com/name/nm7304670/,False
nm7313563,Howie Dewin,,,"[""director"", ""writer"", ""actor""]","[""tt4642970"", ""tt34813106""]",https://www.imdb.com/name/nm7313563/,False
nm7334568,Zaïd Errougui-Demonsant,,,"[""actor""]","[""tt4085084""]",https://www.imdb.com/name/nm7334568/,False
nm7334569,Franck Torrecillas,,,"[""actor""]","[""tt4085084""]",https://www.imdb.com/name/nm7334569/,False
nm7334570,Chems Eddine,,,"[""actor""]","[""tt4085084""]",https://www.imdb.com/name/nm7334570/,False
nm7337670,Carla Adell,,,"[""actress"", ""producer""]","[""tt12719364"", ""tt34759723"", ""tt21087452"", ""tt3296156""]",https://www.imdb.com/name/nm7337670/,False
nm7341728,Brock O'Hurn,1991,,"[""actor"", ""producer""]","[""tt5325452"", ""tt5596646""]",https://www.imdb.com/name/nm7341728/,False
nm7366315,Taylor Joy Mason,,,"[""editor"", ""editorial_department""]","[""tt20990442"", ""tt1856101"", ""tt1160419"", ""tt1838544""]",https://www.imdb.com/name/nm7366315/,False
nm7390393,Aachi Manorama,1937,2015,"[""actress"", ""music_department"", ""soundtrack""]","[""tt0332338"", ""tt1361809"", ""tt0116630"", ""tt0097416""]",https://www.imdb.com/name/nm7390393/,False
nm7391782,Ryan Otter,1988,,"[""composer"", ""actor""]","[""tt24218224"", ""tt5135336"", ""tt4567218"", ""tt8664988""]",https://www.imdb.com/name/nm7391782/,False
nm7393537,Ekaterina Krasner,1993,,"[""director"", ""writer"", ""producer""]","[""tt4775116"", ""tt5902772"", ""tt7197166"", ""tt13338006""]",https://www.imdb.com/name/nm7393537/,False
nm7394721,Sanae Loutsis,,,"[""actress"", ""producer"", ""stunts""]","[""tt7681186"", ""tt6141334"", ""tt8773662"", ""tt6619250""]",https://www.imdb.com/name/nm7394721/,False
nm7414848,Kashyap Chandhock,,,"[""casting_director"", ""producer"", ""casting_department""]","[""tt4900716"", ""tt3802576"", ""tt26548157"", ""tt10610440""]",https://www.imdb.com/name/nm7414848/,False
nm7415410,Wei-Hao Cheng,1984,,"[""director"", ""writer"", ""visual_effects""]","[""tt22742964"", ""tt13598976"", ""tt5576318"", ""tt4806102""]",https://www.imdb.com/name/nm7415410/,False
nm7435453,Badshah,1985,,"[""music_artist"", ""music_department"", ""actor""]","[""tt4559006"", ""tt4832640"", ""tt4900716"", ""tt6836936""]",https://www.imdb.com/name/nm7435453/,False
nm7445002,Vikram Montrose,,,"[""composer"", ""music_department"", ""soundtrack""]","[""tt6452574"", ""tt10295212"", ""tt15732324"", ""tt28540171""]",https://www.imdb.com/name/nm7445002/,False
nm7461420,Halley Sharp,,,"[""costume_department"", ""costume_designer"", ""actress""]","[""tt11056910"", ""tt10384246"", ""tt13716060"", ""tt6398464""]",https://www.imdb.com/name/nm7461420/,False
nm7462406,Colin O'Brien,,,"[""art_department"", ""production_designer"", ""art_director""]","[""tt5432342"", ""tt4038806"", ""tt3204632"", ""tt6923740""]",https://www.imdb.com/name/nm7462406/,False
nm7468874,Mikael Conde,,,"[""actor""]","[""tt6924650"", ""tt10310140"", ""tt28293853"", ""tt21431644""]",https://www.imdb.com/name/nm7468874/,False
nm7472093,Marieke Bresseleers,,,"[""actress"", ""soundtrack""]","[""tt2392830"", ""tt0162076""]",https://www.imdb.com/name/nm7472093/,False
nm7482926,Sophia Ayissi Nsegue,,,"[""producer"", ""writer"", ""assistant_director""]","[""tt16113056"", ""tt14917354"", ""tt0806910"", ""tt15738550""]",https://www.imdb.com/name/nm7482926/,False
nm7484407,Kazuto Izumida,,,"[""cinematographer"", ""camera_department"", ""animation_department""]","[""tt30217403"", ""tt16156718"", ""tt13409432"", ""tt5700182""]",https://www.imdb.com/name/nm7484407/,False
nm7489781,Charlie Poulon,,,"[""actress""]","[""tt7209510""]",https://www.imdb.com/name/nm7489781/,False
nm7509932,Tobias Almborg,,,"[""actor""]","[""tt4080728"", ""tt10928086"", ""tt6489100"", ""tt6963362""]",https://www.imdb.com/name/nm7509932/,False
nm7512454,Tor Kristoffersen,,,"[""actor""]","[""tt28455574"", ""tt2102465"", ""tt0844948"", ""tt4020336""]",https://www.imdb.com/name/nm7512454/,False
nm7514607,Yoav Sadian,,,"[""actor""]","[""tt4669264"", ""tt3069894"", ""tt3824030"", ""tt2960994""]",https://www.imdb.com/name/nm7514607/,False
nm7537160,Ada Philine Stappenbeck,,,"[""actress"", ""director"", ""writer""]","[""tt4932154"", ""tt39296507"", ""tt10084688"", ""tt7845932""]",https://www.imdb.com/name/nm7537160/,False
nm7545798,Bill Barrett,,,"[""actor""]","[""tt1896747"", ""tt24458622"", ""tt6988366"", ""tt10580092""]",https://www.imdb.com/name/nm7545798/,False
nm7549669,Elaine Kennedy,,,"[""actress"", ""producer"", ""director""]","[""tt5547178"", ""tt34728169"", ""tt10249356"", ""tt3418844""]",https://www.imdb.com/name/nm7549669/,False
nm7552800,Shun'ichi Maki,1990,,"[""actor"", ""miscellaneous"", ""soundtrack""]","[""tt1677720"", ""tt14482616"", ""tt36636552"", ""tt30217403""]",https://www.imdb.com/name/nm7552800/,False
nm7565692,Tanishk Bagchi,1980,,"[""composer"", ""music_department"", ""actor""]","[""tt10295212"", ""tt28037987"", ""tt4900716"", ""tt6264938""]",https://www.imdb.com/name/nm7565692/,False
nm7575624,Bhadram,,,"[""actor""]","[""tt27610677"", ""tt2691804"", ""tt6861726"", ""tt43596525""]",https://www.imdb.com/name/nm7575624/,False
nm7589615,Sergei Nesterov,,,"[""editorial_department"", ""editor"", ""actor""]","[""tt23737556"", ""tt32123395"", ""tt4057376"", ""tt3621288""]",https://www.imdb.com/name/nm7589615/,False
nm7621164,Johnny Palomba,,,"[""writer""]","[""tt7660450"", ""tt5073622"", ""tt4016186""]",https://www.imdb.com/name/nm7621164/,False
nm7621667,Sanya Malhotra,1992,,"[""actress"", ""miscellaneous"", ""archive_footage""]","[""tt7212754"", ""tt5074352"", ""tt15354916"", ""tt18413766""]",https://www.imdb.com/name/nm7621667/,False
nm7623887,Tyler Russell,,,"[""writer"", ""actor"", ""director""]","[""tt21989014"", ""tt22334258"", ""tt37282369"", ""tt18258524""]",https://www.imdb.com/name/nm7623887/,False
nm7624324,Nika Savolainen,,,"[""actress"", ""miscellaneous""]","[""tt32022233"", ""tt32123395"", ""tt11721492"", ""tt11636880""]",https://www.imdb.com/name/nm7624324/,False
nm7624893,Shin-Chi Chen,,,"[""producer"", ""miscellaneous""]","[""tt3487082"", ""tt5078188"", ""tt12867740"", ""tt7827658""]",https://www.imdb.com/name/nm7624893/,False
nm7625165,Trevor K. Ball,,,"[""editor"", ""producer"", ""cinematographer""]","[""tt5079068"", ""tt31350555"", ""tt22334258"", ""tt11160694""]",https://www.imdb.com/name/nm7625165/,False
nm7627120,Maxime Gasteuil,,,"[""actor"", ""writer"", ""archive_footage""]","[""tt29007338"", ""tt8956156"", ""tt7682382"", ""tt35819793""]",https://www.imdb.com/name/nm7627120/,False
nm7629684,Grant S. Johnson,,,"[""director"", ""writer"", ""producer""]","[""tt13651794"", ""tt32768323"", ""tt33350512"", ""tt36842898""]",https://www.imdb.com/name/nm7629684/,False
nm7632103,Arfian,,,"[""cinematographer""]","[""tt10039468"", ""tt18938680"", ""tt10994712"", ""tt14728292""]",https://www.imdb.com/name/nm7632103/,False
nm7645092,Toshiki Masuda,1990,,"[""actor"", ""music_department"", ""soundtrack""]","[""tt3169618"", ""tt7745068"", ""tt5626028"", ""tt13544802""]",https://www.imdb.com/name/nm7645092/,False
nm7645984,Dua Lipa,1995,,"[""music_artist"", ""actress"", ""composer""]","[""tt1517268"", ""tt0437086"", ""tt15009428"", ""tt15326988""]",https://www.imdb.com/name/nm7645984/,False
nm7650817,Belissa Escobedo,1998,,"[""actress"", ""archive_footage""]","[""tt9362930"", ""tt11909878"", ""tt4450714"", ""tt31106862""]",https://www.imdb.com/name/nm7650817/,False
nm7652223,Margaux Marciano,,,"[""producer"", ""miscellaneous"", ""writer""]","[""tt4686844"", ""tt5092380"", ""tt2261287"", ""tt16826430""]",https://www.imdb.com/name/nm7652223/,False
nm7662861,Sean Marley,,,"[""producer"", ""executive""]","[""tt5125894"", ""tt4131496"", ""tt4931958"", ""tt5114840""]",https://www.imdb.com/name/nm7662861/,False
nm7706117,Talia Asseraf,2000,,"[""actress"", ""costume_department""]","[""tt28223926"", ""tt27424511"", ""tt4682810"", ""tt37368247""]",https://www.imdb.com/name/nm7706117/,False
nm7738736,Drez Ryan,,,"[""actor""]","[""tt34675596"", ""tt39747274"", ""tt31449991"", ""tt17543592""]",https://www.imdb.com/name/nm7738736/,False
nm7745725,Baek Seo-Bin,1984,,"[""actor""]","[""tt7946548"", ""tt5219066"", ""tt39393155"", ""tt37061136""]",https://www.imdb.com/name/nm7745725/,False
nm7746861,Hui-Wen Yu,,,"[""casting_director"", ""casting_department""]","[""tt13598976"", ""tt5576318"", ""tt8443704"", ""tt36958624""]",https://www.imdb.com/name/nm7746861/,False
nm7747603,Romain Brau,,,"[""actor"", ""editor""]","[""tt3762020"", ""tt6918220"", ""tt14429000"", ""tt11610804""]",https://www.imdb.com/name/nm7747603/,False
nm7768196,Ezri Walker,,,"[""actor"", ""soundtrack""]","[""tt9898858"", ""tt25947954"", ""tt5164412"", ""tt10065678""]",https://www.imdb.com/name/nm7768196/,False
nm7785899,Julian Brittano,1978,,"[""actor"", ""producer"", ""director""]","[""tt7118590"", ""tt14999450"", ""tt23141342"", ""tt37745669""]",https://www.imdb.com/name/nm7785899/,False
nm7792149,John Varghese,,,"[""director"", ""writer""]","[""tt5271432"", ""tt39014003"", ""tt9199374""]",https://www.imdb.com/name/nm7792149/,False
nm7792150,Abhilash S. Nair,,,"[""writer""]","[""tt21037504"", ""tt5271432"", ""tt37561297""]",https://www.imdb.com/name/nm7792150/,False
nm7792152,Ajay David Kachappilly,,,"[""cinematographer""]","[""tt27209716"", ""tt9789670"", ""tt14056670"", ""tt13671930""]",https://www.imdb.com/name/nm7792152/,False
nm7805689,Kirti Adarkar,,,"[""actress"", ""writer"", ""producer""]","[""tt5286444"", ""tt36592835"", ""tt7151480"", ""tt5197544""]",https://www.imdb.com/name/nm7805689/,False
nm7820251,Chicco Kurniawan,1994,,"[""actor"", ""soundtrack""]","[""tt32881480"", ""tt13729220"", ""tt5019254"", ""tt27490380""]",https://www.imdb.com/name/nm7820251/,False
nm7825322,Dale Dobson,,,"[""actor"", ""producer"", ""art_department""]","[""tt32658634"", ""tt21799852"", ""tt29137306"", ""tt19083430""]",https://www.imdb.com/name/nm7825322/,False
nm7847469,Darin Holiday,,,"[""cinematographer"", ""camera_department"", ""editor""]","[""tt6489820"", ""tt12060242"", ""tt9208222"", ""tt20257184""]",https://www.imdb.com/name/nm7847469/,False
nm7850258,Anasuya Bharadwaj,1985,,"[""actress""]","[""tt7392212"", ""tt9389998"", ""tt16539454"", ""tt5504168""]",https://www.imdb.com/name/nm7850258/,False
nm7866544,Alex Coco,,,"[""producer"", ""assistant_director"", ""editor""]","[""tt28607951"", ""tt13453006"", ""tt5649144"", ""tt26449042""]",https://www.imdb.com/name/nm7866544/,False
nm7881477,Noufal Abdullah,,,"[""editor"", ""director"", ""writer""]","[""tt26895979"", ""tt35099420"", ""tt5996836"", ""tt12943936""]",https://www.imdb.com/name/nm7881477/,False
nm7883110,Lilly Grabowski,,,"[""editor""]","[""tt3564794""]",https://www.imdb.com/name/nm7883110/,False
nm7896839,Artyom Gabrelyanov,,,"[""producer"", ""writer"", ""executive""]","[""tt7601480"", ""tt27114092"", ""tt19224780"", ""tt17069122""]",https://www.imdb.com/name/nm7896839/,False
nm7898120,Kyle Sherrod,,,"[""music_department"", ""composer""]","[""tt4439102"", ""tt6489834""]",https://www.imdb.com/name/nm7898120/,False
nm7903936,Jithin Mohan,,,"[""cinematographer"", ""camera_department"", ""editor""]","[""tt36931315"", ""tt4818930"", ""tt6389070"", ""tt12857614""]",https://www.imdb.com/name/nm7903936/,False
nm7919330,Lindsey Normington,1996,,"[""actress"", ""director"", ""archive_footage""]","[""tt28607951"", ""tt31137273"", ""tt32465280"", ""tt40389698""]",https://www.imdb.com/name/nm7919330/,False
nm7945153,Vela Ramamoorthy,,,"[""actor"", ""writer""]","[""tt10340562"", ""tt5491920"", ""tt13648258"", ""tt11253090""]",https://www.imdb.com/name/nm7945153/,False
nm7959991,John 'Fingazz' Stary,,,"[""composer"", ""editor"", ""producer""]","[""tt2170593"", ""tt11202990"", ""tt11202454"", ""tt11229570""]",https://www.imdb.com/name/nm7959991/,False
nm7961443,Kelly Tappan,,,"[""actress"", ""sound_department"", ""stunts""]","[""tt12892670"", ""tt28774640"", ""tt14604100"", ""tt31022851""]",https://www.imdb.com/name/nm7961443/,False
nm7973999,Junaid Siddiqui,,,"[""editor""]","[""tt4435072"", ""tt25402450"", ""tt33610541"", ""tt30050236""]",https://www.imdb.com/name/nm7973999/,False
nm8011227,Nicola Vardaro,,,"[""actor""]","[""tt3685218""]",https://www.imdb.com/name/nm8011227/,False
nm8011228,Sophie Weinbaum,,,"[""actress""]","[""tt3685218""]",https://www.imdb.com/name/nm8011228/,False
nm8011229,Rivka Katz,,,"[""actress""]","[""tt3685218""]",https://www.imdb.com/name/nm8011229/,False
nm8013741,Deepak Antani,,,"[""actor"", ""director"", ""writer""]","[""tt13801462""]",https://www.imdb.com/name/nm8013741/,False
nm8018162,Olivier Arson,1979,,"[""composer"", ""music_department"", ""soundtrack""]","[""tt15006566"", ""tt7095482"", ""tt4944596"", ""tt10399608""]",https://www.imdb.com/name/nm8018162/,False
nm8026847,Alok Pandey,1988,,"[""actor""]","[""tt2338151"", ""tt3595298"", ""tt4169250"", ""tt8869978""]",https://www.imdb.com/name/nm8026847/,False
nm8027530,Bianca Lanzetti,,,"[""casting_director""]","[""tt0169164""]",https://www.imdb.com/name/nm8027530/,False
nm8027531,Isabella Aldovranoli,,,"[""casting_director""]","[""tt0169164""]",https://www.imdb.com/name/nm8027531/,False
nm8027737,Kim Jae-cheol,1982,,"[""actor""]","[""tt27802490"", ""tt3697626"", ""tt36188448"", ""tt11285908""]",https://www.imdb.com/name/nm8027737/,False
nm8045071,Arbani Yasiz,,,"[""actor"", ""soundtrack""]","[""tt29168766"", ""tt28468240"", ""tt10816448"", ""tt21928274""]",https://www.imdb.com/name/nm8045071/,False
nm8046733,Matt Midgette,,,"[""writer"", ""producer""]","[""tt18411838"", ""tt12889912""]",https://www.imdb.com/name/nm8046733/,False
nm8065721,Jedidiah Arul,,,"[""actor""]","[""tt12857614"", ""tt5628158""]",https://www.imdb.com/name/nm8065721/,False
nm8069110,Pamela Moreno,,,"[""actress""]","[""tt11005688"", ""tt5259966"", ""tt21817022"", ""tt35661732""]",https://www.imdb.com/name/nm8069110/,False
nm8075785,Andy Matthews,,,"[""editor"", ""camera_department"", ""miscellaneous""]","[""tt33036144"", ""tt8021784"", ""tt23639696"", ""tt11010074""]",https://www.imdb.com/name/nm8075785/,False
nm8083606,Joe Gelchion,,,"[""actor"", ""producer""]","[""tt6513656"", ""tt4532038"", ""tt4411584"", ""tt3963816""]",https://www.imdb.com/name/nm8083606/,False
nm8098198,Chris Burnham,,,"[""writer""]","[""tt4439102"", ""tt5659872""]",https://www.imdb.com/name/nm8098198/,False
nm8120718,Morgan Harvill,1998,,"[""actress""]","[""tt7414406"", ""tt22814692"", ""tt11032396"", ""tt19114434""]",https://www.imdb.com/name/nm8120718/,False
nm8130885,Vache Tovmasyan,,,"[""actor"", ""producer""]","[""tt28607951"", ""tt5706918"", ""tt7662036"", ""tt1876373""]",https://www.imdb.com/name/nm8130885/,False
nm8141007,Daniel Klimitz,,,"[""actor""]","[""tt4264426""]",https://www.imdb.com/name/nm8141007/,False
nm8142488,Kazumasa Sanjôba,,,"[""producer"", ""miscellaneous"", ""production_department""]","[""tt5805470"", ""tt7745068"", ""tt5626028"", ""tt11107074""]",https://www.imdb.com/name/nm8142488/,False
nm8151531,Hiroshi Kamei,,,"[""producer"", ""production_department""]","[""tt30217403"", ""tt5537534"", ""tt33343397"", ""tt5626028""]",https://www.imdb.com/name/nm8151531/,False
nm8161355,Alexandrina Turcan,,,"[""actress"", ""director"", ""writer""]","[""tt7801894"", ""tt8265928"", ""tt12101170"", ""tt8962124""]",https://www.imdb.com/name/nm8161355/,False
nm8194649,Korlan Madi,,,"[""actress""]","[""tt13432484"", ""tt4073890""]",https://www.imdb.com/name/nm8194649/,False
nm8251673,Oleg Trofim,,,"[""director"", ""writer"", ""producer""]","[""tt21846812"", ""tt5844488"", ""tt7601480"", ""tt27114092""]",https://www.imdb.com/name/nm8251673/,False
nm8279117,Andrew Liner,2000,,"[""actor""]","[""tt7132924"", ""tt25947954"", ""tt14689620"", ""tt27208407""]",https://www.imdb.com/name/nm8279117/,False
nm8280833,Carlos Alayeto,,,"[""actor"", ""miscellaneous""]","[""tt2231208"", ""tt15554968"", ""tt1433915""]",https://www.imdb.com/name/nm8280833/,False
nm8281888,Cherryyoko,,,"[""writer"", ""visual_effects""]","[""tt1424310"", ""tt5481184"", ""tt2118727"", ""tt10300286""]",https://www.imdb.com/name/nm8281888/,False
nm8286226,Camilla Loyolla,,,"[""writer"", ""assistant_director"", ""actress""]","[""tt2231208"", ""tt5881374""]",https://www.imdb.com/name/nm8286226/,False
nm8339499,Prem Hardeep,,,"[""music_artist"", ""composer"", ""soundtrack""]","[""tt2395469"", ""tt5197544"", ""tt9248952""]",https://www.imdb.com/name/nm8339499/,False
nm8347434,Laura Arden,,,"[""actress"", ""stunts"", ""producer""]","[""tt32752649"", ""tt19595494"", ""tt32188003""]",https://www.imdb.com/name/nm8347434/,False
nm8388409,Sky Alexis,,,"[""actress"", ""miscellaneous""]","[""tt28066777"", ""tt1488589"", ""tt4729430"", ""tt10687464""]",https://www.imdb.com/name/nm8388409/,False
nm8414592,Harvey Davis,,,"[""music_department"", ""composer"", ""sound_department""]","[""tt13918776"", ""tt15005606"", ""tt27716649"", ""tt29137963""]",https://www.imdb.com/name/nm8414592/,False
nm8428513,Vishal Mishra,,,"[""music_department"", ""composer"", ""actor""]","[""tt8983202"", ""tt13751694"", ""tt28037987"", ""tt15428134""]",https://www.imdb.com/name/nm8428513/,False
nm8439829,Rory Okey,,,"[""casting_director"", ""casting_department"", ""actor""]","[""tt13210838"", ""tt19838620"", ""tt35855645"", ""tt8599532""]",https://www.imdb.com/name/nm8439829/,False
nm8449714,Sam Mobley,,,"[""camera_department"", ""producer""]","[""tt12163074"", ""tt5938588""]",https://www.imdb.com/name/nm8449714/,False
nm8465620,Alexandros Mavropoulos,,,"[""actor""]","[""tt15851720"", ""tt11199856"", ""tt7838494"", ""tt7105028""]",https://www.imdb.com/name/nm8465620/,False
nm8485641,Roman Selivyorstov,,,"[""composer"", ""music_department"", ""soundtrack""]","[""tt7601480"", ""tt10329842"", ""tt34587486"", ""tt19224780""]",https://www.imdb.com/name/nm8485641/,False
nm8529746,Harinath Babu B.,,,"[""assistant_director"", ""actor"", ""director""]","[""tt7693236"", ""tt0460394"", ""tt1579625"", ""tt7942858""]",https://www.imdb.com/name/nm8529746/,False
nm8534591,Isabella Ferreira,,,"[""actress"", ""producer""]","[""tt17720272"", ""tt25947954"", ""tt15096128"", ""tt26920777""]",https://www.imdb.com/name/nm8534591/,False
nm8560283,Steve Dan Mills,,,"[""actor""]","[""tt6210456"", ""tt2392830""]",https://www.imdb.com/name/nm8560283/,False
nm8570840,Zerocalcare,1983,,"[""writer"", ""director"", ""actor""]","[""tt27440006"", ""tt7660450"", ""tt38821531"", ""tt15614372""]",https://www.imdb.com/name/nm8570840/,False
nm8601122,Evgeniya Kadylova,1976,2021,"[""casting_director"", ""assistant_director""]","[""tt10329842"", ""tt15531294"", ""tt13144490"", ""tt27079605""]",https://www.imdb.com/name/nm8601122/,False
nm8620566,Saandeep Bhojaak,,,"[""actor"", ""director"", ""assistant_director""]","[""tt6334416"", ""tt6982206"", ""tt13412492"", ""tt35443400""]",https://www.imdb.com/name/nm8620566/,False
nm8656178,Cece Abbey,2005,,"[""actress""]","[""tt32420734"", ""tt12826940"", ""tt6290798"", ""tt6645944""]",https://www.imdb.com/name/nm8656178/,False
nm8665144,Zoe Cipres,,,"[""actress""]","[""tt27629382""]",https://www.imdb.com/name/nm8665144/,False
nm8680484,Faisal Batliwala,,,"[""actor""]","[""tt5197544"", ""tt10238792"", ""tt20118220"", ""tt6985744""]",https://www.imdb.com/name/nm8680484/,False
nm8680486,Amit Bhagwanani,,,"[""actor""]","[""tt5197544"", ""tt6112414"", ""tt11318832""]",https://www.imdb.com/name/nm8680486/,False
nm8680496,Andrey Boldyrkov,,,"[""actor""]","[""tt5197544""]",https://www.imdb.com/name/nm8680496/,False
nm8690133,Jang Seo-kyung,1991,,"[""actress""]","[""tt11769798"", ""tt6931658"", ""tt16676718"", ""tt5056742""]",https://www.imdb.com/name/nm8690133/,False
nm8708538,James R. Wilson,,,"[""composer""]","[""tt6504900"", ""tt11608126"", ""tt27757565"", ""tt8444510""]",https://www.imdb.com/name/nm8708538/,False
nm8722073,Arun Shekhar,,,"[""actor"", ""writer"", ""sound_department""]","[""tt2556308"", ""tt1787988"", ""tt10350922"", ""tt5465370""]",https://www.imdb.com/name/nm8722073/,False
nm8731960,Dora Postigo,,,"[""actress"", ""music_department"", ""soundtrack""]","[""tt42601662"", ""tt14722598"", ""tt36152016"", ""tt16579412""]",https://www.imdb.com/name/nm8731960/,False
nm8732499,Can Bulut,,,"[""actor""]","[""tt4932154""]",https://www.imdb.com/name/nm8732499/,False
nm8744341,Humberly González,1992,,"[""actress"", ""director"", ""soundtrack""]","[""tt10813940"", ""tt31216548"", ""tt14088510"", ""tt28054906""]",https://www.imdb.com/name/nm8744341/,False
nm8758994,Rachel Petsiavas,,,"[""actress"", ""set_decorator"", ""casting_department""]","[""tt16433696"", ""tt11156390"", ""tt14715444"", ""tt13839328""]",https://www.imdb.com/name/nm8758994/,False
nm8774122,Eric Masip,1995,,"[""actor"", ""sound_department"", ""archive_footage""]","[""tt14463484"", ""tt32881242"", ""tt2638662"", ""tt9204142""]",https://www.imdb.com/name/nm8774122/,False
nm8794761,Isac Aspberg,,,"[""actor""]","[""tt29344903"", ""tt0920505""]",https://www.imdb.com/name/nm8794761/,False
nm8801937,Jeremy Jackson,,,"[""writer""]","[""tt2184233""]",https://www.imdb.com/name/nm8801937/,False
nm8865872,Richard Holmes,,,"[""actor"", ""director""]","[""tt10978398"", ""tt32095441"", ""tt10399608"", ""tt18273742""]",https://www.imdb.com/name/nm8865872/,False
nm8874294,Kristian Ventura,1999,,"[""actor"", ""writer"", ""director""]","[""tt21057450"", ""tt15180134"", ""tt25947954"", ""tt11291274""]",https://www.imdb.com/name/nm8874294/,False
nm8886691,Norwood Ezzell,,,"[""actor"", ""miscellaneous""]","[""tt41841498"", ""tt12478016"", ""tt26349033"", ""tt12399256""]",https://www.imdb.com/name/nm8886691/,False
nm8896550,Chavez Fred,,,"[""producer"", ""camera_department"", ""cinematographer""]","[""tt15005606"", ""tt12042764"", ""tt6734090""]",https://www.imdb.com/name/nm8896550/,False
nm8910575,Eiji Akaso,1994,,"[""actor""]","[""tt7472924"", ""tt33048502"", ""tt6982472"", ""tt29631662""]",https://www.imdb.com/name/nm8910575/,False
nm8928141,Hiroki Kazama,,,"[""director"", ""writer""]","[""tt31680243"", ""tt15681768"", ""tt39400541"", ""tt35440111""]",https://www.imdb.com/name/nm8928141/,False
nm8939330,Leigh Rousson,,,"[""casting_department"", ""casting_director"", ""producer""]","[""tt6807306"", ""tt4247440"", ""tt1844770"", ""tt8026868""]",https://www.imdb.com/name/nm8939330/,False
nm8944542,Austin Robert Russell,,,"[""actor"", ""producer""]","[""tt8482584"", ""tt22334258"", ""tt26921253"", ""tt7904410""]",https://www.imdb.com/name/nm8944542/,False
nm8948296,Michelle Randolph,,,"[""actress"", ""producer"", ""archive_footage""]","[""tt18335752"", ""tt14186672"", ""tt27047903""]",https://www.imdb.com/name/nm8948296/,False
nm8948734,Polina Ivanova,,,"[""producer""]","[""tt10329842"", ""tt13144490"", ""tt27079605"", ""tt28655955""]",https://www.imdb.com/name/nm8948734/,False
nm8950611,Ray Acevedo,,,"[""actor"", ""cinematographer"", ""editor""]","[""tt21294442"", ""tt13322120"", ""tt26899693"", ""tt32393674""]",https://www.imdb.com/name/nm8950611/,False
nm8979280,Lisa Reynolds,,,"[""actress"", ""editor"", ""director""]","[""tt6888938"", ""tt10274898"", ""tt39291905"", ""tt1657281""]",https://www.imdb.com/name/nm8979280/,False
nm8997092,Sarah Fuhrer,,,"[""actress""]","[""tt4932154""]",https://www.imdb.com/name/nm8997092/,False
nm9045121,Eric Lee,,,"[""writer""]","[""tt9597838"", ""tt1641638"", ""tt19029666"", ""tt8490838""]",https://www.imdb.com/name/nm9045121/,False
nm9073343,David Van Bouwel,,,"[""actor""]","[""tt2392830""]",https://www.imdb.com/name/nm9073343/,False
nm9086605,Riya Mukherjee,,,"[""writer"", ""music_department"", ""producer""]","[""tt13927994"", ""tt9015860"", ""tt27487934"", ""tt8178634""]",https://www.imdb.com/name/nm9086605/,False
nm9109723,Sarah Stipe,1993,,"[""actress"", ""writer"", ""director""]","[""tt13984270"", ""tt13315156"", ""tt11212198"", ""tt12143990""]",https://www.imdb.com/name/nm9109723/,False
nm9145599,LaRonn Marzett,1999,,"[""actor"", ""cinematographer"", ""writer""]","[""tt21515872"", ""tt10229068"", ""tt14399126"", ""tt12543908""]",https://www.imdb.com/name/nm9145599/,False
nm9159222,Luke Jose,,,"[""cinematographer"", ""miscellaneous""]","[""tt21305488"", ""tt42822567"", ""tt29456979"", ""tt7345948""]",https://www.imdb.com/name/nm9159222/,False
nm9164562,Fenny Oliver,,,"[""editor"", ""actor""]","[""tt27802912"", ""tt32909364"", ""tt16118660"", ""tt38097205""]",https://www.imdb.com/name/nm9164562/,False
nm9203528,Ananya Panday,1998,,"[""actress"", ""miscellaneous"", ""archive_footage""]","[""tt10733228"", ""tt15434074"", ""tt7255568"", ""tt12736014""]",https://www.imdb.com/name/nm9203528/,False
nm9221967,Nien-Hsuan Wu,,,"[""actor""]","[""tt8931836"", ""tt11071788"", ""tt6295898"", ""tt28687392""]",https://www.imdb.com/name/nm9221967/,False
nm9221969,Wan-Ru Zhan,1995,,"[""actress""]","[""tt11242242"", ""tt32155927"", ""tt8937950"", ""tt39496157""]",https://www.imdb.com/name/nm9221969/,False
nm9237513,Mohamed Ragaa,,,"[""writer""]","[""tt15355056"", ""tt31013030"", ""tt21993228"", ""tt14349008""]",https://www.imdb.com/name/nm9237513/,False
nm9244111,Isa Lin,,,"[""actress""]","[""tt5078188"", ""tt6295898""]",https://www.imdb.com/name/nm9244111/,False
nm9245009,Richard Breakspear,,,"[""composer"", ""music_department"", ""sound_department""]","[""tt23639696"", ""tt10713340"", ""tt5699928"", ""tt2309260""]",https://www.imdb.com/name/nm9245009/,False
nm9274785,Jiaming Tian,,,"[""editorial_department"", ""editor"", ""actress""]","[""tt32186579"", ""tt3824950"", ""tt4819514"", ""tt8587122""]",https://www.imdb.com/name/nm9274785/,False
nm9282974,Ga-Young Jeong,,,"[""director"", ""actress"", ""writer""]","[""tt7563978"", ""tt7390054"", ""tt11033746"", ""tt16303830""]",https://www.imdb.com/name/nm9282974/,False
nm9311474,Jeon Jong-seo,1994,,"[""actress""]","[""tt7282468"", ""tt10530176"", ""tt8760670"", ""tt23149640""]",https://www.imdb.com/name/nm9311474/,False
nm9334471,Michael Donaldson,,,"[""composer"", ""music_department"", ""sound_department""]","[""tt8476156"", ""tt11586384"", ""tt7209510""]",https://www.imdb.com/name/nm9334471/,False
nm9343856,Tahlia Sturzaker,,,"[""actress""]","[""tt6292852"", ""tt10370042"", ""tt42575844"", ""tt21817374""]",https://www.imdb.com/name/nm9343856/,False
nm9359620,Venkat Rajen,,,"[""editor""]","[""tt27487934"", ""tt23782248"", ""tt13760126"", ""tt24227018""]",https://www.imdb.com/name/nm9359620/,False
nm9364092,Derek Chouinard,1986,,"[""actor"", ""miscellaneous""]","[""tt4925000"", ""tt30293074"", ""tt7094780"", ""tt1527793""]",https://www.imdb.com/name/nm9364092/,False
nm9382378,Kim Terreson,,,"[""make_up_department"", ""writer"", ""assistant_director""]","[""tt6619250"", ""tt9075718"", ""tt14604100"", ""tt13049516""]",https://www.imdb.com/name/nm9382378/,False
nm9410880,G. Adi Narayana,,,"[""writer"", ""assistant_director"", ""script_department""]","[""tt7725626"", ""tt6878378"", ""tt10773090"", ""tt5178278""]",https://www.imdb.com/name/nm9410880/,False
nm9413210,Lutesha,1994,,"[""actress"", ""soundtrack""]","[""tt15528292"", ""tt23472308"", ""tt7624578"", ""tt33512869""]",https://www.imdb.com/name/nm9413210/,False
nm9436571,Oscar Glioti,,,"[""writer""]","[""tt7660450""]",https://www.imdb.com/name/nm9436571/,False
nm9444721,Kody Newton,,,"[""director"", ""cinematographer"", ""actor""]","[""tt23221398"", ""tt26680277"", ""tt31022851"", ""tt14604100""]",https://www.imdb.com/name/nm9444721/,False
nm9468053,Evan Agos,,,"[""actor"", ""miscellaneous""]","[""tt6565702"", ""tt9115530"", ""tt8097030"", ""tt4729430""]",https://www.imdb.com/name/nm9468053/,False
nm9482213,Choi Byung-mo,1972,,"[""actor""]","[""tt4016934"", ""tt2351310"", ""tt27688034"", ""tt12560244""]",https://www.imdb.com/name/nm9482213/,False
nm9484837,Kôhei Horikoshi,1986,,"[""writer"", ""animation_department"", ""director""]","[""tt5626028"", ""tt35636246"", ""tt11107074"", ""tt9198442""]",https://www.imdb.com/name/nm9484837/,False
nm9491948,Bharath Chowdary,,,"[""producer""]","[""tt15309808"", ""tt7249854"", ""tt7322890"", ""tt42413338""]",https://www.imdb.com/name/nm9491948/,False
nm9493240,Szymon Biernacki,,,"[""art_director"", ""production_designer""]","[""tt4729430"", ""tt43602781"", ""tt11677956""]",https://www.imdb.com/name/nm9493240/,False
nm9493337,Finnlay Berger,2009,,"[""actor""]","[""tt14793144"", ""tt12875782"", ""tt8863032"", ""tt0178142""]",https://www.imdb.com/name/nm9493337/,False
nm9497136,Christian Schädel,,,"[""actor""]","[""tt7209510""]",https://www.imdb.com/name/nm9497136/,False
nm9497137,Douglas Robinson,,,"[""actor""]","[""tt7209510""]",https://www.imdb.com/name/nm9497137/,False
nm9500393,Alexandre Lecluyse,,,"[""composer"", ""music_department"", ""sound_department""]","[""tt26660615"", ""tt9908390"", ""tt6859418"", ""tt13834006""]",https://www.imdb.com/name/nm9500393/,False
nm9534286,He-Hsuan Lin,,,"[""actor""]","[""tt8587122"", ""tt12252316"", ""tt23220752"", ""tt22006144""]",https://www.imdb.com/name/nm9534286/,False
nm9535187,Yan Alabushev,2009,,"[""actor""]","[""tt10329842"", ""tt16769394"", ""tt22026162"", ""tt21346350""]",https://www.imdb.com/name/nm9535187/,False
nm9541594,Vinod Patil,1986,,"[""cinematographer"", ""camera_department"", ""writer""]","[""tt5541492"", ""tt1664809"", ""tt1451797"", ""tt14332510""]",https://www.imdb.com/name/nm9541594/,False
nm9545027,Alexi Angelino,,,"[""art_department"", ""producer"", ""miscellaneous""]","[""tt12943526"", ""tt15366012"", ""tt15669216"", ""tt18225644""]",https://www.imdb.com/name/nm9545027/,False
nm9547940,Kiran Thatavarthi,,,"[""writer""]","[""tt4435072"", ""tt9558468"", ""tt6682124"", ""tt5277266""]",https://www.imdb.com/name/nm9547940/,False
nm9611660,Gaël Raës,,,"[""actor""]","[""tt10160976"", ""tt26660615"", ""tt1418572"", ""tt27644193""]",https://www.imdb.com/name/nm9611660/,False
nm9614943,Firdauzi Trizkiyanto,,,"[""editor"", ""editorial_department"", ""producer""]","[""tt43696771"", ""tt8520966"", ""tt8960204"", ""tt10284716""]",https://www.imdb.com/name/nm9614943/,False
nm9615234,Getup Srinu,1984,,"[""actor""]","[""tt15433956"", ""tt4435072"", ""tt7392212"", ""tt30858568""]",https://www.imdb.com/name/nm9615234/,False
nm9616694,Guillermo Lasheras,,,"[""actor""]","[""tt14463484"", ""tt9204160"", ""tt11892272"", ""tt35223915""]",https://www.imdb.com/name/nm9616694/,False
nm9653555,Antoine Fontaine,,,"[""production_designer"", ""art_department"", ""costume_designer""]","[""tt0422720"", ""tt0250223"", ""tt0110963"", ""tt0374294""]",https://www.imdb.com/name/nm9653555/,False
nm9660135,Joyce Robinson,1941,,"[""casting_director"", ""casting_department""]","[""tt0082186"", ""tt0077355"", ""tt0079168"", ""tt0075510""]",https://www.imdb.com/name/nm9660135/,False
nm9820279,Vish,1991,,"[""actor"", ""producer"", ""miscellaneous""]","[""tt4435072"", ""tt23865918"", ""tt7458714"", ""tt27610677""]",https://www.imdb.com/name/nm9820279/,False
nm9822712,Clément Dumoulin,,,"[""composer""]","[""tt19520308"", ""tt32296243"", ""tt6901252"", ""tt15548032""]",https://www.imdb.com/name/nm9822712/,False
nm9855589,Muralidhar Goud,,,"[""actor""]","[""tt7392212"", ""tt22987820"", ""tt31226981"", ""tt14527722""]",https://www.imdb.com/name/nm9855589/,False
nm9870185,Mirchi Kiran,,,"[""actor"", ""writer"", ""script_department""]","[""tt9537292"", ""tt9691336"", ""tt8660422"", ""tt6056644""]",https://www.imdb.com/name/nm9870185/,False
nm9920821,Marcin Jakubowski,,,"[""production_designer"", ""art_director""]","[""tt4729430"", ""tt0358082"", ""tt0268380"", ""tt1080016""]",https://www.imdb.com/name/nm9920821/,False
nm9946376,Lee Do-hyun,1995,,"[""actor""]","[""tt27802490"", ""tt11612120"", ""tt14166666"", ""tt12846096""]",https://www.imdb.com/name/nm9946376/,False
nm9954934,Marjorie Whitney,,,"[""actress"", ""archive_footage""]","[""tt9351610"", ""tt0096919""]",https://www.imdb.com/name/nm9954934/,False
nm9966942,Ania Josse,,,"[""actress"", ""miscellaneous""]","[""tt4669264""]",https://www.imdb.com/name/nm9966942/,False
nm9966943,Angus John Crisford Pritchard-Gordon,,,"[""actor""]","[""tt4669264""]",https://www.imdb.com/name/nm9966943/,False
nm9980032,Victoria U Bell,,,"[""director"", ""actress"", ""producer""]","[""tt11608126"", ""tt11156390"", ""tt13694152""]",https://www.imdb.com/name/nm9980032/,False
nm9981631,Dariusz Gawin,,,"[""producer""]","[""tt8706988""]",https://www.imdb.com/name/nm9981631/,False
nm9989935,Susanna No,,,"[""actress""]","[""tt7046826"", ""tt3155654"", ""tt12504168"", ""tt4636074""]",https://www.imdb.com/name/nm9989935/,False
nm9991000,Divyansha Kaushik,1997,,"[""actress""]","[""tt16993888"", ""tt15028848"", ""tt15309808"", ""tt8737614""]",https://www.imdb.com/name/nm9991000/,False
nm9992659,Daniyar Alshinov,1987,,"[""actor""]","[""tt14902026"", ""tt10867768"", ""tt21379234"", ""tt13294064""]",https://www.imdb.com/name/nm9992659/,False
