imdb_id,ordering,person_id,category,job,characters
tt0079718,1,nm0817881,actor,,"[""Commissario Rizzo 'Piedone'""]"
tt0079718,2,nm0134073,actor,,"[""Maresc. Caputo""]"
tt0079718,3,nm0408636,actor,,"[""Hassan""]"
tt0079718,4,nm0598443,actress,,"[""Connie Burns""]"
tt0079718,5,nm0016793,actor,,"[""Jack Connors aka Der Schwede""]"
tt0079718,6,nm0011964,actor,,"[""Elver Zakar""]"
tt0079718,7,nm0434060,actor,,"[""Ten. Kebir""]"
tt0079718,8,nm0197490,actor,,"[""Bodo""]"
tt0079718,9,nm0005162,actor,,"[""Edward Burns""]"
tt0079718,10,nm0872689,actor,,"[""Prof. Coriolano Cerullo""]"
tt0079718,11,nm0826642,director,,[]
tt0079718,12,nm0093501,writer,story,[]
tt0079718,13,nm0290050,writer,screenplay,[]
tt0079718,14,nm0826642,writer,screenplay,[]
tt0079718,15,nm0006026,composer,,[]
tt0079718,16,nm0006027,composer,,[]
tt0079718,17,nm0097111,cinematographer,,[]
tt0079718,18,nm0005765,cinematographer,,[]
tt0079718,19,nm0059078,editor,,[]
tt0079718,20,nm0606210,editor,,[]
tt0079718,21,nm0047268,production_designer,,[]
tt0081633,1,nm0000125,actor,,"[""King Agamemnon""]"
tt0081633,2,nm0000125,actor,,"[""Fireman""]"
tt0081633,3,nm0001167,actress,,"[""Dame Pansy""]"
tt0081633,4,nm0001167,actress,,"[""Pansy""]"
tt0081633,5,nm0000092,actor,,"[""Robin Hood""]"
tt0081633,6,nm0001340,actress,,"[""Mrs. Ogre""]"
tt0081633,7,nm0000453,actor,,"[""Napoleon""]"
tt0081633,8,nm0001589,actor,,"[""Vincent""]"
tt0081633,9,nm0724732,actor,,"[""Supreme Being""]"
tt0081633,10,nm0891092,actor,,"[""Winston the Ogre""]"
tt0081633,11,nm0001831,actor,,"[""Evil Genius""]"
tt0081633,12,nm0710884,actor,,"[""Randall""]"
tt0081633,13,nm0000416,director,,[]
tt0081633,14,nm0001589,writer,written by,[]
tt0081633,15,nm0000416,writer,written by,[]
tt0081633,16,nm0000416,producer,producer,[]
tt0081633,17,nm0602931,composer,composer,[]
tt0081633,18,nm0084695,cinematographer,director of photography,[]
tt0081633,19,nm0236405,editor,,[]
tt0081633,20,nm0482961,casting_director,,[]
tt0081633,21,nm0122809,production_designer,,[]
tt0083199,1,nm0516316,actor,,"[""Tan""]"
tt0083199,2,nm0155147,actress,,"[""Pearl""]"
tt0083199,3,nm0041226,actor,,"[""Paul""]"
tt0083199,4,nm0526712,actor,,"[""Lung""]"
tt0083199,5,nm1794888,actor,,"[""Ko""]"
tt0083199,6,nm0514998,actor,,"[""Inspector Lui""]"
tt0083199,7,nm0056201,actor,,"[""Bruce""]"
tt0083199,8,nm2216880,actor,,"[""Interpol Officer""]"
tt0083199,9,nm1354659,actress,,"[""Social Worker""]"
tt0083199,10,nm1527417,actress,,"[""Paul's Mother""]"
tt0083199,11,nm0007139,director,,[]
tt0083199,12,nm1022277,writer,,[]
tt0083199,13,nm0007139,writer,,[]
tt0083199,14,nm4314103,producer,producer,[]
tt0083199,15,nm0482697,composer,,[]
tt0083199,16,nm3750894,composer,,[]
tt0083199,17,nm0161205,cinematographer,,[]
tt0083199,18,nm0159440,editor,,[]
tt0083199,19,nm0874984,editor,,[]
tt0085426,1,nm0427136,actor,,"[""The Man""]"
tt0085426,2,nm0099366,actor,,"[""The Doctor""]"
tt0085426,3,nm0000606,actor,,"[""The Brute""]"
tt0085426,4,nm0921202,actor,,"[""Captain""]"
tt0085426,5,nm0473218,actress,,"[""Captain's Concubine""]"
tt0085426,6,nm0484023,actor,,"[""Dwarf""]"
tt0085426,7,nm0140614,actor,,"[""Captain's Man""]"
tt0085426,8,nm0144477,actor,,"[""Captain's Man""]"
tt0085426,9,nm0234385,actor,,"[""Captain's Man""]"
tt0085426,10,nm0369834,actor,,"[""Captain's Man""]"
tt0085426,11,nm0000108,director,,[]
tt0085426,12,nm0000108,writer,writer,[]
tt0085426,13,nm0427136,writer,writer,[]
tt0085426,14,nm0000108,producer,producer,[]
tt0085426,15,nm0427136,producer,producer,[]
tt0085426,16,nm0785385,composer,composer,[]
tt0085426,17,nm0002299,cinematographer,,[]
tt0085426,18,nm0773389,editor,,[]
tt0085426,19,nm0280959,production_designer,,[]
tt0085426,20,nm0343312,production_designer,,[]
tt0085750,1,nm0000598,actor,,"[""Mike Brody""]"
tt0085750,2,nm0000787,actress,,"[""Dr. Kathryn Morgan""]"
tt0085750,3,nm0531546,actor,,"[""Philip FitzRoyce""]"
tt0085750,4,nm0001283,actor,,"[""Calvin Bouchard""]"
tt0085750,5,nm0003289,actor,,"[""Sean Brody""]"
tt0085750,6,nm0000670,actress,,"[""Kelly Ann Bukowski""]"
tt0085750,7,nm0605365,actor,,"[""Jack Tate""]"
tt0085750,8,nm0087750,actor,,"[""Dan""]"
tt0085750,9,nm0606742,actress,,"[""Liz""]"
tt0085750,10,nm0561033,actress,,"[""Ethel""]"
tt0085750,11,nm0023469,director,director,[]
tt0085750,12,nm0001940,writer,"suggested by the novel ""Jaws"" by",[]
tt0085750,13,nm0558577,writer,screenplay by,[]
tt0085750,14,nm0331956,writer,screenplay by,[]
tt0085750,15,nm0874100,writer,story by,[]
tt0085750,16,nm0386991,producer,producer,[]
tt0085750,17,nm0662029,composer,composer,[]
tt0085750,18,nm0176448,cinematographer,director of photography,[]
tt0085750,19,nm0251204,editor,editor,[]
tt0085750,20,nm0731506,editor,editor,[]
tt0085750,21,nm0832114,casting_director,casting_director,[]
tt0085750,22,nm0532866,production_designer,,[]
tt0086856,1,nm0000693,actor,,"[""Buckaroo Banzai""]"
tt0086856,2,nm0001475,actor,,"[""Dr. Emilio Lizardo""]"
tt0086856,3,nm0001475,actor,,"[""Lord John Whorfin""]"
tt0086856,4,nm0000289,actress,,"[""Penny Priddy""]"
tt0086856,5,nm0000156,actor,,"[""New Jersey""]"
tt0086856,6,nm0000502,actor,,"[""John Bigbooté""]"
tt0086856,7,nm0809095,actor,,"[""Perfect Tommy""]"
tt0086856,8,nm0143614,actress,,"[""John Emdall""]"
tt0086856,9,nm0411731,actor,,"[""Professor Hikita""]"
tt0086856,10,nm0785277,actor,,"[""Reno Nevada""]"
tt0086856,11,nm0479951,actor,,"[""President Widmark""]"
tt0086856,12,nm0725379,director,director,[]
tt0086856,13,nm0711996,writer,written by,[]
tt0086856,14,nm0134635,producer,producer,[]
tt0086856,15,nm0725379,producer,producer,[]
tt0086856,16,nm0090799,composer,composer,[]
tt0086856,17,nm0005758,cinematographer,director of photography,[]
tt0086856,18,nm0101055,editor,editor,[]
tt0086856,19,nm0548943,editor,editor,[]
tt0086856,20,nm0509490,casting_director,casting_director,[]
tt0086856,21,nm0728951,production_designer,,[]
tt0087065,1,nm0001794,actor,,"[""Davey Osborne""]"
tt0087065,2,nm0001056,actor,,"[""Jack Flack""]"
tt0087065,3,nm0001056,actor,,"[""Hal Osborne""]"
tt0087065,4,nm0614526,actor,,"[""Rice""]"
tt0087065,5,nm0631506,actress,,"[""Kim Gardener""]"
tt0087065,6,nm0570615,actor,,"[""George MacCready""]"
tt0087065,7,nm0634282,actress,,"[""Eunice MacCready""]"
tt0087065,8,nm0142746,actor,,"[""Alvarez""]"
tt0087065,9,nm0744523,actor,,"[""Haverman""]"
tt0087065,10,nm0001235,actor,,"[""Morris""]"
tt0087065,11,nm0233306,actor,,"[""Lt. Fleming""]"
tt0087065,12,nm0002207,director,,[]
tt0087065,13,nm0276169,writer,screen story,[]
tt0087065,14,nm0409997,writer,from a story by,[]
tt0087065,15,nm0139591,producer,producer,[]
tt0087065,16,nm0006189,composer,,[]
tt0087065,17,nm0005755,cinematographer,director of photography,[]
tt0087065,18,nm0518669,editor,,[]
tt0087065,19,nm0120799,casting_director,,[]
tt0087065,20,nm0876700,production_designer,production_designer,[]
tt0087354,1,nm0000031,actress,,"[""Grace Quigley""]"
tt0087354,2,nm0000560,actor,,"[""Seymour Flint""]"
tt0087354,3,nm0494264,actor,,"[""Muriel""]"
tt0087354,4,nm0956268,actor,,"[""Dr. Herman""]"
tt0087354,5,nm0240239,actor,,"[""Mr. Harvey Jenkins""]"
tt0087354,6,nm0933361,actress,,"[""Emily Watkins""]"
tt0087354,7,nm0008496,actor,,"[""Homer Morrison""]"
tt0087354,8,nm0688939,actress,,"[""Sarah Hodgkins""]"
tt0087354,9,nm0301168,actor,,"[""Sam Pincus""]"
tt0087354,10,nm0874119,actress,,"[""Dorothy Trugert""]"
tt0087354,11,nm0367431,director,,[]
tt0087354,12,nm0958989,writer,written by,[]
tt0087354,13,nm0322946,producer,producer,[]
tt0087354,14,nm0324875,producer,producer,[]
tt0087354,15,nm0011709,composer,,[]
tt0087354,16,nm0005831,cinematographer,director of photography,[]
tt0087354,17,nm0718567,editor,editor,[]
tt0087354,18,nm0173225,casting_director,,[]
tt0087354,19,nm0919328,production_designer,,[]
tt0087821,1,nm0644685,actress,,"[""Louise""]"
tt0087821,2,nm0001409,actor,,"[""Remi""]"
tt0087821,3,nm0524528,actor,,"[""Octave""]"
tt0087821,4,nm0862432,actress,,"[""Camille""]"
tt0087821,5,nm0883007,actor,,"[""Bastien""]"
tt0087821,6,nm0844435,actor,,"[""Painter at cafe""]"
tt0087821,7,nm0307781,actress,,"[""Tina the babysitter""]"
tt0087821,8,nm0771532,actor,,"[""Louise's decorator friend""]"
tt0087821,9,nm0513373,actress,,"[""Marianne""]"
tt0087821,10,nm0334931,actor,,"[""Remi's friend Bertrand""]"
tt0087821,11,nm0006445,director,,[]
tt0087821,12,nm0006445,writer,,[]
tt0087821,13,nm0617705,producer,producer,[]
tt0087821,14,nm0414173,composer,,[]
tt0087821,15,nm0575468,composer,composer,[]
tt0087821,16,nm0005655,cinematographer,,[]
tt0087821,17,nm0214038,editor,,[]
tt0087821,18,nm0644685,production_designer,,[]
tt0090274,1,nm0000158,actor,,"[""Lawrence Bourne III""]"
tt0090274,2,nm0001006,actor,,"[""Tom Tuttle from Tacoma""]"
tt0090274,3,nm0001854,actress,,"[""Beth Wexler""]"
tt0090274,4,nm0859772,actor,,"[""John Reynolds""]"
tt0090274,5,nm0913797,actor,,"[""At Toon""]"
tt0090274,6,nm0687321,actor,,"[""Lawrence Bourne Jr.""]"
tt0090274,7,nm0361719,actor,,"[""Chung Mee""]"
tt0090274,8,nm0033458,actor,,"[""Albert Bardenaro""]"
tt0090274,9,nm0075359,actor,,"[""Kent Sutcliffe""]"
tt0090274,10,nm0191783,actor,,"[""Cicero""]"
tt0090274,11,nm0583292,director,director,[]
tt0090274,12,nm0505867,writer,screenplay by,[]
tt0090274,13,nm0410539,writer,screenplay by,[]
tt0090274,14,nm0188219,writer,story by,[]
tt0090274,15,nm0662748,producer,producer,[]
tt0090274,16,nm0791847,producer,producer,[]
tt0090274,17,nm0000035,composer,composer,[]
tt0090274,18,nm0005923,cinematographer,director of photography,[]
tt0090274,19,nm0689264,editor,editor,[]
tt0090274,20,nm0740462,editor,editor,[]
tt0090274,21,nm0254069,casting_director,casting_director,[]
tt0090274,22,nm9660135,casting_director,casting_director,[]
tt0090274,23,nm0774847,production_designer,production_designer,[]
tt0090956,1,nm0005033,actor,,"[""Tung Ming-Sun""]"
tt0090956,2,nm0950707,actor,,"[""Man Yen Chieh""]"
tt0090956,3,nm0628955,actor,,"[""Yeung Lung""]"
tt0090956,4,nm0482580,actor,,"[""Lieutenant Lam""]"
tt0090956,5,nm0490497,actor,,"[""Ching Tai-Hoi""]"
tt0090956,6,nm0156506,actor,,"[""Ching Tai-Kong""]"
tt0090956,7,nm0323922,actress,,"[""Guerrilla Girl #1""]"
tt0090956,8,nm1998668,actress,,"[""Guerrilla Girl #2""]"
tt0090956,9,nm0156902,actress,,"[""Guerrila Girl #3""]"
tt0090956,10,nm0156875,actor,,"[""Szeto Chun""]"
tt0090956,11,nm0005033,director,,[]
tt0090956,12,nm0938944,writer,,[]
tt0090956,13,nm0387337,producer,producer,[]
tt0090956,14,nm0311508,producer,producer,[]
tt0090956,15,nm0943138,producer,producer,[]
tt0090956,16,nm0477035,producer,producer,[]
tt0090956,17,nm0161204,composer,composer,[]
tt0090956,18,nm0938939,cinematographer,,[]
tt0090956,19,nm0151649,editor,,[]
tt0090956,20,nm0497689,production_designer,,[]
tt0091630,1,nm0515128,actor,,"[""Chris""]"
tt0091630,2,nm0040662,actor,,"[""Ray Cameron""]"
tt0091630,3,nm0551185,actor,,"[""J.C.""]"
tt0091630,4,nm0926114,actress,,"[""Cynthia""]"
tt0091630,5,nm0853321,actor,,"[""Detective Landis""]"
tt0091630,6,nm0813298,actor,,"[""Sgt. Raimi""]"
tt0091630,7,nm0689269,actor,,"[""Coroner""]"
tt0091630,8,nm0443478,actor,,"[""Brad""]"
tt0091630,9,nm0380244,actor,,"[""Johnny""]"
tt0091630,10,nm0128273,actress,,"[""Pam""]"
tt0091630,11,nm0215269,director,,[]
tt0091630,12,nm0215269,writer,written by,[]
tt0091630,13,nm0330077,producer,producer,[]
tt0091630,14,nm0006031,composer,,[]
tt0091630,15,nm0627589,cinematographer,director of photography,[]
tt0091630,16,nm0461774,editor,,[]
tt0091630,17,nm0823096,casting_director,,[]
tt0091630,18,nm0182551,production_designer,,[]
tt0092656,1,nm0000369,actor,,"[""J.C. Cullen""]"
tt0092656,2,nm0000178,actress,,"[""Lorry""]"
tt0092656,3,nm0000169,actor,,"[""George""]"
tt0092656,4,nm0001136,actor,,"[""Mr. Edwards""]"
tt0092656,5,nm0335519,actress,,"[""Ferguson Edwards""]"
tt0092656,6,nm0000643,actor,,"[""Phil Carpenter""]"
tt0092656,7,nm0000751,actress,,"[""Aggie Donaldson""]"
tt0092656,8,nm0335344,actor,,"[""Sonny Binkley""]"
tt0092656,9,nm0290475,actor,,"[""Carl Hooker""]"
tt0092656,10,nm0167081,actor,,"[""Deacon Daniels""]"
tt0092656,11,nm0093322,director,,[]
tt0092656,12,nm0397208,writer,"novel ""The Arm""",[]
tt0092656,13,nm0690798,writer,screenplay,[]
tt0092656,14,nm0710388,producer,producer,[]
tt0092656,15,nm0578538,composer,,[]
tt0092656,16,nm0005659,cinematographer,,[]
tt0092656,17,nm0660661,editor,editor,[]
tt0092656,18,nm0002666,casting_director,,[]
tt0092656,19,nm0448457,production_designer,,[]
tt0093771,1,nm0000620,actor,,"[""Martin Fallon""]"
tt0093771,2,nm0001364,actor,,"[""Father Michael Da Costa""]"
tt0093771,3,nm0000869,actor,,"[""Jack Meehan""]"
tt0093771,4,nm0205423,actress,,"[""Anna""]"
tt0093771,5,nm0298089,actor,,"[""Billy Meehan""]"
tt0093771,6,nm0000553,actor,,"[""Liam Docherty""]"
tt0093771,7,nm0855657,actor,,"[""Bonati""]"
tt0093771,8,nm0168554,actress,,"[""Jenny Fox""]"
tt0093771,9,nm0640129,actor,,"[""Superintendant Miller""]"
tt0093771,10,nm0233145,actress,,"[""Siobhan Donovan""]"
tt0093771,11,nm0388198,director,,[]
tt0093771,12,nm0383396,writer,novel,[]
tt0093771,13,nm0911517,writer,screenplay,[]
tt0093771,14,nm0528391,writer,screenplay,[]
tt0093771,15,nm0811056,producer,producer,[]
tt0093771,16,nm0006015,composer,,[]
tt0093771,17,nm0307245,cinematographer,director of photography,[]
tt0093771,18,nm0102316,editor,,[]
tt0093771,19,nm0574803,casting_director,,[]
tt0093771,20,nm0783620,casting_director,,[]
tt0093771,21,nm0378764,production_designer,,[]
tt0094336,1,nm0001290,actor,,"[""Withnail""]"
tt0094336,2,nm0001524,actor,,"[""...& I""]"
tt0094336,3,nm0341743,actor,,"[""Monty""]"
tt0094336,4,nm0114460,actor,,"[""Danny""]"
tt0094336,5,nm0255573,actor,,"[""Jake""]"
tt0094336,6,nm0641713,actor,,"[""Irishman""]"
tt0094336,7,nm0912046,actor,,"[""Isaac Parkin""]"
tt0094336,8,nm0104807,actress,,"[""Mrs. Parkin""]"
tt0094336,9,nm0425904,actor,,"[""General""]"
tt0094336,10,nm0840002,actress,,"[""Waitress""]"
tt0094336,11,nm0732430,director,,[]
tt0094336,12,nm0732430,writer,written by,[]
tt0094336,13,nm0375370,producer,producer,[]
tt0094336,14,nm0242172,composer,,[]
tt0094336,15,nm0921135,composer,,[]
tt0094336,16,nm0360346,cinematographer,cinematographer,[]
tt0094336,17,nm0833029,editor,,[]
tt0094336,18,nm0783620,casting_director,,[]
tt0094336,19,nm0681980,production_designer,,[]
tt0094961,1,nm0001852,actor,,"[""Roger Mortis""]"
tt0094961,2,nm0685472,actor,,"[""Doug Bigelow""]"
tt0094961,3,nm0296534,actress,,"[""Randi James""]"
tt0094961,4,nm0569000,actor,,"[""Dr. Ernest McNab""]"
tt0094961,5,nm0001637,actor,,"[""Arthur P. Loudermilk""]"
tt0094961,6,nm0456587,actress,,"[""Rebecca Smythers""]"
tt0094961,7,nm0525601,actor,,"[""Mr. Thule""]"
tt0094961,8,nm0000585,actor,,"[""Lieutenant Herzog""]"
tt0094961,9,nm0003857,actor,,"[""Captain Mayberry""]"
tt0094961,10,nm0849048,actor,,"[""Butcher""]"
tt0094961,11,nm0325358,director,,[]
tt0094961,12,nm0085535,writer,written by,[]
tt0094961,13,nm0375809,producer,producer,[]
tt0094961,14,nm0578444,producer,producer,[]
tt0094961,15,nm0873560,composer,,[]
tt0094961,16,nm0005934,cinematographer,director of photography,[]
tt0094961,17,nm0742708,editor,,[]
tt0094961,18,nm1430888,casting_director,casting_director,[]
tt0094961,19,nm0824175,production_designer,,[]
tt0095047,1,nm0835192,actor,,"[""Ryan Richmond""]"
tt0095047,2,nm0318761,actor,,"[""Fred Richmond""]"
tt0095047,3,nm0377839,actress,,"[""Mary Richmond""]"
tt0095047,4,nm0639385,actor,,"[""Richard Camalier""]"
tt0095047,5,nm0779549,actress,,"[""Virginia Camalier""]"
tt0095047,6,nm0614751,actor,,"[""Jeff Richmond""]"
tt0095047,7,nm0907804,actress,,"[""Jenny Camalier""]"
tt0095047,8,nm0410211,actress,,"[""Marilyn Richmond""]"
tt0095047,9,nm0005487,actress,,"[""Lisa Winston""]"
tt0095047,10,nm0266236,actor,,"[""Old Bingo Man""]"
tt0095047,11,nm0559879,director,,[]
tt0095047,12,nm0823015,writer,story,[]
tt0095047,13,nm0508988,writer,story,[]
tt0095047,14,nm0611064,writer,story,[]
tt0095047,15,nm0322946,producer,producer,[]
tt0095047,16,nm0324875,producer,producer,[]
tt0095047,17,nm0006149,composer,composer,[]
tt0095047,18,nm0005891,cinematographer,director of photography,[]
tt0095047,19,nm0051096,editor,,[]
tt0095047,20,nm0743833,editor,,[]
tt0095047,21,nm0380214,casting_director,casting_director,[]
tt0095047,22,nm0671518,casting_director,casting_director,[]
tt0095047,23,nm0774111,production_designer,,[]
tt0096087,1,nm0000693,actor,,"[""Roland Dalton""]"
tt0096087,2,nm0000385,actor,,"[""Richie Marks""]"
tt0096087,3,nm1444462,actor,,"[""Michael Jones""]"
tt0096087,4,nm0161980,actor,,"[""Patrick O'Leary""]"
tt0096087,5,nm0521087,actor,,"[""Officer Varelli""]"
tt0096087,6,nm0906640,actor,,"[""Officer Kelly""]"
tt0096087,7,nm0249921,actor,,"[""Dr. Watson""]"
tt0096087,8,nm0486799,actor,,"[""Ruben""]"
tt0096087,9,nm0048273,actress,,"[""Gail Feinberger""]"
tt0096087,10,nm0001525,actor,,"[""Sean Phillips""]"
tt0096087,11,nm0322785,director,,[]
tt0096087,12,nm0322785,writer,written by,[]
tt0096087,13,nm0363390,producer,producer,[]
tt0096087,14,nm0253486,composer,,[]
tt0096087,15,nm12092085,cinematographer,,[]
tt0096087,16,nm0511979,cinematographer,director of photography,[]
tt0096087,17,nm0294969,editor,,[]
tt0096087,18,nm0221130,casting_director,,[]
tt0096087,19,nm0071660,production_designer,,[]
tt0096344,1,nm0454560,actor,,"[""Howard Damon""]"
tt0096344,2,nm0827291,actor,,"[""Randolph Carter""]"
tt0096344,3,nm0244349,actress,,"[""Tanya Heller""]"
tt0096344,4,nm0004669,actress,,"[""Wendy Barnes""]"
tt0096344,5,nm0357212,actor,,"[""Bruce Weeks""]"
tt0096344,6,nm0923668,actor,,"[""John Babcock""]"
tt0096344,7,nm0663401,actor,,"[""Joel Manton""]"
tt0096344,8,nm0816667,actor,,"[""Joshua Winthrop""]"
tt0096344,9,nm3294159,actor,,"[""Mr. Craft""]"
tt0096344,10,nm0267789,actor,,"[""Mortician""]"
tt0096344,11,nm0653500,director,,[]
tt0096344,12,nm0522454,writer,short story,[]
tt0096344,13,nm0653500,writer,screenplay,[]
tt0096344,14,nm0653500,producer,producer,[]
tt0096344,15,nm0708948,producer,producer,[]
tt0096344,16,nm0074011,composer,,[]
tt0096344,17,nm0292250,cinematographer,director of photography,[]
tt0096344,18,nm0687667,editor,,[]
tt0096344,19,nm0571407,casting_director,,[]
tt0096344,20,nm0008447,production_designer,,[]
tt0096827,1,nm0352032,actor,,"[""Sethupathy""]"
tt0096827,2,nm0352032,actor,,"[""Appu""]"
tt0096827,3,nm0352032,actor,,"[""Raja""]"
tt0096827,4,nm0619309,actor,,"[""Dharmadas""]"
tt0096827,5,nm0820286,actress,,"[""Appu and Raja's Mom""]"
tt0096827,6,nm0310221,actress,,"[""Raja's Girlfriend""]"
tt0096827,7,nm0750451,actress,,"[""Ringmaster's Daughter""]"
tt0096827,8,nm0609706,actor,,"[""Ringmaster""]"
tt0096827,9,nm0304265,actor,,"[""Francis Ambarasu (Francis Amberson in Hindi)""]"
tt0096827,10,nm0417301,actor,,"[""Police Inspector""]"
tt0096827,11,nm1688033,actor,,"[""Lorry Driver""]"
tt0096827,12,nm7390393,actress,,"[""Muniyamma""]"
tt0096827,13,nm0801870,director,director,[]
tt0096827,14,nm1180694,writer,story,[]
tt0096827,15,nm0352032,writer,screenplay,[]
tt0096827,16,nm0430801,writer,Hindi dialogue,[]
tt0096827,17,nm1190372,writer,dialogue,[]
tt0096827,18,nm0352032,producer,producer,[]
tt0096827,19,nm0006137,composer,composer,[]
tt0096827,20,nm0820269,cinematographer,,[]
tt0096919,1,nm0049665,actor,,"[""Ben Dobbs""]"
tt0096919,2,nm0450381,actor,,"[""Eric Baxter""]"
tt0096919,3,nm0684534,actress,,"[""Julie Oxel""]"
tt0096919,4,nm0802012,actor,,"[""Professor Noxx""]"
tt0096919,5,nm1677840,actor,,"[""D.F. White""]"
tt0096919,6,nm1155080,actor,,"[""Janitor""]"
tt0096919,7,nm1033413,actress,,"[""Dream Seductress""]"
tt0096919,8,nm9954934,actress,,"[""Mrs. Oxel""]"
tt0096919,9,nm1679342,actor,,"[""Ricky""]"
tt0096919,10,nm0138753,actor,,"[""Ben Dobbs (future)""]"
tt0096919,11,nm0937321,director,,[]
tt0096919,12,nm0937321,writer,writer,[]
tt0096919,13,nm0039203,producer,producer,[]
tt0096919,14,nm0937321,composer,,[]
tt0096919,15,nm0817387,cinematographer,,[]
tt0096919,16,nm0720176,editor,,[]
tt0096919,17,nm15124715,editor,,[]
tt0097074,1,nm0001702,actor,,"[""Cohen""]"
tt0097074,2,nm0000284,actor,,"[""Tate""]"
tt0097074,3,nm0189172,actor,,"[""Travis Knight""]"
tt0097074,4,nm0399590,actor,,"[""Jeff Knight""]"
tt0097074,5,nm0767929,actress,,"[""Martha Knight""]"
tt0097074,6,nm0673260,actor,,"[""FBI George""]"
tt0097074,7,nm0133091,actor,,"[""FBI Fred""]"
tt0097074,8,nm0318617,actor,,"[""FBI Roy""]"
tt0097074,9,nm0060906,actor,,"[""Highway Patrolman""]"
tt0097074,10,nm0422319,actor,,"[""Trooper #1""]"
tt0097074,11,nm0714599,director,,[]
tt0097074,12,nm0714599,writer,written by,[]
tt0097074,13,nm0410530,producer,producer,[]
tt0097074,14,nm0949676,producer,producer,[]
tt0097074,15,nm0006015,composer,,[]
tt0097074,16,nm0005755,cinematographer,director of photography,[]
tt0097074,17,nm0002155,editor,editor,[]
tt0097074,18,nm0219611,casting_director,,[]
tt0097074,19,nm0783669,casting_director,,[]
tt0097074,20,nm0352166,production_designer,,[]
tt0097244,1,nm0000334,actor,,"[""Ko Chun""]"
tt0097244,2,nm0000334,actor,,"[""'The God of Gamblers'""]"
tt0097244,3,nm0490489,actor,,"[""Michael Chan""]"
tt0097244,4,nm0490489,actor,,"[""Little Knife""]"
tt0097244,5,nm0490489,actor,,"[""Dagger""]"
tt0097244,6,nm0939153,actress,,"[""Jane""]"
tt0097244,7,nm0381857,actor,,"[""Lung Wu""]"
tt0097244,8,nm0381857,actor,,"[""'Dragon'""]"
tt0097244,9,nm0526695,actor,,"[""Ko Yee""]"
tt0097244,10,nm0156522,actress,,"[""Janet""]"
tt0097244,11,nm0510935,actor,,"[""Chan Kam-Shing""]"
tt0097244,12,nm1296572,actor,,"[""Nam""]"
tt0097244,13,nm0793008,actor,,"[""Kau""]"
tt0097244,14,nm0628806,actor,,"[""Brother Shing""]"
tt0097244,15,nm0939147,director,,[]
tt0097244,16,nm0939147,writer,,[]
tt0097244,17,nm0381858,producer,producer,[]
tt0097244,18,nm0939147,producer,producer,[]
tt0097244,19,nm0516319,composer,,[]
tt0097244,20,nm0161205,cinematographer,,[]
tt0097244,21,nm0666702,cinematographer,,[]
tt0097244,22,nm0398861,editor,,[]
tt0097388,1,nm0196762,actress,,"[""Rennie""]"
tt0097388,2,nm0387987,actor,,"[""Jason""]"
tt0097388,3,nm0129445,actor,,"[""Jim""]"
tt0097388,4,nm0667330,actress,,"[""Suzi""]"
tt0097388,5,nm0592428,actor,,"[""Young Jason""]"
tt0097388,6,nm0082921,actress,,"[""Colleen Van Deusen""]"
tt0097388,7,nm0224477,actor,,"[""Deck Hand""]"
tt0097388,8,nm0725052,actor,,"[""Charles McCulloch""]"
tt0097388,9,nm4616575,actor,,"[""Toby the Dog""]"
tt0097388,10,nm0613240,actor,,"[""Admiral Robertson""]"
tt0097388,11,nm0373154,director,,[]
tt0097388,12,nm0373154,writer,written by,[]
tt0097388,13,nm0566699,writer,based on character created by,[]
tt0097388,14,nm0156709,producer,producer,[]
tt0097388,15,nm0006204,composer,,[]
tt0097388,16,nm0257417,cinematographer,director of photography,[]
tt0097388,17,nm0592427,editor,,[]
tt0097388,18,nm0699432,editor,,[]
tt0097388,19,nm0169892,casting_director,,[]
tt0097388,20,nm0413520,casting_director,,[]
tt0097388,21,nm0278868,production_designer,,[]
tt0097438,1,nm0000225,actor,,"[""Brian Kelly""]"
tt0097438,2,nm0000874,actor,,"[""Al Lucero""]"
tt0097438,3,nm0378800,actor,,"[""Ed Lawndale""]"
tt0097438,4,nm0875590,actor,,"[""Colonel Trac""]"
tt0097438,5,nm0526860,actress,,"[""Tina Trac""]"
tt0097438,6,nm0160988,actor,,"[""Vinh Kelly""]"
tt0097438,7,nm0491590,actor,,"[""Mr. Kelly""]"
tt0097438,8,nm0580526,actress,,"[""Mrs. Kelly""]"
tt0097438,9,nm0477286,actor,,"[""Bobby Nguyen""]"
tt0097438,10,nm0194234,actor,,"[""Harvey McGill""]"
tt0097438,11,nm0166625,director,,[]
tt0097438,12,nm0866062,writer,written by,[]
tt0097438,13,nm0287759,producer,producer,[]
tt0097438,14,nm1557652,producer,producer,[]
tt0097438,15,nm0877274,producer,producer,[]
tt0097438,16,nm0272471,composer,,[]
tt0097438,17,nm0810661,cinematographer,director of photography,[]
tt0097438,18,nm0942510,editor,,[]
tt0097438,19,nm0505059,casting_director,,[]
tt0097438,20,nm0616141,production_designer,,[]
tt0097530,1,nm0000381,actor,,"[""Kip Hammett""]"
tt0097530,2,nm0662160,actor,,"[""Marlon Browne""]"
tt0097530,3,nm0001223,actress,,"[""Jessica Kailo""]"
tt0097530,4,nm0141617,actress,,"[""Nina Sachie""]"
tt0097530,5,nm0734236,actor,,"[""Leo Whitman""]"
tt0097530,6,nm0753068,actor,,"[""Oliver""]"
tt0097530,7,nm0654365,actor,,"[""Sports Announcer""]"
tt0097530,8,nm0236519,actor,,"[""Coach Evans""]"
tt0097530,9,nm0036651,actress,,"[""Vera Cook""]"
tt0097530,10,nm0713209,actor,,"[""Flutter""]"
tt0097530,11,nm0390822,director,,[]
tt0097530,12,nm0783559,writer,written by,[]
tt0097530,13,nm0787834,producer,producer,[]
tt0097530,14,nm0899958,composer,,[]
tt0097530,15,nm0005696,cinematographer,director of photography,[]
tt0097530,16,nm0270454,editor,,[]
tt0097530,17,nm0870777,editor,,[]
tt0097530,18,nm0859625,casting_director,casting_director,[]
tt0097530,19,nm0709944,production_designer,,[]
tt0098097,1,nm0000142,actor,,"[""Tommy Nowak""]"
tt0098097,2,nm0001613,actress,,"[""Lou Ann McGuinn""]"
tt0098097,3,nm0137114,actor,,"[""Roy McGuinn""]"
tt0098097,4,nm0733145,actress,,"[""McGuinn Baby""]"
tt0098097,5,nm0732376,actress,,"[""McGuinn Baby""]"
tt0098097,6,nm0426665,actor,,"[""Waycross""]"
tt0098097,7,nm0220735,actor,,"[""Alex""]"
tt0098097,8,nm0803765,actor,,"[""Billy Dunston""]"
tt0098097,9,nm0608405,actor,,"[""Darrell""]"
tt0098097,10,nm0150720,actor,,"[""Ken Lee""]"
tt0098097,11,nm0887174,director,,[]
tt0098097,12,nm0260675,writer,written by,[]
tt0098097,13,nm0883603,producer,producer,[]
tt0098097,14,nm0006045,composer,,[]
tt0098097,15,nm0005726,cinematographer,director of photography,[]
tt0098097,16,nm0185088,editor,,[]
tt0098097,17,nm0400291,casting_director,,[]
tt0098097,18,nm0137063,production_designer,,[]
tt0098319,1,nm0172604,actress,,"[""Shirley Valentine""]"
tt0098319,2,nm0002018,actor,,"[""Costas""]"
tt0098319,3,nm0571549,actress,,"[""Gillian""]"
tt0098319,4,nm0824102,actress,,"[""Jane""]"
tt0098319,5,nm0525921,actress,,"[""Marjorie""]"
tt0098319,6,nm0843401,actress,,"[""Headmistress""]"
tt0098319,7,nm0384060,actor,,"[""Joe""]"
tt0098319,8,nm0182688,actor,,"[""Dougie""]"
tt0098319,9,nm0444208,actress,,"[""Jeanette""]"
tt0098319,10,nm0072099,actress,,"[""Millandra""]"
tt0098319,11,nm0318150,director,,[]
tt0098319,12,nm0751516,writer,play,[]
tt0098319,13,nm0318150,producer,producer,[]
tt0098319,14,nm0751516,composer,,[]
tt0098319,15,nm0401727,cinematographer,,[]
tt0098319,16,nm0907970,editor,,[]
tt0098319,17,nm0283809,casting_director,,[]
tt0098319,18,nm0831515,production_designer,,[]
tt0098375,1,nm0000374,actor,,"[""Sam""]"
tt0098375,2,nm0047700,actress,,"[""Lisa Wilcox""]"
tt0098375,3,nm0194230,actor,,"[""Dr. Marsh""]"
tt0098375,4,nm0697733,actor,,"[""Lew Orlander""]"
tt0098375,5,nm0227039,actress,,"[""Nina""]"
tt0098375,6,nm0949477,actress,,"[""Rachel""]"
tt0098375,7,nm0922359,actor,,"[""Springer""]"
tt0098375,8,nm0355915,actor,,"[""Dr. Cagney""]"
tt0098375,9,nm0245653,actor,,"[""General""]"
tt0098375,10,nm0124792,actor,,"[""Lt. General""]"
tt0098375,11,nm0001361,director,,[]
tt0098375,12,nm0001361,writer,story,[]
tt0098375,13,nm0325219,writer,screenplay,[]
tt0098375,14,nm0736955,producer,producer,[]
tt0098375,15,nm0006251,composer,,[]
tt0098375,16,nm0410521,cinematographer,,[]
tt0098375,17,nm0449444,editor,,[]
tt0098375,18,nm0507010,casting_director,,[]
tt0098375,19,nm0008447,production_designer,,[]
tt0099108,1,nm0889090,actor,,"[""Duane""]"
tt0099108,2,nm0333763,actress,,"[""News Woman""]"
tt0099108,3,nm0517506,actress,,"[""Granny Ruth""]"
tt0099108,4,nm0711921,actress,,"[""Susan""]"
tt0099108,5,nm0113221,actor,,"[""News Man""]"
tt0099108,6,nm0094884,actress,,"[""Casey""]"
tt0099108,7,nm0413778,actor,,"[""Police Commissioner""]"
tt0099108,8,nm0041542,actress,,"[""Nurse Sherri""]"
tt0099108,9,nm0280494,actor,,"[""Cop""]"
tt0099108,10,nm0885894,actress,,"[""Desk Clerk""]"
tt0099108,11,nm0376963,director,,[]
tt0099108,12,nm0376963,writer,,[]
tt0099108,13,nm0406969,producer,producer,[]
tt0099108,14,nm0006250,composer,,[]
tt0099108,15,nm0049987,cinematographer,,[]
tt0099108,16,nm0855188,editor,,[]
tt0099172,1,nm0491551,actor,,"[""Braco Gavran""]"
tt0099172,2,nm0830371,actor,,"[""Veselin Cvjetkovic""]"
tt0099172,3,nm0001245,actress,,"[""Vranka""]"
tt0099172,4,nm0767628,actress,,"[""Bracina devojka Anica""]"
tt0099172,5,nm0102522,actor,,"[""Milicioner Petar Sorgic""]"
tt0099172,6,nm0191794,actor,,"[""Krstan Cvjetkovic""]"
tt0099172,7,nm0632475,actor,,"[""Antisa""]"
tt0099172,8,nm0548664,actress,,"[""Krstanova tetka""]"
tt0099172,9,nm0104103,actor,,"[""Inspektor""]"
tt0099172,10,nm0579840,actor,,"[""Ustasa Zvonimir Simic""]"
tt0099172,11,nm0815638,director,,[]
tt0099172,12,nm0705892,writer,novel,[]
tt0099172,13,nm0815638,writer,writer,[]
tt0099172,14,nm0440279,composer,,[]
tt0099172,15,nm0900516,cinematographer,,[]
tt0099172,16,nm0904354,editor,,[]
tt0099172,17,nm0633347,production_designer,,[]
tt0100234,1,nm0754969,actor,,"[""Hossain Sabzian (Bazigar)""]"
tt0100234,2,nm0538532,actor,,"[""Mohsen Makhmalbaf (Kargardan)""]"
tt0100234,3,nm0013842,actor,,"[""Abolfazl Ahankhah (Pedar-e Khanevadeh)""]"
tt0100234,4,nm0013844,actor,,"[""Mehrdad Ahankhah (Pesar-e Ahankhah)""]"
tt0100234,5,nm0957831,actress,,"[""Nayer Mohseni Zonoozi (Hamsar-e Ahankhah)""]"
tt0100234,6,nm0596101,actor,,"[""Ahmad Reza Moayed Mohseni (Doost-e Ahankhah)""]"
tt0100234,7,nm0267115,actor,,"[""Reporter""]"
tt0100234,8,nm0013843,self,,"[""Self""]"
tt0100234,9,nm0013845,self,,"[""Self""]"
tt0100234,10,nm0014120,actor,,"[""Judge""]"
tt0100234,11,nm0452102,director,,[]
tt0100234,12,nm0452102,writer,,[]
tt0100234,13,nm0439308,producer,producer,[]
tt0100234,14,nm0742923,composer,,[]
tt0100234,15,nm0202102,cinematographer,,[]
tt0100234,16,nm0452102,editor,,[]
tt0101748,1,nm0000203,actor,,"[""Eddie Birdlace""]"
tt0101748,2,nm0000666,actress,,"[""Rose""]"
tt0101748,3,nm0659325,actor,,"[""Berzin""]"
tt0101748,4,nm0163659,actor,,"[""Oakie""]"
tt0101748,5,nm0925943,actor,,"[""Benjamin""]"
tt0101748,6,nm0623783,actress,,"[""Rose Sr.""]"
tt0101748,7,nm0197354,actress,,"[""Marcie""]"
tt0101748,8,nm0602772,actress,,"[""Ruth Two Bears""]"
tt0101748,9,nm0557780,actress,,"[""Linda""]"
tt0101748,10,nm0789657,actor,,"[""Donavin""]"
tt0101748,11,nm0001700,director,,[]
tt0101748,12,nm0173798,writer,written by,[]
tt0101748,13,nm0345491,producer,producer,[]
tt0101748,14,nm0628226,producer,producer,[]
tt0101748,15,nm0006025,composer,,[]
tt0101748,16,nm0119785,cinematographer,,[]
tt0101748,17,nm0864091,editor,,[]
tt0101748,18,nm0234864,casting_director,,[]
tt0101748,19,nm0169555,production_designer,production_designer,[]
tt0103956,1,nm0923529,actor,,"[""Andy Barclay""]"
tt0103956,2,nm0716275,actress,,"[""De Silva""]"
tt0103956,3,nm0843199,actor,,"[""Tyler""]"
tt0103956,4,nm0003910,actor,,"[""Shelton""]"
tt0103956,5,nm0414820,actor,,"[""Whitehurst""]"
tt0103956,6,nm0000374,actor,,"[""Chucky""]"
tt0103956,7,nm0368142,actor,,"[""Sullivan""]"
tt0103956,8,nm0559977,actor,,"[""Colonel Cochrane""]"
tt0103956,9,nm0732367,actor,,"[""Sergeant Botnick""]"
tt0103956,10,nm0126312,actor,,"[""Sergeant Clark""]"
tt0103956,11,nm0070474,director,,[]
tt0103956,12,nm0238841,writer,based on characters created by,[]
tt0103956,13,nm0114556,producer,producer,[]
tt0103956,14,nm0195224,composer,,[]
tt0103956,15,nm0503548,composer,,[]
tt0103956,16,nm0502954,cinematographer,,[]
tt0103956,17,nm0006730,editor,editor,[]
tt0103956,18,nm0913149,editor,supervising editor,[]
tt0103956,19,nm1836376,editor,editor,[]
tt0103956,20,nm0199945,casting_director,,[]
tt0103956,21,nm0768208,production_designer,,[]
tt0104759,1,nm0722636,actor,,"[""Challenger""]"
tt0104759,2,nm0001831,actor,,"[""Professor Summerlee""]"
tt0104759,3,nm0005202,actor,,"[""Edward Malone""]"
tt0104759,4,nm0822190,actress,,"[""Malu""]"
tt0104759,5,nm0580255,actor,,"[""Jim""]"
tt0104759,6,nm0331341,actress,,"[""Jenny Nielson""]"
tt0104759,7,nm0131412,actor,,"[""Dan""]"
tt0104759,8,nm0723561,actor,,"[""Achille""]"
tt0104759,9,nm0156850,actor,,"[""Chief Palala""]"
tt0104759,10,nm0157963,actor,,"[""Witch Doctor""]"
tt0104759,11,nm0003403,director,,[]
tt0104759,12,nm0236279,writer,"novel ""The Lost World""",[]
tt0104759,13,nm0456562,writer,additional dialogue,[]
tt0104759,14,nm0869935,writer,screenplay,[]
tt0104759,15,nm0013261,producer,producer,[]
tt0104759,16,nm0520770,producer,producer,[]
tt0104759,17,nm0796564,producer,producer,[]
tt0104759,18,nm0869935,producer,producer,[]
tt0104759,19,nm0761579,composer,,[]
tt0104759,20,nm0787212,composer,,[]
tt0104759,21,nm0795340,composer,,[]
tt0104759,22,nm0938276,composer,,[]
tt0104759,23,nm0066607,cinematographer,,[]
tt0104759,24,nm0493029,editor,,[]
tt0104759,25,nm0742906,production_designer,,[]
tt0105150,1,nm0001215,actor,,"[""Constable Brendan Hegarty""]"
tt0105150,2,nm0001644,actor,,"[""Tom Casey""]"
tt0105150,3,nm0000705,actress,,"[""Tara Maguire""]"
tt0105150,4,nm0642675,actor,,"[""Freddie""]"
tt0105150,5,nm0222752,actor,,"[""Malone""]"
tt0105150,6,nm0193657,actress,,"[""Brigid Maguire""]"
tt0105150,7,nm0568400,actor,,"[""Joe Cassidy""]"
tt0105150,8,nm0567332,actress,,"[""Rachel""]"
tt0105150,9,nm0119501,actor,,"[""Denzil""]"
tt0105150,10,nm0752412,actress,,"[""Vonnie""]"
tt0105150,11,nm0533564,director,,[]
tt0105150,12,nm0174934,writer,written by,[]
tt0105150,13,nm0185576,writer,written by,[]
tt0105150,14,nm0142081,producer,producer,[]
tt0105150,15,nm0675294,producer,producer,[]
tt0105150,16,nm0006223,composer,,[]
tt0105150,17,nm0175820,cinematographer,,[]
tt0105150,18,nm0228850,editor,,[]
tt0105150,19,nm0228938,casting_director,,[]
tt0105150,20,nm0482961,casting_director,,[]
tt0105150,21,nm0364429,production_designer,,[]
tt0106417,1,nm0594074,actress,,"[""Tsukino Usagi""]"
tt0106417,2,nm0594074,actress,,"[""Sailor Moon""]"
tt0106417,3,nm0299228,actor,,"[""Chiba Mamoru""]"
tt0106417,4,nm0299228,actor,,"[""Tuxedo Kamen""]"
tt0106417,5,nm0593911,actress,,"[""Hino Rei""]"
tt0106417,6,nm0593911,actress,,"[""Sailor Mars""]"
tt0106417,7,nm0386752,actress,,"[""Mizuno Ami""]"
tt0106417,8,nm0386752,actress,,"[""Sailor Mercury""]"
tt0106417,9,nm0793987,actress,,"[""Kino Makoto""]"
tt0106417,10,nm0793987,actress,,"[""Sailor Jupiter""]"
tt0106417,11,nm0297921,actress,,"[""Aino Minako""]"
tt0106417,12,nm0297921,actress,,"[""Sailor Venus""]"
tt0106417,13,nm0359168,actress,,"[""Luna""]"
tt0106417,14,nm0847416,actor,,"[""Artemis""]"
tt0106417,15,nm0032890,actress,,"[""Chibi Usa""]"
tt0106417,16,nm0906722,actress,,"[""Gurishina""]"
tt0106417,17,nm0407552,director,,[]
tt0106417,18,nm0866742,writer,screenplay,[]
tt0106417,19,nm0847603,writer,author: Kodansha Monthly Nakayoshi,[]
tt0106417,20,nm0034885,composer,,[]
tt0106417,21,nm2500556,cinematographer,director of photography,[]
tt0106417,22,nm1133372,editor,,[]
tt0107290,1,nm0000554,actor,,"[""Grant""]"
tt0107290,2,nm0000368,actress,,"[""Ellie""]"
tt0107290,3,nm0000156,actor,,"[""Malcolm""]"
tt0107290,4,nm0000277,actor,,"[""Hammond""]"
tt0107290,5,nm0669629,actor,,"[""Muldoon""]"
tt0107290,6,nm0274684,actor,,"[""Gennaro""]"
tt0107290,7,nm0000703,actor,,"[""Wu""]"
tt0107290,8,nm0001515,actor,,"[""Tim""]"
tt0107290,9,nm0000611,actress,,"[""Lex""]"
tt0107290,10,nm0000168,actor,,"[""Arnold""]"
tt0107290,11,nm0000229,director,,[]
tt0107290,12,nm0000341,writer,screenplay by,[]
tt0107290,13,nm0462895,writer,screenplay by,[]
tt0107290,14,nm0005086,producer,producer,[]
tt0107290,15,nm0596520,producer,producer,[]
tt0107290,16,nm0002354,composer,,[]
tt0107290,17,nm0005678,cinematographer,director of photography,[]
tt0107290,18,nm0434883,editor,,[]
tt0107290,19,nm0386664,casting_director,,[]
tt0107290,20,nm0420747,casting_director,,[]
tt0107290,21,nm0141437,production_designer,,[]
tt0107668,1,nm0344603,actor,,"[""Alex Rain""]"
tt0107668,2,nm0859772,actor,,"[""Commissioner Sam Farnsworth""]"
tt0107668,3,nm0846480,actor,,"[""Angie-Liv""]"
tt0107668,4,nm0448223,actress,,"[""Max Impact""]"
tt0107668,5,nm0645785,actor,,"[""Yoshiro Han""]"
tt0107668,6,nm0597493,actress,,"[""Jared""]"
tt0107668,7,nm0346415,actor,,"[""Germaine""]"
tt0107668,8,nm0460288,actor,,"[""Michelle""]"
tt0107668,9,nm0558726,actor,,"[""Marion""]"
tt0107668,10,nm0390232,actress,,"[""Sam""]"
tt0107668,11,nm0089502,director,director,[]
tt0107668,12,nm0089502,writer,written by,[]
tt0107668,13,nm0439844,producer,producer,[]
tt0107668,14,nm0440171,producer,producer,[]
tt0107668,15,nm0787420,producer,producer,[]
tt0107668,16,nm0006264,composer,composer,[]
tt0107668,17,nm0600837,cinematographer,director of photography,[]
tt0107668,18,nm0176249,editor,,[]
tt0107668,19,nm0449444,editor,,[]
tt0107668,20,nm0376365,casting_director,casting_director,[]
tt0107668,21,nm0574590,casting_director,casting_director,[]
tt0107668,22,nm0765450,production_designer,,[]
tt0108606,1,nm0001041,actress,,"[""Chat""]"
tt0108606,2,nm0001041,actress,,"[""Thief Catcher""]"
tt0108606,3,nm0001041,actress,,"[""Chelsea""]"
tt0108606,4,nm0000706,actress,,"[""Ching""]"
tt0108606,5,nm0000706,actress,,"[""San""]"
tt0108606,6,nm0000706,actress,,"[""Carol""]"
tt0108606,7,nm0611315,actress,,"[""Tung""]"
tt0108606,8,nm0611315,actress,,"[""Wonder Woman""]"
tt0108606,9,nm0611315,actress,,"[""Dorothy""]"
tt0108606,10,nm0490521,actor,,"[""Inspector Lau""]"
tt0108606,11,nm0938893,actor,,"[""Mr. Kim""]"
tt0108606,12,nm0938893,actor,,"[""The Faceless Monster""]"
tt0108606,13,nm0938893,actor,,"[""Kau""]"
tt0108606,14,nm0437580,actor,,"[""Chong Hon""]"
tt0108606,15,nm0437580,actor,,"[""Coda""]"
tt0108606,16,nm0490513,actor,,"[""Tak""]"
tt0108606,17,nm0157971,actor,,"[""Colonel""]"
tt0108606,18,nm0477099,actor,,"[""The President""]"
tt0108606,19,nm0304708,actor,,"[""The President's Deputy""]"
tt0108606,20,nm0155642,director,director,[]
tt0108606,21,nm0864775,director,,[]
tt0108606,22,nm0789966,writer,story,[]
tt0108606,23,nm0151119,writer,screenplay,[]
tt0108606,24,nm0155642,producer,producer,[]
tt0108606,25,nm0864775,producer,producer,[]
tt0108606,26,nm0938967,composer,,[]
tt0108606,27,nm0690940,cinematographer,cinematographer,[]
tt0108606,28,nm0013832,editor,,[]
tt0109665,1,nm0000652,actor,,"[""Ray""]"
tt0109665,2,nm0000749,actress,,"[""Lena""]"
tt0109665,3,nm0499791,actor,,"[""Larry""]"
tt0109665,4,nm0000787,actress,,"[""Elaine""]"
tt0109665,5,nm0588777,actor,,"[""Norman""]"
tt0109665,6,nm0948723,actress,,"[""Martha""]"
tt0109665,7,nm0932074,actress,,"[""Mrs. Sneeder""]"
tt0109665,8,nm0510330,actor,,"[""Hank Sneeder""]"
tt0109665,9,nm0794687,actor,,"[""Buddy""]"
tt0109665,10,nm0839232,actor,,"[""Officer""]"
tt0109665,11,nm0443582,director,,[]
tt0109665,12,nm0443582,writer,written by,[]
tt0109665,13,nm0516056,producer,producer,[]
tt0109665,14,nm0629950,producer,producer,[]
tt0109665,15,nm0797451,producer,producer,[]
tt0109665,16,nm0002366,composer,,[]
tt0109665,17,nm0260389,cinematographer,director of photography,[]
tt0109665,18,nm0190177,editor,editor,[]
tt0109665,19,nm0767817,editor,,[]
tt0109665,20,nm0712874,casting_director,,[]
tt0109665,21,nm0393922,production_designer,,[]
tt0110391,1,nm0000886,actor,,"[""Mike Gambril""]"
tt0110391,2,nm0000906,actress,,"[""Terry McKay""]"
tt0110391,3,nm0000031,actress,,"[""Ginny""]"
tt0110391,4,nm0788009,actor,,"[""Kip DeMay""]"
tt0110391,5,nm0916050,actress,,"[""Tina Wilson""]"
tt0110391,6,nm0000112,actor,,"[""Ken Allen""]"
tt0110391,7,nm0001009,actress,,"[""Lynn Weaver""]"
tt0110391,8,nm0005196,actor,,"[""Herb Stillman""]"
tt0110391,9,nm0882853,actress,,"[""Nora Stillman""]"
tt0110391,10,nm0787187,actor,,"[""Anthony Rotundo""]"
tt0110391,11,nm0139111,director,,[]
tt0110391,12,nm0186118,writer,writer,[]
tt0110391,13,nm0564970,writer,writer,[]
tt0110391,14,nm0202681,writer,writer,[]
tt0110391,15,nm0829330,writer,writer,[]
tt0110391,16,nm0000886,producer,producer,[]
tt0110391,17,nm0001553,composer,,[]
tt0110391,18,nm0005734,cinematographer,director of photography,[]
tt0110391,19,nm0002717,editor,,[]
tt0110391,20,nm0234864,casting_director,,[]
tt0110391,21,nm0769162,production_designer,,[]
tt0112553,1,nm0841552,actor,,"[""Shekhar Narayanan Pillai""]"
tt0112553,2,nm0463539,actress,,"[""Shaila Bano""]"
tt0112553,3,nm0621937,actor,,"[""Narayanan Pillai""]"
tt0112553,4,nm1390149,actress,,"[""Basheer""]"
tt0112553,5,nm1218624,actor,,"[""Kabir Narayan""]"
tt0112553,6,nm1389854,actor,,"[""Kamal Basheer""]"
tt0112553,7,nm0695177,actor,,"[""Inspector Kumar""]"
tt0112553,8,nm0025627,actor,,"[""Shakti Samaj Leader""]"
tt0112553,9,nm0452021,actor,,"[""Muslim leader""]"
tt0112553,10,nm0007114,actress,,"[""Dancer in the song 'Humma Humma'""]"
tt0112553,11,nm0711745,director,,[]
tt0112553,12,nm0711745,writer,story & screenplay,[]
tt0112553,13,nm1391608,writer,dialogue,[]
tt0112553,14,nm0711745,producer,producer,[]
tt0112553,15,nm1391768,producer,producer,[]
tt0112553,16,nm0837471,producer,producer,[]
tt0112553,17,nm0006246,composer,,[]
tt0112553,18,nm0579766,cinematographer,,[]
tt0112553,19,nm0882119,editor,,[]
tt0112553,20,nm0857068,production_designer,production_designer,[]
tt0113481,1,nm0000206,actor,,"[""Johnny Mnemonic""]"
tt0113481,2,nm0000185,actor,,"[""Street Preacher""]"
tt0113481,3,nm0000539,actress,,"[""Jane""]"
tt0113481,4,nm0001384,actor,,"[""J-Bone""]"
tt0113481,5,nm0001429,actor,,"[""Takahashi""]"
tt0113481,6,nm0015124,actor,,"[""Shinji""]"
tt0113481,7,nm0738433,actor,,"[""Spider""]"
tt0113481,8,nm0837784,actress,,"[""Anna Kalmann""]"
tt0113481,9,nm0001424,actor,,"[""Ralfi""]"
tt0113481,10,nm0005511,actress,,"[""Pretty""]"
tt0113481,11,nm0519434,director,,[]
tt0113481,12,nm0317218,writer,screenplay,[]
tt0113481,13,nm0138502,producer,producer,[]
tt0113481,14,nm0006075,composer,,[]
tt0113481,15,nm0698832,cinematographer,director of photography,[]
tt0113481,16,nm0761697,editor,,[]
tt0113481,17,nm0117956,casting_director,,[]
tt0113481,18,nm0734890,production_designer,production_designer,[]
tt0114496,1,nm0000210,actress,,"[""Grace King Bichon""]"
tt0114496,2,nm0000598,actor,,"[""Eddie Bichon""]"
tt0114496,3,nm0000380,actor,,"[""Wyly King""]"
tt0114496,4,nm0001687,actress,,"[""Georgia King""]"
tt0114496,5,nm0001718,actress,,"[""Emma Rae King""]"
tt0114496,6,nm0191442,actor,,"[""Jamie Johnson""]"
tt0114496,7,nm0042062,actress,,"[""Caroline 'Doodlebug' Bichon""]"
tt0114496,8,nm0002901,actor,,"[""Hank Corrigan""]"
tt0114496,9,nm0795438,actress,,"[""Aunt Rae""]"
tt0114496,10,nm0709598,actress,,"[""Eula""]"
tt0114496,11,nm0002120,director,director,[]
tt0114496,12,nm0451884,writer,written by,[]
tt0114496,13,nm0843123,producer,producer,[]
tt0114496,14,nm0918463,producer,producer,[]
tt0114496,15,nm0696161,composer,,[]
tt0114496,16,nm0001877,composer,,[]
tt0114496,17,nm0005815,cinematographer,director of photography,[]
tt0114496,18,nm0325858,editor,,[]
tt0114496,19,nm0234864,casting_director,,[]
tt0114496,20,nm0100080,production_designer,,[]
tt0117128,1,nm0064546,actor,,"[""Dr. Clayton Forrester""]"
tt0117128,2,nm0064546,actor,,"[""Crow T. Robot""]"
tt0117128,3,nm0625621,actor,,"[""Mike Nelson""]"
tt0117128,4,nm0540075,actor,,"[""Gypsy""]"
tt0117128,5,nm0614436,actor,,"[""Tom Servo""]"
tt0117128,6,nm1053847,actor,,"[""Benkitnorf""]"
tt0117128,7,nm0231409,archive_footage,,[]
tt0117128,8,nm0298282,archive_footage,,[]
tt0117128,9,nm0426157,archive_footage,,[]
tt0117128,10,nm0512543,archive_footage,,[]
tt0117128,11,nm0607504,archive_footage,,[]
tt0117128,12,nm0540075,director,,[]
tt0117128,13,nm0625621,writer,written by,[]
tt0117128,14,nm0064546,writer,written by,[]
tt0117128,15,nm0540075,writer,written by,[]
tt0117128,16,nm0614436,writer,written by,[]
tt0117128,17,nm0540075,producer,producer,[]
tt0117128,18,nm0053352,composer,,[]
tt0117128,19,nm0832262,cinematographer,,[]
tt0117128,20,nm0424594,editor,,[]
tt0117128,21,nm0562762,production_designer,,[]
tt0117959,1,nm0001806,actor,,"[""Primo Levi""]"
tt0117959,2,nm0784884,actor,,"[""The Greek""]"
tt0117959,3,nm0315767,actor,,"[""Cesare""]"
tt0117959,4,nm0227958,actor,,"[""Daniele""]"
tt0117959,5,nm0148081,actor,,"[""Col. Rovi""]"
tt0117959,6,nm0162911,actor,,"[""Unverdorben""]"
tt0117959,7,nm0084241,actor,,"[""Ferrari""]"
tt0117959,8,nm0526874,actor,,"[""D'Agata""]"
tt0117959,9,nm0905777,actress,,"[""Galina""]"
tt0117959,10,nm0408538,actress,,"[""Flora""]"
tt0117959,11,nm0742940,director,,[]
tt0117959,12,nm0505485,writer,autobiography,[]
tt0117959,13,nm0742940,writer,story,[]
tt0117959,14,nm0346096,writer,story,[]
tt0117959,15,nm0750048,writer,screenplay,[]
tt0117959,16,nm0069342,producer,producer,[]
tt0117959,17,nm0209574,producer,producer,[]
tt0117959,18,nm0675864,producer,producer,[]
tt0117959,19,nm0005953,composer,,[]
tt0117959,20,nm0005681,cinematographer,,[]
tt0117959,21,nm0690602,cinematographer,,[]
tt0117959,22,nm0557870,editor,,[]
tt0117959,23,nm0764841,editor,,[]
tt0117959,24,nm0747869,casting_director,,[]
tt0117959,25,nm0187936,production_designer,,[]
tt0118015,1,nm0045870,actor,,"[""Henri""]"
tt0118015,2,nm0201669,actor,,"[""Denis""]"
tt0118015,3,nm0296594,actress,,"[""Yolande""]"
tt0118015,4,nm0418450,actress,,"[""Betty""]"
tt0118015,5,nm0561158,actress,,"[""Madame Ménard - la mère""]"
tt0118015,6,nm0948636,actor,,"[""Philippe""]"
tt0118015,7,nm0347122,actor,,"[""Le Présentateur""]"
tt0118015,8,nm0800389,actress,,"[""La Mère 1967""]"
tt0118015,9,nm0458251,actor,,"[""Le Père 1967""]"
tt0118015,10,nm0152647,actor,,"[""Le Voisin""]"
tt0118015,11,nm0458251,director,,[]
tt0118015,12,nm0418450,writer,play,[]
tt0118015,13,nm0045870,writer,play,[]
tt0118015,14,nm0458251,writer,,[]
tt0118015,15,nm0309369,producer,producer,[]
tt0118015,16,nm0251632,composer,,[]
tt0118015,17,nm0217120,cinematographer,,[]
tt0118015,18,nm0761260,editor,,[]
tt0118015,19,nm0256475,production_designer,,[]
tt0118040,1,nm0000501,actor,,"[""David Krane""]"
tt0118040,2,nm0000400,actress,,"[""Martha Briggs""]"
tt0118040,3,nm0001075,actor,,"[""Don Bresler""]"
tt0118040,4,nm0001520,actor,,"[""Stewart Gleick""]"
tt0118040,5,nm0001601,actor,,"[""Curtis Avery""]"
tt0118040,6,nm0292114,actor,,"[""Michael Stratton""]"
tt0118040,7,nm0254398,actress,,"[""Cara Krane""]"
tt0118040,8,nm0719705,actress,,"[""Lindy Krane""]"
tt0118040,9,nm0000326,actress,,"[""Kelly""]"
tt0118040,10,nm0750787,actress,,"[""Mary Krane""]"
tt0118040,11,nm0001093,director,,[]
tt0118040,12,nm0311469,writer,written by,[]
tt0118040,13,nm0209569,producer,producer,[]
tt0118040,14,nm0776646,producer,producer,[]
tt0118040,15,nm0002366,composer,,[]
tt0118040,16,nm0005749,cinematographer,director of photography,[]
tt0118040,17,nm0064062,editor,,[]
tt0118040,18,nm0156376,editor,,[]
tt0118040,19,nm0507010,casting_director,,[]
tt0118040,20,nm0669366,production_designer,production_designer,[]
tt0118583,1,nm0000244,actress,,"[""Ripley""]"
tt0118583,2,nm0000213,actress,,"[""Call""]"
tt0118583,3,nm0684500,actor,,"[""Vriess""]"
tt0118583,4,nm0000579,actor,,"[""Johner""]"
tt0118583,5,nm0235427,actor,,"[""Christie""]"
tt0118583,6,nm0000699,actor,,"[""Elgyn""]"
tt0118583,7,nm0283200,actress,,"[""Hillard""]"
tt0118583,8,nm0000445,actor,,"[""General Perez""]"
tt0118583,9,nm0293422,actor,,"[""Dr. Wren""]"
tt0118583,10,nm0000374,actor,,"[""Gediman""]"
tt0118583,11,nm0000466,director,director,[]
tt0118583,12,nm0639321,writer,based on characters created by,[]
tt0118583,13,nm0795953,writer,based on characters created by,[]
tt0118583,14,nm0923736,writer,written by,[]
tt0118583,15,nm0045927,producer,producer,[]
tt0118583,16,nm0140826,producer,producer,[]
tt0118583,17,nm0318429,producer,producer,[]
tt0118583,18,nm0001353,producer,producer,[]
tt0118583,19,nm0002227,composer,composer,[]
tt0118583,20,nm0451787,cinematographer,director of photography,[]
tt0118583,21,nm0773685,editor,film editor,[]
tt0118583,22,nm0656065,casting_director,casting_director,[]
tt0118583,23,nm0679826,production_designer,,[]
tt0119822,1,nm0000197,actor,,"[""Melvin Udall""]"
tt0119822,2,nm0000166,actress,,"[""Carol Connelly""]"
tt0119822,3,nm0001427,actor,,"[""Simon Bishop""]"
tt0119822,4,nm0000421,actor,,"[""Frank Sachs""]"
tt0119822,5,nm0000240,actor,,"[""Vincent""]"
tt0119822,6,nm0004309,actress,,"[""Beverly""]"
tt0119822,7,nm0810379,actress,,"[""Jackie""]"
tt0119822,8,nm0648913,actress,,"[""Nora""]"
tt0119822,9,nm1212803,actress,,"[""Verdell""]"
tt0119822,10,nm1428429,actor,,"[""Supporting Dog""]"
tt0119822,11,nm0000985,director,,[]
tt0119822,12,nm0029125,writer,story,[]
tt0119822,13,nm0000985,writer,screenplay,[]
tt0119822,14,nm0000985,producer,producer,[]
tt0119822,15,nm0424660,producer,producer,[]
tt0119822,16,nm0954034,producer,producer,[]
tt0119822,17,nm0001877,composer,composer,[]
tt0119822,18,nm0007037,cinematographer,director of photography,[]
tt0119822,19,nm0548943,editor,editor,[]
tt0119822,20,nm0537892,casting_director,casting_director,[]
tt0119822,21,nm0117489,production_designer,,[]
tt0138703,1,nm0049853,actor,,"[""Mike""]"
tt0138703,2,nm0052410,actor,,"[""Reggie""]"
tt0138703,3,nm0861332,actor,,"[""Jody""]"
tt0138703,4,nm0549436,actress,,"[""Jennifer""]"
tt0138703,5,nm0412370,actor,,"[""Demon Trooper""]"
tt0138703,6,nm0780133,actor,,"[""The Tall Man""]"
tt0138703,7,nm0006306,actor,,"[""Music & Dwarf Creatures""]"
tt0138703,8,nm0443018,actress,,"[""Background Player""]"
tt0138703,9,nm0280999,actress,,"[""Background Player""]"
tt0138703,10,nm0309373,actor,,"[""Background Player""]"
tt0138703,11,nm0181741,director,,[]
tt0138703,12,nm0181741,writer,written by,[]
tt0138703,13,nm0181741,producer,producer,[]
tt0138703,14,nm0006306,composer,,[]
tt0138703,15,nm0002610,cinematographer,,[]
tt0138703,16,nm0318733,editor,,[]
tt0138703,17,nm0888991,production_designer,production_designer,[]
tt0141098,1,nm0000113,actress,,"[""Sarah""]"
tt0141098,2,nm0000255,actor,,"[""Ben""]"
tt0141098,3,nm0005491,actress,,"[""Bridget""]"
tt0141098,4,nm0001872,actor,,"[""Alan""]"
tt0141098,5,nm0001100,actress,,"[""Virginia""]"
tt0141098,6,nm0001074,actor,,"[""Hadley""]"
tt0141098,7,nm0265637,actor,,"[""Richard""]"
tt0141098,8,nm0140848,actress,,"[""Barbara""]"
tt0141098,9,nm0771493,actor,,"[""Joe""]"
tt0141098,10,nm0834362,actor,,"[""Steve""]"
tt0141098,11,nm0400486,director,,[]
tt0141098,12,nm0492909,writer,written by,[]
tt0141098,13,nm0036641,producer,producer,[]
tt0141098,14,nm0117290,producer,producer,[]
tt0141098,15,nm0744828,producer,producer,[]
tt0141098,16,nm0694173,composer,,[]
tt0141098,17,nm0204567,cinematographer,director of photography,[]
tt0141098,18,nm1134774,cinematographer,,[]
tt0141098,19,nm0939623,editor,,[]
tt0141098,20,nm0523381,casting_director,casting_director,[]
tt0141098,21,nm0169555,production_designer,,[]
tt0150464,1,nm0487254,actor,,"[""Michel Farnese""]"
tt0150464,2,nm0000962,actress,,"[""Viviane Farnese""]"
tt0150464,3,nm0001461,actress,,"[""Cécile Maudet""]"
tt0150464,4,nm0133899,actor,,"[""Vincent Mazet""]"
tt0150464,5,nm0904988,actress,,"[""Samira""]"
tt0150464,6,nm0521051,actor,,"[""Antoine""]"
tt0150464,7,nm0687914,actor,,"[""Martorel""]"
tt0150464,8,nm0494504,actress,,"[""Bordenave""]"
tt0150464,9,nm0054453,actress,,"[""Lili""]"
tt0150464,10,nm0812073,actress,,"[""Luisa""]"
tt0150464,11,nm0427136,director,,[]
tt0150464,12,nm0097785,writer,writer,[]
tt0150464,13,nm0799442,writer,"novel ""En cas de malheur""",[]
tt0150464,14,nm0004347,producer,producer,[]
tt0150464,15,nm0672786,composer,,[]
tt0150464,16,nm0867597,composer,,[]
tt0150464,17,nm0725691,cinematographer,,[]
tt0150464,18,nm0221040,editor,,[]
tt0150464,19,nm0596113,casting_director,,[]
tt0150464,20,nm0280959,production_designer,,[]
tt0152256,1,nm0438501,actor,,"[""Ravi""]"
tt0152256,2,nm0352032,actor,,"[""Raja""]"
tt0152256,3,nm0438092,actress,,"[""Mona D'Silva""]"
tt0152256,4,nm0618918,actress,,"[""Miss Joseph""]"
tt0152256,5,nm0006762,actor,,"[""Mr. D'Silva (Mona's dad)""]"
tt0152256,6,nm0415528,actress,,"[""Kamladevi (Ravi's grandma)""]"
tt0152256,7,nm0359845,actor,,"[""Baba (in the lighthouse)""]"
tt0152256,8,nm0408371,actor,,"[""Vikram""]"
tt0152256,9,nm1106058,actor,,[]
tt0152256,10,nm0442479,actor,,"[""Batuk Lal""]"
tt0152256,11,nm0802693,director,,[]
tt0152256,12,nm0015287,writer,dialogue,[]
tt0152256,13,nm0802688,producer,producer,[]
tt0152256,14,nm0005983,composer,composer,[]
tt0152256,15,nm0031694,cinematographer,,[]
tt0152256,16,nm0793844,editor,,[]
tt0165832,1,nm0005188,actor,,"[""Neal Oliver""]"
tt0165832,2,nm0000198,actor,,"[""O.W. Grant""]"
tt0165832,3,nm0000621,actor,,"[""Captain Ives""]"
tt0165832,4,nm0249378,actor,,"[""Quincy""]"
tt0165832,5,nm0111196,actor,,"[""Zack""]"
tt0165832,6,nm0733500,actor,,"[""Tolbert (Deep Stomach)""]"
tt0165832,7,nm0000150,actor,,"[""Mr. Baker""]"
tt0165832,8,nm0011753,actress,,"[""Sally""]"
tt0165832,9,nm0099909,actor,,"[""Dad""]"
tt0165832,10,nm0584483,actress,,"[""Mom""]"
tt0165832,11,nm0301826,director,director,[]
tt0165832,12,nm0301826,writer,written by,[]
tt0165832,13,nm0106243,producer,producer,[]
tt0165832,14,nm0134635,producer,producer,[]
tt0165832,15,nm0222048,producer,producer,[]
tt0165832,16,nm0301826,producer,producer,[]
tt0165832,17,nm0065100,composer,composer,[]
tt0165832,18,nm0006780,cinematographer,director of photography,[]
tt0165832,19,nm0002412,editor,film editor,[]
tt0165832,20,nm0506217,casting_director,casting_director,[]
tt0165832,21,nm0630313,casting_director,casting_director,[]
tt0165832,22,nm0559804,production_designer,,[]
tt0169164,1,nm0009629,actor,,"[""Ivan 'Freccia' Benassi""]"
tt0169164,2,nm0270119,actor,,"[""Bruno Jori""]"
tt0169164,3,nm0595277,actor,,"[""Iena""]"
tt0169164,4,nm0758313,actor,,"[""Tito""]"
tt0169164,5,nm0955959,actor,,"[""Boris""]"
tt0169164,6,nm0345577,actor,,"[""Adolfo""]"
tt0169164,7,nm0681519,actress,,"[""Marzia""]"
tt0169164,8,nm0000423,actress,,"[""Madre di Ivan""]"
tt0169164,9,nm0595771,actress,,"[""Cristina""]"
tt0169164,10,nm0168054,actress,,"[""Ragazza della droga""]"
tt0169164,11,nm0509870,director,,[]
tt0169164,12,nm0509870,writer,"book ""Fuori e dentro il borgo""",[]
tt0169164,13,nm0503182,writer,screenplay,[]
tt0169164,14,nm0698271,producer,producer,[]
tt0169164,15,nm0509870,composer,,[]
tt0169164,16,nm0146166,cinematographer,,[]
tt0169164,17,nm0630415,editor,,[]
tt0169164,18,nm8027531,casting_director,,[]
tt0169164,19,nm8027530,casting_director,,[]
tt0169164,20,nm0316084,production_designer,,[]
tt0174336,1,nm0001605,actress,,"[""Mia""]"
tt0174336,2,nm0887144,actor,,"[""Brad""]"
tt0174336,3,nm0009017,actor,,"[""Jonathan""]"
tt0174336,4,nm0053474,actor,,"[""Zeke""]"
tt0174336,5,nm0231646,actor,,"[""Eric""]"
tt0174336,6,nm0861361,actress,,"[""Liz""]"
tt0174336,7,nm0895583,actress,,"[""Park Girl""]"
tt0174336,8,nm0879828,actress,,"[""Subway Girl""]"
tt0174336,9,nm0532698,actor,,"[""Cook""]"
tt0174336,10,nm1081171,actor,,"[""Waiter""]"
tt0174336,11,nm0169680,director,,[]
tt0174336,12,nm0169680,writer,written by,[]
tt0174336,13,nm0169680,producer,producer,[]
tt0174336,14,nm0599573,composer,,[]
tt0174336,15,nm0468637,cinematographer,director of photography,[]
tt0174336,16,nm0002500,editor,,[]
tt0174336,17,nm0172394,casting_director,,[]
tt0174336,18,nm0844074,production_designer,,[]
tt0179182,1,nm0001212,actor,,"[""Manuel Esquema""]"
tt0179182,2,nm0001212,actor,,"[""Alan Riply""]"
tt0179182,3,nm0000501,actor,,"[""Mark Brice""]"
tt0179182,4,nm0001543,actress,,"[""Ella Brice""]"
tt0179182,5,nm0488095,actor,,"[""Javier Cesti""]"
tt0179182,6,nm0914223,actor,,"[""Rick Martino""]"
tt0179182,7,nm0175008,actress,,"[""Stewardess""]"
tt0179182,8,nm0426206,actor,,"[""Randy""]"
tt0179182,9,nm1041247,actor,,"[""Cabana Boy""]"
tt0179182,10,nm1039470,actor,,"[""Business Associate""]"
tt0179182,11,nm0811373,actress,,"[""Young Associate's Companion""]"
tt0179182,12,nm0001707,director,,[]
tt0179182,13,nm0001707,writer,written by,[]
tt0179182,14,nm0352057,producer,producer,[]
tt0179182,15,nm0442080,producer,producer,[]
tt0179182,16,nm0631636,producer,producer,[]
tt0179182,17,nm0000823,composer,,[]
tt0179182,18,nm0007037,cinematographer,,[]
tt0179182,19,nm0090867,editor,,[]
tt0179182,20,nm0155692,casting_director,,[]
tt0179182,21,nm0159137,casting_director,,[]
tt0179182,22,nm0449201,casting_director,,[]
tt0179182,23,nm0845337,production_designer,,[]
tt0192455,1,nm0000095,actor,,"[""Tex Cowley""]"
tt0192455,2,nm0001710,actor,,"[""Father Leo Jerome""]"
tt0192455,3,nm0032793,actress,,"[""Dolores""]"
tt0192455,4,nm0000232,actress,,"[""Candy Cowley""]"
tt0192455,5,nm0002029,actress,,"[""Desi""]"
tt0192455,6,nm0001507,actor,,"[""Mayor Machado""]"
tt0192455,7,nm0000662,actor,,"[""Officer Bobo""]"
tt0192455,8,nm0000778,actor,,"[""Dr. Amado""]"
tt0192455,9,nm0209336,actor,,"[""Lalo Taxi Driver""]"
tt0192455,10,nm0004873,actor,,"[""Father Buñuel""]"
tt0192455,11,nm0000778,director,,[]
tt0192455,12,nm0006797,writer,written by,[]
tt0192455,13,nm0761296,producer,producer,[]
tt0192455,14,nm0284261,composer,,[]
tt0192455,15,nm0005886,cinematographer,,[]
tt0192455,16,nm0588998,editor,,[]
tt0192455,17,nm0038000,casting_director,,[]
tt0192455,18,nm0169230,casting_director,,[]
tt0192455,19,nm0686225,production_designer,,[]
tt0212380,1,nm0000614,actor,,"[""Phil""]"
tt0212380,2,nm0001670,actress,,"[""Shelley""]"
tt0212380,3,nm0341737,actress,,"[""Sandra""]"
tt0212380,4,nm0000337,actress,,"[""Christina""]"
tt0212380,5,nm0001326,actor,,"[""Brian""]"
tt0212380,6,nm0631490,actor,,"[""Ray""]"
tt0212380,7,nm0165049,actor,,"[""Tony""]"
tt0212380,8,nm0365281,actress,,"[""Daisy""]"
tt0212380,9,nm0095017,actor,,"[""Louis""]"
tt0212380,10,nm0005099,actress,,"[""Jasmine""]"
tt0212380,11,nm0106456,director,,[]
tt0212380,12,nm0064479,writer,,[]
tt0212380,13,nm0394564,producer,producer,[]
tt0212380,14,nm0414014,producer,producer,[]
tt0212380,15,nm0748039,producer,producer,[]
tt0212380,16,nm0236462,composer,,[]
tt0212380,17,nm0207663,cinematographer,,[]
tt0212380,18,nm0493339,editor,,[]
tt0212380,19,nm0828412,casting_director,,[]
tt0212380,20,nm0064984,production_designer,,[]
tt0228333,1,nm0000449,actress,,"[""Lieutenant Melanie Ballard""]"
tt0228333,2,nm0001084,actor,,"[""Desolation Williams""]"
tt0228333,3,nm0000427,actress,,"[""Commander Helena Braddock""]"
tt0228333,4,nm0005458,actor,,"[""Sgt Jericho Butler""]"
tt0228333,5,nm0245112,actress,,"[""Bashira Kincaid""]"
tt0228333,6,nm0001026,actress,,"[""Whitlock""]"
tt0228333,7,nm0149150,actor,,"[""Big Daddy Mars""]"
tt0228333,8,nm0287071,actress,,"[""Inquisitor""]"
tt0228333,9,nm0906617,actor,,"[""Michael Descanso""]"
tt0228333,10,nm0204523,actor,,"[""Uno""]"
tt0228333,11,nm0000118,director,director,[]
tt0228333,12,nm0837917,writer,written by,[]
tt0228333,13,nm0000118,writer,written by,[]
tt0228333,14,nm0455253,producer,producer,[]
tt0228333,15,nm0031045,composer,,[]
tt0228333,16,nm0000118,composer,,[]
tt0228333,17,nm0452123,cinematographer,,[]
tt0228333,18,nm0913150,editor,,[]
tt0228333,19,nm0134253,casting_director,,[]
tt0228333,20,nm0254673,production_designer,production_designer,[]
tt0242285,1,nm0555093,actor,,"[""Iván""]"
tt0242285,2,nm0261695,actress,,"[""Clara""]"
tt0242285,3,nm0758687,actor,,"[""Nacho""]"
tt0242285,4,nm0171630,actor,,"[""Carlos""]"
tt0242285,5,nm0422998,actress,,"[""Patricia""]"
tt0242285,6,nm0665235,actress,,"[""Candela""]"
tt0242285,7,nm0673824,actor,,"[""Ramón""]"
tt0242285,8,nm0349427,actor,,"[""Quintana""]"
tt0242285,9,nm0273362,actor,,"[""Luis""]"
tt0242285,10,nm0530316,actress,,"[""Madre Clara""]"
tt0242285,11,nm0273208,director,,[]
tt0242285,12,nm0747422,writer,screenplay,[]
tt0242285,13,nm0694826,writer,screenplay,[]
tt0242285,14,nm0708620,producer,producer,[]
tt0242285,15,nm0579148,composer,,[]
tt0242285,16,nm0005855,cinematographer,,[]
tt0242285,17,nm0017793,editor,,[]
tt0242285,18,nm0047769,production_designer,,[]
tt0250224,1,nm0000379,actress,,"[""Nicole Oakley""]"
tt0250224,2,nm0379596,actor,,"[""Carlos Nuñez""]"
tt0250224,3,nm0001117,actor,,"[""Tom Oakley""]"
tt0250224,4,nm1007810,actor,,"[""Luis""]"
tt0250224,5,nm1008574,actor,,"[""Eddie""]"
tt0250224,6,nm1006822,actor,,"[""Victor""]"
tt0250224,7,nm0596789,actor,,"[""Hector""]"
tt0250224,8,nm0820562,actress,,"[""Mrs. Nunez""]"
tt0250224,9,nm0421087,actress,,"[""Courtney Oakley""]"
tt0250224,10,nm0543383,actress,,"[""Maddy""]"
tt0250224,11,nm0007082,director,,[]
tt0250224,12,nm0006534,writer,written by,[]
tt0250224,13,nm0542062,writer,written by,[]
tt0250224,14,nm0679353,producer,producer,[]
tt0250224,15,nm0880036,producer,producer,[]
tt0250224,16,nm0880040,producer,producer,[]
tt0250224,17,nm0368248,composer,,[]
tt0250224,18,nm0403397,cinematographer,,[]
tt0250224,19,nm0003151,editor,,[]
tt0250224,20,nm0278168,casting_director,casting_director,[]
tt0250224,21,nm0384900,casting_director,,[]
tt0250224,22,nm0419473,production_designer,,[]
tt0253754,1,nm0001772,actor,,"[""Jean-Luc Picard""]"
tt0253754,2,nm0000408,actor,,"[""William Riker""]"
tt0253754,3,nm0000653,actor,,"[""Data""]"
tt0253754,4,nm0000653,actor,,"[""B-4""]"
tt0253754,5,nm0000996,actor,,"[""Geordi La Forge""]"
tt0253754,6,nm0000373,actor,,"[""Worf""]"
tt0253754,7,nm0000642,actress,,"[""Deanna Troi""]"
tt0253754,8,nm0000533,actress,,"[""Beverly Crusher""]"
tt0253754,9,nm0362766,actor,,"[""Shinzon""]"
tt0253754,10,nm0000579,actor,,"[""Viceroy""]"
tt0253754,11,nm0168213,actress,,"[""Senator Tal'aura""]"
tt0253754,12,nm0000829,director,director,[]
tt0253754,13,nm0734472,writer,television series Star Trek,[]
tt0253754,14,nm0517589,writer,story,[]
tt0253754,15,nm0075834,writer,story,[]
tt0253754,16,nm0000653,writer,story,[]
tt0253754,17,nm0075834,producer,producer,[]
tt0253754,18,nm0000025,composer,composer,[]
tt0253754,19,nm0453808,cinematographer,director of photography,[]
tt0253754,20,nm0699971,editor,,[]
tt0253754,21,nm0762262,casting_director,,[]
tt0253754,22,nm0533439,casting_director,casting_director,[]
tt0253754,23,nm0956717,production_designer,production designer,[]
tt0275692,1,nm0030136,actress,,"[""Tramp""]"
tt0275692,2,nm0000867,actor,,"[""Spider""]"
tt0275692,3,nm0062682,actor,,"[""Burns""]"
tt0275692,4,nm0173680,actor,,"[""Cooper""]"
tt0275692,5,nm0004824,actress,,"[""Amber Stevens""]"
tt0275692,6,nm0199312,actor,,"[""Overly Dramatic Actor""]"
tt0275692,7,nm0251382,actor,,"[""The Colonel""]"
tt0275692,8,nm0001182,actress,,"[""Treasure""]"
tt0275692,9,nm0001267,actor,,"[""Sol Goode""]"
tt0275692,10,nm0337157,actor,,"[""Mailroom Manager""]"
tt0275692,11,nm0173680,director,,[]
tt0275692,12,nm0173680,writer,written by,[]
tt0275692,13,nm0628304,producer,producer,[]
tt0275692,14,nm0867504,producer,producer,[]
tt0275692,15,nm0910241,producer,producer,[]
tt0275692,16,nm0915918,producer,producer,[]
tt0275692,17,nm1178434,composer,composer,[]
tt0275692,18,nm0006432,cinematographer,,[]
tt0275692,19,nm0462723,editor,,[]
tt0275692,20,nm0268647,casting_director,,[]
tt0275692,21,nm0565056,casting_director,,[]
tt0275692,22,nm0894611,casting_director,,[]
tt0275692,23,nm0404510,production_designer,,[]
tt0283269,1,nm0728476,actor,,"[""Bobi""]"
tt0283269,2,nm0543657,actress,,"[""Olga""]"
tt0283269,3,nm0322977,actor,,"[""Miki""]"
tt0283269,4,nm0431259,actor,,"[""Toni""]"
tt0283269,5,nm0102522,actor,,"[""Inspektor Trtovic""]"
tt0283269,6,nm0237244,actress,,"[""Gospodja Jeftic""]"
tt0283269,7,nm0229314,actor,,"[""Stampedo""]"
tt0283269,8,nm0194143,actor,,"[""Covek koji gubi sat""]"
tt0283269,9,nm0961221,actress,,"[""Slavica""]"
tt0283269,10,nm0149146,actor,,"[""Zgodni""]"
tt0283269,11,nm0547713,director,,[]
tt0283269,12,nm0059627,writer,,[]
tt0283269,13,nm0202885,writer,,[]
tt0283269,14,nm0547713,writer,,[]
tt0283269,15,nm0728476,writer,,[]
tt0283269,16,nm0119815,producer,producer,[]
tt0283269,17,nm0728476,producer,producer,[]
tt0283269,18,nm0904016,producer,producer,[]
tt0283269,19,nm0991459,composer,,[]
tt0283269,20,nm0865404,cinematographer,,[]
tt0283269,21,nm0323276,editor,,[]
tt0283269,22,nm0219088,production_designer,,[]
tt0286751,1,nm0441964,actor,,"[""Ryosuke Kawashima""]"
tt0286751,2,nm0039591,actress,,"[""Michi Kudo""]"
tt0286751,3,nm0468746,actress,,"[""Harue Karasawa""]"
tt0286751,4,nm1209191,actress,,"[""Junko Sasano""]"
tt0286751,5,nm0559613,actor,,"[""Toshio Yabe""]"
tt0286751,6,nm0847487,actor,,"[""Yoshizaki""]"
tt0286751,7,nm0297149,actress,,"[""Michi's mother""]"
tt0286751,8,nm0837452,actor,,"[""Boss""]"
tt0286751,9,nm0014558,actor,,"[""Employee""]"
tt0286751,10,nm0945131,actor,,"[""Ship Captain""]"
tt0286751,11,nm0475905,director,,[]
tt0286751,12,nm0475905,writer,,[]
tt0286751,13,nm4037412,producer,producer,[]
tt0286751,14,nm15667524,producer,producer,[]
tt0286751,15,nm0793689,producer,producer,[]
tt0286751,16,nm0793710,producer,producer,[]
tt0286751,17,nm1773843,composer,,[]
tt0286751,18,nm0370626,cinematographer,,[]
tt0286751,19,nm0452839,editor,,[]
tt0286751,20,nm0555424,production_designer,,[]
tt0307681,1,nm0626090,actor,,"[""Mr. Liu""]"
tt0307681,2,nm1120062,actress,,"[""Mrs. Liu""]"
tt0307681,3,nm0998976,actor,,"[""Mr. Khoo""]"
tt0307681,4,nm0848894,actress,,"[""Mrs. Khoo""]"
tt0307681,5,nm1118415,actor,,"[""Terry Khoo""]"
tt0307681,6,nm0498241,actor,,"[""Liu Kok Pin""]"
tt0307681,7,nm1120162,actor,,"[""Ang Boon Hock""]"
tt0307681,8,nm1120624,actress,,"[""Selena Khoo""]"
tt0307681,9,nm1120013,actress,,"[""Ms. Lee""]"
tt0307681,10,nm1120101,actor,,"[""Ang Tiong Meng""]"
tt0307681,11,nm0626090,director,,[]
tt0307681,12,nm0626090,writer,screenplay,[]
tt0307681,13,nm1117705,producer,producer,[]
tt0307681,14,nm0502970,producer,producer,[]
tt0307681,15,nm0947934,composer,,[]
tt0307681,16,nm0482559,cinematographer,,[]
tt0307681,17,nm0955602,editor,,[]
tt0310313,1,nm0461149,actor,,"[""Seymour""]"
tt0310313,2,nm0609662,actress,,"[""Melania""]"
tt0310313,3,nm0053903,actor,,"[""Roscoe""]"
tt0310313,4,nm1034172,actor,,"[""Boyan""]"
tt0310313,5,nm0200610,actor,,"[""The french man""]"
tt0310313,6,nm1239252,actor,,"[""Hired man""]"
tt0310313,7,nm0434430,actor,,"[""The sad man""]"
tt0310313,8,nm1260769,actress,,"[""Prostitute 1""]"
tt0310313,9,nm1268669,actor,,"[""Boyan's man 1""]"
tt0310313,10,nm1270495,actor,,"[""Boyan's man 2""]"
tt0310313,11,nm0334930,director,,[]
tt0310313,12,nm0334930,writer,,[]
tt0310313,13,nm1138568,writer,,[]
tt0310313,14,nm0072330,producer,producer,[]
tt0310313,15,nm0415139,producer,producer,[]
tt0310313,16,nm0772478,producer,producer,[]
tt0310313,17,nm1237586,composer,,[]
tt0310313,18,nm0284860,cinematographer,,[]
tt0310313,19,nm0869649,editor,,[]
tt0310313,20,nm0054234,casting_director,,[]
tt0310313,21,nm0596113,casting_director,,[]
tt0310313,22,nm1200240,casting_director,,[]
tt0323120,1,nm1480430,actress,,"[""Annabelle Tillman""]"
tt0323120,2,nm0301157,actress,,"[""Simone Bradley""]"
tt0323120,3,nm0106549,actress,,"[""Colins""]"
tt0323120,4,nm0394889,actress,,"[""Kristen""]"
tt0323120,5,nm2084329,actress,,"[""Cat Pegrum""]"
tt0323120,6,nm0333778,actress,,"[""Mother Immaculata""]"
tt0323120,7,nm0002994,actor,,"[""Father Harris""]"
tt0323120,8,nm0281074,actor,,"[""Michael""]"
tt0323120,9,nm0846699,actress,,"[""Sister Claire""]"
tt0323120,10,nm0005185,actress,,"[""Lauren""]"
tt0323120,11,nm0112085,director,,[]
tt0323120,12,nm0112085,writer,written by,[]
tt0323120,13,nm1220329,writer,additional screenplay,[]
tt0323120,14,nm0460008,writer,additional screenplay,[]
tt0323120,15,nm0112085,producer,producer,[]
tt0323120,16,nm0140829,producer,producer,[]
tt0323120,17,nm0949683,producer,producer,[]
tt0323120,18,nm2830157,composer,,[]
tt0323120,19,nm2554050,composer,composer,[]
tt0323120,20,nm0701077,cinematographer,,[]
tt0323120,21,nm0050421,editor,,[]
tt0323120,22,nm0215008,casting_director,,[]
tt0323120,23,nm0391221,production_designer,,[]
tt0330136,1,nm0393700,actor,,"[""Sam Roberts""]"
tt0330136,2,nm1392550,actor,,"[""Frank Roberts""]"
tt0330136,3,nm1235592,actress,,"[""Charlene 'Charly' Riley""]"
tt0330136,4,nm1394034,actress,,"[""Convertible Girl""]"
tt0330136,5,nm0424453,actor,,"[""Mark Reynolds""]"
tt0330136,6,nm1240710,actress,,"[""Mark's Secretary""]"
tt0330136,7,nm1392998,actor,,"[""Airport Toddler""]"
tt0330136,8,nm0999124,actor,,"[""Ticket Seller""]"
tt0330136,9,nm1141209,actor,,"[""Rafferty""]"
tt0330136,10,nm1395667,actor,,"[""Edward Riley""]"
tt0330136,11,nm0025955,director,,[]
tt0330136,12,nm1214281,writer,novel,[]
tt0330136,13,nm1239185,writer,screenplay,[]
tt0330136,14,nm0581312,producer,producer,[]
tt0330136,15,nm0931105,producer,producer,[]
tt0330136,16,nm1241838,composer,,[]
tt0330136,17,nm0429645,cinematographer,,[]
tt0330136,18,nm1394347,editor,,[]
tt0330136,19,nm0101522,casting_director,,[]
tt0330136,20,nm0931105,casting_director,,[]
tt0330136,21,nm0588723,production_designer,,[]
tt0331282,1,nm0452190,actor,,"[""Cole""]"
tt0331282,2,nm0467451,actor,,"[""Spasoje""]"
tt0331282,3,nm1267703,actress,,"[""Teodora""]"
tt0331282,4,nm0831206,actor,,"[""Paun & Pauna""]"
tt0331282,5,nm0892551,actor,,"[""Baba Nata""]"
tt0331282,6,nm0102522,actor,,"[""Luidji""]"
tt0331282,7,nm1268885,actress,,"[""Vesna""]"
tt0331282,8,nm0632475,actor,,"[""Sule""]"
tt0331282,9,nm0199559,actor,,"[""Kiki""]"
tt0331282,10,nm0678261,actor,,"[""Inspektor Labud""]"
tt0331282,11,nm0954099,director,,[]
tt0331282,12,nm0538755,writer,,[]
tt0331282,13,nm0954099,writer,,[]
tt0331282,14,nm0728476,producer,producer,[]
tt0331282,15,nm0009903,composer,,[]
tt0331282,16,nm0643479,cinematographer,,[]
tt0331282,17,nm0594016,editor,,[]
tt0331282,18,nm0816319,production_designer,,[]
tt0331282,19,nm0816320,production_designer,,[]
tt0354243,1,nm0000084,actress,,"[""Zhou Yu""]"
tt0354243,2,nm0000084,actress,,"[""Xiu""]"
tt0354243,3,nm0504899,actor,,"[""Chen Qing""]"
tt0354243,4,nm0838944,actor,,"[""Zhang Qiang""]"
tt0354243,5,nm1441985,actor,,[]
tt0354243,6,nm5280583,actress,,"[""Xiang""]"
tt0354243,7,nm3754323,actor,,[]
tt0354243,8,nm6786814,actress,,"[""Zhang Qiang's sister""]"
tt0354243,9,nm0839008,actor,,"[""The guy in the dining car""]"
tt0354243,10,nm0839008,director,,[]
tt0354243,11,nm1326372,writer,novel,[]
tt0354243,12,nm0839008,writer,,[]
tt0354243,13,nm1328521,writer,,[]
tt0354243,14,nm0399003,producer,producer,[]
tt0354243,15,nm0465067,producer,producer,[]
tt0354243,16,nm0839008,producer,producer,[]
tt0354243,17,nm0880839,composer,,[]
tt0354243,18,nm0911094,cinematographer,director of photography,[]
tt0354243,19,nm0151858,editor,,[]
tt0354243,20,nm1440657,production_designer,,[]
tt0354538,1,nm0004569,actor,,"[""Sitara""]"
tt0354538,2,nm0332871,actor,,"[""Tara""]"
tt0354538,3,nm1147677,actress,,"[""Priti""]"
tt0354538,4,nm1331897,actress,,"[""Pinki Singh""]"
tt0354538,5,nm0006763,actor,,"[""Maj. Ram Singh (BSF officer)""]"
tt0354538,6,nm0004109,actor,,"[""Panther""]"
tt0354538,7,nm0896573,actor,,"[""Cobra""]"
tt0354538,8,nm1056425,actor,,"[""Chhotu""]"
tt0354538,9,nm0451272,actor,,"[""Inspector Bahadur Singh""]"
tt0354538,10,nm0848308,actor,,"[""Tiku (bank manager)""]"
tt0354538,11,nm0223522,director,,[]
tt0354538,12,nm1339147,writer,dialogue,[]
tt0354538,13,nm4555421,writer,"story, screenplay, dialogue",[]
tt0354538,14,nm2236210,writer,scenario,[]
tt0354538,15,nm1339233,writer,dialogue,[]
tt0354538,16,nm0536708,composer,composer,[]
tt0354538,17,nm0523415,composer,composer,[]
tt0354538,18,nm0023937,composer,,[]
tt0354538,19,nm0251416,composer,composer,[]
tt0354538,20,nm1226506,cinematographer,,[]
tt0354538,21,nm0223522,editor,,[]
tt0366842,1,nm0258673,actor,,"[""Adnan""]"
tt0366842,2,nm1086913,actress,,"[""Melek""]"
tt0366842,3,nm1376405,actor,,"[""Ömerçip""]"
tt0366842,4,nm0016089,actor,,"[""Hulusi""]"
tt0366842,5,nm0042820,actress,,"[""Suzan""]"
tt0366842,6,nm0947994,actor,,"[""Haldun""]"
tt0366842,7,nm0869290,actor,,"[""Ibrahim""]"
tt0366842,8,nm1059118,actor,,"[""Hüseyin""]"
tt0366842,9,nm1302612,actor,,"[""Cevat""]"
tt0366842,10,nm0351352,actor,,"[""Coskun""]"
tt0366842,11,nm0016089,director,,[]
tt0366842,12,nm0258881,writer,,[]
tt0366842,13,nm0408389,producer,producer,[]
tt0366842,14,nm0877048,composer,,[]
tt0366842,15,nm0149131,cinematographer,,[]
tt0372237,1,nm0005110,actor,,"[""Simon Green""]"
tt0372237,2,nm0005170,actor,,"[""Percy Jones""]"
tt0372237,3,nm0757855,actress,,"[""Theresa Jones""]"
tt0372237,4,nm0779399,actress,,"[""Marilyn Jones""]"
tt0372237,5,nm0930724,actor,,"[""Howard Jones""]"
tt0372237,6,nm1285540,actress,,"[""Keisha Jones""]"
tt0372237,7,nm0193551,actor,,"[""Dante""]"
tt0372237,8,nm0498165,actor,,"[""Reggie""]"
tt0372237,9,nm0628420,actress,,"[""Darlene""]"
tt0372237,10,nm0716277,actor,,"[""Fred""]"
tt0372237,11,nm0838198,director,,[]
tt0372237,12,nm0741740,writer,"motion picture ""Guess Who's Coming to Dinner""",[]
tt0372237,13,nm0740115,writer,story,[]
tt0372237,14,nm0771065,writer,story,[]
tt0372237,15,nm0865847,writer,screenplay,[]
tt0372237,16,nm0325229,producer,producer,[]
tt0372237,17,nm0831098,producer,producer,[]
tt0372237,18,nm0867768,producer,producer,[]
tt0372237,19,nm0614373,composer,composer,[]
tt0372237,20,nm0005776,cinematographer,director of photography,[]
tt0372237,21,nm0786732,editor,editor,[]
tt0372237,22,nm0859625,casting_director,,[]
tt0372237,23,nm0676619,production_designer,production_designer,[]
tt0374271,1,nm0006795,actor,,"[""Radhe Mohan""]"
tt0374271,2,nm0154653,actress,,"[""Nirjara Bharadwaj""]"
tt0374271,3,nm0451561,actor,,"[""Radhe's brother""]"
tt0374271,4,nm0694900,actress,,"[""Radhe's sister-in-law""]"
tt0374271,5,nm0457410,actor,,"[""Rameshwar""]"
tt0374271,6,nm0220807,actor,,"[""Doctor""]"
tt0374271,7,nm1241589,actor,,"[""Aslam""]"
tt0374271,8,nm1069587,actor,,"[""Kanak Sharma""]"
tt0374271,9,nm1531547,actor,,"[""Chandar""]"
tt0374271,10,nm1019748,actor,,"[""Nirjara's Father""]"
tt0374271,11,nm0442479,director,,[]
tt0374271,12,nm1220246,writer,original story and screenplay,[]
tt0374271,13,nm13075012,writer,writer,[]
tt0374271,14,nm0415833,writer,dialogue,[]
tt0374271,15,nm0440604,writer,adaptated by,[]
tt0374271,16,nm1238286,producer,producer,[]
tt0374271,17,nm1413730,producer,producer,[]
tt0374271,18,nm2893202,composer,composer,[]
tt0374271,19,nm0720252,composer,,[]
tt0374271,20,nm4565585,composer,,[]
tt0374271,21,nm1236357,cinematographer,cinematographer,[]
tt0374271,22,nm0894350,editor,,[]
tt0375104,1,nm0001029,actor,,"[""Bobby Jones""]"
tt0375104,2,nm0001231,actress,,"[""Mary Malone Jones""]"
tt0375104,3,nm0000562,actor,,"[""Walter Hagen""]"
tt0375104,4,nm0000532,actor,,"[""O.B. Keeler""]"
tt0375104,5,nm0001644,actor,,"[""Harry Vardon""]"
tt0375104,6,nm0723365,actor,,"[""Big Bob Jones""]"
tt0375104,7,nm0712790,actress,,"[""Clara Jones""]"
tt0375104,8,nm1492784,actor,,"[""Little Bobby (6, 8)""]"
tt0375104,9,nm0506991,actor,,"[""Bobby (14)""]"
tt0375104,10,nm0017006,actor,,"[""Grandfather Jones""]"
tt0375104,11,nm0380705,director,,[]
tt0375104,12,nm0380705,writer,story,[]
tt0375104,13,nm0206175,writer,story,[]
tt0375104,14,nm0699386,writer,screenplay,[]
tt0375104,15,nm1597653,writer,screenplay,[]
tt0375104,16,nm0206175,producer,producer,[]
tt0375104,17,nm0601954,producer,producer,[]
tt0375104,18,nm0791803,producer,producer,[]
tt0375104,19,nm0000035,composer,,[]
tt0375104,20,nm0827869,cinematographer,director of photography,[]
tt0375104,21,nm0117779,editor,,[]
tt0375104,22,nm0391291,casting_director,,[]
tt0375104,23,nm0588010,production_designer,,[]
tt0388377,1,nm0608090,actress,,"[""Sarah O'Brien""]"
tt0388377,2,nm0000662,actor,,"[""Doyle""]"
tt0388377,3,nm0193295,actor,,"[""Wiremu""]"
tt0388377,4,nm0607325,actor,,"[""Te Kai Po""]"
tt0388377,5,nm0504320,actor,,"[""Baine""]"
tt0388377,6,nm1655205,actor,,"[""Boy""]"
tt0388377,7,nm0001653,actor,,"[""Francis""]"
tt0388377,8,nm0433922,actor,,"[""Old Rangi""]"
tt0388377,9,nm1622771,actor,,"[""Hone""]"
tt0388377,10,nm2637619,actress,,"[""Young Sarah""]"
tt0388377,11,nm0911910,director,,[]
tt0388377,12,nm0911910,writer,story,[]
tt0388377,13,nm1089736,writer,screenplay,[]
tt0388377,14,nm0529099,writer,screenplay,[]
tt0388377,15,nm0042660,producer,producer,[]
tt0388377,16,nm0721691,producer,producer,[]
tt0388377,17,nm0420893,composer,,[]
tt0388377,18,nm0093151,cinematographer,,[]
tt0388377,19,nm0511186,editor,,[]
tt0388377,20,nm0288911,casting_director,,[]
tt0388377,21,nm0746392,casting_director,,[]
tt0388377,22,nm0463056,production_designer,,[]
tt0401248,1,nm1559944,actor,,"[""Nong Toom""]"
tt0401248,2,nm1559944,actor,,"[""Parinya Charoenphol""]"
tt0401248,3,nm0154083,actor,,"[""Pi Chart""]"
tt0401248,4,nm1559763,actress,,"[""Nong Toom's Mother""]"
tt0401248,5,nm1631516,actor,,"[""Nong Toom's Father""]"
tt0401248,6,nm1617876,actor,,"[""Nat""]"
tt0401248,7,nm1767581,actor,,"[""Pi Moo""]"
tt0401248,8,nm1296796,self,,"[""Self (Female Wrestler)""]"
tt0401248,9,nm1425155,actor,,"[""Jack (the Reporter)""]"
tt0401248,10,nm1617691,actress,,"[""Japanese fan""]"
tt0401248,11,nm1767524,actor,,"[""Tam""]"
tt0401248,12,nm0879960,director,director,[]
tt0401248,13,nm0879960,writer,screenplay by,[]
tt0401248,14,nm0799243,writer,screenplay by,[]
tt0401248,15,nm0582529,composer,composer,[]
tt0401248,16,nm1550921,cinematographer,director of photography,[]
tt0401248,17,nm0700216,editor,editor,[]
tt0401248,18,nm3042542,production_designer,,[]
tt0403217,1,nm0685856,actor,,"[""Blake""]"
tt0403217,2,nm0001305,actor,,"[""Luke""]"
tt0403217,3,nm0000782,actress,,"[""Asia""]"
tt0403217,4,nm0338323,actor,,"[""Scott""]"
tt0403217,5,nm1656122,actress,,"[""Nicole""]"
tt0403217,6,nm0419633,actor,,"[""Detective""]"
tt0403217,7,nm1933765,actor,,"[""Donovan""]"
tt0403217,8,nm0005101,actor,,"[""Guy in Club""]"
tt0403217,9,nm0520265,actor,,"[""Band in Club""]"
tt0403217,10,nm0330371,actress,,"[""Record Executive""]"
tt0403217,11,nm0001814,director,,[]
tt0403217,12,nm0001814,writer,written by,[]
tt0403217,13,nm0937714,producer,producer,[]
tt0403217,14,nm0520265,composer,,[]
tt0403217,15,nm0767647,cinematographer,,[]
tt0403217,16,nm0001814,editor,,[]
tt0403217,17,nm0278139,casting_director,,[]
tt0429052,1,nm0732222,actress,,"[""Clara""]"
tt0429052,2,nm0671844,actor,,"[""Pierre""]"
tt0429052,3,nm0201669,actor,,"[""Claude""]"
tt0429052,4,nm0529591,actor,,"[""Guy""]"
tt0429052,5,nm0120431,actress,,"[""Mathilde""]"
tt0429052,6,nm1229951,actress,,"[""Camille""]"
tt0429052,7,nm1760623,actress,,"[""Elsa""]"
tt0429052,8,nm0768603,actor,,"[""Ramzi""]"
tt0429052,9,nm1002627,actor,,"[""Saïd""]"
tt0429052,10,nm0898653,actress,,"[""La soeur""]"
tt0429052,11,nm0785684,director,,[]
tt0429052,12,nm0785684,writer,scenario,[]
tt0429052,13,nm0309369,producer,producer,[]
tt0429052,14,nm1312318,composer,,[]
tt0429052,15,nm2552491,composer,,[]
tt0429052,16,nm0494043,composer,,[]
tt0429052,17,nm0732199,cinematographer,,[]
tt0429052,18,nm0719265,editor,,[]
tt0429052,19,nm0283810,casting_director,,[]
tt0429052,20,nm9653555,production_designer,,[]
tt0432637,1,nm0004335,actor,,"[""Krishna Mehra""]"
tt0432637,2,nm0004335,actor,,"[""Krrish""]"
tt0432637,3,nm0004335,actor,,"[""Rohit Mehra""]"
tt0432637,4,nm1231899,actress,,"[""Priya""]"
tt0432637,5,nm0004334,actress,,"[""Sonia Mehra""]"
tt0432637,6,nm0787462,actor,,"[""Dr. Siddhant Arya""]"
tt0432637,7,nm0768296,actor,,"[""Vikram Sinha""]"
tt0432637,8,nm1689638,actress,,"[""Honey""]"
tt0432637,9,nm0411539,actor,,"[""Komal""]"
tt0432637,10,nm0659235,actor,,"[""Bahadur""]"
tt0432637,11,nm0452021,actor,,"[""Catholic School Principal""]"
tt0432637,12,nm0700687,actress,,"[""Priya & Honey's boss""]"
tt0432637,13,nm0004363,director,,[]
tt0432637,14,nm0080327,writer,screenplay,[]
tt0432637,15,nm0080432,writer,screenplay,[]
tt0432637,16,nm0409790,writer,screenplay,[]
tt0432637,17,nm2410557,writer,screenplay,[]
tt0432637,18,nm0004363,producer,producer,[]
tt0432637,19,nm1224445,composer,composer,[]
tt0432637,20,nm0004436,composer,,[]
tt0432637,21,nm0862094,cinematographer,cinematographer,[]
tt0432637,22,nm1918446,editor,,[]
tt0432637,23,nm0151287,production_designer,,[]
tt0433387,1,nm0000288,actor,,"[""Jim Luther Davis""]"
tt0433387,2,nm0135585,actor,,"[""Mike Alonzo""]"
tt0433387,3,nm0519456,actress,,"[""Sylvia""]"
tt0433387,4,nm0286331,actor,,"[""Toussant""]"
tt0433387,5,nm0874261,actress,,"[""Marta""]"
tt0433387,6,nm0799777,actor,,"[""Agent Richards""]"
tt0433387,7,nm0598282,actor,,"[""Agent Hollenbeck""]"
tt0433387,8,nm0065578,actress,,"[""Letty""]"
tt0433387,9,nm1755854,actress,,"[""Patty""]"
tt0433387,10,nm0346595,actor,,"[""Flaco""]"
tt0433387,11,nm0043742,director,,[]
tt0433387,12,nm0043742,writer,written by,[]
tt0433387,13,nm0043742,producer,producer,[]
tt0433387,14,nm0818304,producer,producer,[]
tt0433387,15,nm0006251,composer,,[]
tt0433387,16,nm0556965,cinematographer,director of photography,[]
tt0433387,17,nm0119322,editor,,[]
tt0433387,18,nm1196155,casting_director,,[]
tt0433387,19,nm0894611,casting_director,,[]
tt0433387,20,nm0378529,production_designer,,[]
tt0439418,1,nm1796390,actor,,"[""Kadhir""]"
tt0439418,2,nm1419300,actress,,"[""Anitha""]"
tt0439418,3,nm1944198,actor,,"[""Lakshmi""]"
tt0439418,4,nm1129408,actor,,"[""Kadhir's Father (Tamil version)""]"
tt0439418,5,nm0151526,actor,,"[""Kadhir's Father (Telugu version)""]"
tt0439418,6,nm0837189,actress,,"[""Kadhir's Mother""]"
tt0439418,7,nm0694900,actress,,"[""Anitha's Mother""]"
tt0439418,8,nm3454615,actress,,"[""Kadhir's Sister""]"
tt0439418,9,nm7390393,actress,,"[""Shweta's Aunt""]"
tt0439418,10,nm3818371,actor,,"[""Kishore""]"
tt0439418,11,nm1421754,director,director,[]
tt0439418,12,nm1421754,writer,writer,[]
tt0439418,13,nm0711741,producer,producer,[]
tt0439418,14,nm1421776,composer,,[]
tt0439418,15,nm6867256,cinematographer,cinematographer,[]
tt0439418,16,nm1626825,editor,,[]
tt0444112,1,nm0208426,actress,,"[""Jessica""]"
tt0444112,2,nm0501256,actress,,"[""Catherine Versen""]"
tt0444112,3,nm0243355,actor,,"[""Jean-François Lefort""]"
tt0444112,4,nm0105475,actor,,"[""Jacques Grumberg""]"
tt0444112,5,nm0859985,actor,,"[""Frédéric Grumberg""]"
tt0444112,6,nm0186569,actress,,"[""Claudie""]"
tt0444112,7,nm0603090,actress,,"[""Valentine Lefort""]"
tt0444112,8,nm0282530,actress,,"[""Madame Roux""]"
tt0444112,9,nm0001628,actor,,"[""Brian Sobinsky""]"
tt0444112,10,nm0738391,actor,,"[""Marcel""]"
tt0444112,11,nm0860019,director,,[]
tt0444112,12,nm0860019,writer,screenplay,[]
tt0444112,13,nm0859985,writer,screenplay,[]
tt0444112,14,nm0333123,producer,producer,[]
tt0444112,15,nm0003607,composer,,[]
tt0444112,16,nm0264679,cinematographer,,[]
tt0444112,17,nm0484981,editor,,[]
tt0444112,18,nm0283810,casting_director,,[]
tt0444112,19,nm0008096,production_designer,production_designer,[]
tt0448075,1,nm0000245,actor,,"[""Gabriel Noone""]"
tt0448075,2,nm0001057,actress,,"[""Donna D. Logand""]"
tt0448075,3,nm0191412,actor,,"[""Pete D. Logand""]"
tt0448075,4,nm0608012,actor,,"[""Ashe""]"
tt0448075,5,nm0134072,actor,,"[""Jess""]"
tt0448075,6,nm0644897,actress,,"[""Anna""]"
tt0448075,7,nm0520265,actor,,"[""Young Man at Party""]"
tt0448075,8,nm0191633,actor,,"[""Pap Noone""]"
tt0448075,9,nm0256318,actress,,"[""Darlie Noone""]"
tt0448075,10,nm0501565,actress,,"[""Female Neighbor""]"
tt0448075,11,nm0828099,director,,[]
tt0448075,12,nm0560945,writer,screenplay,[]
tt0448075,13,nm0027501,writer,screenplay,[]
tt0448075,14,nm0828099,writer,screenplay,[]
tt0448075,15,nm0004132,producer,producer,[]
tt0448075,16,nm0366363,producer,producer,[]
tt0448075,17,nm0450267,producer,producer,[]
tt0448075,18,nm1104170,producer,producer,[]
tt0448075,19,nm0621829,composer,,[]
tt0448075,20,nm0727789,cinematographer,director of photography,[]
tt0448075,21,nm0445140,editor,,[]
tt0448075,22,nm0054234,casting_director,,[]
tt0448075,23,nm5288134,casting_director,,[]
tt0448075,24,nm0394119,casting_director,,[]
tt0448075,25,nm0789877,production_designer,,[]
tt0452664,1,nm2367991,actor,,"[""Marco Polo""]"
tt0452664,2,nm3067246,actor,,"[""Beto""]"
tt0452664,3,nm0944543,actress,,"[""Outra Laura""]"
tt0452664,4,nm0626161,actor,,"[""Nelson""]"
tt0452664,5,nm4859365,actress,,"[""Svetlana""]"
tt0452664,6,nm0896697,actress,,"[""Ivone""]"
tt0452664,7,nm0349076,actor,,"[""Anchieta""]"
tt0452664,8,nm0585737,actor,,"[""Cordeiro""]"
tt0452664,9,nm0069683,actress,,"[""Falsa Laura""]"
tt0452664,10,nm0333307,actor,,"[""Guarda Valdeci""]"
tt0452664,11,nm0905343,director,,[]
tt0452664,12,nm0905343,writer,original story,[]
tt0452664,13,nm2834487,writer,screenplay,[]
tt0452664,14,nm1365747,producer,producer,[]
tt0452664,15,nm0905343,producer,producer,[]
tt0452664,16,nm0549570,composer,,[]
tt0452664,17,nm1628660,cinematographer,director of photography,[]
tt0452664,18,nm0577293,editor,,[]
tt0452668,1,nm0196592,actor,,"[""Prof. Michael Lovecraft""]"
tt0452668,2,nm0004839,actor,,"[""Capt. Bergen""]"
tt0452668,3,nm0805930,actress,,"[""Kate Heinlein""]"
tt0452668,4,nm0130005,actor,,"[""Serling""]"
tt0452668,5,nm0194052,actor,,"[""Yolen""]"
tt0452668,6,nm0105853,actor,,"[""Willis Bradbury""]"
tt0452668,7,nm1597260,actress,,"[""Angie Lem""]"
tt0452668,8,nm1257110,actress,,"[""Zelazny""]"
tt0452668,9,nm1876303,actress,,"[""Gwen Kemper""]"
tt0452668,10,nm0521482,actor,,"[""Jason Donaldson""]"
tt0452668,11,nm0504495,director,,[]
tt0452668,12,nm0786411,writer,,[]
tt0452668,13,nm0239541,producer,producer,[]
tt0452668,14,nm0504495,producer,producer,[]
tt0452668,15,nm0225669,composer,,[]
tt0452668,16,nm0600837,cinematographer,,[]
tt0452668,17,nm0036880,editor,,[]
tt0452668,18,nm0742575,production_designer,,[]
tt0455362,1,nm0735442,actress,,"[""Nicki""]"
tt0455362,2,nm0005029,actor,,"[""John""]"
tt0455362,3,nm0543383,actress,,"[""Sara""]"
tt0455362,4,nm0515123,actor,,"[""Matt""]"
tt0455362,5,nm0004991,actor,,"[""Noah""]"
tt0455362,6,nm0095930,actor,,"[""Luke""]"
tt0455362,7,nm2351472,actress,,"[""Jenny""]"
tt0455362,8,nm0557608,director,,[]
tt0455362,9,nm0176256,writer,,[]
tt0455362,10,nm0941810,writer,,[]
tt0455362,11,nm1104360,producer,producer,[]
tt0455362,12,nm4530596,producer,producer,[]
tt0455362,13,nm0484123,producer,producer,[]
tt0455362,14,nm0534543,producer,producer,[]
tt0455362,15,nm0874351,composer,,[]
tt0455362,16,nm0080945,cinematographer,,[]
tt0455362,17,nm0247590,editor,,[]
tt0455362,18,nm1493287,casting_director,,[]
tt0455362,19,nm0745743,casting_director,casting director: Cape Town,[]
tt0455362,20,nm0787836,casting_director,,[]
tt0455362,21,nm0893845,casting_director,,[]
tt0455362,22,nm0106709,production_designer,,[]
tt0459293,1,nm0451379,actor,,"[""Harilal Gandhi""]"
tt0459293,2,nm1189762,actor,,"[""Mohandas Karamchand Gandhi""]"
tt0459293,3,nm0156858,actress,,"[""Kasturba Gandhi""]"
tt0459293,4,nm0154653,actress,,"[""Gulab Gandhi""]"
tt0459293,5,nm1101802,actor,,"[""Henry Polak""]"
tt0459293,6,nm1927347,actress,,"[""Sonja Schlesin""]"
tt0459293,7,nm0154218,actor,,"[""Zakaria""]"
tt0459293,8,nm0958861,actor,,"[""Grieving Fast Food Stall Owner""]"
tt0459293,9,nm1069013,actor,,"[""Photographer""]"
tt0459293,10,nm1552532,actor,,"[""General Ian Smutts""]"
tt0459293,11,nm2073234,director,,[]
tt0459293,12,nm2073234,writer,,[]
tt0459293,13,nm1924121,writer,"book ""Harilal Gandhi - A Life""",[]
tt0459293,14,nm2846618,writer,"book ""Gandhiji's Lost Jewel""",[]
tt0459293,15,nm2832163,writer,subtitles,[]
tt0459293,16,nm0438463,producer,producer,[]
tt0459293,17,nm0437840,composer,,[]
tt0459293,18,nm0567720,cinematographer,,[]
tt0459293,19,nm0695252,editor,editor,[]
tt0459293,20,nm0220834,production_designer,,[]
tt0460394,1,nm1924625,actor,,"[""Vivek""]"
tt0460394,2,nm8529746,actor,,"[""Charminar""]"
tt0460394,3,nm1920568,actor,,"[""Ramu""]"
tt0460394,4,nm1918040,actor,,"[""Musharraf""]"
tt0460394,5,nm1350569,actor,,"[""Chotu""]"
tt0460394,6,nm1919048,actor,,"[""Madan Seth""]"
tt0460394,7,nm0539497,actor,,"[""Irfan Khan""]"
tt0460394,8,nm1213989,actor,,"[""Chief of Intellegence""]"
tt0460394,9,nm6836472,actor,,"[""Kumar""]"
tt0460394,10,nm0865858,actress,,"[""Aditi""]"
tt0460394,11,nm1923369,director,,[]
tt0460394,12,nm0348246,writer,writer,[]
tt0460394,13,nm1923369,writer,,[]
tt0460394,14,nm1883139,producer,producer,[]
tt0460394,15,nm0348246,producer,producer,[]
tt0460394,16,nm1300851,composer,composer,[]
tt0460394,17,nm1922104,cinematographer,cinematographer,[]
tt0460394,18,nm1919605,editor,editor,[]
tt0462465,1,nm0001029,actor,,"[""Kainan""]"
tt0462465,2,nm0617009,actress,,"[""Freya""]"
tt0462465,3,nm0000579,actor,,"[""Gunnar""]"
tt0462465,4,nm1658935,actor,,"[""Wulfric""]"
tt0462465,5,nm0000457,actor,,"[""Rolhgar""]"
tt0462465,6,nm0766761,actor,,"[""Boromir""]"
tt0462465,7,nm0829018,actor,,"[""Unferth""]"
tt0462465,8,nm0222593,actor,,"[""Einar""]"
tt0462465,9,nm2343058,actor,,"[""Eric""]"
tt0462465,10,nm0625054,actor,,"[""Donal""]"
tt0462465,11,nm0564586,director,,[]
tt0462465,12,nm0085736,writer,written by,[]
tt0462465,13,nm0564586,writer,written by,[]
tt0462465,14,nm0730932,producer,producer,[]
tt0462465,15,nm1125005,producer,producer,[]
tt0462465,16,nm0952944,composer,,[]
tt0462465,17,nm0005602,cinematographer,director of photography,[]
tt0462465,18,nm0230279,editor,,[]
tt0462465,19,nm0100831,casting_director,,[]
tt0462465,20,nm0352524,production_designer,,[]
tt0464160,1,nm1372788,actor,,"[""Jeetu""]"
tt0464160,2,nm0004626,actress,,"[""Shruti""]"
tt0464160,3,nm0700875,actor,,"[""Prabhart Singh Chauhan""]"
tt0464160,4,nm0712546,actor,,"[""Gundya""]"
tt0464160,5,nm1226448,actress,,"[""Meenakshi""]"
tt0464160,6,nm1056425,actor,,"[""Bandya""]"
tt0464160,7,nm0792911,actor,,"[""Mangal Singh Chauhan""]"
tt0464160,8,nm2147526,actor,,"[""Sharmaji""]"
tt0464160,9,nm0451600,actor,,"[""Jaidev Prasad - Jeetu's father""]"
tt0464160,10,nm1259084,actor,,"[""Manohar - Pooja's Father""]"
tt0464160,11,nm0698184,director,,[]
tt0464160,12,nm1739317,director,director,[]
tt0464160,13,nm0698184,writer,story and screenplay,[]
tt0464160,14,nm0903423,writer,dialogue,[]
tt0464160,15,nm1459445,writer,writer,[]
tt0464160,16,nm1459905,writer,writer,[]
tt0464160,17,nm0780098,producer,producer,[]
tt0464160,18,nm0720252,composer,,[]
tt0464160,19,nm0864276,cinematographer,cinematographer,[]
tt0464160,20,nm1430969,editor,,[]
tt0466103,1,nm2251999,actor,,"[""Lyosha""]"
tt0466103,2,nm0541136,actor,,"[""Professor""]"
tt0466103,3,nm2252942,actor,,"[""Body""]"
tt0466103,4,nm2268587,actress,,"[""Grandmother""]"
tt0466103,5,nm2356531,actor,,"[""Friend""]"
tt0466103,6,nm2353152,actor,,"[""Laboratory assistant""]"
tt0466103,7,nm2059792,actress,,"[""Psychologist""]"
tt0466103,8,nm1139090,actor,,"[""Veteran""]"
tt0466103,9,nm2257426,actor,,[]
tt0466103,10,nm16039197,actor,,"[""Hooligan""]"
tt0466103,11,nm1959192,director,,[]
tt0466103,12,nm1959127,writer,,[]
tt0466103,13,nm2257426,producer,producer,[]
tt0466103,14,nm2353871,producer,producer,[]
tt0466103,15,nm2258025,composer,,[]
tt0466103,16,nm2056348,cinematographer,,[]
tt0470967,1,nm2567492,actress,,[]
tt0470967,2,nm1617784,actress,,"[""Hyo-jung""]"
tt0470967,3,nm1981533,actress,,"[""Seon-min""]"
tt0470967,4,nm1982607,actress,,"[""Young-eon""]"
tt0470967,5,nm1371115,actress,,"[""Hee-yeon""]"
tt0470967,6,nm1981744,actor,,"[""Cho-ah""]"
tt0470967,7,nm17408921,actress,,"[""Hwa-jung""]"
tt0470967,8,nm1117726,director,,[]
tt0470967,9,nm1117726,writer,,[]
tt0470967,10,nm1978095,writer,,[]
tt0470967,11,nm0497010,producer,producer,[]
tt0470967,12,nm1385954,composer,,[]
tt0470967,13,nm2258824,cinematographer,,[]
tt0471041,1,nm0000609,actor,,"[""Joshua Harlow""]"
tt0471041,2,nm0001015,actor,,"[""Father MacAvoy""]"
tt0471041,3,nm0005026,actress,,"[""Lai Lai Zhen""]"
tt0471041,4,nm0813812,actor,,"[""Miles Slade""]"
tt0471041,5,nm0192377,actor,,"[""Powers""]"
tt0471041,6,nm1451951,actor,,"[""Anton Bogart""]"
tt0471041,7,nm0176660,actor,,"[""Steve Tomko""]"
tt0471041,8,nm0001487,actor,,"[""Gene Walker""]"
tt0471041,9,nm1475013,actor,,"[""Eddy Cusack""]"
tt0471041,10,nm1013812,actress,,"[""Lina Sofia""]"
tt0471041,11,nm1470993,director,director,[]
tt0471041,12,nm0949558,writer,written by,[]
tt0471041,13,nm1491927,writer,written by,[]
tt0471041,14,nm1475013,writer,written by,[]
tt0471041,15,nm0068328,producer,producer,[]
tt0471041,16,nm2768570,producer,producer,[]
tt0471041,17,nm2172995,producer,producer,[]
tt0471041,18,nm0440017,composer,composer,[]
tt0471041,19,nm0867792,cinematographer,director of photography,[]
tt0471041,20,nm1366165,editor,film editor,[]
tt0471041,21,nm0956722,casting_director,casting_director,[]
tt0471041,22,nm1004065,production_designer,production_designer,[]
tt0481354,1,nm2034662,actor,,"[""Emre""]"
tt0481354,2,nm1699212,actor,,"[""Haci Feyzullah""]"
tt0481354,3,nm1202823,actor,,"[""Mehmet""]"
tt0481354,4,nm1699148,actor,,"[""Sukru""]"
tt0481354,5,nm0996806,actor,,"[""Numan""]"
tt0481354,6,nm1855335,actor,,"[""Bakkal - Grocer of the Town""]"
tt0481354,7,nm2071705,actor,,"[""Deli - Mad of the Town""]"
tt0481354,8,nm2073075,actor,,"[""Haydar""]"
tt0481354,9,nm2066870,actor,,"[""Tarik""]"
tt0481354,10,nm2070278,actor,,"[""Hasan""]"
tt0481354,11,nm0348123,director,,[]
tt0481354,12,nm1754541,writer,,[]
tt0481354,13,nm2042422,producer,producer,[]
tt0481354,14,nm1001612,composer,,[]
tt0481354,15,nm2039562,cinematographer,,[]
tt0483631,1,nm1227152,actor,,"[""Silver""]"
tt0483631,2,nm0219752,actress,,"[""Mercy""]"
tt0483631,3,nm2058848,actor,,"[""Arturo""]"
tt0483631,4,nm1036889,actress,,"[""Josephine""]"
tt0483631,5,nm1564069,actress,,"[""Sheila""]"
tt0483631,6,nm2088340,actor,,"[""Sammy""]"
tt0483631,7,nm1416134,actress,,"[""Margarita""]"
tt0483631,8,nm1197640,actress,,"[""Georgia""]"
tt0483631,9,nm0108355,actor,,"[""Alfred""]"
tt0483631,10,nm2050098,actor,,"[""Tyson""]"
tt0483631,11,nm0301428,director,,[]
tt0483631,12,nm0301428,writer,,[]
tt0483631,13,nm0301428,producer,producer,[]
tt0483631,14,nm0381537,producer,producer,[]
tt0483631,15,nm1498772,composer,,[]
tt0483631,16,nm0354948,cinematographer,director of photography,[]
tt0483631,17,nm1258384,cinematographer,,[]
tt0483631,18,nm0144048,editor,editor,[]
tt0483631,19,nm0338642,editor,,[]
tt0483631,20,nm1273063,production_designer,,[]
tt0487011,1,nm1335387,actor,,"[""Ananthan""]"
tt0487011,2,nm0534858,actress,,"[""Bhadra""]"
tt0487011,3,nm0419677,actor,,"[""Digambaran""]"
tt0487011,4,nm0542343,actor,,"[""Chemban""]"
tt0487011,5,nm0579756,actor,,"[""Siva Ram""]"
tt0487011,6,nm0893449,actor,,[]
tt0487011,7,nm0359880,actor,,"[""Maravi Mathai""]"
tt0487011,8,nm0683477,actor,,[]
tt0487011,9,nm0475070,actor,,[]
tt0487011,10,nm1498467,actor,,[]
tt0487011,11,nm0007144,director,,[]
tt0487011,12,nm2101048,writer,writer,[]
tt0487011,13,nm2099473,producer,producer,[]
tt0487011,14,nm2098642,producer,producer,[]
tt0487011,15,nm0683477,producer,producer,[]
tt0487011,16,nm2093066,composer,,[]
tt0487011,17,nm1015470,composer,,[]
tt0487011,18,nm0007144,cinematographer,,[]
tt0487011,19,nm0695252,editor,editor,[]
tt0758752,1,nm0350453,actor,,"[""Jamie Randall""]"
tt0758752,2,nm0004266,actress,,"[""Maggie Murdock""]"
tt0758752,3,nm0339460,actress,,"[""Cindy""]"
tt0758752,4,nm0001624,actor,,"[""Bruce Winston""]"
tt0758752,5,nm0000279,actor,,"[""Dr. Stan Knight""]"
tt0758752,6,nm1265802,actor,,"[""Josh Randall""]"
tt0758752,7,nm0532683,actor,,"[""Trey Hannigan""]"
tt0758752,8,nm0001719,actor,,"[""Dr. James Randall""]"
tt0758752,9,nm0001049,actress,,"[""Nancy Randall""]"
tt0758752,10,nm0335494,actress,,"[""Gina""]"
tt0758752,11,nm0001880,director,,[]
tt0758752,12,nm1017488,writer,screenplay,[]
tt0758752,13,nm0001880,writer,screenplay,[]
tt0758752,14,nm0380980,writer,screenplay,[]
tt0758752,15,nm2168221,writer,"book ""Hard Sell: The Evolution of a Viagra Salesman""",[]
tt0758752,16,nm0115764,producer,producer,[]
tt0758752,17,nm0380980,producer,producer,[]
tt0758752,18,nm1017488,producer,producer,[]
tt0758752,19,nm0835959,producer,producer,[]
tt0758752,20,nm0006133,composer,,[]
tt0758752,21,nm0276405,cinematographer,director of photography,[]
tt0758752,22,nm0742475,editor,,[]
tt0758752,23,nm0859625,casting_director,,[]
tt0758752,24,nm0004162,production_designer,,[]
tt0758762,1,nm0933310,actor,,"[""Tallis""]"
tt0758762,2,nm0755267,actress,,"[""Girl""]"
tt0758762,3,nm0020122,actor,,"[""Angry Cop""]"
tt0758762,4,nm0027164,actor,,"[""MSgt. Washington""]"
tt0758762,5,nm0000874,actor,,"[""Drone Scientist""]"
tt0758762,6,nm0202966,actor,,"[""Col. Norton""]"
tt0758762,7,nm0202966,actor,,"[""Gun Voice 2""]"
tt0758762,8,nm0381483,actor,,"[""Operator #2""]"
tt0758762,9,nm2326919,actress,,"[""Reporter""]"
tt0758762,10,nm2205956,actor,,"[""Angry Gunman""]"
tt0758762,11,nm3366784,actress,,"[""Little Girl""]"
tt0758762,12,nm0425364,director,director,[]
tt0758762,13,nm0425364,writer,screenplay,[]
tt0758762,14,nm1539281,producer,producer,[]
tt0758762,15,nm1232058,composer,,[]
tt0758762,16,nm0370914,cinematographer,,[]
tt0758762,17,nm0085923,editor,,[]
tt0758762,18,nm0446466,casting_director,casting_director,[]
tt0758762,19,nm0913052,casting_director,,[]
tt0758762,20,nm1730201,production_designer,,[]
tt0768218,1,nm0287898,actor,,"[""Art Bechstein""]"
tt0768218,2,nm0765597,actor,,"[""Cleveland Arning""]"
tt0768218,3,nm1092227,actress,,"[""Jane Bellwether""]"
tt0768218,4,nm0000560,actor,,"[""Joe Bechstein""]"
tt0768218,5,nm0002546,actress,,"[""Phlox Lombardi""]"
tt0768218,6,nm1859475,actor,,"[""Mohammed""]"
tt0768218,7,nm1395546,actor,,"[""Keith""]"
tt0768218,8,nm3572795,actress,,"[""Female Book Barn Employee""]"
tt0768218,9,nm3572578,actor,,"[""Teen Book Barn Employee""]"
tt0768218,10,nm0905619,actor,,"[""Class Instructor""]"
tt0768218,11,nm1098493,director,,[]
tt0768218,12,nm1098493,writer,screenplay,[]
tt0768218,13,nm0149290,writer,novel,[]
tt0768218,14,nm2219212,producer,producer,[]
tt0768218,15,nm0518757,producer,producer,[]
tt0768218,16,nm1230484,producer,producer,[]
tt0768218,17,nm1098493,producer,producer,[]
tt0768218,18,nm0788640,composer,,[]
tt0768218,19,nm0004344,cinematographer,director of photography,[]
tt0768218,20,nm0876392,editor,,[]
tt0768218,21,nm0032597,casting_director,,[]
tt0768218,22,nm1341114,casting_director,,[]
tt0768218,23,nm0939873,casting_director,,[]
tt0768218,24,nm0014101,production_designer,,[]
tt0780583,1,nm0158306,actor,,"[""Truman Burrows""]"
tt0780583,2,nm1331851,actress,,"[""Megan""]"
tt0780583,3,nm0640413,actor,,"[""Frank""]"
tt0780583,4,nm0879186,actor,,"[""Paul Judd""]"
tt0780583,5,nm0042805,actor,,"[""Dr. Bennett""]"
tt0780583,6,nm0044859,actor,,"[""Co-Pilot Randy""]"
tt0780583,7,nm0916871,actor,,"[""Billy""]"
tt0780583,8,nm0324788,actress,,"[""Anna""]"
tt0780583,9,nm1789263,actress,,"[""Stacy""]"
tt0780583,10,nm0000855,actor,,"[""Captain Ray Banyon""]"
tt0780583,11,nm0859499,director,,[]
tt0780583,12,nm2458358,writer,,[]
tt0780583,13,nm1310911,writer,,[]
tt0780583,14,nm0859499,writer,,[]
tt0780583,15,nm1014041,producer,producer,[]
tt0780583,16,nm0859499,producer,producer,[]
tt0780583,17,nm0910996,composer,,[]
tt0780583,18,nm1329898,cinematographer,,[]
tt0780583,19,nm1016768,editor,,[]
tt0780583,20,nm0112883,casting_director,,[]
tt0780583,21,nm0003915,casting_director,,[]
tt0790602,1,nm0501168,actor,,"[""Max""]"
tt0790602,2,nm0491426,actress,,"[""Morgane""]"
tt0790602,3,nm1042939,actor,,"[""Avocat""]"
tt0790602,4,nm0098928,actor,,"[""Meg""]"
tt0790602,5,nm1552206,actress,,"[""Alice""]"
tt0790602,6,nm2404077,actor,,"[""Theo""]"
tt0790602,7,nm0176263,actor,,"[""Gino""]"
tt0790602,8,nm0098196,actor,,"[""Coordonnateur d'organes""]"
tt0790602,9,nm0676582,actor,,"[""Le Vétérinaire""]"
tt0790602,10,nm0315023,actress,,"[""Franfreluche""]"
tt0790602,11,nm0221662,director,,[]
tt0790602,12,nm0346676,writer,scenario,[]
tt0790602,13,nm0221662,writer,idea,[]
tt0790602,14,nm1570770,producer,producer,[]
tt0790602,15,nm0494623,composer,,[]
tt0790602,16,nm0161127,cinematographer,director of photography,[]
tt0790602,17,nm0238369,editor,,[]
tt0790602,18,nm1601674,casting_director,,[]
tt0826631,1,nm1385304,actor,,"[""Mert""]"
tt0826631,2,nm1726978,actor,,"[""Sinan""]"
tt0826631,3,nm1735048,actress,,"[""Zeynep""]"
tt0826631,4,nm1759824,actor,,"[""Kaan""]"
tt0826631,5,nm1753428,actor,,"[""Uluç""]"
tt0826631,6,nm1121807,actress,,"[""Güler""]"
tt0826631,7,nm0456077,actor,,"[""Rafet""]"
tt0826631,8,nm0406157,actress,,"[""Fatma""]"
tt0826631,9,nm0259472,actor,,"[""Sedat""]"
tt0826631,10,nm0019338,actor,,"[""Metin""]"
tt0826631,11,nm0814716,director,,[]
tt0826631,12,nm2320774,writer,,[]
tt0826631,13,nm1802964,producer,producer,[]
tt0826631,14,nm1738823,composer,,[]
tt0826631,15,nm1738801,cinematographer,,[]
tt0826631,16,nm1738875,editor,,[]
tt0826631,17,nm1091578,casting_director,,[]
tt0826631,18,nm5636855,production_designer,,[]
tt0836700,1,nm0000300,actress,,"[""Adrienne""]"
tt0836700,2,nm0075650,actor,,"[""Frédéric""]"
tt0836700,3,nm0753737,actor,,"[""Jérémie""]"
tt0836700,4,nm0778568,actress,,"[""Hélène""]"
tt0836700,5,nm0721469,actress,,"[""Lisa""]"
tt0836700,6,nm0094993,actress,,"[""Angela""]"
tt0836700,7,nm0755652,actress,,"[""Éloïse""]"
tt0836700,8,nm0247762,actor,,"[""James""]"
tt0836700,9,nm1295721,actress,,"[""Sylvie""]"
tt0836700,10,nm2486268,actor,,"[""Pierre""]"
tt0836700,11,nm0000801,director,,[]
tt0836700,12,nm0000801,writer,writer,[]
tt0836700,13,nm0318570,producer,producer,[]
tt0836700,14,nm0439767,producer,producer,[]
tt0836700,15,nm0439768,producer,producer,[]
tt0836700,16,nm0310341,cinematographer,,[]
tt0836700,17,nm0056086,editor,,[]
tt0836700,18,nm0099456,casting_director,,[]
tt0843878,1,nm0000514,actor,,"[""Major Blevins""]"
tt0843878,2,nm0299479,actor,,"[""Waylon""]"
tt0843878,3,nm1476252,actor,,"[""Buddy""]"
tt0843878,4,nm1728748,actress,,"[""Zoe Snow""]"
tt0843878,5,nm2193672,actress,,"[""Carrie""]"
tt0843878,6,nm1155055,actress,,"[""Lena""]"
tt0843878,7,nm0262909,actor,,"[""Dr. Stroheim""]"
tt0843878,8,nm0636142,actor,,"[""Sgt. Dodds""]"
tt0843878,9,nm0663603,actor,,"[""PFC Delroy""]"
tt0843878,10,nm0189167,actor,,"[""Orderly""]"
tt0843878,11,nm0593262,director,,[]
tt0843878,12,nm1733195,writer,written by,[]
tt0843878,13,nm1725514,writer,written by,[]
tt0843878,14,nm0131697,producer,producer,[]
tt0843878,15,nm2188866,producer,producer,[]
tt0843878,16,nm2086668,producer,producer,[]
tt0843878,17,nm1487493,composer,,[]
tt0843878,18,nm0254277,cinematographer,,[]
tt0843878,19,nm2148914,editor,,[]
tt0843878,20,nm0296403,casting_director,casting_director,[]
tt0843878,21,nm0496129,casting_director,casting_director,[]
tt0843878,22,nm0671518,casting_director,casting_director,[]
tt0843878,23,nm1017032,production_designer,,[]
tt0844319,1,nm2350618,actor,,"[""Shinkichi""]"
tt0844319,2,nm0475878,actress,,"[""Oshiga""]"
tt0844319,3,nm1800111,actress,,"[""Ohisa""]"
tt0844319,4,nm0039591,actress,,"[""Orui""]"
tt0844319,5,nm0454117,actress,,"[""Osono""]"
tt0844319,6,nm0786059,actress,,"[""Oshizu""]"
tt0844319,7,nm0257934,actor,,"[""Shinzaemon Fukami""]"
tt0844319,8,nm0386420,actress,,"[""Okou""]"
tt0844319,9,nm2716637,actor,,"[""Storyteller""]"
tt0844319,10,nm1675175,actor,,[]
tt0844319,11,nm0620378,director,,[]
tt0844319,12,nm0645766,writer,screenplay,[]
tt0844319,13,nm1376345,writer,"story ""Shinkei Kasane-ga-fuchi""",[]
tt0844319,14,nm0406772,producer,producer,[]
tt0844319,15,nm0442766,composer,,[]
tt0844319,16,nm0370626,cinematographer,,[]
tt0844319,17,nm0849222,production_designer,production_designer,[]
tt0870111,1,nm0001449,actor,,"[""Richard Nixon""]"
tt0870111,2,nm0790688,actor,,"[""David Frost""]"
tt0870111,3,nm0000102,actor,,"[""Jack Brennan""]"
tt0870111,4,nm0005377,actor,,"[""James Reston, Jr.""]"
tt0870111,5,nm0532193,actor,,"[""John Birt""]"
tt0870111,6,nm0001624,actor,,"[""Bob Zelnick""]"
tt0870111,7,nm0356017,actress,,"[""Caroline Cushing""]"
tt0870111,8,nm0429363,actor,,"[""Swifty Lazar""]"
tt0870111,9,nm0586994,actor,,"[""Frank Gannon""]"
tt0870111,10,nm0335494,actress,,"[""Diane Sawyer""]"
tt0870111,11,nm0000165,director,,[]
tt0870111,12,nm0604948,writer,based on the stage play by,[]
tt0870111,13,nm0079677,producer,producer,[]
tt0870111,14,nm0271479,producer,producer,[]
tt0870111,15,nm0004976,producer,producer,[]
tt0870111,16,nm0000165,producer,producer,[]
tt0870111,17,nm0001877,composer,composer,[]
tt0870111,18,nm0869379,cinematographer,director of photography,[]
tt0870111,19,nm0360067,editor,editor,[]
tt0870111,20,nm0384528,editor,editor,[]
tt0870111,21,nm0464595,editor,,[]
tt0870111,22,nm0386664,casting_director,,[]
tt0870111,23,nm0420747,casting_director,,[]
tt0870111,24,nm0179749,production_designer,,[]
tt0870944,1,nm1070494,actor,,"[""Yotaro Aragaki""]"
tt0870944,2,nm0619178,actress,,"[""Kaoru Aragaki""]"
tt0870944,3,nm0039591,actress,,"[""Keiko Inamine""]"
tt0870944,4,nm1678814,actor,,"[""Kameoka""]"
tt0870944,5,nm0368089,actor,,"[""Keiko's father""]"
tt0870944,6,nm2011723,actor,,"[""Yotaro Aragaki - child""]"
tt0870944,7,nm0463592,actress,,"[""Mitsue (Yotaro's mother)""]"
tt0870944,8,nm0605668,actress,,[]
tt0870944,9,nm0620243,actor,,"[""Kaoru's father""]"
tt0870944,10,nm2113074,actress,,"[""Kaoru Aragaki - child""]"
tt0870944,11,nm2391552,director,,[]
tt0870944,12,nm0948913,writer,screenplay,[]
tt0870944,13,nm0357319,producer,producer,[]
tt0870944,14,nm0793868,producer,producer,[]
tt0870944,15,nm0944908,producer,producer,[]
tt0870944,16,nm0784358,composer,,[]
tt0870944,17,nm0357269,cinematographer,director of photography,[]
tt0892769,1,nm0059431,actor,,"[""Hiccup""]"
tt0892769,2,nm0124930,actor,,"[""Stoick""]"
tt0892769,3,nm2395586,actor,,"[""Fishlegs""]"
tt0892769,4,nm0272401,actor,,"[""Gobber""]"
tt0892769,5,nm1065229,actress,,"[""Astrid""]"
tt0892769,6,nm1706767,actor,,"[""Snotlout""]"
tt0892769,7,nm2554352,actor,,"[""Tuffnut""]"
tt0892769,8,nm1325419,actress,,"[""Ruffnut""]"
tt0892769,9,nm0235960,actor,,"[""Ack""]"
tt0892769,10,nm1213504,actor,,"[""Starkard""]"
tt0892769,11,nm0213450,director,director,[]
tt0892769,12,nm0761498,director,director,[]
tt0892769,13,nm0204030,writer,screenplay by,[]
tt0892769,14,nm0213450,writer,screenplay by,[]
tt0892769,15,nm0761498,writer,screenplay by,[]
tt0892769,16,nm2441763,writer,based on the book by,[]
tt0892769,17,nm0036366,producer,producer,[]
tt0892769,18,nm0694173,composer,composer,[]
tt0892769,19,nm0956710,cinematographer,,[]
tt0892769,20,nm0104783,editor,,[]
tt0892769,21,nm0391789,editor,,[]
tt0892769,22,nm0271076,casting_director,,[]
tt0892769,23,nm0022827,production_designer,,[]
tt0896923,1,nm1272540,actor,,"[""Omar Razaghi""]"
tt0896923,2,nm0000164,actor,,"[""Adam""]"
tt0896923,3,nm0001250,actress,,"[""Arden Langdon""]"
tt0896923,4,nm4114024,actor,,"[""Young Adam""]"
tt0896923,5,nm0899489,actress,,"[""Adam's Mother""]"
tt0896923,6,nm0552455,actor,,"[""Postman""]"
tt0896923,7,nm0487884,actress,,"[""Deirdre Rothemund""]"
tt0896923,8,nm0758094,actress,,"[""Helpful Woman at the Bus Depot""]"
tt0896923,9,nm1320600,actor,,"[""Helpful Man at the Bus Depot""]"
tt0896923,10,nm0892799,actor,,"[""Helpful Little Boy at the Bus Depot""]"
tt0896923,11,nm0412465,director,,[]
tt0896923,12,nm0695609,writer,screenplay,[]
tt0896923,13,nm0131702,writer,novel,[]
tt0896923,14,nm0103364,producer,producer,[]
tt0896923,15,nm1252883,producer,producer,[]
tt0896923,16,nm0237779,composer,,[]
tt0896923,17,nm0013761,cinematographer,,[]
tt0896923,18,nm0002237,editor,,[]
tt0896923,19,nm0761455,production_designer,,[]
tt0902290,1,nm0597480,actor,,"[""Arthur Blake""]"
tt0902290,2,nm0000579,actor,,"[""Father Duffy""]"
tt0902290,3,nm0275244,actor,,"[""Willy Grimes""]"
tt0902290,4,nm0780133,actor,,"[""Dr. Quint""]"
tt0902290,5,nm1486239,actress,,"[""Fanny Briers""]"
tt0902290,6,nm0818285,actor,,"[""Cornelius Murphy""]"
tt0902290,7,nm1770848,actor,,"[""Young Arthur""]"
tt0902290,8,nm0171428,actress,,"[""Maisey O'Connell""]"
tt0902290,9,nm0324247,actor,,"[""Old Man""]"
tt0902290,10,nm0307534,actor,,"[""Ronnie""]"
tt0902290,11,nm1137264,director,,[]
tt0902290,12,nm1137264,writer,writer,[]
tt0902290,13,nm0275244,producer,producer,[]
tt0902290,14,nm1490961,producer,producer,[]
tt0902290,15,nm1404741,composer,,[]
tt0902290,16,nm1117076,cinematographer,,[]
tt0902290,17,nm1137264,editor,,[]
tt0902290,18,nm1504478,production_designer,,[]
tt0914798,1,nm2633535,actor,,"[""Bruno""]"
tt0914798,2,nm0000667,actor,,"[""Father""]"
tt0914798,3,nm1670029,actor,,"[""Lieutenant Kotler""]"
tt0914798,4,nm2726789,actor,,"[""Leon""]"
tt0914798,5,nm2705126,actor,,"[""Martin""]"
tt0914798,6,nm2646294,actor,,"[""Karl""]"
tt0914798,7,nm0267812,actress,,"[""Mother""]"
tt0914798,8,nm1728514,actress,,"[""Maria""]"
tt0914798,9,nm0390576,actress,,"[""Berlin Cook""]"
tt0914798,10,nm2633591,actress,,"[""Gretel""]"
tt0914798,11,nm0379179,director,,[]
tt0914798,12,nm2477197,writer,novel,[]
tt0914798,13,nm0379179,writer,written for the screen by,[]
tt0914798,14,nm0382268,producer,producer,[]
tt0914798,15,nm0000035,composer,,[]
tt0914798,16,nm0217120,cinematographer,director of photography,[]
tt0914798,17,nm0003920,editor,,[]
tt0914798,18,nm0205023,casting_director,,[]
tt0914798,19,nm0356002,casting_director,,[]
tt0914798,20,nm0157575,production_designer,,[]
tt0937378,1,nm0001780,actor,,"[""Klemens""]"
tt0937378,2,nm2641712,actor,,"[""Nejla""]"
tt0937378,3,nm0214725,actor,,"[""Mats""]"
tt0937378,4,nm0217486,actress,,"[""Anita""]"
tt0937378,5,nm0459705,actor,,"[""Pe Nisj""]"
tt0937378,6,nm0765558,actress,,"[""Risten""]"
tt0937378,7,nm0553106,actor,,"[""Henningsson""]"
tt0937378,8,nm0760570,actor,,"[""Elias""]"
tt0937378,9,nm0837644,actress,,"[""Guro""]"
tt0937378,10,nm0377609,actor,,"[""Dorj""]"
tt0937378,11,nm0019242,director,,[]
tt0937378,12,nm0252478,writer,writer,[]
tt0937378,13,nm0654545,producer,producer,[]
tt0937378,14,nm0002560,composer,,[]
tt0937378,15,nm0675608,cinematographer,,[]
tt0937378,16,nm0439635,editor,,[]
tt0937378,17,nm0379257,casting_director,,[]
tt0960890,1,nm0001398,actress,,"[""Kat""]"
tt0960890,2,nm0000387,actor,,"[""Ian""]"
tt0960890,3,nm2641532,actress,,"[""Lilith""]"
tt0960890,4,nm1715297,actress,,"[""Sox""]"
tt0960890,5,nm0027575,actress,,"[""Gaia""]"
tt0960890,6,nm1684744,actress,,"[""Jessy""]"
tt0960890,7,nm1617856,actress,,"[""Jeannie""]"
tt0960890,8,nm0815970,actress,,"[""Berenge""]"
tt0960890,9,nm1573097,actress,,"[""Blavatski""]"
tt0960890,10,nm1027228,actor,,"[""Davis""]"
tt0960890,11,nm0999415,director,,[]
tt0960890,12,nm0999415,writer,written by,[]
tt0960890,13,nm0326632,producer,producer,[]
tt0960890,14,nm1171090,producer,producer,[]
tt0960890,15,nm0788556,producer,producer,[]
tt0960890,16,nm0924385,composer,composer,[]
tt0960890,17,nm0999415,cinematographer,director of photography,[]
tt0960890,18,nm0999415,editor,,[]
tt0960890,19,nm3264092,casting_director,casting_director,[]
tt0960890,20,nm0473997,production_designer,,[]
tt0963194,1,nm0000649,actor,,"[""Rotti Largo""]"
tt0963194,2,nm0372117,actor,,"[""Nathan""]"
tt0963194,3,nm0372117,actor,,"[""Repo Man""]"
tt0963194,4,nm0891786,actress,,"[""Shilo Wallace""]"
tt0963194,5,nm0109208,actress,,"[""Blind Mag""]"
tt0963194,6,nm0385296,actress,,"[""Amber Sweet""]"
tt0963194,7,nm0608405,actor,,"[""Luigi Largo""]"
tt0963194,8,nm0644799,actor,,"[""Pavi Largo""]"
tt0963194,9,nm0954023,actor,,"[""Graverobber""]"
tt0963194,10,nm1686536,actress,,"[""Marni""]"
tt0963194,11,nm0394852,actress,,"[""Jessica Adams""]"
tt0963194,12,nm1135423,director,,[]
tt0963194,13,nm2534912,writer,screenplay,[]
tt0963194,14,nm0954023,writer,screenplay,[]
tt0963194,15,nm0121117,producer,producer,[]
tt0963194,16,nm0004527,producer,producer,[]
tt0963194,17,nm0467977,producer,producer,[]
tt0963194,18,nm0563604,producer,producer,[]
tt0963194,19,nm2534912,composer,,[]
tt0963194,20,nm0954023,composer,,[]
tt0963194,21,nm1600160,cinematographer,director of photography,[]
tt0963194,22,nm0742708,editor,,[]
tt0963194,23,nm1937563,casting_director,,[]
tt0963194,24,nm0712874,casting_director,,[]
tt0963194,25,nm0352524,production_designer,,[]
tt0995868,1,nm0000352,actor,,"[""Feola""]"
tt0995868,2,nm0763928,actor,,"[""Brazilian Announcer""]"
tt0995868,3,nm1546300,actor,,"[""Jose""]"
tt0995868,4,nm1179580,actor,,"[""Dondinho""]"
tt0995868,5,nm5991572,actor,,"[""Pele""]"
tt0995868,6,nm5991573,actor,,"[""Younger Pele""]"
tt0995868,7,nm4178453,actress,,"[""Celeste Arantes (Pele's Mother)""]"
tt0995868,8,nm0328604,actor,,"[""Waldemar de Brito""]"
tt0995868,9,nm0584492,actor,,"[""Mario Zagallo""]"
tt0995868,10,nm0560412,actor,,"[""Santos club's coach""]"
tt0995868,11,nm1905310,director,director,[]
tt0995868,12,nm3104562,director,,[]
tt0995868,13,nm1905310,writer,written by,[]
tt0995868,14,nm3104562,writer,written by,[]
tt0995868,15,nm0004976,producer,producer,[]
tt0995868,16,nm4550048,producer,producer,[]
tt0995868,17,nm0744907,producer,producer,[]
tt0995868,18,nm0933213,producer,producer,[]
tt0995868,19,nm0006246,composer,,[]
tt0995868,20,nm0508732,cinematographer,,[]
tt0995868,21,nm0136057,editor,,[]
tt0995868,22,nm0313885,editor,,[]
tt0995868,23,nm0769012,editor,,[]
tt0995868,24,nm0022691,casting_director,casting_director,[]
tt0995868,25,nm2105961,casting_director,,[]
tt0995868,26,nm0828412,casting_director,,[]
tt0995868,27,nm0894611,casting_director,,[]
tt0995868,28,nm0914291,production_designer,,[]
tt1001508,1,nm0329481,actress,,"[""Gigi""]"
tt1001508,2,nm0000098,actress,,"[""Beth""]"
tt1001508,3,nm0000124,actress,,"[""Janine""]"
tt1001508,4,nm2079681,actress,,"[""5 Year Old Girl""]"
tt1001508,5,nm2152695,actor,,"[""6 Year Old Boy""]"
tt1001508,6,nm1244249,actress,,"[""Mother""]"
tt1001508,7,nm2774121,actress,,"[""Crying 20-Something""]"
tt1001508,8,nm1394752,actress,,"[""Consoling Friend""]"
tt1001508,9,nm2419994,actress,,"[""Sorority Girl""]"
tt1001508,10,nm2035353,actress,,"[""Sorority Girl""]"
tt1001508,11,nm0477129,director,,[]
tt1001508,12,nm0463359,writer,written by,[]
tt1001508,13,nm0799050,writer,written by,[]
tt1001508,14,nm1021163,writer,"book ""He's Just Not That Into You: The No-Excuses Truth to Understanding Guys""",[]
tt1001508,15,nm0875710,writer,"book ""He's Just Not That Into You: The No-Excuses Truth to Understanding Guys""",[]
tt1001508,16,nm0433339,producer,producer,[]
tt1001508,17,nm0006056,composer,composer,[]
tt1001508,18,nm0007037,cinematographer,director of photography,[]
tt1001508,19,nm0798889,editor,,[]
tt1001508,20,nm0045970,casting_director,casting_director,[]
tt1001508,21,nm0204979,casting_director,casting_director,[]
tt1001508,22,nm0118604,production_designer,,[]
tt10110614,1,nm1160306,actor,,"[""Aris""]"
tt10110614,2,nm3218921,actress,,"[""Anna""]"
tt10110614,3,nm2801340,actress,,"[""Program Manager""]"
tt10110614,4,nm1089063,actor,,"[""Program Manager""]"
tt10110614,5,nm1981344,actor,,"[""Elder Patient""]"
tt10110614,6,nm2616100,actor,,"[""Doctor""]"
tt10110614,7,nm1466826,actor,,"[""Doctor""]"
tt10110614,8,nm2813680,actor,,[]
tt10110614,9,nm10088612,actress,,[]
tt10110614,10,nm10914110,actress,,[]
tt10110614,11,nm3649532,director,,[]
tt10110614,12,nm3649532,writer,,[]
tt10110614,13,nm3242193,writer,,[]
tt10110614,14,nm3851570,producer,producer,[]
tt10110614,15,nm1145840,producer,producer,[]
tt10110614,16,nm3649532,producer,producer,[]
tt10110614,17,nm3853116,producer,producer,[]
tt10110614,18,nm0903838,composer,composer,[]
tt10110614,19,nm5720713,cinematographer,,[]
tt10110614,20,nm6413335,editor,editor,[]
tt10110614,21,nm3242193,casting_director,,[]
tt10110614,22,nm5439393,production_designer,,[]
tt10110614,23,nm1487606,production_designer,,[]
tt10260844,1,nm4159350,actress,,"[""Anna""]"
tt10260844,2,nm5935017,actress,,"[""Mary""]"
tt10260844,3,nm2752910,actress,,"[""Katy""]"
tt10260844,4,nm5741284,actor,,"[""Sebastian""]"
tt10260844,5,nm6284036,actor,,"[""Matthew""]"
tt10260844,6,nm3130704,actress,,"[""Queen of Spades""]"
tt10260844,7,nm0440511,actor,,"[""Smirnov""]"
tt10260844,8,nm3565718,actress,,"[""Woman at Funeral""]"
tt10260844,9,nm7468874,actor,,"[""Dirty Teenager""]"
tt10260844,10,nm3908878,actor,,"[""Man at Pool""]"
tt10260844,11,nm1427978,director,,[]
tt10260844,12,nm1433435,writer,screenplay,[]
tt10260844,13,nm5276483,writer,original story,[]
tt10260844,14,nm1427978,writer,,[]
tt10260844,15,nm5286765,producer,producer,[]
tt10260844,16,nm3443587,cinematographer,,[]
tt10260844,17,nm2031400,editor,,[]
tt10260844,18,nm1078949,casting_director,,[]
tt10260844,19,nm0507347,casting_director,,[]
tt10260844,20,nm2375283,production_designer,,[]
tt10329842,1,nm5003252,actor,,"[""Andrey Rodin""]"
tt10329842,2,nm0556343,actor,,"[""Colonel Rodin""]"
tt10329842,3,nm1300303,actress,,"[""Masha""]"
tt10329842,4,nm9535187,actor,,"[""Young Andrey""]"
tt10329842,5,nm0492249,actor,,"[""Maksim Kataev""]"
tt10329842,6,nm3655466,actress,,"[""Marina Zotova""]"
tt10329842,7,nm10701693,actress,,"[""Helena Burger""]"
tt10329842,8,nm4801422,actor,,"[""Burger""]"
tt10329842,9,nm1201852,actor,,"[""Mark Polson""]"
tt10329842,10,nm5012845,actor,,"[""Adjutant""]"
tt10329842,11,nm2420471,director,,[]
tt10329842,12,nm2965766,writer,,[]
tt10329842,13,nm8948734,producer,producer,[]
tt10329842,14,nm2420471,producer,producer,[]
tt10329842,15,nm0122167,composer,,[]
tt10329842,16,nm2927976,composer,,[]
tt10329842,17,nm8485641,composer,,[]
tt10329842,18,nm4914979,cinematographer,,[]
tt10329842,19,nm10977100,editor,,[]
tt10329842,20,nm8601122,casting_director,casting director: Russia,[]
tt10329842,21,nm6013612,casting_director,casting director: Europe,[]
tt10329842,22,nm6093152,production_designer,,[]
tt1034303,1,nm0185819,actor,,"[""Tuvia Bielski""]"
tt1034303,2,nm0000630,actor,,"[""Zus Bielski""]"
tt1034303,3,nm0068260,actor,,"[""Asael Bielski""]"
tt1034303,4,nm1111968,actress,,"[""Lilka Ticktin""]"
tt1034303,5,nm0179680,actor,,"[""Shimon Haretz""]"
tt1034303,6,nm0275417,actor,,"[""Isaac Malbin""]"
tt1034303,7,nm0032962,actor,,"[""Ben Zion Gulkowitz""]"
tt1034303,8,nm0562003,actress,,"[""Tamara Skidelsky""]"
tt1034303,9,nm0265189,actress,,"[""Riva Reich""]"
tt1034303,10,nm0325221,actor,,"[""Yitzhak Shulman""]"
tt1034303,11,nm0001880,director,director,[]
tt1034303,12,nm0296243,writer,screenplay,[]
tt1034303,13,nm0001880,writer,screenplay,[]
tt1034303,14,nm2739958,writer,"book ""Defiance: the Bielski Partisans""",[]
tt1034303,15,nm0115764,producer,producer,[]
tt1034303,16,nm0001880,producer,producer,[]
tt1034303,17,nm0006133,composer,composer,[]
tt1034303,18,nm0785381,cinematographer,director of photography,[]
tt1034303,19,nm0742475,editor,,[]
tt1034303,20,nm0828412,casting_director,casting_director,[]
tt1034303,21,nm0859625,casting_director,casting_director,[]
tt1034303,22,nm0917942,production_designer,,[]
tt10370042,1,nm2782505,actress,,"[""Aria Wolf""]"
tt10370042,2,nm0665188,actor,,"[""Richard Wolf""]"
tt10370042,3,nm0579595,actor,,"[""Yaroslav""]"
tt10370042,4,nm1047812,actor,,"[""Anton""]"
tt10370042,5,nm5215694,actor,,"[""Nikolay""]"
tt10370042,6,nm6067806,actor,,"[""Sergey""]"
tt10370042,7,nm0697960,actress,,"[""Barbara Wolf""]"
tt10370042,8,nm10974534,actress,,"[""Young Zara""]"
tt10370042,9,nm9343856,actress,,"[""Young Aria""]"
tt10370042,10,nm6542246,actor,,"[""Russian #3""]"
tt10370042,11,nm1831639,director,director,[]
tt10370042,12,nm1831639,writer,writer,[]
tt10370042,13,nm4401759,writer,,[]
tt10370042,14,nm1037158,producer,producer,[]
tt10370042,15,nm1831639,producer,executive producer,[]
tt10370042,16,nm0894683,producer,producer,[]
tt10370042,17,nm2377978,producer,producer,[]
tt10370042,18,nm0386595,composer,,[]
tt10370042,19,nm0282268,cinematographer,,[]
tt10370042,20,nm2376956,editor,,[]
tt10370042,21,nm0552275,casting_director,,[]
tt10370042,22,nm0232979,production_designer,,[]
tt10399608,1,nm3351812,actress,,"[""Sara""]"
tt10399608,2,nm8865872,actor,,"[""Desconocido""]"
tt10399608,3,nm1197737,actress,,"[""Madre de Sara""]"
tt10399608,4,nm10140375,actress,,"[""Claudia""]"
tt10399608,5,nm7271615,actress,,"[""Roci""]"
tt10399608,6,nm10273610,actress,,"[""Maca""]"
tt10399608,7,nm0665052,actor,,"[""Pedro""]"
tt10399608,8,nm4480362,actor,,"[""Juancarlitos""]"
tt10399608,9,nm3274263,actor,,"[""Padre de Sara""]"
tt10399608,10,nm12802727,actor,,"[""Hermano de Sara""]"
tt10399608,11,nm2717602,director,,[]
tt10399608,12,nm2717602,writer,,[]
tt10399608,13,nm3649423,producer,producer,[]
tt10399608,14,nm8018162,composer,,[]
tt10399608,15,nm1147284,cinematographer,,[]
tt10399608,16,nm3210279,editor,,[]
tt10399608,17,nm3609960,casting_director,,[]
tt10399608,18,nm2801942,casting_director,,[]
tt10399608,19,nm0783907,production_designer,,[]
tt10676052,1,nm0050959,actor,,"[""Reed Richards""]"
tt10676052,2,nm0050959,actor,,"[""Mister Fantastic""]"
tt10676052,3,nm3948952,actress,,"[""Sue Storm""]"
tt10676052,4,nm3948952,actress,,"[""Invisible Woman""]"
tt10676052,5,nm0609114,actor,,"[""Ben Grimm""]"
tt10676052,6,nm0609114,actor,,"[""The Thing""]"
tt10676052,7,nm4806449,actor,,"[""Johnny Storm""]"
tt10676052,8,nm4806449,actor,,"[""Human Torch""]"
tt10676052,9,nm0408591,actor,,"[""Galactus""]"
tt10676052,10,nm3400186,actress,,"[""Shalla-Bal""]"
tt10676052,11,nm3400186,actress,,"[""Silver Surfer""]"
tt10676052,12,nm0005169,actress,,"[""Rachel Rozman""]"
tt10676052,13,nm3236159,actor,,"[""Harvey Elder""]"
tt10676052,14,nm3236159,actor,,"[""Mole Man""]"
tt10676052,15,nm1502425,actress,,"[""Lynne Nichols""]"
tt10676052,16,nm1502425,actress,,"[""F4 Chief of Staff""]"
tt10676052,17,nm0309693,actor,,"[""Ted Gilbert""]"
tt10676052,18,nm0787687,director,,[]
tt10676052,19,nm0295264,writer,screenplay by,[]
tt10676052,20,nm3069408,writer,screenplay by,[]
tt10676052,21,nm0438266,writer,screenplay by,[]
tt10676052,22,nm1677206,writer,screenplay by,[]
tt10676052,23,nm0270559,producer,producer,[]
tt10676052,24,nm0315974,composer,,[]
tt10676052,25,nm0355722,cinematographer,director of photography,[]
tt10676052,26,nm1928737,editor,,[]
tt10676052,27,nm1107594,editor,,[]
tt10676052,28,nm0278168,casting_director,casting_director,[]
tt10676052,29,nm1227484,production_designer,,[]
tt10713340,1,nm6316707,actress,,"[""Emma""]"
tt10713340,2,nm0424559,actor,,"[""Henry""]"
tt10713340,3,nm4000389,actor,,"[""The Voice""]"
tt10713340,4,nm4000389,actor,,"[""Nathan""]"
tt10713340,5,nm2728917,actor,,"[""Ryan Sullivan""]"
tt10713340,6,nm0447513,actor,,"[""Joe""]"
tt10713340,7,nm7192967,actor,,"[""Graham""]"
tt10713340,8,nm12475542,actress,,"[""Young Emma""]"
tt10713340,9,nm12475543,actor,,"[""Sean""]"
tt10713340,10,nm4090362,actor,,"[""Bobby""]"
tt10713340,11,nm3336072,actress,,"[""Jane""]"
tt10713340,12,nm4000389,director,,[]
tt10713340,13,nm3951039,director,,[]
tt10713340,14,nm6316707,writer,,[]
tt10713340,15,nm4000389,producer,producer,[]
tt10713340,16,nm3501111,producer,producer,[]
tt10713340,17,nm3951039,producer,producer,[]
tt10713340,18,nm9245009,composer,,[]
tt10713340,19,nm3501111,cinematographer,,[]
tt10713340,20,nm8075785,editor,,[]
tt10713340,21,nm4751834,editor,,[]
tt1078588,1,nm0000139,actress,,"[""Sara Fitzgerald""]"
tt1078588,2,nm1113550,actress,,"[""Anna Fitzgerald""]"
tt1078588,3,nm0000285,actor,,"[""Campbell Alexander""]"
tt1078588,4,nm1063878,actor,,"[""Pawn Shop Proprietor""]"
tt1078588,5,nm1100839,actress,,"[""Kate Fitzgerald""]"
tt1078588,6,nm0906339,actress,,"[""Aunt Kelly""]"
tt1078588,7,nm0000574,actor,,"[""Brian Fitzgerald""]"
tt1078588,8,nm1019751,actor,,"[""Jesse Fitzgerald""]"
tt1078588,9,nm0502351,actress,,"[""Gloria""]"
tt1078588,10,nm2984287,actor,,"[""Jesse age 3""]"
tt1078588,11,nm0001024,director,,[]
tt1078588,12,nm0505230,writer,screenplay,[]
tt1078588,13,nm0001024,writer,screenplay,[]
tt1078588,14,nm0682030,writer,novel,[]
tt1078588,15,nm0325903,producer,producer,[]
tt1078588,16,nm0425741,producer,producer,[]
tt1078588,17,nm1014034,producer,producer,[]
tt1078588,18,nm0956374,composer,,[]
tt1078588,19,nm0221042,cinematographer,director of photography,[]
tt1078588,20,nm0283477,editor,,[]
tt1078588,21,nm0374189,editor,,[]
tt1078588,22,nm0058089,casting_director,,[]
tt1078588,23,nm0338418,casting_director,,[]
tt1078588,24,nm0404509,production_designer,,[]
tt10928086,1,nm1595095,actress,,"[""Molly""]"
tt10928086,2,nm5397686,actor,,"[""Per""]"
tt10928086,3,nm0899476,actor,,"[""Kaj""]"
tt10928086,4,nm2429593,actor,,"[""Peter""]"
tt10928086,5,nm2412706,actor,,"[""Atif""]"
tt10928086,6,nm2488485,actress,,"[""Judith""]"
tt10928086,7,nm7509932,actor,,"[""Mover""]"
tt10928086,8,nm1957593,actor,,"[""Police""]"
tt10928086,9,nm0632165,actor,,"[""Florist""]"
tt10928086,10,nm1211132,actress,,"[""Police""]"
tt10928086,11,nm1327281,director,,[]
tt10928086,12,nm6515397,writer,,[]
tt10928086,13,nm3963098,writer,novel,[]
tt10928086,14,nm0027664,producer,producer,[]
tt10928086,15,nm4043627,composer,,[]
tt10928086,16,nm3141307,cinematographer,,[]
tt10928086,17,nm0027664,editor,,[]
tt10928086,18,nm2561303,editor,,[]
tt10928086,19,nm0879534,casting_director,,[]
tt10928086,20,nm2939226,production_designer,,[]
tt11107074,1,nm5693918,actor,,"[""Izuku Midoriya""]"
tt11107074,2,nm2462004,actor,,"[""Katsuki Bakugo""]"
tt11107074,3,nm1924628,actress,,"[""Katsuma""]"
tt11107074,4,nm3961240,actress,,"[""Mahoro""]"
tt11107074,5,nm2569233,actor,,"[""Shouto Todoroki""]"
tt11107074,6,nm5481013,actor,,"[""Tenya Iida""]"
tt11107074,7,nm4785118,actress,,"[""Ochaco Uraraka""]"
tt11107074,8,nm7645092,actor,,"[""Eijirou Kirishima""]"
tt11107074,9,nm2893431,actor,,"[""Fumikage Tokoyami""]"
tt11107074,10,nm1209923,actress,,"[""Minoru Mineta""]"
tt11107074,11,nm2568279,director,,[]
tt11107074,12,nm9484837,writer,creator,[]
tt11107074,13,nm0475853,writer,screenplay,[]
tt11107074,14,nm3619235,writer,screenplay assistance,[]
tt11107074,15,nm2890357,producer,producer,[]
tt11107074,16,nm5321876,producer,producer,[]
tt11107074,17,nm8142488,producer,producer,[]
tt11107074,18,nm2671904,producer,producer,[]
tt11107074,19,nm3349155,composer,composer,[]
tt11107074,20,nm3978779,cinematographer,,[]
tt11107074,21,nm2412082,editor,,[]
tt11225626,1,nm0424848,actress,,"[""Lucy""]"
tt11225626,2,nm4420495,actress,,"[""Jane""]"
tt11225626,3,nm1854664,actor,,"[""Danny""]"
tt11225626,4,nm4169922,actress,,"[""Brittany""]"
tt11225626,5,nm1094137,actress,,"[""Kat""]"
tt11225626,6,nm3288578,actor,,"[""Ben""]"
tt11225626,7,nm0005003,actor,,"[""Stu""]"
tt11225626,8,nm0449299,actress,,"[""Sheila""]"
tt11225626,9,nm5570560,actress,,"[""Sky""]"
tt11225626,10,nm3599323,actor,,"[""Server 1""]"
tt11225626,11,nm2782402,director,,[]
tt11225626,12,nm0449299,director,,[]
tt11225626,13,nm1729395,writer,written by,[]
tt11225626,14,nm2782402,producer,producer,[]
tt11225626,15,nm11089100,producer,producer,[]
tt11225626,16,nm1819990,producer,producer,[]
tt11225626,17,nm0270549,producer,producer,[]
tt11225626,18,nm0917208,composer,,[]
tt11225626,19,nm3077292,cinematographer,,[]
tt11225626,20,nm2312458,editor,,[]
tt11225626,21,nm0769012,editor,,[]
tt11225626,22,nm1799153,casting_director,,[]
tt11225626,23,nm5477810,casting_director,,[]
tt11225626,24,nm1321860,production_designer,,[]
tt11261532,1,nm4905066,actress,,"[""Liana Rojas""]"
tt11261532,2,nm3792864,actress,,"[""Hazel Miller""]"
tt11261532,3,nm4102879,actress,,"[""Ruth Calvert""]"
tt11261532,4,nm3517181,actor,,"[""Jack Bernard""]"
tt11261532,5,nm10559174,actress,,"[""Nadine Yang""]"
tt11261532,6,nm3898625,actor,,"[""Mark Sonnenberg""]"
tt11261532,7,nm8347434,actress,,"[""Carol Richards""]"
tt11261532,8,nm2403746,actor,,"[""Building Manager""]"
tt11261532,9,nm3849940,actress,,"[""New Tenant""]"
tt11261532,10,nm4569238,actress,,"[""Sophia Rojas""]"
tt11261532,11,nm2403746,director,,[]
tt11261532,12,nm2403746,writer,,[]
tt11261532,13,nm3953376,producer,producer,[]
tt11261532,14,nm2308745,producer,producer,[]
tt11261532,15,nm5767990,producer,producer,[]
tt11261532,16,nm3539140,producer,producer,[]
tt11261532,17,nm3598782,composer,,[]
tt11261532,18,nm3200433,cinematographer,,[]
tt11261532,19,nm3708199,editor,,[]
tt11261532,20,nm3622948,production_designer,,[]
tt1135095,1,nm0524197,actor,,"[""Terry Bernard""]"
tt1135095,2,nm0372176,actress,,"[""Elizabeth Clemson""]"
tt1135095,3,nm0004051,actor,,"[""Phillip Van Doren""]"
tt1135095,4,nm2356963,actress,,"[""Angela Bernard""]"
tt1135095,5,nm0365988,actor,,"[""Kevin Stanovich""]"
tt1135095,6,nm0931324,actor,,"[""Acherton""]"
tt1135095,7,nm1032567,actor,,"[""Bernard Cochius""]"
tt1135095,8,nm0268356,actor,,"[""Legethon""]"
tt1135095,9,nm0860947,actor,,"[""Doctor Lethe""]"
tt1135095,10,nm1316767,actor,,"[""The Surgeon""]"
tt1135095,11,nm0191147,director,,[]
tt1135095,12,nm1709264,writer,screenplay,[]
tt1135095,13,nm0000590,writer,"short story ""The Tell-Tale Heart""",[]
tt1135095,14,nm1545611,producer,producer,[]
tt1135095,15,nm0000631,producer,producer,[]
tt1135095,16,nm0001716,producer,producer,[]
tt1135095,17,nm2005915,producer,producer,[]
tt1135095,18,nm1384267,composer,,[]
tt1135095,19,nm0820987,cinematographer,director of photography,[]
tt1135095,20,nm0686879,editor,,[]
tt1135095,21,nm1093387,editor,,[]
tt1135095,22,nm0101273,casting_director,,[]
tt1135095,23,nm0592701,casting_director,,[]
tt1135095,24,nm0004162,production_designer,,[]
tt1135961,1,nm2827111,actor,,"[""Make""]"
tt1135961,2,nm2589555,actor,,"[""Eit""]"
tt1135961,3,nm2562810,actor,,"[""Mork""]"
tt1135961,4,nm1210703,actress,,"[""Sai""]"
tt1135961,5,nm2930931,actress,,"[""Mom""]"
tt1135961,6,nm7294907,actor,,"[""Dad""]"
tt1135961,7,nm2930298,actor,,"[""Boss 1""]"
tt1135961,8,nm1669761,actress,,"[""Boss' Wife""]"
tt1135961,9,nm0690422,actor,,"[""Boss 2""]"
tt1135961,10,nm7294908,actor,,"[""Young Make""]"
tt1135961,11,nm1547925,director,,[]
tt1135961,12,nm1547925,writer,screenplay,[]
tt1135961,13,nm1547925,producer,producer,[]
tt1135961,14,nm3425246,composer,composer,[]
tt1135961,15,nm1862104,cinematographer,director of photography,[]
tt1135961,16,nm1862104,editor,,[]
tt1135961,17,nm1547925,production_designer,,[]
tt11608126,1,nm9980032,actress,,"[""Anna""]"
tt11608126,2,nm10731413,actor,,"[""Nicholas""]"
tt11608126,3,nm10928176,actress,,"[""Young Anna""]"
tt11608126,4,nm2840457,actress,,"[""Chloe""]"
tt11608126,5,nm0217898,actress,,"[""The Witch""]"
tt11608126,6,nm7785899,actor,,"[""Martin""]"
tt11608126,7,nm8758994,actress,,"[""Mary""]"
tt11608126,8,nm8886691,actor,,"[""Dustin""]"
tt11608126,9,nm10708586,actress,,"[""Rosie""]"
tt11608126,10,nm10543719,actress,,"[""Irene""]"
tt11608126,11,nm9980032,director,,[]
tt11608126,12,nm9980032,writer,,[]
tt11608126,13,nm9980032,producer,producer,[]
tt11608126,14,nm4189485,producer,producer,[]
tt11608126,15,nm3716585,producer,producer,[]
tt11608126,16,nm8708538,composer,,[]
tt11608126,17,nm7847469,cinematographer,,[]
tt11608126,18,nm7847469,editor,,[]
tt11608126,19,nm5470854,casting_director,,[]
tt11610804,1,nm0000882,actress,,"[""Esther""]"
tt11610804,2,nm6891947,actress,,"[""Jade""]"
tt11610804,3,nm0033389,actress,,"[""Catherine""]"
tt11610804,4,nm0674816,actress,,"[""Andrée""]"
tt11610804,5,nm6574569,actress,,"[""Souad""]"
tt11610804,6,nm5575653,actor,,"[""Abdel, dit Abel""]"
tt11610804,7,nm8161355,actress,,"[""Gloria""]"
tt11610804,8,nm7747603,actor,,"[""Séphora""]"
tt11610804,9,nm2532542,actress,,"[""Mme Crémieux""]"
tt11610804,10,nm1560551,actress,,"[""Manoubia""]"
tt11610804,11,nm4502162,director,,[]
tt11610804,12,nm4502162,writer,written by,[]
tt11610804,13,nm0894173,writer,screenplay,[]
tt11610804,14,nm3650724,producer,producer,[]
tt11610804,15,nm0485968,composer,,[]
tt11610804,16,nm0496055,cinematographer,cinematographer,[]
tt11610804,17,nm0296339,editor,,[]
tt11610804,18,nm1308410,casting_director,,[]
tt11610804,19,nm0155136,production_designer,,[]
tt1161418,1,nm0029400,actor,,"[""Benjamin""]"
tt1161418,2,nm1318596,actor,,"[""Chevalier""]"
tt1161418,3,nm0925234,actor,,"[""Dusty""]"
tt1161418,4,nm1546187,actor,,"[""Don Carlos""]"
tt1161418,5,nm1113400,actress,,"[""Female Assistant""]"
tt1161418,6,nm2074421,actor,,"[""Obnoxious Fan""]"
tt1161418,7,nm5599463,actress,,"[""Lady Shopper""]"
tt1161418,8,nm2955501,actress,,"[""Nerdy Girl""]"
tt1161418,9,nm0177639,actress,,"[""Judith""]"
tt1161418,10,nm3516275,actor,,"[""Rod Decker""]"
tt1161418,11,nm0381478,director,,[]
tt1161418,12,nm0381478,writer,written by,[]
tt1161418,13,nm1415801,writer,written by,[]
tt1161418,14,nm0006830,producer,producer,[]
tt1161418,15,nm0925234,producer,producer,[]
tt1161418,16,nm0935060,composer,,[]
tt1161418,17,nm1416675,cinematographer,,[]
tt1161418,18,nm1575364,editor,,[]
tt1161418,19,nm0875950,casting_director,,[]
tt1161418,20,nm0942742,production_designer,,[]
tt1181791,1,nm1519666,actor,,"[""Osmund""]"
tt1181791,2,nm0000293,actor,,"[""Ulrich""]"
tt1181791,3,nm0396924,actress,,"[""Langiva""]"
tt1181791,4,nm2632878,actress,,"[""Averill""]"
tt1181791,5,nm0001487,actor,,"[""Wolfstan""]"
tt1181791,6,nm0570570,actor,,"[""Hob""]"
tt1181791,7,nm0638762,actor,,"[""Dalywag""]"
tt1181791,8,nm0001831,actor,,"[""Abbot""]"
tt1181791,9,nm0364890,actor,,"[""Mold""]"
tt1181791,10,nm2047170,actor,,"[""Swire""]"
tt1181791,11,nm1247462,director,,[]
tt1181791,12,nm0689785,writer,screenplay,[]
tt1181791,13,nm0077127,producer,producer,[]
tt1181791,14,nm0582797,producer,producer,[]
tt1181791,15,nm0706002,producer,producer,[]
tt1181791,16,nm0731990,producer,producer,[]
tt1181791,17,nm0378194,composer,,[]
tt1181791,18,nm0249661,cinematographer,director of photography,[]
tt1181791,19,nm1164744,editor,,[]
tt1181791,20,nm0512328,casting_director,,[]
tt1181791,21,nm0291314,production_designer,,[]
tt11866370,1,nm1326535,actor,,"[""Ravi""]"
tt11866370,2,nm1951127,actor,,"[""Saravanan""]"
tt11866370,3,nm5637317,actress,,"[""Jyothi""]"
tt11866370,4,nm1942975,actress,,"[""Eeshwari""]"
tt11866370,5,nm0900266,actor,,"[""Sigamani""]"
tt11866370,6,nm6489058,actor,,"[""Abhishek""]"
tt11866370,7,nm3164292,actor,,"[""Rajasekhar""]"
tt11866370,8,nm6574241,actress,,"[""Hema""]"
tt11866370,9,nm7945153,actor,,"[""Saamiyaadi""]"
tt11866370,10,nm6835491,actor,,"[""Kaali""]"
tt11866370,11,nm1326535,director,,[]
tt11866370,12,nm1326535,writer,,[]
tt11866370,13,nm5253704,writer,Hindi dialogue,[]
tt11866370,14,nm7017265,writer,dialogue,[]
tt11866370,15,nm4687352,composer,,[]
tt11866370,16,nm17870785,cinematographer,cinematographer,[]
tt11866370,17,nm3605018,cinematographer,,[]
tt11866370,18,nm9164562,editor,,[]
tt1194616,1,nm0000521,actress,,"[""Anne""]"
tt1194616,2,nm1817887,actress,,"[""Lola""]"
tt1194616,3,nm3261379,actor,,"[""Maël""]"
tt1194616,4,nm3261208,actress,,"[""Charlotte""]"
tt1194616,5,nm3239918,actress,,"[""Stéphane""]"
tt1194616,6,nm3260339,actor,,"[""Paul-Henri""]"
tt1194616,7,nm0594956,actor,,"[""Arthur""]"
tt1194616,8,nm3240001,actor,,"[""Mehdi""]"
tt1194616,9,nm3260947,actress,,"[""Provence""]"
tt1194616,10,nm3261209,actress,,"[""Isabelle de Peyrefitte""]"
tt1194616,11,nm0018132,director,,[]
tt1194616,12,nm0018132,writer,scenario & dialogue,[]
tt1194616,13,nm3610886,writer,scenario & dialogue,[]
tt1194616,14,nm0018132,producer,producer,[]
tt1194616,15,nm1021806,producer,producer,[]
tt1194616,16,nm2588785,composer,,[]
tt1194616,17,nm1642186,cinematographer,,[]
tt1194616,18,nm0171773,editor,,[]
tt1194616,19,nm1228655,casting_director,,[]
tt1194616,20,nm1304911,production_designer,,[]
tt1209361,1,nm0697785,actor,,"[""Dr. Hopkins""]"
tt1209361,2,nm0518715,actor,,"[""Detective Zane""]"
tt1209361,3,nm0490707,actor,,"[""Alexander Tatum""]"
tt1209361,4,nm0486068,actress,,"[""Sienna""]"
tt1209361,5,nm1580957,actor,,"[""Scott""]"
tt1209361,6,nm2384954,actress,,"[""Kristen""]"
tt1209361,7,nm0391980,actor,,"[""Jason""]"
tt1209361,8,nm2342578,actress,,"[""Shannon""]"
tt1209361,9,nm0859702,actor,,"[""Ben""]"
tt1209361,10,nm0123009,actor,,"[""Dr. Sanger""]"
tt1209361,11,nm0840412,director,,[]
tt1209361,12,nm2778003,writer,written by,[]
tt1209361,13,nm0490707,writer,written by,[]
tt1209361,14,nm1071670,writer,written by,[]
tt1209361,15,nm1071670,producer,producer,[]
tt1209361,16,nm2694758,composer,,[]
tt1209361,17,nm0235143,cinematographer,,[]
tt1209361,18,nm0911979,editor,,[]
tt1209361,19,nm0002599,casting_director,,[]
tt1209361,20,nm0941533,production_designer,,[]
tt12163074,1,nm4944824,actress,,"[""Lex""]"
tt12163074,2,nm7341728,actor,,"[""Chris""]"
tt12163074,3,nm4266732,actor,,"[""Sam""]"
tt12163074,4,nm8948296,actress,,"[""Bree""]"
tt12163074,5,nm0792156,actor,,"[""Detective""]"
tt12163074,6,nm3012085,actor,,"[""Mike""]"
tt12163074,7,nm7044125,actor,,"[""Henry""]"
tt12163074,8,nm6914133,actor,,"[""Ghost""]"
tt12163074,9,nm6914134,actor,,"[""Waterfall Guy""]"
tt12163074,10,nm0120284,actor,,"[""Helicopter Pilot""]"
tt12163074,11,nm2442244,director,director,[]
tt12163074,12,nm2442244,writer,written by,[]
tt12163074,13,nm3194241,producer,producer,[]
tt12163074,14,nm2442244,producer,producer,[]
tt12163074,15,nm3954703,producer,executive producer,[]
tt12163074,16,nm8449714,producer,producer,[]
tt12163074,17,nm7959991,composer,composer,[]
tt12163074,18,nm4103488,cinematographer,director of photography,[]
tt12163074,19,nm5381703,editor,,[]
tt1239446,1,nm0381833,actress,,"[""Emma Blank""]"
tt1239446,2,nm0078517,actor,,"[""Haneveld""]"
tt1239446,3,nm0539482,actress,,"[""Bella""]"
tt1239446,4,nm1235052,actress,,"[""Gonnie""]"
tt1239446,5,nm0618574,actor,,"[""Meier""]"
tt1239446,6,nm0912334,actor,,"[""Theo""]"
tt1239446,7,nm3092471,actor,,"[""Martin""]"
tt1239446,8,nm0912334,director,,[]
tt1239446,9,nm0912334,writer,writer,[]
tt1239446,10,nm0912337,producer,producer,[]
tt1239446,11,nm0912334,composer,,[]
tt1239446,12,nm0259445,cinematographer,director of photography,[]
tt1239446,13,nm0003102,editor,,[]
tt1239446,14,nm2190814,casting_director,,[]
tt1239446,15,nm0969228,casting_director,,[]
tt1239446,16,nm0539482,casting_director,,[]
tt12585076,1,nm0819850,actor,,"[""Walt""]"
tt12585076,2,nm0103785,actor,,"[""Leon Kovi""]"
tt12585076,3,nm0940974,actor,,"[""Gary""]"
tt12585076,4,nm4731139,actress,,"[""Marie""]"
tt12585076,5,nm4965072,actor,,"[""Dalton""]"
tt12585076,6,nm9109723,actress,,"[""Girl #1""]"
tt12585076,7,nm3813298,actress,,"[""Girl #2""]"
tt12585076,8,nm7093076,actress,,"[""Sophie""]"
tt12585076,9,nm2864252,actor,,"[""Calvin""]"
tt12585076,10,nm7738736,actor,,"[""Brandon""]"
tt12585076,11,nm6826585,director,director,[]
tt12585076,12,nm5004245,writer,written by,[]
tt12585076,13,nm0075528,producer,producer,[]
tt12585076,14,nm2221759,producer,producer,[]
tt12585076,15,nm4905103,producer,producer,[]
tt12585076,16,nm1150863,producer,producer,[]
tt12585076,17,nm6971718,composer,composer,[]
tt12585076,18,nm3282988,cinematographer,director of photography,[]
tt12585076,19,nm0423158,editor,editor,[]
tt12585076,20,nm0756100,casting_director,,[]
tt12585076,21,nm2369774,production_designer,,[]
tt1274596,1,nm1896588,actor,,"[""Chief Keenan""]"
tt1274596,2,nm1843550,actor,,"[""Officer Cutter""]"
tt1274596,3,nm2575361,actor,,"[""Exec. Officer Roitman""]"
tt1274596,4,nm0745033,actor,,"[""Captain Culpepper""]"
tt1274596,5,nm1193100,actor,,"[""Grey""]"
tt1274596,6,nm2804580,actor,,"[""Muley""]"
tt1274596,7,nm3096722,actor,,"[""Bartimeo""]"
tt1274596,8,nm3097137,actor,,"[""Betts""]"
tt1274596,9,nm0908436,actor,,"[""Lewis""]"
tt1274596,10,nm2618590,actor,,"[""Kashavsky""]"
tt1274596,11,nm3112143,director,,[]
tt1274596,12,nm3097327,writer,written by,[]
tt1274596,13,nm3096693,producer,producer,[]
tt1274596,14,nm3177066,producer,executive producer,[]
tt1274596,15,nm3112143,producer,executive producer,[]
tt1274596,16,nm3097960,cinematographer,,[]
tt1274596,17,nm3097612,editor,,[]
tt12763920,1,nm1058565,actor,,"[""Kim In-nam""]"
tt12763920,2,nm0497631,actor,,"[""Ray""]"
tt12763920,3,nm3683989,actor,,"[""Yui""]"
tt12763920,4,nm10543177,actress,,"[""Hotel reception""]"
tt12763920,5,nm9482213,actor,,"[""Seoul detective""]"
tt12763920,6,nm4561627,actress,,"[""Youngjoo""]"
tt12763920,7,nm0354653,actor,,"[""Sensei""]"
tt12763920,8,nm6145761,actor,,"[""Bank Clerk""]"
tt12763920,9,nm12498583,actor,,"[""Chun-sung's agent #2""]"
tt12763920,10,nm11713137,actor,,"[""Sensei's Subordinate""]"
tt12763920,11,nm2974384,director,,[]
tt12763920,12,nm11003557,producer,producer,[]
tt12763920,13,nm3028820,composer,,[]
tt12763920,14,nm0393240,cinematographer,,[]
tt12763920,15,nm2600737,editor,,[]
tt12763920,16,nm1385635,production_designer,,[]
tt12857614,1,nm12509106,actor,,"[""Pakodi #2""]"
tt12857614,2,nm12509100,actress,,"[""Female Colleague""]"
tt12857614,3,nm12509119,actor,,"[""Chavadi Manager""]"
tt12857614,4,nm12509112,actress,,"[""Primary School Girl #1""]"
tt12857614,5,nm12509098,actor,,"[""Male Colleague #2""]"
tt12857614,6,nm8065721,actor,,"[""Restaurant Extra #1""]"
tt12857614,7,nm12509101,actor,,"[""Fighting Couple - Boyfriend""]"
tt12857614,8,nm11799963,actor,,"[""KC""]"
tt12857614,9,nm12509116,actress,,"[""Doctor Assistant""]"
tt12857614,10,nm12509114,actor,,"[""Primary School Boy""]"
tt12857614,11,nm11799960,director,,[]
tt12857614,12,nm11799960,writer,,[]
tt12857614,13,nm11799960,producer,producer,[]
tt12857614,14,nm11782362,composer,,[]
tt12857614,15,nm7903936,cinematographer,,[]
tt12857614,16,nm6948098,cinematographer,,[]
tt12857614,17,nm11799965,editor,,[]
tt12857614,18,nm3919263,editor,,[]
tt12875782,1,nm0345000,actress,,"[""Wendy""]"
tt12875782,2,nm1177228,actor,,"[""Elmar""]"
tt12875782,3,nm0617852,actor,,"[""Marek""]"
tt12875782,4,nm0475365,actress,,"[""Dr. Stern""]"
tt12875782,5,nm3255186,actor,,"[""Lars""]"
tt12875782,6,nm9493337,actor,,"[""Karl""]"
tt12875782,7,nm3872143,actress,,"[""Angela""]"
tt12875782,8,nm0378929,actor,,"[""Gerhart""]"
tt12875782,9,nm1869349,actress,,"[""Chantal""]"
tt12875782,10,nm0191333,actress,,"[""Wendys Mutter""]"
tt12875782,11,nm0082776,director,,[]
tt12875782,12,nm4657617,writer,,[]
tt12875782,13,nm1619929,producer,producer,[]
tt12875782,14,nm0773805,producer,producer,[]
tt12875782,15,nm2104637,cinematographer,,[]
tt12875782,16,nm1182024,editor,,[]
tt12875782,17,nm0486130,production_designer,,[]
tt13043436,1,nm1052596,actor,,"[""Tahsin""]"
tt13043436,2,nm1193571,actor,,"[""Shaikh Gafar""]"
tt13043436,3,nm13376619,actor,,[]
tt13043436,4,nm10990268,actress,,"[""Danseuse du cabaret""]"
tt13043436,5,nm0345798,actor,,"[""Shahawi""]"
tt13043436,6,nm3694749,actor,,"[""Mailman""]"
tt13043436,7,nm13901514,actor,,[]
tt13043436,8,nm13323464,actor,,"[""Hossam""]"
tt13043436,9,nm13722313,actor,,[]
tt13043436,10,nm13445593,actor,,[]
tt13043436,11,nm0032714,director,director,[]
tt13043436,12,nm0032714,writer,story,[]
tt13043436,13,nm10751817,writer,written by,[]
tt13043436,14,nm12438631,producer,producer,[]
tt13043436,15,nm1718060,producer,producer,[]
tt13043436,16,nm1560956,cinematographer,,[]
tt13043436,17,nm12350612,editor,,[]
tt13043436,18,nm1989400,production_designer,production_designer,[]
tt1322930,1,nm0402116,actor,,"[""Alper""]"
tt1322930,2,nm2115236,actress,,"[""Ada""]"
tt1322930,3,nm1876440,actress,,"[""Müzeyyen""]"
tt1322930,4,nm2353863,actress,,"[""Yasemin""]"
tt1322930,5,nm3193559,actor,,"[""Senol""]"
tt1322930,6,nm1727456,actress,,"[""Sinem""]"
tt1322930,7,nm1078045,actress,,"[""Müsteri""]"
tt1322930,8,nm3192975,actress,,"[""Escort""]"
tt1322930,9,nm1702283,actor,,"[""Kitapçi""]"
tt1322930,10,nm0275736,actress,,"[""Seyma""]"
tt1322930,11,nm1463981,director,director,[]
tt1322930,12,nm1463981,writer,writer,[]
tt1322930,13,nm2138633,producer,producer,[]
tt1322930,14,nm0644858,producer,producer,[]
tt1322930,15,nm2265077,composer,,[]
tt1322930,16,nm1700114,composer,,[]
tt1322930,17,nm2433603,composer,,[]
tt1322930,18,nm1011851,composer,,[]
tt1322930,19,nm1780337,cinematographer,,[]
tt1329454,1,nm0002776,actor,,"[""Francis Costello""]"
tt1329454,2,nm0938893,actor,,"[""Kwai""]"
tt1329454,3,nm0945189,actor,,"[""George Fung""]"
tt1329454,4,nm0482695,actor,,"[""Fat Lok""]"
tt1329454,5,nm0482628,actor,,"[""Chu""]"
tt1329454,6,nm0856500,actress,,"[""Irene Costello""]"
tt1329454,7,nm0939059,actor,,"[""Python""]"
tt1329454,8,nm0156567,actor,,"[""Wolf""]"
tt1329454,9,nm0628727,actor,,"[""Crow""]"
tt1329454,10,nm0803308,actress,,"[""Madam Wong""]"
tt1329454,11,nm0864775,director,,[]
tt1329454,12,nm0906413,writer,screenplay,[]
tt1329454,13,nm0159052,producer,producer,[]
tt1329454,14,nm2900221,producer,producer,[]
tt1329454,15,nm0702466,producer,producer,[]
tt1329454,16,nm0702467,producer,producer,[]
tt1329454,17,nm0492396,composer,composer,[]
tt1329454,18,nm0155624,cinematographer,director of photography,[]
tt1329454,19,nm0724495,editor,editor,[]
tt13316790,1,nm2316016,actress,,"[""Lisa""]"
tt13316790,2,nm0356515,actor,,"[""Daniel""]"
tt13316790,3,nm2378976,actor,,"[""Anders""]"
tt13316790,4,nm0944192,actress,,"[""Klara""]"
tt13316790,5,nm12433556,actor,,"[""Elvira""]"
tt13316790,6,nm0489162,actress,,"[""Irma""]"
tt13316790,7,nm0029264,actor,,"[""Taxichaufför""]"
tt13316790,8,nm0921031,actor,,"[""Jens""]"
tt13316790,9,nm0677471,actor,,"[""Björn""]"
tt13316790,10,nm0675478,actor,,"[""Cesar""]"
tt13316790,11,nm0459732,director,director,[]
tt13316790,12,nm2536305,writer,,[]
tt13316790,13,nm0286782,producer,producer,[]
tt13316790,14,nm12679853,producer,producer,[]
tt13316790,15,nm0638485,producer,producer,[]
tt13316790,16,nm6775392,composer,,[]
tt13316790,17,nm0675569,cinematographer,cinematographer,[]
tt13316790,18,nm0511859,editor,,[]
tt13316790,19,nm0074092,casting_director,,[]
tt13316790,20,nm13094937,casting_director,casting_director,[]
tt13316790,21,nm0937186,production_designer,,[]
tt1336608,1,nm2584600,actress,,"[""Sherrie Christian""]"
tt1336608,2,nm1546300,actor,,"[""Drew Boley""]"
tt1336608,3,nm0000129,actor,,"[""Stacee Jaxx""]"
tt1336608,4,nm0000285,actor,,"[""Dennis Dupree""]"
tt1336608,5,nm5088247,actress,,"[""Little Girl on Bus""]"
tt1336608,6,nm1200153,actor,,"[""Random Guy""]"
tt1336608,7,nm1258970,actor,,"[""Lonny""]"
tt1336608,8,nm2948426,actress,,"[""Beth""]"
tt1336608,9,nm5088183,actor,,"[""Crook""]"
tt1336608,10,nm2969954,actor,,"[""Rocker Thief""]"
tt1336608,11,nm0788202,director,,[]
tt1336608,12,nm0857620,writer,screenplay by,[]
tt1336608,13,nm0195476,writer,screenplay by,[]
tt1336608,14,nm1615610,writer,screenplay by,[]
tt1336608,15,nm0316774,producer,producer,[]
tt1336608,16,nm0335400,producer,producer,[]
tt1336608,17,nm1843554,producer,producer,[]
tt1336608,18,nm0001497,producer,producer,[]
tt1336608,19,nm2946490,composer,composer,[]
tt1336608,20,nm3469492,composer,composer,[]
tt1336608,21,nm0005648,cinematographer,director of photography,[]
tt1336608,22,nm0382781,editor,,[]
tt1336608,23,nm0079056,casting_director,,[]
tt1336608,24,nm0414981,casting_director,,[]
tt1336608,25,nm0946134,casting_director,,[]
tt1336608,26,nm0404509,production_designer,,[]
tt1341188,1,nm0000702,actress,,"[""Lisa""]"
tt1341188,2,nm0748620,actor,,"[""George""]"
tt1341188,3,nm0005562,actor,,"[""Matty""]"
tt1341188,4,nm0000197,actor,,"[""Charles""]"
tt1341188,5,nm1063517,actress,,"[""Annie""]"
tt1341188,6,nm0513021,actor,,"[""Ron""]"
tt1341188,7,nm0893120,actor,,"[""Al""]"
tt1341188,8,nm0697062,actress,,"[""Coach Sally""]"
tt1341188,9,nm0572261,actor,,"[""George's Lawyer""]"
tt1341188,10,nm0174909,actress,,"[""Terry""]"
tt1341188,11,nm0000985,director,,[]
tt1341188,12,nm0000985,writer,written by,[]
tt1341188,13,nm0030572,producer,producer,[]
tt1341188,14,nm0000985,producer,producer,[]
tt1341188,15,nm0548257,producer,producer,[]
tt1341188,16,nm0918463,producer,producer,[]
tt1341188,17,nm0001877,composer,,[]
tt1341188,18,nm0001405,cinematographer,director of photography,[]
tt1341188,19,nm0548943,editor,,[]
tt1341188,20,nm0905603,editor,,[]
tt1341188,21,nm0537892,casting_director,,[]
tt1341188,22,nm0649223,production_designer,,[]
tt1341338,1,nm0005377,actor,,"[""The Man from the Future""]"
tt1341338,2,nm1017334,actress,,"[""Susan""]"
tt1341338,3,nm4726634,actress,,"[""Ingrid""]"
tt1341338,4,nm0671567,actor,,"[""Mark""]"
tt1341338,5,nm5939164,actress,,"[""Janet""]"
tt1341338,6,nm5219130,actor,,"[""Scott""]"
tt1341338,7,nm6796942,actor,,"[""Tim""]"
tt1341338,8,nm0657794,actress,,"[""Marie""]"
tt1341338,9,nm5307128,actor,,"[""Bob""]"
tt1341338,10,nm14330474,actor,,"[""The AI Boy""]"
tt1341338,11,nm0893659,director,,[]
tt1341338,12,nm2816668,writer,written by,[]
tt1341338,13,nm0150522,producer,producer,[]
tt1341338,14,nm0474709,producer,producer,[]
tt1341338,15,nm0643555,producer,producer,[]
tt1341338,16,nm0831098,producer,producer,[]
tt1341338,17,nm0952944,composer,,[]
tt1341338,18,nm0924275,cinematographer,,[]
tt1341338,19,nm0939623,editor,,[]
tt1341338,20,nm4821724,casting_director,,[]
tt1341338,21,nm0150522,casting_director,,[]
tt1341338,22,nm3659351,casting_director,,[]
tt1341338,23,nm0700497,casting_director,,[]
tt1341338,24,nm0109774,production_designer,,[]
tt13515090,1,nm1469236,actress,,"[""Joy""]"
tt13515090,2,nm12878952,actor,,"[""Mully""]"
tt13515090,3,nm0641859,actor,,"[""James""]"
tt13515090,4,nm7549669,actress,,"[""Rita""]"
tt13515090,5,nm14146234,actor,,"[""Young Mully""]"
tt13515090,6,nm2461009,actor,,"[""Pub Landlord""]"
tt13515090,7,nm0288260,actress,,"[""Sideline Sue""]"
tt13515090,8,nm14185299,actor,,"[""Taxi Driver""]"
tt13515090,9,nm14185300,actor,,"[""Baby Robin""]"
tt13515090,10,nm14185301,actor,,"[""Baby Robin""]"
tt13515090,11,nm0721707,director,,[]
tt13515090,12,nm5222015,writer,,[]
tt13515090,13,nm0528485,producer,producer,[]
tt13515090,14,nm1427345,producer,producer,[]
tt13515090,15,nm1037342,composer,,[]
tt13515090,16,nm1140492,cinematographer,,[]
tt13515090,17,nm0186521,editor,,[]
tt13515090,18,nm0334436,casting_director,,[]
tt13515090,19,nm5835994,production_designer,,[]
tt13801462,1,nm8013741,actor,,"[""Mohandas Karamchand Gandhi""]"
tt13801462,2,nm14870845,actor,,"[""Kalua""]"
tt13801462,3,nm2346665,actor,,"[""Nathuram Godse""]"
tt13801462,4,nm12228947,actress,,"[""Sushma""]"
tt13801462,5,nm10604736,actor,,"[""Naren""]"
tt13801462,6,nm1428293,actor,,"[""Jawarharlal Nehru""]"
tt13801462,7,nm4972308,actor,,"[""Manjit sahni""]"
tt13801462,8,nm8620566,actor,,"[""Jailor Amod Rai""]"
tt13801462,9,nm4190866,actor,,"[""Ramua Villager""]"
tt13801462,10,nm0952232,actor,,"[""Acharya Kriplani""]"
tt13801462,11,nm0764316,director,,[]
tt13801462,12,nm0764316,writer,dialogue,[]
tt13801462,13,nm5208525,writer,dialogue,[]
tt13801462,14,nm12214041,producer,producer,[]
tt13801462,15,nm0006246,composer,,[]
tt13801462,16,nm2831763,cinematographer,,[]
tt13801462,17,nm17998404,cinematographer,director of photography,[]
tt13801462,18,nm0695252,editor,,[]
tt13801462,19,nm13442217,editor,,[]
tt13801462,20,nm7414848,casting_director,casting_director,[]
tt13801462,21,nm4549664,production_designer,,[]
tt13866142,1,nm10987680,actor,,"[""Yoon Sang Yi""]"
tt13866142,2,nm12154661,actress,,[]
tt13866142,3,nm7745725,actor,,"[""Choi Min Seong""]"
tt13866142,4,nm5845865,actor,,"[""Kang In Soo""]"
tt13866142,5,nm11824788,actress,,"[""Lee Yoo Jin""]"
tt13866142,6,nm12154662,actress,,[]
tt13866142,7,nm6296990,director,,[]
tt1386703,1,nm0268199,actor,,"[""Douglas Quaid""]"
tt1386703,2,nm0268199,actor,,"[""Hauser""]"
tt1386703,3,nm0940158,actor,,"[""Harry""]"
tt1386703,4,nm0186505,actor,,"[""Cohaagen""]"
tt1386703,5,nm0000295,actress,,"[""Lori Quaid""]"
tt1386703,6,nm0004754,actress,,"[""Melina""]"
tt1386703,7,nm0631490,actor,,"[""Matthias""]"
tt1386703,8,nm0158626,actor,,"[""McClane""]"
tt1386703,9,nm0498449,actor,,"[""Marek""]"
tt1386703,10,nm0055712,actor,,"[""Resistance Fighter""]"
tt1386703,11,nm0569651,actor,,"[""Military Adjutant""]"
tt1386703,12,nm0936482,director,,[]
tt1386703,13,nm0934483,writer,screenplay by,[]
tt1386703,14,nm0093560,writer,screenplay by,[]
tt1386703,15,nm0795953,writer,screen story by,[]
tt1386703,16,nm0639321,writer,screen story by,[]
tt1386703,17,nm0003993,producer,producer,[]
tt1386703,18,nm0605775,producer,producer,[]
tt1386703,19,nm0004581,composer,,[]
tt1386703,20,nm0131700,cinematographer,director of photography,[]
tt1386703,21,nm0905833,editor,,[]
tt1386703,22,nm0952918,casting_director,,[]
tt1386703,23,nm0851281,production_designer,,[]
tt13918550,1,nm0164809,actor,,"[""Hatchet""]"
tt13918550,2,nm1157358,actress,,"[""Abigail 'Abby' Trent""]"
tt13918550,3,nm2541974,actor,,"[""Raymond Miller""]"
tt13918550,4,nm3354963,actress,,"[""Tessa Harijan""]"
tt13918550,5,nm6082176,actor,,"[""Uri Wasserman""]"
tt13918550,6,nm2417960,actor,,"[""Rashid Nassar""]"
tt13918550,7,nm5937328,actor,,"[""Captain David Palau""]"
tt13918550,8,nm2943468,actor,,"[""Chaplain Harris""]"
tt13918550,9,nm2642892,actor,,"[""Darren Wesley""]"
tt13918550,10,nm2089884,actor,,"[""Landon Briggs""]"
tt13918550,11,nm4477065,director,,[]
tt13918550,12,nm3567337,writer,written by,[]
tt13918550,13,nm0171722,writer,additional writing by,[]
tt13918550,14,nm0164809,producer,producer,[]
tt13918550,15,nm0271474,producer,producer,[]
tt13918550,16,nm0300166,producer,producer,[]
tt13918550,17,nm0412588,producer,producer,[]
tt13918550,18,nm2747682,composer,,[]
tt13918550,19,nm2641744,composer,,[]
tt13918550,20,nm0005791,cinematographer,cinematographer,[]
tt13918550,21,nm1294189,casting_director,,[]
tt13918550,22,nm1190757,production_designer,,[]
tt13989030,1,nm1404824,actress,,"[""Isabella 'Izzy'""]"
tt13989030,2,nm4565815,actor,,"[""Prince Thomas""]"
tt13989030,3,nm13321105,actress,,"[""Mrs. Cortez""]"
tt13989030,4,nm13321106,actress,,"[""Rochelle""]"
tt13989030,5,nm11379138,actor,,"[""August""]"
tt13989030,6,nm13321107,actor,,"[""Cesar""]"
tt13989030,7,nm1197230,actor,,"[""Nate""]"
tt13989030,8,nm13063807,actress,,"[""Mrs. Johnson""]"
tt13989030,9,nm1751245,actress,,"[""Valentina""]"
tt13989030,10,nm2642787,actress,,"[""Destiny""]"
tt13989030,11,nm0414910,director,director,[]
tt13989030,12,nm0381675,writer,written by,[]
tt13989030,13,nm1102932,producer,producer,[]
tt13989030,14,nm1404824,producer,producer,[]
tt13989030,15,nm1404825,producer,producer,[]
tt13989030,16,nm0807685,producer,producer,[]
tt13989030,17,nm0334138,composer,composer,[]
tt13989030,18,nm0147149,cinematographer,director of photography,[]
tt13989030,19,nm3435605,editor,editor,[]
tt13989030,20,nm1161493,casting_director,casting_director,[]
tt13989030,21,nm0829012,production_designer,,[]
tt1414378,1,nm0935653,actor,,"[""Arjan van Diemen""]"
tt1414378,2,nm4482049,actor,,"[""Brooke""]"
tt1414378,3,nm2210329,actor,,"[""Maj. Pritchard Carlysle""]"
tt1414378,4,nm2680937,actor,,"[""Saunders""]"
tt1414378,5,nm0425168,actor,,"[""Customs Official""]"
tt1414378,6,nm4506004,actor,,"[""Lamplighter""]"
tt1414378,7,nm3429840,actress,,"[""Lucy""]"
tt1414378,8,nm0607325,actor,,"[""Kereama""]"
tt1414378,9,nm1398610,actor,,"[""Levin""]"
tt1414378,10,nm1319947,actor,,"[""Drake""]"
tt1414378,11,nm0789054,director,,[]
tt1414378,12,nm1270715,writer,written by,[]
tt1414378,13,nm1653635,producer,producer,[]
tt1414378,14,nm0371675,producer,producer,[]
tt1414378,15,nm1653635,composer,,[]
tt1414378,16,nm0365623,cinematographer,,[]
tt1414378,17,nm0059247,editor,,[]
tt1414378,18,nm0877879,casting_director,casting_director,[]
tt1414378,19,nm0463056,production_designer,,[]
tt1418712,1,nm2397300,actress,,"[""Lena""]"
tt1418712,2,nm0185404,actor,,"[""Wallace""]"
tt1418712,3,nm0130736,actor,,"[""Macavoy""]"
tt1418712,4,nm1736914,actor,,"[""Hall""]"
tt1418712,5,nm0531722,actor,,"[""Abbot""]"
tt1418712,6,nm2339680,actor,,"[""Carlisle""]"
tt1418712,7,nm0580679,actor,,"[""SS Brigadeführer Götz""]"
tt1418712,8,nm0905554,actor,,"[""Francis Hunt""]"
tt1418712,9,nm0126250,actor,,"[""Armand Rauch""]"
tt1418712,10,nm0126250,actor,,"[""SS Gruppenführer Neurath""]"
tt1418712,11,nm0751085,actor,,"[""Marius""]"
tt1418712,12,nm1530422,director,,[]
tt1418712,13,nm1530422,writer,,[]
tt1418712,14,nm2361978,writer,,[]
tt1418712,15,nm0656091,producer,producer,[]
tt1418712,16,nm0662404,producer,producer,[]
tt1418712,17,nm1640468,composer,,[]
tt1418712,18,nm1138368,cinematographer,,[]
tt1418712,19,nm2086398,editor,,[]
tt1418712,20,nm0318639,editor,,[]
tt1418712,21,nm0686673,casting_director,,[]
tt1418712,22,nm1786125,production_designer,,[]
tt1424310,1,nm0000329,actor,,"[""Jackie""]"
tt1424310,2,nm0000329,actor,,"[""Asian Hawk""]"
tt1424310,3,nm0795517,actress,,"[""David's Wife""]"
tt1424310,4,nm4080670,actress,,"[""Coco""]"
tt1424310,5,nm1085861,actor,,"[""Simon""]"
tt1424310,6,nm0001624,actor,,"[""Lawrence Morgan""]"
tt1424310,7,nm0943079,actor,,"[""Hospital Doctor""]"
tt1424310,8,nm4089208,actor,,"[""Michael's Bodyguard""]"
tt1424310,9,nm2349733,actor,,"[""Vulture""]"
tt1424310,10,nm0422638,actor,,"[""Narrator""]"
tt1424310,11,nm4341859,actress,,"[""Katie""]"
tt1424310,12,nm0000329,director,,[]
tt1424310,13,nm0150894,writer,,[]
tt1424310,14,nm0000329,writer,,[]
tt1424310,15,nm8281888,writer,,[]
tt1424310,16,nm0849282,writer,,[]
tt1424310,17,nm0000329,producer,executive producer,[]
tt1424310,18,nm1707265,producer,producer,[]
tt1424310,19,nm0719096,producer,producer,[]
tt1424310,20,nm0876602,producer,producer,[]
tt1424310,21,nm0153760,composer,composer,[]
tt1424310,22,nm0910996,composer,,[]
tt1424310,23,nm0000329,cinematographer,,[]
tt1424310,24,nm1566893,cinematographer,director of photography,[]
tt1424310,25,nm0636603,cinematographer,director of photography,[]
tt1424310,26,nm0399069,cinematographer,director of photography,[]
tt1424310,27,nm0946872,editor,,[]
tt1430110,1,nm0040939,actor,,"[""Stanislas Graff""]"
tt1430110,2,nm0175931,actress,,"[""Françoise Graff""]"
tt1430110,3,nm0545838,actor,,"[""André Peyrac""]"
tt1430110,4,nm0264554,actress,,"[""Marjorie""]"
tt1430110,5,nm0220976,actor,,"[""Maître Walser""]"
tt1430110,6,nm0903964,actor,,"[""Le commissaire Paoli""]"
tt1430110,7,nm0583681,actor,,"[""Le Marseillais""]"
tt1430110,8,nm1101898,actor,,"[""Bertaux""]"
tt1430110,9,nm0468048,actor,,"[""Jean-Jacques Garnier""]"
tt1430110,10,nm3693111,actress,,"[""Véronique Graff""]"
tt1430110,11,nm0069711,director,,[]
tt1430110,12,nm0069711,writer,written by,[]
tt1430110,13,nm0215550,composer,,[]
tt1430110,14,nm0590471,cinematographer,,[]
tt1430110,15,nm0029375,editor,,[]
tt1430110,16,nm0225768,casting_director,,[]
tt1430110,17,nm0596112,casting_director,,[]
tt1430110,18,nm0069710,production_designer,,[]
tt1438173,1,nm1882152,actor,,"[""Josh""]"
tt1438173,2,nm1801800,actress,,"[""Tina""]"
tt1438173,3,nm0659373,actor,,"[""Jessup""]"
tt1438173,4,nm1167123,actor,,"[""Steven""]"
tt1438173,5,nm3887625,actor,,"[""Ryan""]"
tt1438173,6,nm2100081,actress,,"[""Jaime""]"
tt1438173,7,nm0755308,actor,,"[""Todd""]"
tt1438173,8,nm2436145,actress,,"[""Naomi""]"
tt1438173,9,nm2089884,actor,,"[""Kyle""]"
tt1438173,10,nm0960946,actor,,"[""Colins""]"
tt1438173,11,nm0719320,director,,[]
tt1438173,12,nm0611683,writer,written by,[]
tt1438173,13,nm2560081,writer,written by,[]
tt1438173,14,nm0003300,writer,additional writing by,[]
tt1438173,15,nm0542493,writer,additional writing by,[]
tt1438173,16,nm2988626,producer,producer,[]
tt1438173,17,nm0271474,producer,producer,[]
tt1438173,18,nm0357861,producer,producer,[]
tt1438173,19,nm3247344,producer,producer,[]
tt1438173,20,nm0628779,composer,,[]
tt1438173,21,nm2004109,composer,,[]
tt1438173,22,nm0256343,cinematographer,director of photography,[]
tt1438173,23,nm1409857,editor,,[]
tt1438173,24,nm1050136,casting_director,,[]
tt1438173,25,nm1294189,casting_director,,[]
tt1438173,26,nm0564760,production_designer,,[]
tt14463484,1,nm12494183,actress,,"[""Raquel""]"
tt14463484,2,nm10207998,actor,,"[""Ares Hidalgo""]"
tt14463484,3,nm9616694,actor,,"[""Yoshi""]"
tt14463484,4,nm12494184,actress,,"[""Daniela""]"
tt14463484,5,nm3182969,actor,,"[""Apolo Hidalgo""]"
tt14463484,6,nm8774122,actor,,"[""Artemis Hidalgo""]"
tt14463484,7,nm0145673,actress,,"[""Tere""]"
tt14463484,8,nm0284272,actor,,"[""Juan Hidalgo""]"
tt14463484,9,nm1968069,actress,,"[""Sofía Hidalgo""]"
tt14463484,10,nm12728423,actress,,"[""Claudia""]"
tt14463484,11,nm2253409,director,,[]
tt14463484,12,nm12494185,writer,based on the book by,[]
tt14463484,13,nm4485092,writer,,[]
tt14463484,14,nm2541742,producer,producer,[]
tt14463484,15,nm3641120,producer,producer,[]
tt14463484,16,nm6468859,composer,composer,[]
tt14463484,17,nm5190413,cinematographer,,[]
tt14463484,18,nm2074951,editor,,[]
tt14463484,19,nm4556015,casting_director,,[]
tt14463484,20,nm4715348,production_designer,,[]
tt1452628,1,nm0159789,actor,,"[""Luke""]"
tt1452628,2,nm0628601,actress,,"[""Rosemary""]"
tt1452628,3,nm0000491,actor,,"[""Paul""]"
tt1452628,4,nm3632976,actor,,"[""James""]"
tt1452628,5,nm3566051,actress,,"[""Briana""]"
tt1452628,6,nm3561899,actress,,"[""Concession Girl""]"
tt1452628,7,nm3080738,actor,,"[""Security Guard""]"
tt1452628,8,nm0400223,actor,,"[""Chicago Reporter""]"
tt1452628,9,nm0536582,actor,,"[""Patient""]"
tt1452628,10,nm3801586,actress,,"[""Paige""]"
tt1452628,11,nm0026442,director,,[]
tt1452628,12,nm1097510,writer,written by,[]
tt1452628,13,nm0159922,producer,producer,[]
tt1452628,14,nm3021633,producer,producer,[]
tt1452628,15,nm1488027,producer,producer,[]
tt1452628,16,nm2227608,composer,,[]
tt1452628,17,nm0003802,cinematographer,director of photography,[]
tt1452628,18,nm0937800,editor,,[]
tt1452628,19,nm1050136,casting_director,,[]
tt1452628,20,nm0064125,production_designer,,[]
tt14564000,1,nm1121870,actor,,"[""Venkata Ramana""]"
tt14564000,2,nm10033951,actress,,"[""Amulya (Ammu)""]"
tt14564000,3,nm11203267,actress,,"[""Raji""]"
tt14564000,4,nm0471447,actress,,"[""Vasundhara""]"
tt14564000,5,nm0419688,actor,,"[""Satyam""]"
tt14564000,6,nm0695177,actor,,"[""Venkata Swamy""]"
tt14564000,7,nm0045075,actor,,"[""Marx""]"
tt14564000,8,nm0710545,actress,,"[""Bujji""]"
tt14564000,9,nm1302330,actor,,"[""Pani""]"
tt14564000,10,nm2496992,actor,,"[""Gelatin Babji""]"
tt14564000,11,nm1894520,director,,[]
tt14564000,12,nm1894520,writer,,[]
tt14564000,13,nm4977054,producer,producer,[]
tt14564000,14,nm6936085,producer,producer,[]
tt14564000,15,nm3888981,composer,,[]
tt14564000,16,nm2561395,cinematographer,,[]
tt14564000,17,nm4858900,editor,,[]
tt14564000,18,nm17917967,casting_director,casting director,[]
tt14564000,19,nm2652802,production_designer,,[]
tt14604100,1,nm0558726,actor,,"[""Tommy Jarvis""]"
tt14604100,2,nm0333951,actor,,"[""Elias Voorhees""]"
tt14604100,3,nm0333951,actor,,"[""Jason Voorhees (segment: Part 6)""]"
tt14604100,4,nm0218674,actress,,"[""Nikki""]"
tt14604100,5,nm7961443,actress,,"[""Angelica Jarvis""]"
tt14604100,6,nm2274512,actor,,"[""Jason Voorhees""]"
tt14604100,7,nm2274512,actor,,"[""Louis Carlisle""]"
tt14604100,8,nm7394721,actress,,"[""Ashley Jarvis""]"
tt14604100,9,nm2403367,actress,,"[""Marilyn Evans""]"
tt14604100,10,nm1675531,actor,,"[""Majors""]"
tt14604100,11,nm0572951,actor,,"[""Walt""]"
tt14604100,12,nm4683796,actress,,"[""MaggieMae""]"
tt14604100,13,nm2274512,director,,[]
tt14604100,14,nm2274512,writer,writer,[]
tt14604100,15,nm9545027,producer,producer,[]
tt14604100,16,nm15005139,producer,producer,[]
tt14604100,17,nm10024682,producer,producer,[]
tt14604100,18,nm9444721,producer,producer,[]
tt14604100,19,nm9444721,cinematographer,,[]
tt14604100,20,nm2274512,editor,,[]
tt14604100,21,nm1743822,editor,,[]
tt14604100,22,nm9444721,editor,,[]
tt1464540,1,nm1641117,actor,,"[""John""]"
tt1464540,2,nm0648249,actor,,"[""Henri""]"
tt1464540,3,nm1872698,actress,,"[""Sarah""]"
tt1464540,4,nm1954240,actress,,"[""Number 6""]"
tt1464540,5,nm2786608,actor,,"[""Sam""]"
tt1464540,6,nm0243806,actor,,"[""Mogadorian Commander""]"
tt1464540,7,nm1831976,actor,,"[""Mark""]"
tt1464540,8,nm0387809,actor,,"[""Sheriff James""]"
tt1464540,9,nm2102665,actor,,"[""Kevin""]"
tt1464540,10,nm3215232,actor,,"[""Number 3""]"
tt1464540,11,nm0142286,director,director,[]
tt1464540,12,nm0332184,writer,screenplay,[]
tt1464540,13,nm0587692,writer,screenplay,[]
tt1464540,14,nm0637497,writer,screenplay,[]
tt1464540,15,nm3787416,writer,novel,[]
tt1464540,16,nm0000881,producer,producer,[]
tt1464540,17,nm0704909,composer,composer,[]
tt1464540,18,nm0622897,cinematographer,director of photography,[]
tt1464540,19,nm0277124,editor,editor,[]
tt1464540,20,nm0656199,editor,editor,[]
tt1464540,21,nm0032597,casting_director,casting_director,[]
tt1464540,22,nm0939873,casting_director,casting_director,[]
tt1464540,23,nm0816170,production_designer,,[]
tt14722598,1,nm8731960,actress,,"[""Dora""]"
tt14722598,2,nm0560962,actress,,"[""Coco Cabrera""]"
tt14722598,3,nm1197737,actress,,"[""Maribel""]"
tt14722598,4,nm1084399,actor,,"[""José Luis""]"
tt14722598,5,nm12155509,actor,,"[""Muñeco""]"
tt14722598,6,nm12273420,actor,,"[""Akin""]"
tt14722598,7,nm3986032,actor,,"[""Diego Galán""]"
tt14722598,8,nm12623975,actress,,"[""Lilith""]"
tt14722598,9,nm13995521,actor,,"[""Toto""]"
tt14722598,10,nm0658041,actress,,[]
tt14722598,11,nm1346713,director,,[]
tt14722598,12,nm1942197,writer,,[]
tt14722598,13,nm1346713,writer,,[]
tt14722598,14,nm1973308,producer,producer,[]
tt14722598,15,nm0057623,producer,producer,[]
tt14722598,16,nm0379408,producer,producer,[]
tt14722598,17,nm14130824,composer,,[]
tt14722598,18,nm4932007,composer,,[]
tt14722598,19,nm3709162,cinematographer,,[]
tt14722598,20,nm1392447,editor,,[]
tt14722598,21,nm13935022,casting_director,,[]
tt14722598,22,nm1269950,casting_director,,[]
tt14722598,23,nm1897746,production_designer,,[]
tt14917354,1,nm0604349,actor,,"[""Johann Hellström""]"
tt14917354,2,nm2500372,actress,,"[""Lucia Hellström""]"
tt14917354,3,nm1082665,actor,,"[""Paschke""]"
tt14917354,4,nm3582197,actress,,"[""Layla""]"
tt14917354,5,nm2001517,actor,,"[""Alex""]"
tt14917354,6,nm1871313,actor,,"[""Farhood""]"
tt14917354,7,nm1026102,actor,,"[""Techniker""]"
tt14917354,8,nm0936151,actor,,[]
tt14917354,9,nm13201435,actress,,[]
tt14917354,10,nm11870936,actress,,[]
tt14917354,11,nm1490813,director,,[]
tt14917354,12,nm3088427,writer,written by,[]
tt14917354,13,nm1490813,writer,written by,[]
tt14917354,14,nm0475625,writer,short story,[]
tt14917354,15,nm7482926,producer,producer,[]
tt14917354,16,nm2651319,producer,producer,[]
tt14917354,17,nm1857354,producer,producer,[]
tt14917354,18,nm0929571,composer,,[]
tt14917354,19,nm0093131,cinematographer,,[]
tt14917354,20,nm0162989,cinematographer,,[]
tt14917354,21,nm1699770,editor,,[]
tt14917354,22,nm0626512,casting_director,,[]
tt14917354,23,nm0344265,production_designer,production_designer,[]
tt1496872,1,nm1883318,actor,,"[""Siva""]"
tt1496872,2,nm2967328,actress,,"[""Sakthi""]"
tt1496872,3,nm1962272,actor,,"[""Vivek""]"
tt1496872,4,nm0882219,actress,,"[""Kalyani""]"
tt1496872,5,nm4787081,actor,,"[""Sakthi's father""]"
tt1496872,6,nm3561501,actor,,"[""Shanmugam""]"
tt1496872,7,nm4787181,actress,,"[""Viji""]"
tt1496872,8,nm1951127,actor,,"[""Guest appearance""]"
tt1496872,9,nm0787631,actress,,"[""Guest Appearance""]"
tt1496872,10,nm4119000,actor,,"[""Guest Appearance""]"
tt1496872,11,nm3578957,director,,[]
tt1496872,12,nm3578957,writer,written by,[]
tt1496872,13,nm3586914,producer,producer,[]
tt1496872,14,nm1421776,composer,,[]
tt1496872,15,nm1701930,cinematographer,,[]
tt1496872,16,nm3579550,editor,editor,[]
tt1496872,17,nm2574962,editor,,[]
tt15005606,1,nm0000228,actor,,"[""Peter""]"
tt15005606,2,nm0000360,actress,,"[""Brenda""]"
tt15005606,3,nm4116102,actress,,"[""Sam""]"
tt15005606,4,nm0916617,actor,,"[""Lock""]"
tt15005606,5,nm3961686,actor,,"[""Travis""]"
tt15005606,6,nm10509452,actor,,"[""Grant""]"
tt15005606,7,nm7825322,actor,,"[""Willoughby""]"
tt15005606,8,nm0652965,actor,,"[""Preacher""]"
tt15005606,9,nm10298333,actress,,"[""Jen""]"
tt15005606,10,nm12456405,actress,,"[""Darla""]"
tt15005606,11,nm2610844,director,,[]
tt15005606,12,nm2610844,writer,written by,[]
tt15005606,13,nm8896550,producer,producer,[]
tt15005606,14,nm2610844,producer,producer,[]
tt15005606,15,nm4116102,producer,producer,[]
tt15005606,16,nm4122551,producer,producer,[]
tt15005606,17,nm8414592,composer,,[]
tt15005606,18,nm4137793,cinematographer,,[]
tt15005606,19,nm0303348,editor,,[]
tt15005606,20,nm0413701,casting_director,,[]
tt15005606,21,nm10514265,production_designer,,[]
tt15009428,1,nm0147147,actor,,"[""Argylle""]"
tt15009428,2,nm0397171,actress,,"[""Elly Conway""]"
tt15009428,3,nm0005377,actor,,"[""Aidan Wilde""]"
tt15009428,4,nm0186505,actor,,"[""Director Ritter""]"
tt15009428,5,nm3267876,actor,,"[""Armed Guard #1""]"
tt15009428,6,nm7645984,actress,,"[""Legrange""]"
tt15009428,7,nm3663196,actress,,"[""Keira""]"
tt15009428,8,nm0001290,actor,,"[""Director Fowler""]"
tt15009428,9,nm1078479,actor,,"[""Wyatt""]"
tt15009428,10,nm0297229,actor,,"[""Moderator""]"
tt15009428,11,nm0891216,director,director,[]
tt15009428,12,nm0297229,writer,written by,[]
tt15009428,13,nm0092061,producer,producer,[]
tt15009428,14,nm0297229,producer,producer,[]
tt15009428,15,nm0717230,producer,producer,[]
tt15009428,16,nm0891216,producer,producer,[]
tt15009428,17,nm1154632,composer,,[]
tt15009428,18,nm0725104,cinematographer,director of photography,[]
tt15009428,19,nm0332148,editor,,[]
tt15009428,20,nm1089952,editor,,[]
tt15009428,21,nm0809059,editor,,[]
tt15009428,22,nm2872384,casting_director,,[]
tt15009428,23,nm0688160,casting_director,,[]
tt15009428,24,nm0211318,production_designer,,[]
tt15009428,25,nm2376380,production_designer,,[]
tt15165236,1,nm0000084,actress,,"[""Miss Hua""]"
tt15165236,2,nm0151654,actor,,"[""Zhang""]"
tt15165236,3,nm0284608,actor,,"[""Master Jin""]"
tt15165236,4,nm1741757,actress,,"[""Hua's Servant - Ying""]"
tt15165236,5,nm1273488,actor,,"[""Hua's Lover - Zhao""]"
tt15165236,6,nm1742464,actor,,"[""Tailor""]"
tt15165236,7,nm1745524,actor,,"[""Tailor""]"
tt15165236,8,nm1745488,actor,,"[""Tailor""]"
tt15165236,9,nm1742636,actor,,"[""Tailor""]"
tt15165236,10,nm1742465,actor,,"[""Tailor""]"
tt15165236,11,nm0939182,director,,[]
tt15165236,12,nm0659388,producer,producer,[]
tt15165236,13,nm0236313,cinematographer,,[]
tt15165236,14,nm0151858,editor,editor,[]
tt15165236,15,nm0151858,production_designer,production_designer,[]
tt15262370,1,nm0012081,actor,,"[""Harlan Burke""]"
tt15262370,2,nm1764351,actress,,"[""Jessie Quinn""]"
tt15262370,3,nm0922342,actor,,"[""Will Coulter""]"
tt15262370,4,nm1483948,actress,,"[""Sunny""]"
tt15262370,5,nm3093760,actor,,"[""Captain Wally""]"
tt15262370,6,nm5703727,actress,,"[""Brianna""]"
tt15262370,7,nm4780115,actor,,"[""Ty Burrel""]"
tt15262370,8,nm8665144,actress,,"[""Emma Stoudamire""]"
tt15262370,9,nm2164653,actress,,"[""Jennifer Burke""]"
tt15262370,10,nm0725079,actor,,"[""Sheriff Kula""]"
tt15262370,11,nm4899218,director,,[]
tt15262370,12,nm4899218,writer,written by,[]
tt15262370,13,nm2506347,producer,producer,[]
tt15262370,14,nm3854486,composer,,[]
tt15262370,15,nm5163988,cinematographer,director of photography,[]
tt15262370,16,nm3577976,editor,editor,[]
tt15262370,17,nm1048430,production_designer,,[]
tt15309808,1,nm3807965,actor,,"[""Michael""]"
tt15309808,2,nm4043111,actor,,"[""Michael's Godfather""]"
tt15309808,3,nm9991000,actress,,"[""Theera""]"
tt15309808,4,nm4174212,actress,,"[""Kannamma""]"
tt15309808,5,nm2967763,actor,,"[""Amarnath""]"
tt15309808,6,nm7850258,actress,,"[""Charulatha""]"
tt15309808,7,nm5697538,actor,,"[""Swamy""]"
tt15309808,8,nm12828686,actress,,"[""Michael's mother""]"
tt15309808,9,nm1069826,actor,,[]
tt15309808,10,nm10573778,actor,,"[""Young Michael""]"
tt15309808,11,nm6352742,director,director,[]
tt15309808,12,nm6352742,writer,,[]
tt15309808,13,nm13222819,writer,dialogue,[]
tt15309808,14,nm10959015,writer,dialogue writer,[]
tt15309808,15,nm9491948,producer,producer,[]
tt15309808,16,nm11271814,producer,producer,[]
tt15309808,17,nm4237148,composer,,[]
tt15309808,18,nm14602627,cinematographer,,[]
tt15309808,19,nm12281283,editor,,[]
tt1535616,1,nm0314514,actress,,"[""Eva""]"
tt1535616,2,nm0000299,actor,,"[""Mickey""]"
tt1535616,3,nm0893257,actor,,"[""Josh""]"
tt1535616,4,nm0005524,actor,,"[""Delvin""]"
tt1535616,5,nm1525948,actor,,"[""Adrien""]"
tt1535616,6,nm0000275,actress,,"[""Marilyn""]"
tt1535616,7,nm0328223,actor,,"[""Sam""]"
tt1535616,8,nm1002664,actor,,"[""Bobby""]"
tt1535616,9,nm4187270,actress,,"[""Wendi""]"
tt1535616,10,nm0004760,actress,,"[""Liz""]"
tt1535616,11,nm1164755,director,,[]
tt1535616,12,nm2656048,writer,written by,[]
tt1535616,13,nm1142688,writer,written by,[]
tt1535616,14,nm1895871,producer,producer,[]
tt1535616,15,nm0353813,producer,producer,[]
tt1535616,16,nm3918733,producer,producer,[]
tt1535616,17,nm1320422,producer,producer,[]
tt1535616,18,nm1640476,composer,,[]
tt1535616,19,nm16546335,composer,composer,[]
tt1535616,20,nm0059570,cinematographer,,[]
tt1535616,21,nm1990642,editor,editor,[]
tt1535616,22,nm0371125,casting_director,,[]
tt1535616,23,nm0633551,production_designer,,[]
tt15514498,1,nm3034977,actress,,"[""Edie""]"
tt15514498,2,nm3194762,actor,,"[""John""]"
tt15514498,3,nm0000412,actor,,"[""Nico""]"
tt15514498,4,nm0001872,actor,,"[""Dad Meaney""]"
tt15514498,5,nm1854664,actor,,"[""The Chaperone""]"
tt15514498,6,nm2834234,actor,,"[""Perm""]"
tt15514498,7,nm1320827,actor,,"[""Leo""]"
tt15514498,8,nm0005282,actor,,"[""George""]"
tt15514498,9,nm6285328,actress,,"[""Young Edie""]"
tt15514498,10,nm5405440,actress,,"[""Baby Girl""]"
tt15514498,11,nm3178429,director,director,[]
tt15514498,12,nm3178429,writer,written by,[]
tt15514498,13,nm0263988,producer,producer,[]
tt15514498,14,nm1014201,producer,producer,[]
tt15514498,15,nm1116660,producer,producer,[]
tt15514498,16,nm6438644,composer,composer,[]
tt15514498,17,nm0412353,cinematographer,director of photography,[]
tt15514498,18,nm0666155,editor,editor,[]
tt15514498,19,nm0922709,editor,editor,[]
tt15514498,20,nm0442090,casting_director,,[]
tt15514498,21,nm0221801,production_designer,,[]
tt1582466,1,nm1694524,actor,,"[""Chari""]"
tt1582466,2,nm1694524,actor,,"[""Narsimha""]"
tt1582466,3,nm1521381,actress,,"[""Chandrakala""]"
tt1582466,4,nm2607210,actress,,"[""Anju""]"
tt1582466,5,nm0103977,actor,,"[""Bhattu""]"
tt1582466,6,nm0542498,actor,,"[""Baba Bhai""]"
tt1582466,7,nm0621937,actor,,"[""Chandra Sheker""]"
tt1582466,8,nm1110573,actress,,"[""Indira""]"
tt1582466,9,nm0896573,actor,,"[""Dhanraj""]"
tt1582466,10,nm0793851,actor,,"[""Ram Nayak""]"
tt1582466,11,nm0080238,actor,,"[""Govindam""]"
tt1582466,12,nm1352172,director,,[]
tt1582466,13,nm0893128,writer,dialogue,[]
tt1582466,14,nm1352172,writer,screenplay,[]
tt1582466,15,nm3766910,producer,producer,[]
tt1582466,16,nm1196042,composer,composer,[]
tt1582466,17,nm4633602,composer,composer,[]
tt1582466,18,nm0619655,cinematographer,,[]
tt1582466,19,nm0707492,editor,,[]
tt1610452,1,nm3828984,actor,,"[""Bittoo Sharma""]"
tt1610452,2,nm3087728,actress,,"[""Shruti Kakkar""]"
tt1610452,3,nm6560386,actor,,"[""Father-in-law of Sonia""]"
tt1610452,4,nm6444214,actor,,"[""Ranveer's big brother""]"
tt1610452,5,nm2286188,actor,,"[""Inspector""]"
tt1610452,6,nm1472197,actor,,"[""Sidhwani""]"
tt1610452,7,nm5440206,actor,,"[""Brigadier Brar""]"
tt1610452,8,nm3893111,actress,,"[""Chanda Narang""]"
tt1610452,9,nm6840054,actor,,"[""Tyre King""]"
tt1610452,10,nm13847389,actress,,"[""Marriage broker""]"
tt1610452,11,nm1834891,director,director,[]
tt1610452,12,nm3814301,writer,lyrics,[]
tt1610452,13,nm1964923,writer,screenplay & dialogues,[]
tt1610452,14,nm1834891,writer,story by,[]
tt1610452,15,nm0159147,producer,producer,[]
tt1610452,16,nm1224445,composer,composer,[]
tt1610452,17,nm11689404,composer,composer,[]
tt1610452,18,nm3082936,cinematographer,director of photography,[]
tt1610452,19,nm2886400,editor,editor,[]
tt1610452,20,nm3397948,casting_director,,[]
tt1610452,21,nm2033909,production_designer,production_designer,[]
tt1610452,22,nm0845803,production_designer,production_designer,[]
tt16303830,1,nm7027783,actor,,"[""Woo-ri""]"
tt16303830,2,nm9311474,actress,,"[""Ja-yeong""]"
tt16303830,3,nm3797278,actress,,"[""Chief editor""]"
tt16303830,4,nm11750451,actor,,"[""Pretty boy""]"
tt16303830,5,nm11592668,actor,,"[""Convenience store owner""]"
tt16303830,6,nm6106517,actor,,"[""Namgoong Sang-woo (Ja-young's ex)""]"
tt16303830,7,nm16431994,actor,,"[""Woman in pink coat's boyfriend""]"
tt16303830,8,nm2410400,actor,,"[""Ja-yeong's father""]"
tt16303830,9,nm11421137,actress,,"[""Seon-bin""]"
tt16303830,10,nm8690133,actress,,"[""Seo-kyung""]"
tt16303830,11,nm9282974,director,,[]
tt16303830,12,nm9282974,writer,writer,[]
tt16303830,13,nm7275962,producer,producer,[]
tt16303830,14,nm12772960,producer,producer,[]
tt16303830,15,nm3454031,cinematographer,,[]
tt16464084,1,nm4490375,actress,,"[""Grace""]"
tt16464084,2,nm3796147,actor,,"[""Carter""]"
tt16464084,3,nm8744341,actress,,"[""Joni""]"
tt16464084,4,nm2917725,actor,,"[""Roshan""]"
tt16464084,5,nm0202253,actress,,"[""Claire""]"
tt16464084,6,nm2449744,actor,,"[""Coach Matthews""]"
tt16464084,7,nm7060757,actress,,"[""Jennifer""]"
tt16464084,8,nm2460614,actress,,"[""Lisa""]"
tt16464084,9,nm6344635,actor,,"[""Marcus""]"
tt16464084,10,nm5216674,actor,,"[""Samir""]"
tt16464084,11,nm2045250,director,,[]
tt16464084,12,nm2045250,writer,written by,[]
tt16464084,13,nm2221090,producer,producer,[]
tt16464084,14,nm5142487,producer,line producer,[]
tt16464084,15,nm11711534,composer,,[]
tt16464084,16,nm3385422,cinematographer,,[]
tt16464084,17,nm1834737,editor,,[]
tt16464084,18,nm2415304,casting_director,,[]
tt16464084,19,nm5092206,production_designer,,[]
tt1650042,1,nm1273830,actor,,"[""Elvis""]"
tt1650042,2,nm3236344,actress,,"[""Tweeter""]"
tt1650042,3,nm0122703,actor,,"[""Kurt Conrad""]"
tt1650042,4,nm3355632,actress,,"[""Rachel Conrad""]"
tt1650042,5,nm1383229,actor,,"[""Tommy""]"
tt1650042,6,nm2078303,actor,,"[""Todd""]"
tt1650042,7,nm3907440,actor,,"[""Alex Waterman""]"
tt1650042,8,nm3928613,actor,,"[""Jason""]"
tt1650042,9,nm4863191,actress,,"[""Debbie""]"
tt1650042,10,nm2182337,actor,,"[""Mike""]"
tt1650042,11,nm1951858,director,,[]
tt1650042,12,nm1951858,writer,screenplay,[]
tt1650042,13,nm1450336,writer,screenplay,[]
tt1650042,14,nm1911188,writer,screenplay,[]
tt1650042,15,nm1951858,producer,producer,[]
tt1650042,16,nm1911188,producer,producer,[]
tt1650042,17,nm0792290,composer,,[]
tt1650042,18,nm3301699,cinematographer,,[]
tt1650042,19,nm1951858,editor,,[]
tt1650042,20,nm1911188,editor,,[]
tt1650554,1,nm1093951,actor,,"[""Dave Lizewski""]"
tt1650554,2,nm1093951,actor,,"[""Kick-Ass""]"
tt1650554,3,nm1631269,actress,,"[""Mindy Macready""]"
tt1650554,4,nm1631269,actress,,"[""Hit Girl""]"
tt1650554,5,nm2395586,actor,,"[""Chris D'Amico""]"
tt1650554,6,nm2395586,actor,,"[""The Motherfucker""]"
tt1650554,7,nm0000120,actor,,"[""Colonel Stars and Stripes""]"
tt1650554,8,nm0004820,actor,,"[""Detective Marcus Williams""]"
tt1650554,9,nm4932304,actress,,"[""Brooke""]"
tt1650554,10,nm0031750,actress,,"[""Mrs. Zane""]"
tt1650554,11,nm0241173,actor,,"[""Marty""]"
tt1650554,12,nm0241173,actor,,"[""Battle Guy""]"
tt1650554,13,nm1167083,actor,,"[""Todd""]"
tt1650554,14,nm1167083,actor,,"[""Ass Kicker""]"
tt1650554,15,nm2050714,actress,,"[""News Reporter""]"
tt1650554,16,nm0905592,director,,[]
tt1650554,17,nm0905592,writer,screenplay,[]
tt1650554,18,nm2092839,writer,comic book,[]
tt1650554,19,nm1348210,writer,comic book,[]
tt1650554,20,nm0092061,producer,producer,[]
tt1650554,21,nm1331055,producer,producer,[]
tt1650554,22,nm0000093,producer,producer,[]
tt1650554,23,nm0717230,producer,producer,[]
tt1650554,24,nm2273444,composer,,[]
tt1650554,25,nm1853865,composer,,[]
tt1650554,26,nm0362165,cinematographer,director of photography,[]
tt1650554,27,nm0357835,editor,,[]
tt1650554,28,nm0688160,casting_director,,[]
tt1650554,29,nm0211318,production_designer,,[]
tt1667150,1,nm0490489,actor,,"[""Sun Zigang""]"
tt1667150,2,nm0000084,actress,,"[""Li Yilong""]"
tt1667150,3,nm1337123,actress,,"[""Yanni""]"
tt1667150,4,nm1984001,actor,,"[""Tip""]"
tt1667150,5,nm0508373,actor,,"[""CEO Dong""]"
tt1667150,6,nm2004248,actress,,"[""Zhao Hong""]"
tt1667150,7,nm0031704,actress,,"[""Mrs. Dong""]"
tt1667150,8,nm0005568,actor,,"[""Peter""]"
tt1667150,9,nm0005026,actress,,"[""Girl in Lotto Commercial""]"
tt1667150,10,nm1708547,actor,,"[""Sun Meisheng""]"
tt1667150,11,nm0155201,director,,[]
tt1667150,12,nm0326092,writer,story,[]
tt1667150,13,nm0951135,writer,story,[]
tt1667150,14,nm0236884,writer,story,[]
tt1667150,15,nm0155201,writer,adaptation,[]
tt1667150,16,nm0155201,producer,producer,[]
tt1667150,17,nm2595531,producer,producer,[]
tt1667150,18,nm1459645,producer,producer,[]
tt1667150,19,nm1857623,composer,composer,[]
tt1667150,20,nm0196331,cinematographer,director of photography,[]
tt1667150,21,nm2450622,editor,,[]
tt1667150,22,nm0508579,production_designer,,[]
tt1692189,1,nm0712433,actor,,"[""Srinivasa Rao 'Don Seenu'""]"
tt1692189,2,nm1328152,actress,,"[""Dipti Nath""]"
tt1692189,3,nm0820240,actor,,"[""Narsingh""]"
tt1692189,4,nm0793851,actor,,"[""Shakti Nath""]"
tt1692189,5,nm1865011,actress,,"[""Priya""]"
tt1692189,6,nm0441030,actress,,"[""Lakshmi""]"
tt1692189,7,nm0103977,actor,,"[""Vishwas""]"
tt1692189,8,nm0019382,actor,,"[""Pravin N. Duggal""]"
tt1692189,9,nm0542498,actor,,"[""Mukesh Duggal""]"
tt1692189,10,nm0542498,actor,,"[""Duggal Saab""]"
tt1692189,11,nm4071279,actor,,"[""Praveen Duggal""]"
tt1692189,12,nm3990580,director,,[]
tt1692189,13,nm3990580,writer,story,[]
tt1692189,14,nm0893128,writer,dialogue,[]
tt1692189,15,nm5725247,writer,screenwriter,[]
tt1692189,16,nm12064502,producer,producer,[]
tt1692189,17,nm4566698,producer,producer,[]
tt1692189,18,nm0788886,composer,composer,[]
tt1692189,19,nm0714778,cinematographer,,[]
tt1692189,20,nm0707492,editor,,[]
tt1753640,1,nm1431656,actor,,"[""Jai Dixit""]"
tt1753640,2,nm1431656,actor,,"[""Suraj Bhardwaj""]"
tt1753640,3,nm2777281,actress,,"[""Suhani""]"
tt1753640,4,nm1480555,actor,,"[""Samarth""]"
tt1753640,5,nm4141638,actor,,"[""Goldie""]"
tt1753640,6,nm3253318,actor,,"[""Romi Latti""]"
tt1753640,7,nm4194328,actress,,"[""Nicole 'Nikki'""]"
tt1753640,8,nm3662636,actor,,"[""Russell""]"
tt1753640,9,nm4302098,actor,,[]
tt1753640,10,nm4302345,actor,,[]
tt1753640,11,nm4301688,actor,,[]
tt1753640,12,nm1887138,director,,[]
tt1753640,13,nm1887138,writer,story,[]
tt1753640,14,nm1802377,writer,screenplay & dialogues,[]
tt1753640,15,nm0080319,producer,producer,[]
tt1753640,16,nm1338587,composer,composer,[]
tt1753640,17,nm1026557,composer,composer,[]
tt1753640,18,nm1672572,cinematographer,,[]
tt1753640,19,nm3633980,editor,,[]
tt1753640,20,nm1540836,production_designer,,[]
tt1798709,1,nm0001618,actor,,"[""Theodore""]"
tt1798709,2,nm0010736,actress,,"[""Amy""]"
tt1798709,3,nm0424060,actress,,"[""Samantha""]"
tt1798709,4,nm1913734,actress,,"[""Catherine""]"
tt1798709,5,nm1842419,actress,,"[""Letter Writer #1""]"
tt1798709,6,nm0686014,actress,,"[""Letter Writer #2""]"
tt1798709,7,nm2415610,actor,,"[""Letter Writer #3""]"
tt1798709,8,nm0695435,actor,,"[""Paul""]"
tt1798709,9,nm2995162,actor,,"[""Text Voice""]"
tt1798709,10,nm6130314,actress,,"[""Sexy Pregnant TV Star""]"
tt1798709,11,nm0005069,director,,[]
tt1798709,12,nm0005069,writer,written by,[]
tt1798709,13,nm2691892,producer,producer,[]
tt1798709,14,nm0005069,producer,producer,[]
tt1798709,15,nm0484504,producer,producer,[]
tt1798709,16,nm1841348,composer,,[]
tt1798709,17,nm0887227,cinematographer,director of photography,[]
tt1798709,18,nm1434016,editor,,[]
tt1798709,19,nm0958641,editor,,[]
tt1798709,20,nm0474697,casting_director,,[]
tt1798709,21,nm0507161,casting_director,,[]
tt1798709,22,nm0057187,production_designer,,[]
tt1800246,1,nm1374980,actor,,"[""Jason""]"
tt1800246,2,nm0430107,actor,,"[""Mikey""]"
tt1800246,3,nm1886602,actor,,"[""Daniel""]"
tt1800246,4,nm1782299,actress,,"[""Ellie""]"
tt1800246,5,nm4496875,actress,,"[""Chelsea""]"
tt1800246,6,nm1140300,actress,,"[""Vera""]"
tt1800246,7,nm1789970,actress,,"[""Alana""]"
tt1800246,8,nm0656929,actor,,"[""Fred""]"
tt1800246,9,nm2224524,actress,,"[""Sophie""]"
tt1800246,10,nm0525023,actress,,"[""Mrs. Rose""]"
tt1800246,11,nm3230448,director,director,[]
tt1800246,12,nm3230448,writer,written by,[]
tt1800246,13,nm0042992,producer,producer,[]
tt1800246,14,nm4312021,producer,producer,[]
tt1800246,15,nm0640193,producer,producer,[]
tt1800246,16,nm1834530,producer,producer,[]
tt1800246,17,nm0868128,composer,,[]
tt1800246,18,nm1060930,cinematographer,director of photography,[]
tt1800246,19,nm0003533,editor,,[]
tt1800246,20,nm0863397,editor,,[]
tt1800246,21,nm0565157,casting_director,,[]
tt1800246,22,nm0794882,casting_director,,[]
tt1800246,23,nm0864841,production_designer,,[]
tt18411838,1,nm10669404,actress,,"[""Gabbi Reynolds""]"
tt18411838,2,nm4829898,actor,,"[""Owen Bannister""]"
tt18411838,3,nm0226936,actor,,"[""Mitch Landstone""]"
tt18411838,4,nm12737026,actress,,"[""Sheriff Jessica Cooper""]"
tt18411838,5,nm1791881,actor,,"[""Angus Hanna""]"
tt18411838,6,nm1738580,actress,,"[""Judy Hanna""]"
tt18411838,7,nm13469918,actress,,"[""Tabitha Jordan""]"
tt18411838,8,nm11807165,actor,,"[""Thomas Darling""]"
tt18411838,9,nm12437884,actress,,"[""Desiree Jackson""]"
tt18411838,10,nm12156111,actor,,"[""Store Manager""]"
tt18411838,11,nm3987941,director,,[]
tt18411838,12,nm10088250,writer,story and screenplay,[]
tt18411838,13,nm8046733,writer,screenplay,[]
tt18411838,14,nm13456350,writer,additional writer,[]
tt18411838,15,nm3987941,writer,story by,[]
tt18411838,16,nm3987941,producer,producer,[]
tt18411838,17,nm1988202,composer,,[]
tt18411838,18,nm11064993,cinematographer,,[]
tt18411838,19,nm4707978,editor,,[]
tt18411838,20,nm1121768,casting_director,,[]
tt18411838,21,nm4176678,production_designer,,[]
tt1844635,1,nm3923793,actress,,"[""Kelly""]"
tt1844635,2,nm3888555,actor,,"[""Will""]"
tt1844635,3,nm4328705,actress,,"[""Laura Hope""]"
tt1844635,4,nm4327765,actor,,"[""Mike Brown""]"
tt1844635,5,nm4328699,actor,,"[""Kenny""]"
tt1844635,6,nm4327894,actress,,"[""Megan""]"
tt1844635,7,nm3584034,actress,,"[""Leighann""]"
tt1844635,8,nm3094484,actress,,"[""Abby""]"
tt1844635,9,nm4328193,actor,,"[""Rob""]"
tt1844635,10,nm4328648,actor,,"[""Brandon""]"
tt1844635,11,nm4328412,director,,[]
tt1844635,12,nm2470148,writer,,[]
tt1844635,13,nm4328449,writer,,[]
tt1844635,14,nm4328678,writer,,[]
tt1844635,15,nm4328412,writer,,[]
tt1844635,16,nm1792396,producer,executive producer,[]
tt1844635,17,nm3310195,cinematographer,,[]
tt1844635,18,nm3300185,editor,,[]
tt1844635,19,nm4328412,editor,,[]
tt1844635,20,nm4328316,production_designer,,[]
tt1876373,1,nm0792156,actor,,"[""George""]"
tt1876373,2,nm1494168,actress,,"[""Ani""]"
tt1876373,3,nm0005085,actor,,"[""Bill""]"
tt1876373,4,nm8130885,actor,,"[""Bldo""]"
tt1876373,5,nm3236934,actor,,"[""Murad""]"
tt1876373,6,nm3627938,actress,,"[""News Anchor""]"
tt1876373,7,nm0542157,actor,,"[""Josef""]"
tt1876373,8,nm3738746,actress,,"[""Linda""]"
tt1876373,9,nm0688264,actor,,"[""Grandpa Matsak""]"
tt1876373,10,nm1372258,actor,,"[""Alexan""]"
tt1876373,11,nm3233092,director,,[]
tt1876373,12,nm4394691,writer,screenplay,[]
tt1876373,13,nm3236934,writer,screenplay,[]
tt1876373,14,nm3233092,writer,screenplay,[]
tt1876373,15,nm0421891,producer,producer,[]
tt1876373,16,nm0564559,producer,producer,[]
tt1876373,17,nm3236934,composer,lead composer,[]
tt1876373,18,nm1743692,cinematographer,,[]
tt1876373,19,nm3233092,editor,,[]
tt1876373,20,nm0564559,casting_director,,[]
tt1876373,21,nm1333010,production_designer,,[]
tt1876373,22,nm3332611,production_designer,,[]
tt1876373,23,nm0022939,production_designer,,[]
tt1890513,1,nm3217731,actress,,"[""Ragini""]"
tt1890513,2,nm3822770,actor,,"[""Uday""]"
tt1890513,3,nm4729449,actor,,"[""Vishal""]"
tt1890513,4,nm4522692,actress,,"[""Pia""]"
tt1890513,5,nm4522379,actress,,"[""Neha""]"
tt1890513,6,nm4521638,actress,,"[""Witch""]"
tt1890513,7,nm4521892,actor,,"[""Jigar""]"
tt1890513,8,nm4677521,actor,,"[""Friend 1""]"
tt1890513,9,nm4522492,actor,,"[""Friend 2""]"
tt1890513,10,nm4393993,actor,,"[""Friend 3""]"
tt1890513,11,nm4415009,director,,[]
tt1890513,12,nm4414872,writer,story,[]
tt1890513,13,nm4415009,writer,story,[]
tt1890513,14,nm2390228,writer,lyrics,[]
tt1890513,15,nm4217565,writer,lyrics,[]
tt1890513,16,nm0438471,producer,producer,[]
tt1890513,17,nm0438506,producer,producer,[]
tt1890513,18,nm4217915,composer,composer,[]
tt1890513,19,nm0481568,composer,composer,[]
tt1890513,20,nm4217565,composer,composer,[]
tt1890513,21,nm1340084,composer,composer,[]
tt1890513,22,nm3631479,cinematographer,director of photography,[]
tt1890513,23,nm1381758,editor,,[]
tt1890513,24,nm2529840,casting_director,,[]
tt1890513,25,nm4414804,production_designer,,[]
tt18970380,1,nm3457470,actress,,"[""Kaska""]"
tt18970380,2,nm2950601,actor,,"[""Patryk""]"
tt18970380,3,nm0194305,actor,,"[""Wacus""]"
tt18970380,4,nm0764671,actor,,"[""Jedrus""]"
tt18970380,5,nm0821673,actress,,"[""Maryla""]"
tt18970380,6,nm1644311,actor,,"[""Clerk""]"
tt18970380,7,nm0484970,actress,,"[""Agata""]"
tt18970380,8,nm0689320,actor,,"[""Bank President""]"
tt18970380,9,nm1221759,actress,,"[""Janka""]"
tt18970380,10,nm7179011,actor,,"[""Slawomir""]"
tt18970380,11,nm4092908,director,director,[]
tt18970380,12,nm3529223,writer,screenplay,[]
tt18970380,13,nm1818256,writer,screenplay,[]
tt18970380,14,nm4092908,writer,associate screenplay,[]
tt18970380,15,nm13570770,producer,producer,[]
tt18970380,16,nm3756791,producer,producer,[]
tt18970380,17,nm11830006,composer,composer,[]
tt18970380,18,nm2931575,cinematographer,cinematographer,[]
tt18970380,19,nm1407237,editor,editor,[]
tt18970380,20,nm1741828,casting_director,casting_director,[]
tt18970380,21,nm2344792,casting_director,casting_director,[]
tt18970380,22,nm1460610,production_designer,production_designer,[]
tt19632738,1,nm8910575,actor,,"[""Kiyoshi Adachi""]"
tt19632738,2,nm4760668,actor,,"[""Yuichi Kurosawa""]"
tt19632738,3,nm4514363,actor,,"[""Masato Tsuge""]"
tt19632738,4,nm3945547,actor,,"[""Yuta Rokkaku""]"
tt19632738,5,nm2865407,actor,,"[""Kusumoto""]"
tt19632738,6,nm0559664,actress,,"[""Kurosawa's Mother""]"
tt19632738,7,nm3084753,actress,,"[""Adachi's Mother""]"
tt19632738,8,nm6804167,actress,,"[""Nozomi Fujisaki""]"
tt19632738,9,nm5244246,actress,,"[""Yuki Adachi""]"
tt19632738,10,nm2841345,actor,,"[""Kengo Urabe""]"
tt19632738,11,nm8928141,director,,[]
tt19632738,12,nm4940865,writer,,[]
tt19632738,13,nm12156648,writer,,[]
tt2050633,1,nm0610459,actor,,"[""Richard Vineyard""]"
tt2050633,2,nm0000477,actress,,"[""Cynthia Vineyard""]"
tt2050633,3,nm1239813,actress,,"[""Sadie Vineyard""]"
tt2050633,4,nm3257504,actor,,"[""Danny Vineyard""]"
tt2050633,5,nm0444534,actor,,"[""Sheriff Winters""]"
tt2050633,6,nm0461712,actor,,"[""Ryan""]"
tt2050633,7,nm3875456,actor,,"[""Dave""]"
tt2050633,8,nm2963060,actor,,"[""Zach""]"
tt2050633,9,nm0178680,actor,,"[""Wyatt Burns""]"
tt2050633,10,nm0039162,actor,,"[""Dale""]"
tt2050633,11,nm1135423,director,,[]
tt2050633,12,nm1135423,writer,written by,[]
tt2050633,13,nm1135423,producer,producer,[]
tt2050633,14,nm0248616,producer,producer,[]
tt2050633,15,nm0764552,producer,producer,[]
tt2050633,16,nm0936970,producer,producer,[]
tt2050633,17,nm1256292,composer,,[]
tt2050633,18,nm1600160,cinematographer,,[]
tt2050633,19,nm0213795,editor,,[]
tt2050633,20,nm0330951,casting_director,,[]
tt2050633,21,nm0352524,production_designer,,[]
tt2055765,1,nm0000194,actress,,"[""Linda Sinclair""]"
tt2055765,2,nm0029400,actor,,"[""Jason Sherwood""]"
tt2055765,3,nm0001427,actor,,"[""Dr. Tom Sherwood""]"
tt2055765,4,nm2934314,actress,,"[""Halle Anderson""]"
tt2055765,5,nm0001447,actor,,"[""Carl Kapinas""]"
tt2055765,6,nm0125475,actor,,"[""Phil Pelaski""]"
tt2055765,7,nm0125475,actor,,"[""Vice Principal""]"
tt2055765,8,nm0372961,actress,,"[""Principal Trudie Slocum""]"
tt2055765,9,nm1470683,actor,,"[""Will""]"
tt2055765,10,nm2284889,actress,,"[""Sheila Nussbaum""]"
tt2055765,11,nm0789716,actress,,"[""Narrator""]"
tt2055765,12,nm0957197,director,,[]
tt2055765,13,nm0152911,writer,written by,[]
tt2055765,14,nm0919173,writer,written by,[]
tt2055765,15,nm1666528,producer,producer,[]
tt2055765,16,nm0221638,producer,producer,[]
tt2055765,17,nm1444110,producer,producer,[]
tt2055765,18,nm0007011,producer,producer,[]
tt2055765,19,nm1387379,composer,,[]
tt2055765,20,nm0002557,cinematographer,director of photography,[]
tt2055765,21,nm0450005,editor,,[]
tt2055765,22,nm2334246,casting_director,,[]
tt2055765,23,nm16887975,casting_director,,[]
tt2055765,24,nm0789877,production_designer,,[]
tt2062661,1,nm4271832,actress,,"[""Trish""]"
tt2062661,2,nm3014511,actress,,"[""Jessie""]"
tt2062661,3,nm2239394,actor,,"[""Jimmy""]"
tt2062661,4,nm2707777,actress,,"[""Laura Hawkins""]"
tt2062661,5,nm1615964,actor,,"[""Charlie""]"
tt2062661,6,nm0305309,actor,,"[""Tom""]"
tt2062661,7,nm1418096,actress,,"[""Lois""]"
tt2062661,8,nm1577095,actor,,"[""Marshall""]"
tt2062661,9,nm0313962,actor,,"[""The Cleaner""]"
tt2062661,10,nm3231387,actress,,"[""Tom's Wife""]"
tt2062661,11,nm1354965,director,,[]
tt2062661,12,nm1577095,director,,[]
tt2062661,13,nm3651113,writer,written by,[]
tt2062661,14,nm0216560,writer,story,[]
tt2062661,15,nm1354965,writer,story,[]
tt2062661,16,nm1577095,writer,story,[]
tt2062661,17,nm1369375,producer,executive producer,[]
tt2062661,18,nm0216560,producer,executive producer,[]
tt2062661,19,nm10299039,producer,executive producer,[]
tt2062661,20,nm3157423,producer,producer,[]
tt2062661,21,nm4286247,composer,,[]
tt2062661,22,nm2140528,cinematographer,,[]
tt2062661,23,nm3168318,editor,,[]
tt2062661,24,nm2826126,production_designer,production_designer,[]
tt2071550,1,nm1663205,actor,,"[""John""]"
tt2071550,2,nm1663205,actor,,"[""Jonah""]"
tt2071550,3,nm0470981,actor,,"[""Lukas""]"
tt2071550,4,nm0387319,actress,,"[""Brown Eyes""]"
tt2071550,5,nm0604784,actor,,"[""Nathan""]"
tt2071550,6,nm3260333,actress,,"[""Sharon""]"
tt2071550,7,nm0943031,actor,,"[""Michael""]"
tt2071550,8,nm1340851,actress,,"[""Crone""]"
tt2071550,9,nm3627998,actor,,"[""Sickly Man""]"
tt2071550,10,nm1253386,actress,,"[""Grandma""]"
tt2071550,11,nm5860559,actor,,"[""Boy""]"
tt2071550,12,nm1018426,director,,[]
tt2071550,13,nm2282967,writer,written by,[]
tt2071550,14,nm2482939,writer,written by,[]
tt2071550,15,nm2686934,producer,producer,[]
tt2071550,16,nm1094495,producer,producer,[]
tt2071550,17,nm4665474,producer,producer,[]
tt2071550,18,nm3838417,composer,composer,[]
tt2071550,19,nm1059001,cinematographer,,[]
tt2071550,20,nm1018426,editor,,[]
tt2071550,21,nm2691112,production_designer,,[]
tt2102465,1,nm0782627,actor,,"[""Varg Veum""]"
tt2102465,2,nm0282463,actor,,"[""Hamre""]"
tt2102465,3,nm1890589,actor,,"[""Konrad Fritz""]"
tt2102465,4,nm0638910,actress,,"[""Karin""]"
tt2102465,5,nm0261124,actor,,"[""Harald Ulvven""]"
tt2102465,6,nm4207697,actor,,"[""Holger Karlssen""]"
tt2102465,7,nm1335996,actress,,"[""Elise""]"
tt2102465,8,nm0960276,actor,,"[""Even Nymark""]"
tt2102465,9,nm0345022,actor,,"[""Martin Mastrander""]"
tt2102465,10,nm7512454,actor,,"[""Police officer""]"
tt2102465,11,nm1103121,director,,[]
tt2102465,12,nm0226148,writer,,[]
tt2102465,13,nm1103121,writer,,[]
tt2102465,14,nm0820866,writer,original author,[]
tt2102465,15,nm0020690,producer,producer,[]
tt2102465,16,nm1434439,producer,producer,[]
tt2102465,17,nm1010170,producer,producer,[]
tt2102465,18,nm1007247,producer,producer,[]
tt2102465,19,nm1909620,composer,,[]
tt2102465,20,nm4756541,composer,,[]
tt2102465,21,nm0908420,composer,,[]
tt2102465,22,nm0304840,cinematographer,,[]
tt2102465,23,nm0458005,editor,,[]
tt2102465,24,nm2066239,casting_director,,[]
tt2102465,25,nm1011796,production_designer,,[]
tt2149814,1,nm1597002,actress,,"[""Nahed""]"
tt2149814,2,nm0375990,actor,,"[""Ghasal""]"
tt2149814,3,nm0252770,actress,,"[""Wafaa""]"
tt2149814,4,nm0252850,actress,,"[""Sameha""]"
tt2149814,5,nm0078654,director,,[]
tt2149814,6,nm0079348,writer,story,[]
tt2149814,7,nm1431644,writer,writer,[]
tt2184233,1,nm4004372,actor,,"[""Kevin Schuler""]"
tt2184233,2,nm0000619,actor,,"[""Coach Jared""]"
tt2184233,3,nm2640887,actress,,"[""Ellie Butterbit""]"
tt2184233,4,nm5710414,actor,,"[""Rye Bledsoe""]"
tt2184233,5,nm6915171,actor,,"[""Trolley""]"
tt2184233,6,nm4487928,actor,,"[""Bobby Sickle""]"
tt2184233,7,nm0390253,actor,,"[""Mr. Schuler""]"
tt2184233,8,nm0792512,actress,,"[""Mrs. Schuler""]"
tt2184233,9,nm5648145,actor,,"[""Dennis""]"
tt2184233,10,nm1882929,actress,,"[""Henny""]"
tt2184233,11,nm0863208,director,,[]
tt2184233,12,nm8801937,writer,novel: life at these speeds,[]
tt2184233,13,nm4444576,writer,written by,[]
tt2184233,14,nm1178125,producer,producer,[]
tt2184233,15,nm1520505,producer,producer,[]
tt2184233,16,nm0390253,producer,producer,[]
tt2184233,17,nm0900067,producer,producer,[]
tt2184233,18,nm1451927,composer,,[]
tt2184233,19,nm2134910,cinematographer,,[]
tt2184233,20,nm2042837,editor,,[]
tt2184233,21,nm0171109,casting_director,,[]
tt2184233,22,nm1898680,production_designer,,[]
tt2190483,1,nm1235719,actress,,"[""Kapustina""]"
tt2190483,2,nm3606261,actress,,"[""Kapustina's daughter 1""]"
tt2190483,3,nm5222357,actor,,"[""Kapustina's daughter 2""]"
tt2190483,4,nm3478257,actress,,"[""Grishka""]"
tt2190483,5,nm3351534,actor,,"[""Anton""]"
tt2190483,6,nm5403653,actor,,"[""Artem""]"
tt2190483,7,nm3135674,actor,,"[""Artem's father""]"
tt2190483,8,nm2463374,actor,,"[""Igor""]"
tt2190483,9,nm5403150,actress,,"[""Policewoman""]"
tt2190483,10,nm5223087,actress,,"[""Fat woman""]"
tt2190483,11,nm3384558,director,,[]
tt2190483,12,nm3384558,writer,,[]
tt2190483,13,nm1434647,producer,producer,[]
tt2190483,14,nm3338210,producer,producer,[]
tt2190483,15,nm5403173,composer,,[]
tt2190483,16,nm0451127,cinematographer,,[]
tt2190483,17,nm2486605,editor,editor,[]
tt2190483,18,nm5403682,casting_director,,[]
tt22036922,1,nm0080238,actor,,[]
tt22036922,2,nm4034632,actor,,[]
tt22036922,3,nm9870185,actor,,[]
tt22036922,4,nm3808948,actor,,[]
tt22036922,5,nm14035465,actor,,[]
tt22036922,6,nm14035466,actor,,[]
tt22036922,7,nm1302330,actor,,[]
tt22036922,8,nm10609388,actress,,[]
tt22036922,9,nm1198628,actor,,[]
tt22036922,10,nm11799965,director,,[]
tt22036922,11,nm11799965,writer,,[]
tt22036922,12,nm14035467,producer,producer,[]
tt22036922,13,nm0788886,composer,,[]
tt22036922,14,nm10129660,cinematographer,,[]
tt22036922,15,nm11799965,editor,,[]
tt2231208,1,nm0578080,actor,,"[""Abeguar""]"
tt2231208,2,nm0685639,actress,,"[""Janaína""]"
tt2231208,3,nm0763928,actor,,"[""Piatã""]"
tt2231208,4,nm0763928,actor,,"[""Junior""]"
tt2231208,5,nm8280833,actor,,"[""Cheif Plata""]"
tt2231208,6,nm10575568,actress,,"[""Janaina""]"
tt2231208,7,nm10575568,actress,,"[""Janaina""]"
tt2231208,8,nm10575559,actor,,"[""Reporter Woman""]"
tt2231208,9,nm1738698,actress,,"[""Passageira""]"
tt2231208,10,nm10575553,actress,,"[""Youngest Daughter""]"
tt2231208,11,nm10575566,actress,,"[""Hermes Pereira Baroli""]"
tt2231208,12,nm10575562,actor,,"[""Militant #4""]"
tt2231208,13,nm0093252,director,,[]
tt2231208,14,nm0093252,writer,written by,[]
tt2231208,15,nm1005481,writer,script contribution,[]
tt2231208,16,nm10575577,writer,script contribution,[]
tt2231208,17,nm10575578,writer,script contribution,[]
tt2231208,18,nm1738698,producer,executive producer,[]
tt2231208,19,nm0093252,producer,producer,[]
tt2231208,20,nm6420825,producer,executive producer,[]
tt2231208,21,nm0347775,producer,executive producer,[]
tt2231208,22,nm1513037,composer,composer,[]
tt2231208,23,nm1130687,composer,composer,[]
tt2231208,24,nm2267975,composer,composer,[]
tt2231208,25,nm2037987,editor,editor,[]
tt2231208,26,nm2453360,casting_director,,[]
tt22334258,1,nm5162352,actress,,"[""London Quinn""]"
tt22334258,2,nm5162352,actress,,"[""Andi Allen""]"
tt22334258,3,nm5923409,actor,,"[""Dawson Gage""]"
tt22334258,4,nm1211488,actress,,"[""Louise Quinn""]"
tt22334258,5,nm0001477,actress,,"[""Dr. Jenny Allen""]"
tt22334258,6,nm0424559,actor,,"[""Dr. Jim Allen""]"
tt22334258,7,nm0716295,actor,,"[""Larry Quinn""]"
tt22334258,8,nm8944542,actor,,"[""Matt Bryan""]"
tt22334258,9,nm1105365,actor,,"[""Carl Smith""]"
tt22334258,10,nm13479561,actress,,"[""Amy Allen""]"
tt22334258,11,nm6935095,actress,,"[""Hannah Smith""]"
tt22334258,12,nm7623887,director,,[]
tt22334258,13,nm0455481,writer,novel,[]
tt22334258,14,nm7623887,writer,,[]
tt22334258,15,nm7625165,producer,producer,[]
tt22334258,16,nm0455481,producer,executive producer,[]
tt22334258,17,nm7623887,producer,producer,[]
tt22334258,18,nm6025393,producer,producer,[]
tt22334258,19,nm3567615,composer,,[]
tt22334258,20,nm7625165,cinematographer,director of photography,[]
tt22334258,21,nm7625165,editor,,[]
tt22334258,22,nm7623887,editor,,[]
tt22334258,23,nm0002599,casting_director,,[]
tt22334258,24,nm13422566,production_designer,,[]
tt2235695,1,nm4141252,actress,,"[""Mrs. de Winter""]"
tt2235695,2,nm2309517,actor,,"[""Maxim de Winter""]"
tt2235695,3,nm0000218,actress,,"[""Mrs. Danvers""]"
tt2235695,4,nm0369954,actress,,"[""Beatrice""]"
tt2235695,5,nm0098810,actor,,"[""Taxi Driver""]"
tt2235695,6,nm0172510,actress,,"[""Guest with Dog""]"
tt2235695,7,nm0235652,actress,,"[""Mrs. Van Hopper""]"
tt2235695,8,nm0217324,actor,,"[""Restaurant Maitre D'""]"
tt2235695,9,nm5696188,actress,,"[""Restaurant Guest""]"
tt2235695,10,nm0973991,actress,,"[""Mrs. Jean Cabot""]"
tt2235695,11,nm1296554,director,,[]
tt2235695,12,nm0963359,writer,screenplay by,[]
tt2235695,13,nm1100123,writer,screenplay by,[]
tt2235695,14,nm3143608,writer,screenplay by,[]
tt2235695,15,nm0238898,writer,based on the novel by,[]
tt2235695,16,nm0079677,producer,producer,[]
tt2235695,17,nm0271479,producer,producer,[]
tt2235695,18,nm0661912,producer,producer,[]
tt2235695,19,nm0543739,composer,composer,[]
tt2235695,20,nm1124802,cinematographer,director of photography,[]
tt2235695,21,nm1633672,editor,editor,[]
tt2235695,22,nm1314324,casting_director,,[]
tt2235695,23,nm0002274,casting_director,,[]
tt2235695,24,nm0339391,production_designer,,[]
tt22408160,1,nm1297015,actress,,"[""Rita""]"
tt22408160,2,nm1297015,actress,,"[""Liz""]"
tt22408160,3,nm1297015,actress,,"[""Emily""]"
tt22408160,4,nm0687146,actor,,"[""Robert""]"
tt22408160,5,nm0687146,actor,,"[""Daniel""]"
tt22408160,6,nm0687146,actor,,"[""Andrew""]"
tt22408160,7,nm0000353,actor,,"[""Raymond""]"
tt22408160,8,nm0000353,actor,,"[""George""]"
tt22408160,9,nm0000353,actor,,"[""Omi""]"
tt22408160,10,nm4960279,actress,,"[""Vivian""]"
tt22408160,11,nm4960279,actress,,"[""Martha""]"
tt22408160,12,nm4960279,actress,,"[""Rebecca""]"
tt22408160,13,nm10606356,actor,,"[""R.M.F.""]"
tt22408160,14,nm16237139,actress,,"[""Paramedic""]"
tt22408160,15,nm2186865,actress,,"[""Sarah""]"
tt22408160,16,nm2186865,actress,,"[""Sharon""]"
tt22408160,17,nm2186865,actress,,"[""Aka""]"
tt22408160,18,nm15315024,actress,,"[""Louise""]"
tt22408160,19,nm16040482,actor,,"[""Cheval Barman""]"
tt22408160,20,nm6974206,actor,,"[""Will""]"
tt22408160,21,nm6974206,actor,,"[""Neil""]"
tt22408160,22,nm6974206,actor,,"[""Morgue Nurse""]"
tt22408160,23,nm0487166,director,,[]
tt22408160,24,nm0487166,writer,written by,[]
tt22408160,25,nm3328207,writer,written by,[]
tt22408160,26,nm0347384,producer,producer,[]
tt22408160,27,nm0487166,producer,producer,[]
tt22408160,28,nm1103466,producer,producer,[]
tt22408160,29,nm3914900,producer,producer,[]
tt22408160,30,nm14930772,composer,,[]
tt22408160,31,nm0752811,cinematographer,director of photography,[]
tt22408160,32,nm0561430,editor,,[]
tt22408160,33,nm1768846,casting_director,casting_director,[]
tt22408160,34,nm0002894,production_designer,,[]
tt2245003,1,nm0000106,actress,,"[""Jess""]"
tt2245003,2,nm0001057,actress,,"[""Milly""]"
tt2245003,3,nm1002641,actor,,"[""Kit""]"
tt2245003,4,nm0175916,actor,,"[""Jago""]"
tt2245003,5,nm1568411,actress,,"[""Midwife""]"
tt2245003,6,nm6841174,actress,,"[""Jess (10 yrs)""]"
tt2245003,7,nm1176400,actress,,"[""Teacher""]"
tt2245003,8,nm5663632,actress,,"[""Milly (10 yrs)""]"
tt2245003,9,nm6834708,actress,,"[""Jess (13 yrs)""]"
tt2245003,10,nm6143310,actress,,"[""Milly (13 yrs)""]"
tt2245003,11,nm0362566,director,,[]
tt2245003,12,nm0052218,writer,written by,[]
tt2245003,13,nm0800097,producer,producer,[]
tt2245003,14,nm0004581,composer,,[]
tt2245003,15,nm0204567,cinematographer,director of photography,[]
tt2245003,16,nm0058442,editor,,[]
tt2245003,17,nm0079667,casting_director,,[]
tt2245003,18,nm2294397,casting_director,,[]
tt2245003,19,nm0564109,production_designer,,[]
tt2253742,1,nm1713653,actor,,"[""Taehoon or Tae-hun""]"
tt2253742,2,nm0950510,actor,,"[""Major Yi Cheoul-hee""]"
tt2253742,3,nm1372796,actor,,"[""Major Park Dae-seo""]"
tt2253742,4,nm1732519,actress,,"[""Captain Oh Yoo-jin""]"
tt2253742,5,nm4062328,actor,,"[""First Lieutenant Ji Seok-hyun""]"
tt2253742,6,nm3756197,actor,,"[""Technical Sergeant Choi Min-ho""]"
tt2253742,7,nm1568779,actor,,"[""Sergeant Kim""]"
tt2253742,8,nm3210066,actor,,"[""Air war general""]"
tt2253742,9,nm1367681,actor,,"[""Chief Mechanic Min""]"
tt2253742,10,nm1433654,actor,,"[""Major Lee""]"
tt2253742,11,nm1936347,director,,[]
tt2253742,12,nm1017500,writer,screenplay,[]
tt2253742,13,nm1936347,writer,screenplay,[]
tt2253742,14,nm5349154,producer,producer,[]
tt2253742,15,nm5349173,producer,producer,[]
tt2253742,16,nm1936347,producer,producer,[]
tt2253742,17,nm1706468,producer,producer,[]
tt2253742,18,nm4188965,composer,,[]
tt2253742,19,nm1640159,cinematographer,,[]
tt2253742,20,nm1315834,editor,,[]
tt2253742,21,nm1001631,production_designer,,[]
tt23865942,1,nm1335387,actor,,"[""Vijay Menon""]"
tt23865942,2,nm0004418,actress,,"[""Meher""]"
tt23865942,3,nm2927478,actor,,"[""Harman Vijay Menon""]"
tt23865942,4,nm10926671,actor,,[]
tt23865942,5,nm1224082,actor,,[]
tt23865942,6,nm1241555,actor,,[]
tt23865942,7,nm14981552,actor,,"[""Abil Bhatt""]"
tt23865942,8,nm11367690,actor,,"[""Ashok Dembla""]"
tt23865942,9,nm15687938,actor,,"[""Young Vijay""]"
tt23865942,10,nm17932223,actor,,[]
tt23865942,11,nm5023746,director,,[]
tt23865942,12,nm15192292,writer,screenplay,[]
tt23865942,13,nm13982401,writer,dialogue,[]
tt23865942,14,nm15192296,writer,screenplay,[]
tt23865942,15,nm6555247,writer,dialogue,[]
tt23865942,16,nm0424101,producer,producer,[]
tt23865942,17,nm0424103,producer,producer,[]
tt23865942,18,nm2118923,producer,producer,[]
tt23865942,19,nm13102057,producer,producer,[]
tt23865942,20,nm4107221,composer,,[]
tt23865942,21,nm8428513,composer,,[]
tt23865942,22,nm3094735,composer,composer,[]
tt23865942,23,nm3007194,cinematographer,,[]
tt23865942,24,nm4731330,editor,,[]
tt23865942,25,nm2459088,editor,,[]
tt23865942,26,nm2511943,production_designer,,[]
tt2392830,1,nm0068187,actress,,"[""Young Emily""]"
tt2392830,2,nm0990095,actress,,"[""Miss Lyon""]"
tt2392830,3,nm6216593,actress,,"[""Young Vinnie""]"
tt2392830,4,nm7027696,actor,,"[""Young Austin""]"
tt2392830,5,nm0001018,actor,,"[""Father""]"
tt2392830,6,nm7472093,actress,,"[""Jenny Lind""]"
tt2392830,7,nm9073343,actor,,"[""Concert Hall Pianist""]"
tt2392830,8,nm0046183,actress,,"[""Aunt Elizabeth""]"
tt2392830,9,nm8560283,actor,,"[""Dr. Holland""]"
tt2392830,10,nm0045791,actress,,"[""Mother""]"
tt2392830,11,nm0203993,director,director,[]
tt2392830,12,nm0203993,writer,written by,[]
tt2392830,13,nm1057727,producer,producer,[]
tt2392830,14,nm1099225,producer,producer,[]
tt2392830,15,nm0389285,cinematographer,cinematographer,[]
tt2392830,16,nm0223737,editor,,[]
tt2392830,17,nm0517235,casting_director,,[]
tt2392830,18,nm0784599,production_designer,,[]
tt2395417,1,nm0550371,actor,,"[""John May""]"
tt2395417,2,nm0296219,actress,,"[""Kelly Stoke""]"
tt2395417,3,nm0238635,actress,,"[""Mary""]"
tt2395417,4,nm2217601,actor,,"[""Council Manager""]"
tt2395417,5,nm0195937,actor,,"[""Shakthi""]"
tt2395417,6,nm0789573,actor,,"[""Billy Stoke's Caretaker""]"
tt2395417,7,nm3679382,actor,,"[""Caretaker""]"
tt2395417,8,nm1635458,actor,,"[""Jumbo""]"
tt2395417,9,nm0693364,actor,,"[""Homeless Man""]"
tt2395417,10,nm2167957,actor,,"[""Homeless Man""]"
tt2395417,11,nm0664667,director,,[]
tt2395417,12,nm0664667,writer,,[]
tt2395417,13,nm0664667,producer,producer,[]
tt2395417,14,nm0800097,producer,producer,[]
tt2395417,15,nm3770108,producer,producer,[]
tt2395417,16,nm0006235,composer,,[]
tt2395417,17,nm0266113,cinematographer,,[]
tt2395417,18,nm0118605,editor,,[]
tt2395417,19,nm0002655,editor,,[]
tt2395417,20,nm0007109,casting_director,,[]
tt2395417,21,nm1669356,production_designer,,[]
tt2406676,1,nm1431656,actor,,"[""Bobo""]"
tt2406676,2,nm1234298,actress,,"[""Diana""]"
tt2406676,3,nm3202701,actress,,"[""Lisa Dutt""]"
tt2406676,4,nm4806622,actress,,"[""Tamara""]"
tt2406676,5,nm0539497,actor,,"[""Prof Mathur""]"
tt2406676,6,nm0244900,actor,,"[""Dr. Ranjan Palit""]"
tt2406676,7,nm4244981,actor,,"[""Young Bobo""]"
tt2406676,8,nm4271961,actress,,"[""Misha""]"
tt2406676,9,nm5389195,actor,,"[""Zubin""]"
tt2406676,10,nm6123790,actress,,"[""Sangeeta""]"
tt2406676,11,nm1568319,director,,[]
tt2406676,12,nm0080235,writer,dialogue,[]
tt2406676,13,nm0788889,writer,story and screenplay,[]
tt2406676,14,nm0080234,producer,producer,[]
tt2406676,15,nm0080235,producer,producer,[]
tt2406676,16,nm0438471,producer,producer,[]
tt2406676,17,nm0438506,producer,producer,[]
tt2406676,18,nm0080235,composer,,[]
tt2406676,19,nm1996344,composer,,[]
tt2406676,20,nm3006765,cinematographer,,[]
tt2406676,21,nm6382426,editor,editor,[]
tt2406676,22,nm0695252,editor,,[]
tt2406676,23,nm1805444,casting_director,,[]
tt2406676,24,nm4506218,production_designer,production_designer,[]
tt2406676,25,nm5432149,production_designer,,[]
tt2414040,1,nm1923803,actor,,"[""Luc Sauvageau""]"
tt2414040,2,nm0858048,actress,,"[""Stéphanie""]"
tt2414040,3,nm0580944,actress,,"[""Lindsay Walker""]"
tt2414040,4,nm0189887,actress,,"[""Isabelle""]"
tt2414040,5,nm3800165,actor,,"[""Nicolas""]"
tt2414040,6,nm0286247,actor,,"[""Roger Bouchard""]"
tt2414040,7,nm4630698,actress,,"[""Mélissa""]"
tt2414040,8,nm3210743,actress,,"[""Karine""]"
tt2414040,9,nm0415191,actor,,"[""Directeur du musée""]"
tt2414040,10,nm0010207,actress,,"[""Juana""]"
tt2414040,11,nm0000780,director,,[]
tt2414040,12,nm0000780,writer,,[]
tt2414040,13,nm0521858,producer,producer,[]
tt2414040,14,nm0730629,producer,producer,[]
tt2414040,15,nm5063862,composer,,[]
tt2414040,16,nm0596588,cinematographer,,[]
tt2414040,17,nm0214105,editor,,[]
tt2414040,18,nm0733250,casting_director,,[]
tt2443022,1,nm6874112,self,,"[""Self""]"
tt2443022,2,nm6874113,self,,"[""Self""]"
tt2443022,3,nm3879213,actor,,"[""Kate""]"
tt2443022,4,nm6874110,self,,"[""Self""]"
tt2443022,5,nm6874115,actor,,"[""J.R's voice""]"
tt2443022,6,nm6874114,actor,,"[""Carl's voice""]"
tt2443022,7,nm0800896,actor,,"[""Paul""]"
tt2443022,8,nm6874111,self,,"[""Self""]"
tt2443022,9,nm3130548,actor,,"[""Ross""]"
tt2443022,10,nm3130548,actor,,"[""Vance's voice""]"
tt2443022,11,nm5312835,director,,[]
tt2443022,12,nm5312835,writer,story,[]
tt2443022,13,nm1215909,writer,story,[]
tt2443022,14,nm5312835,producer,producer,[]
tt2443022,15,nm1215909,producer,producer,[]
tt2443022,16,nm1402325,producer,producer,[]
tt2443022,17,nm1365652,producer,producer,[]
tt2443022,18,nm5445991,composer,,[]
tt2443022,19,nm1047226,cinematographer,,[]
tt2443022,20,nm1402325,editor,,[]
tt2443022,21,nm4788192,production_designer,,[]
tt2527186,1,nm3453460,actress,,"[""Taylor""]"
tt2527186,2,nm2483129,actor,,"[""Football Player 25""]"
tt2527186,3,nm0039958,actress,,"[""Ms. Wolf""]"
tt2527186,4,nm2005850,actor,,"[""Moochie""]"
tt2527186,5,nm6657191,actor,,"[""Nicholas""]"
tt2527186,6,nm5372552,actress,,"[""Kayle""]"
tt2527186,7,nm0100889,actor,,"[""Larry""]"
tt2527186,8,nm1794642,actor,,"[""Rock""]"
tt2527186,9,nm4703551,actress,,"[""Tracy Bingham""]"
tt2527186,10,nm5137104,actress,,"[""Hanna Popkin""]"
tt2527186,11,nm1031246,director,,[]
tt2527186,12,nm1032754,director,,[]
tt2527186,13,nm1031246,writer,screenplay,[]
tt2527186,14,nm1032754,writer,screenplay,[]
tt2527186,15,nm1720736,producer,producer,[]
tt2527186,16,nm0886156,producer,producer,[]
tt2527186,17,nm1262626,composer,,[]
tt2527186,18,nm2766163,cinematographer,,[]
tt2527186,19,nm3732346,editor,,[]
tt2527186,20,nm1351446,editor,,[]
tt2527186,21,nm0003915,casting_director,,[]
tt2527186,22,nm1771469,production_designer,,[]
tt2537176,1,nm4728487,actress,,"[""Katie Carter""]"
tt2537176,2,nm0009424,actor,,"[""Ivan Patov""]"
tt2537176,3,nm3941379,actor,,"[""Georgy Patov""]"
tt2537176,4,nm1197031,actor,,"[""Detective Kiril""]"
tt2537176,5,nm1128766,actress,,"[""Ana Patov""]"
tt2537176,6,nm0670893,actor,,"[""Father Dimov""]"
tt2537176,7,nm4391958,actor,,"[""Nicolay Patov""]"
tt2537176,8,nm0798872,actor,,"[""Valko""]"
tt2537176,9,nm1653263,actor,,"[""Jayson""]"
tt2537176,10,nm0056041,actress,,"[""Sharon""]"
tt2537176,11,nm0003458,director,,[]
tt2537176,12,nm1140089,writer,screenplay,[]
tt2537176,13,nm0272090,writer,screenplay,[]
tt2537176,14,nm0360964,producer,producer,[]
tt2537176,15,nm0078473,producer,producer,[]
tt2537176,16,nm1509816,composer,,[]
tt2537176,17,nm0111341,cinematographer,director of photography,[]
tt2537176,18,nm0358006,editor,,[]
tt2537176,19,nm0370400,casting_director,,[]
tt2537176,20,nm1963897,production_designer,,[]
tt25947954,1,nm10657454,actress,,"[""Aurora""]"
tt25947954,2,nm7048307,actress,,"[""Ayla""]"
tt25947954,3,nm0226813,actor,,"[""Derek""]"
tt25947954,4,nm8279117,actor,,"[""Isaiah""]"
tt25947954,5,nm8534591,actress,,"[""Calah""]"
tt25947954,6,nm7768196,actor,,"[""Caleb""]"
tt25947954,7,nm8874294,actor,,"[""Aaron""]"
tt25947954,8,nm12378183,actress,,"[""Dina""]"
tt25947954,9,nm0233499,actor,,"[""Baker""]"
tt25947954,10,nm0079430,actor,,"[""Joseph""]"
tt25947954,11,nm1396362,director,,[]
tt25947954,12,nm3664884,writer,written by,[]
tt25947954,13,nm0857840,producer,producer,[]
tt25947954,14,nm4148859,producer,producer,[]
tt25947954,15,nm0901822,producer,producer,[]
tt25947954,16,nm3214738,composer,composer,[]
tt25947954,17,nm2933015,cinematographer,,[]
tt25947954,18,nm1814056,editor,,[]
tt25947954,19,nm4946914,casting_director,,[]
tt25947954,20,nm0946134,casting_director,,[]
tt2649128,1,nm1655234,actor,,"[""Garin""]"
tt2649128,2,nm0069783,actor,,"[""Konstantinov""]"
tt2649128,3,nm1300303,actress,,"[""Irina""]"
tt2649128,4,nm3999580,actress,,"[""Ksyusha""]"
tt2649128,5,nm1794432,actor,,"[""Denis""]"
tt2649128,6,nm3454631,actress,,"[""Alisa""]"
tt2649128,7,nm1335238,actress,,"[""Galochka""]"
tt2649128,8,nm1113851,actor,,"[""Mikhail""]"
tt2649128,9,nm3052337,actor,,"[""Sergeich""]"
tt2649128,10,nm3324374,actor,,"[""Zimin""]"
tt2649128,11,nm2415918,director,,[]
tt2649128,12,nm7040048,writer,"novel ""Metro""",[]
tt2649128,13,nm1539961,writer,,[]
tt2649128,14,nm3968837,writer,participation,[]
tt2649128,15,nm2415918,writer,participation,[]
tt2649128,16,nm5064855,producer,producer,[]
tt2649128,17,nm0866250,producer,producer,[]
tt2649128,18,nm0693085,composer,,[]
tt2649128,19,nm0039945,cinematographer,,[]
tt2649128,20,nm4483013,editor,editor,[]
tt2649128,21,nm0637128,production_designer,,[]
tt26660615,1,nm0200702,actor,,"[""Tridan Lagache""]"
tt26660615,2,nm0580101,actor,,"[""Louis""]"
tt26660615,3,nm0001250,actress,,"[""Roxane""]"
tt26660615,4,nm7627120,actor,,"[""Didier Lagache""]"
tt26660615,5,nm2984738,actress,,"[""Françoise Lagache""]"
tt26660615,6,nm0167467,actress,,"[""Françoise Lagache 70 ans""]"
tt26660615,7,nm9611660,actor,,"[""Tridan 8 ans""]"
tt26660615,8,nm4814216,actress,,"[""Héléna, la jeune fille de l'avion""]"
tt26660615,9,nm14776900,actress,,"[""Violette Charmet 8 ans""]"
tt26660615,10,nm0332734,actress,,"[""Christelle, la gérante du Pure Café""]"
tt26660615,11,nm0200702,director,,[]
tt26660615,12,nm0200702,writer,dialogue,[]
tt26660615,13,nm1482301,producer,producer,[]
tt26660615,14,nm9500393,composer,,[]
tt26660615,15,nm0817508,cinematographer,,[]
tt26660615,16,nm5839579,casting_director,,[]
tt26660615,17,nm3451508,casting_director,,[]
tt2669336,1,nm1263939,actress,,"[""Callie""]"
tt2669336,2,nm0641610,actor,,"[""Finn""]"
tt2669336,3,nm3122871,actor,,"[""Jasper""]"
tt2669336,4,nm0722636,actor,,"[""Mr. Bezzerides""]"
tt2669336,5,nm0722636,actor,,"[""Mr. Bezzerides""]"
tt2669336,6,nm1514763,actor,,"[""Big Joe""]"
tt2669336,7,nm1032853,actor,,"[""Ivan""]"
tt2669336,8,nm0560864,actress,,"[""Dr. Heidecker""]"
tt2669336,9,nm1058318,actor,,"[""Marcus""]"
tt2669336,10,nm0236946,actress,,"[""Mrs. Anderson""]"
tt2669336,11,nm2399297,actor,,"[""Dog Race Announcer""]"
tt2669336,12,nm1783713,director,,[]
tt2669336,13,nm1783713,writer,written by,[]
tt2669336,14,nm1733130,writer,written by,[]
tt2669336,15,nm1733130,producer,producer,[]
tt2669336,16,nm0599905,producer,producer,[]
tt2669336,17,nm1732890,composer,composer,[]
tt2669336,18,nm1106651,cinematographer,,[]
tt2669336,19,nm0189285,editor,,[]
tt2669336,20,nm2125021,casting_director,,[]
tt2669336,21,nm0060078,casting_director,,[]
tt2669336,22,nm3490382,production_designer,,[]
tt26899693,1,nm9145599,actor,,"[""Dante Williams""]"
tt26899693,2,nm8950611,actor,,"[""Bithlo""]"
tt26899693,3,nm5174473,actress,,"[""Anna""]"
tt26899693,4,nm0479779,actor,,"[""Mayor Jensen""]"
tt26899693,5,nm0728411,actor,,"[""Trig""]"
tt26899693,6,nm0931899,actor,,"[""Grady""]"
tt26899693,7,nm10097013,actor,,"[""Sheriff Williams""]"
tt26899693,8,nm11754750,actor,,"[""Deputy Farmer""]"
tt26899693,9,nm2335335,actor,,"[""Shane""]"
tt26899693,10,nm3789009,actress,,"[""Skylar""]"
tt26899693,11,nm0712782,director,director,[]
tt26899693,12,nm2072286,writer,screenplay,[]
tt26899693,13,nm3055344,writer,screenplay,[]
tt26899693,14,nm0490375,producer,producer,[]
tt26899693,15,nm1700105,composer,,[]
tt26899693,16,nm5871452,composer,,[]
tt26899693,17,nm0725808,composer,,[]
tt26899693,18,nm2640966,cinematographer,,[]
tt26899693,19,nm5372764,editor,,[]
tt26899693,20,nm2833385,casting_director,,[]
tt26899693,21,nm13223742,casting_director,casting director,[]
tt26899693,22,nm13791604,production_designer,,[]
tt27114092,1,nm4705505,actress,,"[""Yulia Pchelkina""]"
tt27114092,2,nm0450975,actor,,"[""Veniamin Rubenstein""]"
tt27114092,3,nm6789414,actor,,"[""August van der Holt""]"
tt27114092,4,nm0625985,actress,,"[""Lena Prokopenko""]"
tt27114092,5,nm3500725,actor,,"[""Igor Grom""]"
tt27114092,6,nm0840430,actress,,"[""Maria Arkhipova""]"
tt27114092,7,nm2841677,actress,,"[""Anna Terebkina""]"
tt27114092,8,nm5663160,actor,,"[""Oleg Volkov""]"
tt27114092,9,nm1675246,actor,,"[""Fyodor Prokopenko""]"
tt27114092,10,nm7137981,actor,,"[""Vlogger""]"
tt27114092,11,nm8251673,director,,[]
tt27114092,12,nm7896839,writer,,[]
tt27114092,13,nm7393537,writer,,[]
tt27114092,14,nm14642335,writer,,[]
tt27114092,15,nm3087237,producer,producer,[]
tt27114092,16,nm7896839,producer,producer,[]
tt27114092,17,nm2253190,producer,producer,[]
tt27114092,18,nm3235085,cinematographer,,[]
tt27114092,19,nm6187475,editor,editor,[]
tt27487934,1,nm0897201,actor,,"[""Gandhi""]"
tt27487934,2,nm0897201,actor,,"[""Jeevan Gandhi""]"
tt27487934,3,nm0897201,actor,,"[""Sanjay""]"
tt27487934,4,nm0695286,actor,,"[""Sunil Thiagarajan""]"
tt27487934,5,nm0222150,actor,,"[""Kalyan Sundaram""]"
tt27487934,6,nm0595897,actor,,"[""Rajiv Menon""]"
tt27487934,7,nm0419688,actor,,"[""Nazeer""]"
tt27487934,8,nm2775995,actor,,"[""Ajay Govindharaj""]"
tt27487934,9,nm3163817,actor,,"[""Sha""]"
tt27487934,10,nm6489058,actor,,"[""Diamond Babu""]"
tt27487934,11,nm2908893,actor,,"[""Seenu""]"
tt27487934,12,nm0998044,actress,,"[""Anusuya Gandhi""]"
tt27487934,13,nm1862815,director,,[]
tt27487934,14,nm16513575,writer,Hindi dialogue,[]
tt27487934,15,nm13543587,writer,screenplay,[]
tt27487934,16,nm5965104,writer,screenplay,[]
tt27487934,17,nm13164073,writer,screenplay,[]
tt27487934,18,nm3342464,producer,producer,[]
tt27487934,19,nm3344486,producer,producer,[]
tt27487934,20,nm3342685,producer,producer,[]
tt27487934,21,nm1421776,composer,,[]
tt27487934,22,nm4394265,cinematographer,,[]
tt27487934,23,nm9359620,editor,,[]
tt27487934,24,nm1961264,production_designer,,[]
tt27490380,1,nm11151144,actor,,"[""William""]"
tt27490380,2,nm9413210,actress,,"[""Agnes""]"
tt27490380,3,nm7820251,actor,,"[""Oscar""]"
tt27490380,4,nm3126674,actor,,"[""Arok""]"
tt27490380,5,nm3126674,actor,,"[""Ismail Gani""]"
tt27490380,6,nm5996118,actor,,"[""Emil""]"
tt27490380,7,nm6183900,actress,,"[""Karin""]"
tt27490380,8,nm10654486,actor,,"[""Fajar""]"
tt27490380,9,nm10578895,actor,,"[""Waluyo""]"
tt27490380,10,nm3184775,actress,,"[""Gita""]"
tt27490380,11,nm5120794,actor,,"[""Damaskus""]"
tt27490380,12,nm2806693,director,,[]
tt27490380,13,nm2806693,writer,written by,[]
tt27490380,14,nm6579202,writer,written by,[]
tt27490380,15,nm11894037,producer,producer,[]
tt27490380,16,nm10878270,composer,music director,[]
tt27490380,17,nm12638950,cinematographer,director of photography,[]
tt27490380,18,nm10328865,editor,,[]
tt27490380,19,nm14134559,casting_director,,[]
tt27490380,20,nm6041761,production_designer,,[]
tt27802490,1,nm1954446,actress,,"[""Lee Hwa-rim""]"
tt27802490,2,nm0158856,actor,,"[""Kim Sang-deok""]"
tt27802490,3,nm9946376,actor,,"[""Yoon Bong-gil""]"
tt27802490,4,nm1041999,actor,,"[""Go Yeong-geun""]"
tt27802490,5,nm6728658,actress,,"[""Oh Gwang-sim""]"
tt27802490,6,nm11348699,actress,,"[""Park Ji-yong's wife""]"
tt27802490,7,nm8027737,actor,,"[""Park Ji-yong""]"
tt27802490,8,nm9364092,actor,,"[""Plane Passenger""]"
tt27802490,9,nm7035254,actor,,"[""President Kim""]"
tt27802490,10,nm11989089,actor,,"[""Goseong Hospital ER doctor""]"
tt27802490,11,nm6940206,director,,[]
tt27802490,12,nm6940206,writer,screenplay,[]
tt27802490,13,nm15518875,producer,producer,[]
tt27802490,14,nm5721655,producer,producer,[]
tt27802490,15,nm14061675,producer,producer,[]
tt27802490,16,nm1534553,composer,,[]
tt27802490,17,nm1371243,cinematographer,,[]
tt2819358,1,nm0154139,actress,,"[""Rashmoni at 70""]"
tt2819358,2,nm1234298,actress,,"[""Somlata""]"
tt2819358,3,nm3372981,actress,,"[""Chaitali""]"
tt2819358,4,nm3372981,actress,,"[""Rashmoi at 22""]"
tt2819358,5,nm1384413,actor,,"[""Somlata's husband""]"
tt2819358,6,nm3056725,actor,,"[""Somlata's Father-in-Law""]"
tt2819358,7,nm3533508,actress,,"[""Somlata's Sister-in-Law""]"
tt2819358,8,nm1385118,actor,,"[""Somlata's Brother-in-Law""]"
tt2819358,9,nm5016474,actor,,"[""Benu""]"
tt2819358,10,nm0149828,actress,,"[""Kamala""]"
tt2819358,11,nm4110994,actress,,"[""Somlata's Mother-in-Law""]"
tt2819358,12,nm0031967,director,,[]
tt2819358,13,nm1425586,writer,novel,[]
tt2819358,14,nm1421119,producer,producer,[]
tt2819358,15,nm2954841,cinematographer,,[]
tt2819358,16,nm0537977,editor,editor,[]
tt28607951,1,nm5700898,actress,,"[""Ani""]"
tt28607951,2,nm0919311,actor,,"[""Nick""]"
tt28607951,3,nm7919330,actress,,"[""Diamond""]"
tt28607951,4,nm3969425,actress,,"[""Nikki""]"
tt28607951,5,nm14599320,actress,,"[""Lulu""]"
tt28607951,6,nm0969994,actor,,"[""Jimmy""]"
tt28607951,7,nm12676704,actress,,"[""Dawn""]"
tt28607951,8,nm15414650,actress,,"[""Jenny""]"
tt28607951,9,nm12953205,actor,,"[""Ivan""]"
tt28607951,10,nm16275262,actor,,"[""Tom""]"
tt28607951,11,nm0048918,director,,[]
tt28607951,12,nm0048918,writer,written by,[]
tt28607951,13,nm0048918,producer,producer,[]
tt28607951,14,nm7866544,producer,producer,[]
tt28607951,15,nm1013476,producer,producer,[]
tt28607951,16,nm16740251,composer,,[]
tt28607951,17,nm2588703,cinematographer,,[]
tt28607951,18,nm0048918,editor,,[]
tt28607951,19,nm0048918,casting_director,,[]
tt28607951,20,nm3835687,production_designer,,[]
tt2901962,1,nm0434716,actor,,"[""Gerhard Rihmakallo""]"
tt2901962,2,nm0434716,actor,,"[""Jouni Hirvi""]"
tt2901962,3,nm0434716,actor,,"[""Yrjö Kortesmäki""]"
tt2901962,4,nm0897168,actor,,"[""David Foster""]"
tt2901962,5,nm0897168,actor,,"[""Jarmo""]"
tt2901962,6,nm0897168,actor,,"[""Baarimikko""]"
tt2901962,7,nm0374829,actor,,"[""Tomi""]"
tt2901962,8,nm0374829,actor,,"[""Risto""]"
tt2901962,9,nm0374829,actor,,"[""Erkki 'Likasanko' Sysimetsä""]"
tt2901962,10,nm0798628,actor,,"[""Monkki Mähönen""]"
tt2901962,11,nm0798628,actor,,"[""Antti""]"
tt2901962,12,nm0798628,actor,,"[""Arvo Hakala""]"
tt2901962,13,nm1736979,actress,,"[""Heidi Hunajamäki""]"
tt2901962,14,nm1736979,actress,,"[""Stina""]"
tt2901962,15,nm0702555,actor,,"[""Kalle Mörtfelt""]"
tt2901962,16,nm0617031,actor,,"[""Kurre von Riikonen""]"
tt2901962,17,nm1948103,actor,,"[""Julle Rekola""]"
tt2901962,18,nm0383213,actor,,"[""Nahkajaska""]"
tt2901962,19,nm0865647,actor,,"[""Pentti""]"
tt2901962,20,nm0617407,director,,[]
tt2901962,21,nm0434716,writer,,[]
tt2901962,22,nm0798628,writer,,[]
tt2901962,23,nm0897168,writer,,[]
tt2901962,24,nm0434716,producer,producer,[]
tt2901962,25,nm0617407,producer,producer,[]
tt2901962,26,nm0783203,producer,producer,[]
tt2901962,27,nm0434716,composer,,[]
tt2901962,28,nm0798628,composer,,[]
tt2901962,29,nm0375550,cinematographer,,[]
tt2901962,30,nm0845830,editor,,[]
tt2908446,1,nm0940362,actress,,"[""Tris""]"
tt2908446,2,nm5052065,actor,,"[""Caleb""]"
tt2908446,3,nm3772243,actor,,"[""Four""]"
tt2908446,4,nm0000701,actress,,"[""Jeanine""]"
tt2908446,5,nm2541974,actor,,"[""Eric""]"
tt2908446,6,nm0001616,actor,,"[""Max""]"
tt2908446,7,nm1886602,actor,,"[""Peter""]"
tt2908446,8,nm3797855,actress,,"[""Amity Divergent Woman""]"
tt2908446,9,nm1495175,actor,,"[""Amity Divergent Husband""]"
tt2908446,10,nm4103537,actress,,"[""Amity Teacher""]"
tt2908446,11,nm0777881,director,,[]
tt2908446,12,nm3929259,writer,screenplay by,[]
tt2908446,13,nm0326040,writer,screenplay by,[]
tt2908446,14,nm0093560,writer,screenplay by,[]
tt2908446,15,nm4316121,writer,"based on the novel ""Insurgent"" by",[]
tt2908446,16,nm0279651,producer,producer,[]
tt2908446,17,nm4489323,producer,producer,[]
tt2908446,18,nm0926824,producer,producer,[]
tt2908446,19,nm2468967,composer,composer,[]
tt2908446,20,nm0050832,cinematographer,director of photography,[]
tt2908446,21,nm0506634,editor,,[]
tt2908446,22,nm0724706,editor,,[]
tt2908446,23,nm0437093,casting_director,,[]
tt2908446,24,nm0894611,casting_director,,[]
tt2908446,25,nm0358638,production_designer,,[]
tt29344903,1,nm10512214,actress,,"[""Elvira""]"
tt29344903,2,nm1335996,actress,,"[""Rebekka""]"
tt29344903,3,nm2186074,actress,,"[""Agnes""]"
tt29344903,4,nm12608830,actress,,"[""Alma""]"
tt29344903,5,nm10973506,actor,,"[""Prince Julian""]"
tt29344903,6,nm6855695,actor,,"[""Isak""]"
tt29344903,7,nm0138120,actor,,"[""Otto""]"
tt29344903,8,nm8794761,actor,,"[""Connoisseur""]"
tt29344903,9,nm3608706,actor,,"[""Omnivore""]"
tt29344903,10,nm16091006,actress,,"[""The Cook""]"
tt29344903,11,nm5132581,director,director,[]
tt29344903,12,nm5132581,writer,written by,[]
tt29344903,13,nm2250929,producer,producer,[]
tt29344903,14,nm1145570,composer,,[]
tt29344903,15,nm15206519,composer,,[]
tt29344903,16,nm0959128,cinematographer,director of photography,[]
tt29344903,17,nm4302809,editor,,[]
tt29344903,18,nm0404830,production_designer,,[]
tt29344903,19,nm11829998,production_designer,production_designer,[]
tt29456979,1,nm5939214,actor,,"[""Siby""]"
tt29456979,2,nm6446946,actress,,"[""Shosha""]"
tt29456979,3,nm13660940,actor,,"[""Nathan""]"
tt29456979,4,nm1432578,actor,,"[""Joy""]"
tt29456979,5,nm2055008,actor,,"[""Baby""]"
tt29456979,6,nm11620333,actor,,"[""Power Bhai""]"
tt29456979,7,nm3557375,actor,,"[""Sharon""]"
tt29456979,8,nm15626250,actor,,[]
tt29456979,9,nm14498005,actress,,[]
tt29456979,10,nm3154399,actor,,"[""Paappan""]"
tt29456979,11,nm11251167,director,,[]
tt29456979,12,nm11251166,director,,[]
tt29456979,13,nm11251167,writer,story,[]
tt29456979,14,nm11251166,writer,story,[]
tt29456979,15,nm12299201,writer,,[]
tt29456979,16,nm5578638,producer,producer,[]
tt29456979,17,nm14677629,producer,producer,[]
tt29456979,18,nm4724311,composer,,[]
tt29456979,19,nm9159222,cinematographer,,[]
tt29456979,20,nm7881477,editor,,[]
tt29567402,1,nm2353862,actor,,"[""Darcy Davenport""]"
tt29567402,2,nm10538218,actress,,"[""Daphne Davenport""]"
tt29567402,3,nm5558562,actress,,"[""The Child""]"
tt29567402,4,nm12705718,actor,,"[""The Shadow""]"
tt29567402,5,nm2838336,director,director,[]
tt29567402,6,nm2838336,writer,written by,[]
tt29567402,7,nm5356239,producer,producer,[]
tt29567402,8,nm1224078,producer,producer,[]
tt29567402,9,nm2775396,producer,producer,[]
tt29567402,10,nm7662861,producer,producer,[]
tt29567402,11,nm6042417,composer,,[]
tt29567402,12,nm5694650,cinematographer,director of photography,[]
tt29567402,13,nm3967596,editor,editor,[]
tt29567402,14,nm0810929,editor,editor,[]
tt29567402,15,nm0003849,casting_director,,[]
tt29567402,16,nm8439829,casting_director,,[]
tt29567402,17,nm6008495,casting_director,,[]
tt29567402,18,nm4760729,production_designer,,[]
tt3063462,1,nm2113653,actor,,"[""Alex Taylor""]"
tt3063462,2,nm1047732,actor,,"[""Brad Coleman""]"
tt3063462,3,nm0081572,actor,,"[""Geoff Taylor""]"
tt3063462,4,nm0005007,actress,,"[""Sandy Taylor""]"
tt3063462,5,nm0136482,actor,,"[""Angus Coleman""]"
tt3063462,6,nm1068777,actress,,"[""Julie""]"
tt3063462,7,nm1340738,actress,,"[""Mrs. McVie""]"
tt3063462,8,nm5094403,actor,,"[""Tyson""]"
tt3063462,9,nm5372762,actor,,"[""Mitchell""]"
tt3063462,10,nm5820794,actor,,"[""Ricky Coleman""]"
tt3063462,11,nm0363473,director,,[]
tt3063462,12,nm3668033,writer,writer,[]
tt3063462,13,nm2435579,producer,executive producer,[]
tt3063462,14,nm0363487,producer,executive producer,[]
tt3063462,15,nm0325317,composer,,[]
tt3063462,16,nm0148986,cinematographer,,[]
tt3063462,17,nm3325679,editor,,[]
tt3063462,18,nm2821273,casting_director,,[]
tt3063462,19,nm1848950,production_designer,,[]
tt3092076,1,nm0099828,actor,,"[""Didier Latour""]"
tt3092076,2,nm0132064,actor,,"[""Bernard Latour""]"
tt3092076,3,nm0529591,actor,,"[""Pascal Latour""]"
tt3092076,4,nm5400953,actress,,"[""Sarah""]"
tt3092076,5,nm0241538,actor,,"[""Michael Rossignol""]"
tt3092076,6,nm0373092,actor,,"[""Maître Vaselin""]"
tt3092076,7,nm0751606,actor,,"[""Le beau-père de Michael""]"
tt3092076,8,nm1618065,actress,,"[""Moss""]"
tt3092076,9,nm2459486,actress,,"[""Viviane""]"
tt3092076,10,nm0900116,actress,,"[""Cathy""]"
tt3092076,11,nm0099828,director,director,[]
tt3092076,12,nm0132064,director,director,[]
tt3092076,13,nm0529591,director,director,[]
tt3092076,14,nm0099828,writer,screenplay,[]
tt3092076,15,nm0132064,writer,screenplay,[]
tt3092076,16,nm0323886,producer,producer,[]
tt3092076,17,nm0076346,composer,,[]
tt3092076,18,nm0099828,composer,,[]
tt3092076,19,nm0146430,cinematographer,,[]
tt3092076,20,nm0444872,editor,,[]
tt3092076,21,nm0006628,casting_director,,[]
tt3092076,22,nm0551766,production_designer,,[]
tt30973261,1,nm6904578,actress,,"[""Nevenka""]"
tt30973261,2,nm6222172,actor,,"[""Ismael""]"
tt30973261,3,nm1088493,actor,,"[""Lucas""]"
tt30973261,4,nm10224527,actress,,"[""Charo Velasco""]"
tt30973261,5,nm2873551,actor,,"[""Adolfo""]"
tt30973261,6,nm3664933,actress,,"[""Madre Nevenka""]"
tt30973261,7,nm1442840,actor,,"[""Padre Nevenka""]"
tt30973261,8,nm4861800,actor,,"[""Mario""]"
tt30973261,9,nm1349944,actress,,"[""Marisina""]"
tt30973261,10,nm16580075,actress,,"[""Sandra Amiga Nevenka""]"
tt30973261,11,nm0093081,director,director,[]
tt30973261,12,nm0093081,writer,written by,[]
tt30973261,13,nm3040373,writer,written by,[]
tt30973261,14,nm1014196,writer,"inspired by ""Hay algo que no es como me dicen: El caso Nevenka Fernández contra la realidad"" by",[]
tt30973261,15,nm12727423,writer,"inspired by ""El poder de la verdad"" by",[]
tt30973261,16,nm1879213,producer,executive producer,[]
tt30973261,17,nm0783896,producer,executive producer,[]
tt30973261,18,nm1086949,producer,executive producer,[]
tt30973261,19,nm2592941,composer,,[]
tt30973261,20,nm1966322,cinematographer,,[]
tt30973261,21,nm0749593,editor,,[]
tt30973261,22,nm2804064,casting_director,casting_director,[]
tt31013030,1,nm1012534,actress,,"[""Ghadah Said""]"
tt31013030,2,nm4937378,actor,,"[""Tareq Abdulhalim""]"
tt31013030,3,nm4877913,actor,,"[""Tareq Abdulhamid""]"
tt31013030,4,nm10343541,actress,,"[""Prostitute""]"
tt31013030,5,nm7117374,actor,,"[""Hesham""]"
tt31013030,6,nm6178682,actor,,"[""Murad""]"
tt31013030,7,nm12970572,actress,,"[""Murad's wife""]"
tt31013030,8,nm13085047,actress,,"[""Amany""]"
tt31013030,9,nm11608422,actress,,"[""Dalya""]"
tt31013030,10,nm0252578,actor,,"[""Father Hagg Said""]"
tt31013030,11,nm1216911,director,,[]
tt31013030,12,nm9237513,writer,,[]
tt31013030,13,nm1650324,producer,producer,[]
tt31013030,14,nm6883900,composer,,[]
tt31013030,15,nm5575971,cinematographer,,[]
tt31013030,16,nm4751994,cinematographer,cinematographer,[]
tt31013030,17,nm18295774,casting_director,casting director,[]
tt31013030,18,nm3608929,production_designer,,[]
tt31226981,1,nm0051850,actor,,"[""Yadagiri Master""]"
tt31226981,2,nm0893142,actor,,"[""Yadagari Damodara Raju""]"
tt31226981,3,nm0474871,actor,,"[""Manikya Rao""]"
tt31226981,4,nm5781594,actress,,"[""Bhagyalakshmi""]"
tt31226981,5,nm11203267,actress,,"[""ACP C. Meenakshi""]"
tt31226981,6,nm1822342,actor,,"[""Jailer George Antony""]"
tt31226981,7,nm4015380,actor,,"[""Satya Akella""]"
tt31226981,8,nm4015380,actor,,"[""Prem""]"
tt31226981,9,nm3902889,actor,,"[""Neighbour""]"
tt31226981,10,nm9855589,actor,,"[""Bhagyam's Father""]"
tt31226981,11,nm2536215,actor,,"[""Party President""]"
tt31226981,12,nm3902889,director,,[]
tt31226981,13,nm3902889,writer,,[]
tt31226981,14,nm2346035,producer,producer,[]
tt31226981,15,nm2460535,producer,producer,[]
tt31226981,16,nm5114767,composer,,[]
tt31226981,17,nm0714778,cinematographer,,[]
tt31226981,18,nm5621687,editor,editor,[]
tt31226981,19,nm2652802,production_designer,production designer,[]
tt31242102,1,nm12381967,actress,,"[""Shruthi""]"
tt31242102,2,nm10459559,actor,,[]
tt31242102,3,nm7575624,actor,,[]
tt31242102,4,nm13955174,actor,,"[""Krishnamurthy""]"
tt31242102,5,nm15966012,actor,,[]
tt31242102,6,nm4427586,actor,,[]
tt31242102,7,nm13863871,actor,,"[""Priya""]"
tt31242102,8,nm0692586,actor,,[]
tt31242102,9,nm2310461,actor,,[]
tt31242102,10,nm11139808,director,,[]
tt31242102,11,nm15817199,producer,producer,[]
tt31242102,12,nm5683875,composer,,[]
tt31242102,13,nm13998046,cinematographer,,[]
tt31242102,14,nm4076047,editor,,[]
tt3155654,1,nm1049234,actor,,"[""Seong-soo""]"
tt3155654,2,nm1773400,actress,,"[""Joo-hee""]"
tt3155654,3,nm0432429,actress,,"[""Min-ji""]"
tt3155654,4,nm2604920,actor,,[]
tt3155654,5,nm10222635,actress,,"[""School girl""]"
tt3155654,6,nm5702375,actress,,"[""Pyung-hwa (Joo-hee's daughter)""]"
tt3155654,7,nm6134379,actor,,"[""Geon-woo""]"
tt3155654,8,nm11432333,actor,,"[""Guard of Seong-soo's apartment""]"
tt3155654,9,nm9989935,actress,,"[""Eun Hye""]"
tt3155654,10,nm3754545,actor,,"[""Ex-detective""]"
tt3155654,11,nm5913711,director,,[]
tt3155654,12,nm5913711,writer,,[]
tt3155654,13,nm0423280,composer,composer,[]
tt3155654,14,nm3550537,cinematographer,,[]
tt3155654,15,nm1197989,editor,,[]
tt3155654,16,nm0453656,editor,,[]
tt3204632,1,nm1789970,actress,,"[""Kiya""]"
tt3204632,2,nm4122775,actor,,"[""Burt""]"
tt3204632,3,nm0275244,actor,,"[""Marshall""]"
tt3204632,4,nm1693690,actor,,"[""Freddie""]"
tt3204632,5,nm1626539,actress,,"[""Anna""]"
tt3204632,6,nm6243578,actor,,"[""Reactor""]"
tt3204632,7,nm5159926,actor,,"[""Commenter""]"
tt3204632,8,nm0640572,actor,,"[""Old Man""]"
tt3204632,9,nm13918356,actor,,"[""OTT""]"
tt3204632,10,nm3025400,actor,,"[""Reactor""]"
tt3204632,11,nm5575570,director,,[]
tt3204632,12,nm5575570,writer,,[]
tt3204632,13,nm5962080,producer,producer,[]
tt3204632,14,nm2699875,producer,producer,[]
tt3204632,15,nm0275244,producer,producer,[]
tt3204632,16,nm5575570,producer,producer,[]
tt3204632,17,nm3758664,composer,,[]
tt3204632,18,nm5750869,cinematographer,,[]
tt3204632,19,nm5962080,editor,,[]
tt3204632,20,nm5575570,editor,,[]
tt3204632,21,nm0210348,casting_director,,[]
tt3204632,22,nm0972168,casting_director,,[]
tt3204632,23,nm7462406,production_designer,,[]
tt32123395,1,nm0271657,actor,,"[""Leon""]"
tt32123395,2,nm4890759,actress,,"[""Mira""]"
tt32123395,3,nm0104114,actor,,"[""Kessler""]"
tt32123395,4,nm13805076,actress,,"[""Chloe""]"
tt32123395,5,nm1216826,actor,,"[""Hughes""]"
tt32123395,6,nm7624324,actress,,"[""Lector""]"
tt32123395,7,nm9992659,actor,,"[""Head Doctor""]"
tt32123395,8,nm2733134,actress,,"[""Chief of Police""]"
tt32123395,9,nm14168047,actor,,"[""Carol""]"
tt32123395,10,nm17927076,actor,,"[""Young Leon""]"
tt32123395,11,nm1993322,director,,[]
tt32123395,12,nm1993322,writer,,[]
tt32123395,13,nm0458648,producer,producer,[]
tt32123395,14,nm3547499,producer,producer,[]
tt32123395,15,nm3780733,producer,producer,[]
tt32123395,16,nm15136253,producer,producer,[]
tt32123395,17,nm7391782,composer,,[]
tt32123395,18,nm1075939,cinematographer,director of photography,[]
tt32123395,19,nm6555325,editor,,[]
tt32123395,20,nm7589615,editor,,[]
tt32123395,21,nm14508609,editor,,[]
tt3238502,1,nm4228942,actress,,"[""Maria""]"
tt3238502,2,nm0455057,actor,,"[""Karl""]"
tt3238502,3,nm1085081,actor,,"[""Antonio""]"
tt3238502,4,nm1782770,actor,,"[""Kenneth""]"
tt3238502,5,nm3038143,actress,,"[""Liz""]"
tt3238502,6,nm1310563,actress,,"[""Zara""]"
tt3238502,7,nm4534452,actor,,"[""Alex""]"
tt3238502,8,nm4591704,actor,,"[""Big Jim""]"
tt3238502,9,nm4596460,actor,,"[""Az""]"
tt3238502,10,nm4925834,actress,,"[""Ellie""]"
tt3238502,11,nm3591033,director,,[]
tt3238502,12,nm3591033,writer,written by,[]
tt3238502,13,nm0127810,producer,producer,[]
tt3238502,14,nm4571960,composer,,[]
tt3238502,15,nm3284959,cinematographer,director of photography,[]
tt3238502,16,nm3236698,editor,,[]
tt3238502,17,nm2671074,casting_director,casting_director,[]
tt3238502,18,nm6703288,casting_director,casting_director,[]
tt3238502,19,nm5371809,production_designer,,[]
tt32768323,1,nm2539953,actress,,"[""Virginia""]"
tt32768323,2,nm2539953,actress,,"[""Grace""]"
tt32768323,3,nm0647634,actress,,"[""Mia""]"
tt32768323,4,nm2797744,actor,,"[""Aaryan""]"
tt32768323,5,nm0890055,actress,,"[""Sjohus""]"
tt32768323,6,nm0890055,actress,,"[""Ambika""]"
tt32768323,7,nm17036063,actor,,"[""Young Mia""]"
tt32768323,8,nm17036067,actor,,"[""Amy""]"
tt32768323,9,nm4716757,actress,,"[""Kyra""]"
tt32768323,10,nm2492359,actress,,"[""Serena""]"
tt32768323,11,nm3238246,actress,,"[""Holly""]"
tt32768323,12,nm15559731,actress,,"[""Amelia""]"
tt32768323,13,nm6878753,director,director,[]
tt32768323,14,nm6488595,writer,written by,[]
tt32768323,15,nm6488594,writer,written by,[]
tt32768323,16,nm5775649,writer,written by,[]
tt32768323,17,nm0326252,producer,producer,[]
tt32768323,18,nm7629684,producer,producer,[]
tt32768323,19,nm0439563,producer,producer,[]
tt32768323,20,nm3474579,producer,line producer: Augenschein Filmproduktion,[]
tt32768323,21,nm3604699,composer,,[]
tt32768323,22,nm1454821,cinematographer,cinematographer,[]
tt32768323,23,nm2498855,editor,,[]
tt32768323,24,nm3983776,casting_director,,[]
tt32768323,25,nm0396554,production_designer,,[]
tt33349807,1,nm8045071,actor,,"[""Fadhil""]"
tt33349807,2,nm5224068,actress,,"[""Endah""]"
tt33349807,3,nm10120019,actress,,"[""Naning""]"
tt33349807,4,nm13721035,actor,,"[""Hendra""]"
tt33349807,5,nm14888658,actress,,"[""Wati""]"
tt33349807,6,nm12375364,actor,,"[""Franky""]"
tt33349807,7,nm12375364,actor,,"[""Mulyono""]"
tt33349807,8,nm10578851,actor,,"[""Dwi""]"
tt33349807,9,nm10120056,actor,,"[""Karno""]"
tt33349807,10,nm14708124,actor,,"[""Rano""]"
tt33349807,11,nm12501094,actress,,"[""Rani""]"
tt33349807,12,nm2934741,director,,[]
tt33349807,13,nm5193944,writer,screenplay by,[]
tt33349807,14,nm11186732,writer,based on the story by,[]
tt33349807,15,nm2519727,producer,producer,[]
tt33349807,16,nm12130636,composer,score composer,[]
tt33349807,17,nm10878270,composer,score composer,[]
tt33349807,18,nm2380904,composer,music director,[]
tt33349807,19,nm13260054,composer,score composer,[]
tt33349807,20,nm7632103,cinematographer,director of photography,[]
tt33349807,21,nm14231463,editor,,[]
tt33349807,22,nm9614943,editor,,[]
tt33349807,23,nm2521958,casting_director,,[]
tt33349807,24,nm10494071,casting_director,,[]
tt33349807,25,nm2513949,production_designer,production designer,[]
tt3433074,1,nm0639983,actor,,"[""Agnes Brown""]"
tt3433074,2,nm0639983,actor,,"[""Mr Wang""]"
tt3433074,3,nm4336636,actor,,"[""Grandad Brown""]"
tt3433074,4,nm4269187,actress,,"[""Winnie McGoogan""]"
tt3433074,5,nm0734727,actress,,"[""Fat Annie McCrum""]"
tt3433074,6,nm1499974,actor,,"[""Father Damien""]"
tt3433074,7,nm0368601,actress,,"[""Philomena Nine Warts""]"
tt3433074,8,nm0216342,actor,,"[""Tom Crews""]"
tt3433074,9,nm4884145,actor,,"[""Postman""]"
tt3433074,10,nm4753357,actor,,"[""Dermot Brown""]"
tt3433074,11,nm2681255,actress,,"[""Maria Brown""]"
tt3433074,12,nm0445843,director,,[]
tt3433074,13,nm0639983,writer,screenplay by,[]
tt3433074,14,nm0567055,producer,producer,[]
tt3433074,15,nm3269479,composer,,[]
tt3433074,16,nm0370181,cinematographer,director of photography,[]
tt3433074,17,nm0492923,editor,,[]
tt3433074,18,nm2653111,casting_director,,[]
tt3433074,19,nm0737200,production_designer,,[]
tt3465074,1,nm0410622,actress,,"[""Gwen""]"
tt3465074,2,nm0000502,actor,,"[""Cyrus""]"
tt3465074,3,nm1915955,actor,,"[""Ty""]"
tt3465074,4,nm0772704,actor,,"[""Aster""]"
tt3465074,5,nm0000461,actor,,"[""Sheriff Knowles""]"
tt3465074,6,nm0565366,actor,,"[""Winks""]"
tt3465074,7,nm0611983,actress,,"[""Lemmy""]"
tt3465074,8,nm0880387,actor,,"[""Jessop""]"
tt3465074,9,nm6097246,actor,,"[""Izzy""]"
tt3465074,10,nm5895739,actor,,"[""Dushane""]"
tt3465074,11,nm0611983,director,,[]
tt3465074,12,nm1915955,writer,written by,[]
tt3465074,13,nm0611983,writer,story,[]
tt3465074,14,nm1915955,producer,producer,[]
tt3465074,15,nm0611983,producer,producer,[]
tt3465074,16,nm0340518,composer,,[]
tt3465074,17,nm2798055,composer,composer,[]
tt3465074,18,nm5947744,cinematographer,,[]
tt3465074,19,nm0386504,editor,,[]
tt3465074,20,nm0330951,casting_director,,[]
tt3465074,21,nm2962034,production_designer,,[]
tt3564794,1,nm0973177,actor,,"[""Woody""]"
tt3564794,2,nm1880888,actress,,"[""Trudy""]"
tt3564794,3,nm0644406,actor,,"[""Moses""]"
tt3564794,4,nm1221047,actor,,"[""Proctor""]"
tt3564794,5,nm0786639,actor,,"[""Nyles""]"
tt3564794,6,nm3091777,actor,,"[""Ripley""]"
tt3564794,7,nm0703939,actress,,"[""Lillian""]"
tt3564794,8,nm0108295,actress,,"[""Priscilla""]"
tt3564794,9,nm0175814,actress,,"[""Claiborne""]"
tt3564794,10,nm1581597,actress,,"[""Leah""]"
tt3564794,11,nm3681509,director,,[]
tt3564794,12,nm3681509,writer,,[]
tt3564794,13,nm2469515,producer,producer,[]
tt3564794,14,nm0973177,producer,producer,[]
tt3564794,15,nm0703939,producer,producer,[]
tt3564794,16,nm3681509,producer,producer,[]
tt3564794,17,nm3681509,composer,,[]
tt3564794,18,nm1653021,cinematographer,,[]
tt3564794,19,nm7883110,editor,,[]
tt3564794,20,nm0340608,casting_director,,[]
tt3564794,21,nm6583483,production_designer,,[]
tt3608654,1,nm3149143,actress,,"[""Chrissy""]"
tt3608654,2,nm4949679,actor,,"[""Rigo""]"
tt3608654,3,nm3937449,actress,,"[""Bambi""]"
tt3608654,4,nm6275910,actor,,"[""Brad""]"
tt3608654,5,nm5924908,actress,,"[""Bunny""]"
tt3608654,6,nm4758864,actress,,"[""Bibi""]"
tt3608654,7,nm4517428,actor,,"[""P.J.""]"
tt3608654,8,nm6377317,actor,,"[""Kamikaze""]"
tt3608654,9,nm1983779,actor,,"[""Spike""]"
tt3608654,10,nm0223437,actor,,"[""Dr. Avon""]"
tt3608654,11,nm2353045,director,director,[]
tt3608654,12,nm1797032,writer,screenplay,[]
tt3608654,13,nm0490375,producer,producer,[]
tt3608654,14,nm15004079,composer,,[]
tt3608654,15,nm0725808,composer,,[]
tt3608654,16,nm1149785,cinematographer,,[]
tt3608654,17,nm2989608,editor,,[]
tt3608654,18,nm2824661,production_designer,production_designer,[]
tt3620418,1,nm0885992,actor,,"[""Sam""]"
tt3620418,2,nm3616170,actress,,"[""Lara""]"
tt3620418,3,nm0314611,actor,,"[""Zero""]"
tt3620418,4,nm1796156,actor,,"[""Louis""]"
tt3620418,5,nm0717603,actress,,"[""Marit""]"
tt3620418,6,nm4115744,actor,,"[""Boy 2""]"
tt3620418,7,nm0816030,actress,,"[""Vermunt""]"
tt3620418,8,nm0196723,actor,,"[""PM Sassen""]"
tt3620418,9,nm0885673,actor,,"[""De Geer""]"
tt3620418,10,nm1552841,actress,,"[""Sam's Moeder""]"
tt3620418,11,nm2361914,director,,[]
tt3620418,12,nm7154395,writer,book,[]
tt3620418,13,nm0311696,writer,scenario,[]
tt3620418,14,nm1911240,writer,scenario,[]
tt3620418,15,nm3374818,writer,scenario revisions,[]
tt3620418,16,nm0212297,producer,producer,[]
tt3620418,17,nm0677578,producer,producer,[]
tt3620418,18,nm1617375,producer,producer,[]
tt3620418,19,nm2577851,composer,,[]
tt3620418,20,nm2635576,composer,,[]
tt3620418,21,nm0937793,cinematographer,,[]
tt3620418,22,nm2414711,editor,,[]
tt3620418,23,nm2190814,casting_director,,[]
tt3620418,24,nm0958877,production_designer,,[]
tt36440312,1,nm11134848,actress,,"[""Momo Ayase""]"
tt36440312,2,nm5137121,actor,,"[""Ken 'Okarun' Takakura""]"
tt36440312,3,nm0849028,actress,,"[""Turbo-Granny""]"
tt36440312,4,nm0849028,actress,,"[""White Cat Doll""]"
tt36440312,5,nm1679934,actress,,"[""Seiko Ayase""]"
tt36440312,6,nm5481013,actor,,"[""Jin 'Jiji' Enjoji""]"
tt36440312,7,nm0620017,actor,,"[""Alien Serpo""]"
tt36440312,8,nm4785118,actress,,"[""Aira Shiratori""]"
tt36440312,9,nm1430139,actress,,"[""Naki Kito""]"
tt36440312,10,nm1312191,actor,,"[""Juichi Kito""]"
tt36440312,11,nm7552800,actor,,"[""Jumaniel Kito""]"
tt36440312,12,nm3972152,director,,[]
tt36440312,13,nm11813683,director,,[]
tt36440312,14,nm15531321,writer,original work,[]
tt36440312,15,nm5003154,writer,,[]
tt36440312,16,nm12322331,producer,producer,[]
tt36440312,17,nm7059620,producer,producer,[]
tt36440312,18,nm8151531,producer,producer,[]
tt36440312,19,nm4201857,producer,producer,[]
tt36440312,20,nm7086840,composer,composer,[]
tt36440312,21,nm7484407,cinematographer,director of photography,[]
tt36440312,22,nm1789723,editor,,[]
tt36491337,1,nm2347196,actor,,"[""Physics professor Namit""]"
tt36491337,2,nm0863171,actor,,"[""Historian Kamal""]"
tt36491337,3,nm1340178,actor,,"[""Historian Ishaan Kabir""]"
tt36491337,4,nm11864914,actress,,"[""Kanchan""]"
tt36491337,5,nm15089240,actress,,[]
tt36491337,6,nm10735829,actor,,"[""Ashish""]"
tt36491337,7,nm4075462,actor,,[]
tt36491337,8,nm5044946,actor,,[]
tt36491337,9,nm17349162,actor,,[]
tt36491337,10,nm16448855,actress,,"[""Adriana""]"
tt36491337,11,nm17203125,director,,[]
tt36491337,12,nm17203125,writer,,[]
tt36491337,13,nm17203125,producer,producer,[]
tt36491337,14,nm17314263,producer,producer,[]
tt36491337,15,nm12189220,composer,,[]
tt36491337,16,nm9541594,cinematographer,,[]
tt36491337,17,nm10553116,editor,,[]
tt36491337,18,nm11223939,casting_director,casting_director,[]
tt36491337,19,nm10746248,production_designer,production_designer,[]
tt3685218,1,nm0239575,actor,,"[""Félix""]"
tt3685218,2,nm2481725,actress,,"[""Meira""]"
tt3685218,3,nm3872496,actor,,"[""Shulem""]"
tt3685218,4,nm3870590,actress,,"[""Ruth""]"
tt3685218,5,nm3907268,actor,,"[""Isaac""]"
tt3685218,6,nm8011227,actor,,"[""Homme hassidique 1""]"
tt3685218,7,nm8011228,actress,,"[""Femme hassidique 1""]"
tt3685218,8,nm8011229,actress,,"[""Femme hassidique 2""]"
tt3685218,9,nm4147126,actress,,"[""Caroline""]"
tt3685218,10,nm0320636,actor,,"[""Théodore""]"
tt3685218,11,nm2113645,director,,[]
tt3685218,12,nm2113645,writer,,[]
tt3685218,13,nm2441568,writer,,[]
tt3685218,14,nm2411120,producer,producer,[]
tt3685218,15,nm3119194,producer,producer,[]
tt3685218,16,nm2792551,composer,,[]
tt3685218,17,nm0592734,cinematographer,,[]
tt3685218,18,nm0098949,editor,,[]
tt3685218,19,nm2977637,production_designer,,[]
tt3748528,1,nm0428065,actress,,"[""Jyn Erso""]"
tt3748528,2,nm0526019,actor,,"[""Cassian Andor""]"
tt3748528,3,nm0876138,actor,,"[""K-2SO""]"
tt3748528,4,nm0947447,actor,,"[""Chirrut Îmwe""]"
tt3748528,5,nm0422638,actor,,"[""Baze Malbus""]"
tt3748528,6,nm0578853,actor,,"[""Orson Krennic""]"
tt3748528,7,nm0377844,actor,,"[""Governor Tarkin""]"
tt3748528,8,nm0001845,actor,,"[""Saw Gerrera""]"
tt3748528,9,nm1981893,actor,,"[""Bodhi Rook""]"
tt3748528,10,nm0586568,actor,,"[""Galen Erso""]"
tt3748528,11,nm1757929,director,,[]
tt3748528,12,nm0919363,writer,screenplay by,[]
tt3748528,13,nm0006904,writer,screenplay by,[]
tt3748528,14,nm0461306,writer,story by,[]
tt3748528,15,nm1729428,writer,story by,[]
tt3748528,16,nm0004012,producer,producer,[]
tt3748528,17,nm0005086,producer,producer,[]
tt3748528,18,nm1903054,producer,producer,[]
tt3748528,19,nm0315974,composer,,[]
tt3748528,20,nm0002354,composer,composer,[]
tt3748528,21,nm0292132,cinematographer,director of photography,[]
tt3748528,22,nm0319673,editor,,[]
tt3748528,23,nm0332148,editor,editor,[]
tt3748528,24,nm1288150,editor,,[]
tt3748528,25,nm0419605,casting_director,,[]
tt3748528,26,nm0156956,production_designer,,[]
tt3748528,27,nm0483678,production_designer,,[]
tt3778644,1,nm2403277,actor,,"[""Han Solo""]"
tt3778644,2,nm0000437,actor,,"[""Beckett""]"
tt3778644,3,nm3592338,actress,,"[""Qi'ra""]"
tt3778644,4,nm2255973,actor,,"[""Lando Calrissian""]"
tt3778644,5,nm6934058,actor,,"[""Chewbacca""]"
tt3778644,6,nm0628601,actress,,"[""Val""]"
tt3778644,7,nm3564817,actress,,"[""L3-37""]"
tt3778644,8,nm0079273,actor,,"[""Dryden Vos""]"
tt3778644,9,nm0269463,actor,,"[""Rio Durant""]"
tt3778644,10,nm7210986,actress,,"[""Enfys Nest""]"
tt3778644,11,nm0000165,director,,[]
tt3778644,12,nm0440459,writer,written by,[]
tt3778644,13,nm0001410,writer,written by,[]
tt3778644,14,nm0000184,writer,based on characters created by,[]
tt3778644,15,nm0004012,producer,producer,[]
tt3778644,16,nm0005086,producer,producer,[]
tt3778644,17,nm1903054,producer,producer,[]
tt3778644,18,nm0694173,composer,composer,[]
tt3778644,19,nm2284226,cinematographer,director of photography,[]
tt3778644,20,nm0768817,editor,,[]
tt3778644,21,nm1125053,casting_director,,[]
tt3778644,22,nm0002274,casting_director,casting director: UK,[]
tt3778644,23,nm0565157,casting_director,,[]
tt3778644,24,nm0483678,production_designer,,[]
tt3800028,1,nm1105443,actress,,"[""Julia""]"
tt3800028,2,nm0115839,actor,,"[""Tom""]"
tt3800028,3,nm0404806,actor,,"[""Niek""]"
tt3800028,4,nm0717603,actress,,"[""Karin""]"
tt3800028,5,nm0900710,actor,,"[""Niek sr.""]"
tt3800028,6,nm0577818,actress,,"[""Nel""]"
tt3800028,7,nm6733346,actor,,"[""Lars""]"
tt3800028,8,nm2156780,actress,,"[""Floor""]"
tt3800028,9,nm1278335,actor,,"[""Gerben""]"
tt3800028,10,nm0791942,actor,,"[""Homer Winston""]"
tt3800028,11,nm3491871,director,,[]
tt3800028,12,nm0258414,writer,,[]
tt3800028,13,nm1058909,writer,contributing writer,[]
tt3800028,14,nm1499971,writer,contributing writer,[]
tt3800028,15,nm2457295,writer,contributing writer,[]
tt3800028,16,nm4133068,producer,producer,[]
tt3800028,17,nm0644283,producer,producer,[]
tt3800028,18,nm4100983,producer,producer,[]
tt3800028,19,nm0576751,composer,,[]
tt3800028,20,nm0927341,composer,,[]
tt3800028,21,nm1031648,cinematographer,,[]
tt3800028,22,nm0006418,editor,,[]
tt3800028,23,nm3183889,casting_director,,[]
tt3800028,24,nm2190814,casting_director,,[]
tt3800028,25,nm0969228,casting_director,,[]
tt3800028,26,nm0769413,production_designer,production designer,[]
tt3960412,1,nm1676221,actor,,"[""Conner""]"
tt3960412,2,nm1672246,actor,,"[""Owen""]"
tt3960412,3,nm1676223,actor,,"[""Lawrence""]"
tt3960412,4,nm0798971,actress,,"[""Paula""]"
tt3960412,5,nm0005218,actor,,"[""Harry""]"
tt3960412,6,nm0748973,actress,,"[""Deborah""]"
tt3960412,7,nm0000349,actress,,"[""Tilly""]"
tt3960412,8,nm1782299,actress,,"[""Ashley""]"
tt3960412,9,nm5412083,actor,,"[""Hunter""]"
tt3960412,10,nm7254628,actor,,"[""Eddie""]"
tt3960412,11,nm1676223,director,director,[]
tt3960412,12,nm1672246,director,director,[]
tt3960412,13,nm1676221,writer,written by,[]
tt3960412,14,nm1676223,writer,written by,[]
tt3960412,15,nm1672246,writer,written by,[]
tt3960412,16,nm0031976,producer,producer,[]
tt3960412,17,nm0745247,producer,producer,[]
tt3960412,18,nm1676221,producer,producer,[]
tt3960412,19,nm1676223,producer,producer,[]
tt3960412,20,nm2595269,composer,composer,[]
tt3960412,21,nm1060930,cinematographer,director of photography,[]
tt3960412,22,nm0022397,editor,,[]
tt3960412,23,nm1265901,editor,,[]
tt3960412,24,nm4275862,editor,,[]
tt3960412,25,nm0427456,casting_director,casting_director,[]
tt3960412,26,nm0082541,production_designer,,[]
tt3982774,1,nm2756685,actress,,"[""Pucca""]"
tt3982774,2,nm3003143,actor,,"[""Pekmez""]"
tt3982774,3,nm5411093,actress,,"[""Bayan Kaltak""]"
tt3982774,4,nm1759786,actor,,"[""Cameraman Hasan""]"
tt3982774,5,nm0059941,actor,,"[""Pucca's Father""]"
tt3982774,6,nm1856080,actress,,"[""Pucca's Aunt""]"
tt3982774,7,nm2761749,actress,,"[""Zodi""]"
tt3982774,8,nm3520159,actress,,"[""Kizil""]"
tt3982774,9,nm2203012,actress,,"[""Pekmez's Mother""]"
tt3982774,10,nm4158912,actor,,"[""Ankarali""]"
tt3982774,11,nm0051166,director,,[]
tt3982774,12,nm4158912,writer,,[]
tt3982774,13,nm4158039,writer,,[]
tt3982774,14,nm3087478,producer,producer,[]
tt3982774,15,nm6725612,producer,producer,[]
tt3982774,16,nm3395879,composer,,[]
tt3982774,17,nm3001225,composer,composer,[]
tt3982774,18,nm2639820,cinematographer,,[]
tt3982774,19,nm2206668,editor,,[]
tt3982774,20,nm3160236,editor,,[]
tt3982774,21,nm1730299,casting_director,,[]
tt4073890,1,nm1795989,actor,,"[""Alexander""]"
tt4073890,2,nm0363736,actor,,"[""Julian""]"
tt4073890,3,nm0752740,actress,,"[""Elanor""]"
tt4073890,4,nm2063982,actress,,"[""Valerie""]"
tt4073890,5,nm1008146,actress,,"[""Anita""]"
tt4073890,6,nm3435231,actor,,"[""Fly""]"
tt4073890,7,nm3941091,actor,,"[""Kristof""]"
tt4073890,8,nm5033237,actress,,"[""Gabriela""]"
tt4073890,9,nm2392852,actor,,"[""Luc""]"
tt4073890,10,nm8194649,actress,,"[""Jun""]"
tt4073890,11,nm0162485,director,,[]
tt4073890,12,nm0162485,writer,written by,[]
tt4073890,13,nm6372355,producer,producer,[]
tt4073890,14,nm3713130,producer,producer,[]
tt4073890,15,nm0248121,composer,composer,[]
tt4073890,16,nm0331683,cinematographer,cinematographer,[]
tt4073890,17,nm3442652,editor,picture editor,[]
tt4073890,18,nm1235467,casting_director,,[]
tt4073890,19,nm2778071,casting_director,,[]
tt4076926,1,nm2349726,actor,,"[""Charlie Foster""]"
tt4076926,2,nm0000546,actor,,"[""Theodore Foster""]"
tt4076926,3,nm0290556,actor,,"[""Conrad""]"
tt4076926,4,nm0817844,actress,,"[""Abigail""]"
tt4076926,5,nm0544718,actress,,"[""Lisa""]"
tt4076926,6,nm0848554,actress,,"[""Amanda""]"
tt4076926,7,nm1325419,actress,,"[""Monica""]"
tt4076926,8,nm0185272,actor,,"[""Mr. Chubb""]"
tt4076926,9,nm0453994,actor,,"[""Mr. Chipmunk""]"
tt4076926,10,nm1747924,actor,,"[""Paul""]"
tt4076926,11,nm4966249,director,,[]
tt4076926,12,nm4059614,director,,[]
tt4076926,13,nm1185422,director,,[]
tt4076926,14,nm2838508,director,,[]
tt4076926,15,nm0065270,writer,writer,[]
tt4076926,16,nm0098357,writer,novel,[]
tt4076926,17,nm5684567,writer,writer,[]
tt4076926,18,nm6808559,writer,writer,[]
tt4076926,19,nm6808560,producer,producer,[]
tt4076926,20,nm1431138,producer,producer,[]
tt4076926,21,nm4681652,producer,producer,[]
tt4076926,22,nm3914590,producer,producer,[]
tt4076926,23,nm6808563,composer,,[]
tt4076926,24,nm3650117,cinematographer,,[]
tt4076926,25,nm4905110,cinematographer,,[]
tt4076926,26,nm2368109,cinematographer,,[]
tt4076926,27,nm4367449,cinematographer,,[]
tt4076926,28,nm3567048,editor,,[]
tt4076926,29,nm7366315,editor,editor,[]
tt4076926,30,nm1802259,editor,editor,[]
tt4076926,31,nm4365667,production_designer,,[]
tt4076926,32,nm2118985,production_designer,,[]
tt4076926,33,nm2820114,production_designer,,[]
tt4085084,1,nm0774386,actor,,"[""Vincent""]"
tt4085084,2,nm1208167,actress,,"[""Jessie""]"
tt4085084,3,nm5524273,actor,,"[""Denis""]"
tt4085084,4,nm7334568,actor,,"[""Ali""]"
tt4085084,5,nm2046639,actor,,"[""Imad Whalid""]"
tt4085084,6,nm4409325,actor,,"[""Tom""]"
tt4085084,7,nm4292635,actor,,"[""Kevin""]"
tt4085084,8,nm7334569,actor,,"[""Franck""]"
tt4085084,9,nm7334570,actor,,"[""Tarik""]"
tt4085084,10,nm5658585,actor,,"[""Pierre Duroy""]"
tt4085084,11,nm1356951,director,,[]
tt4085084,12,nm1356951,writer,written by,[]
tt4085084,13,nm0111379,writer,in collaboration with,[]
tt4085084,14,nm1857335,producer,producer,[]
tt4085084,15,nm6187995,composer,,[]
tt4085084,16,nm0496055,cinematographer,cinematographer,[]
tt4085084,17,nm1780517,editor,,[]
tt4085084,18,nm3035751,casting_director,,[]
tt4085084,19,nm2190638,casting_director,,[]
tt4085084,20,nm2371460,production_designer,,[]
tt4264426,1,nm3965943,actress,,"[""Casey""]"
tt4264426,2,nm5545145,actress,,"[""Jill""]"
tt4264426,3,nm4630926,actress,,"[""Kirsten""]"
tt4264426,4,nm5362985,actor,,"[""Jared""]"
tt4264426,5,nm5051981,actress,,"[""Mrs. Kennedy""]"
tt4264426,6,nm0083702,actor,,"[""Mr. Mathenson""]"
tt4264426,7,nm8141007,actor,,"[""Mao""]"
tt4264426,8,nm4355888,actress,,"[""Joanne""]"
tt4264426,9,nm5699124,actress,,"[""Hannah""]"
tt4264426,10,nm2315739,actor,,"[""Lead Swat Officer""]"
tt4264426,11,nm2029106,director,,[]
tt4264426,12,nm2029106,writer,story by,[]
tt4264426,13,nm3884562,writer,written by,[]
tt4264426,14,nm2029106,producer,producer,[]
tt4264426,15,nm2970236,producer,producer,[]
tt4264426,16,nm2970706,producer,producer,[]
tt4264426,17,nm5811897,composer,composer,[]
tt4264426,18,nm1093324,cinematographer,,[]
tt4264426,19,nm2826685,editor,,[]
tt4264426,20,nm3973782,casting_director,,[]
tt4264426,21,nm2375283,production_designer,,[]
tt4383594,1,nm0000228,actor,,"[""Tom Brand""]"
tt4383594,2,nm0004950,actress,,"[""Lara Brand""]"
tt4383594,3,nm2064412,actor,,"[""David Brand""]"
tt4383594,4,nm0385644,actress,,"[""Madison Camden""]"
tt4383594,5,nm0176175,actor,,"[""Ian Cox""]"
tt4383594,6,nm5844090,actress,,"[""Rebecca Brand""]"
tt4383594,7,nm0000686,actor,,"[""Felix Perkins""]"
tt4383594,8,nm5145057,actress,,"[""Nicole Camden""]"
tt4383594,9,nm1146243,actor,,"[""Josh Myers""]"
tt4383594,10,nm0666256,actor,,"[""Benson""]"
tt4383594,11,nm0001756,director,,[]
tt4383594,12,nm0527095,writer,written by,[]
tt4383594,13,nm0020820,writer,written by,[]
tt4383594,14,nm0933128,writer,written by,[]
tt4383594,15,nm5136172,writer,written by,[]
tt4383594,16,nm0255353,producer,producer,[]
tt4383594,17,nm1342398,composer,,[]
tt4383594,18,nm3601893,composer,,[]
tt4383594,19,nm0005776,cinematographer,,[]
tt4383594,20,nm0956699,editor,,[]
tt4383594,21,nm0448979,casting_director,,[]
tt4383594,22,nm0006353,casting_director,,[]
tt4383594,23,nm0920382,casting_director,,[]
tt4383594,24,nm0943796,production_designer,,[]
tt4411584,1,nm0005017,actress,,"[""Miranda Wells""]"
tt4411584,2,nm0524197,actor,,"[""Bray""]"
tt4411584,3,nm0922927,actress,,"[""Bobby""]"
tt4411584,4,nm0005278,actor,,"[""Tucker""]"
tt4411584,5,nm5109998,actress,,"[""Missy Wells""]"
tt4411584,6,nm6823359,actor,,"[""Greg Wells""]"
tt4411584,7,nm7132227,actress,,"[""Bess Wells""]"
tt4411584,8,nm1640523,actress,,"[""Jennifer""]"
tt4411584,9,nm7263054,actress,,"[""Sloane""]"
tt4411584,10,nm2791723,actor,,"[""Devon""]"
tt4411584,11,nm0855035,director,director,[]
tt4411584,12,nm3492555,writer,screenplay by,[]
tt4411584,13,nm0855035,writer,screenplay by,[]
tt4411584,14,nm0663002,writer,screenplay by,[]
tt4411584,15,nm0126279,writer,"based upon the book ""The Secret"" by",[]
tt4411584,16,nm0126279,producer,producer,[]
tt4411584,17,nm0181202,producer,producer,[]
tt4411584,18,nm8083606,producer,producer,[]
tt4411584,19,nm0313531,producer,producer,[]
tt4411584,20,nm0006070,composer,,[]
tt4411584,21,nm0242491,cinematographer,director of photography,[]
tt4411584,22,nm0847258,editor,,[]
tt4411584,23,nm0159137,casting_director,,[]
tt4411584,24,nm0453312,casting_director,,[]
tt4411584,25,nm0240783,production_designer,,[]
tt4435072,1,nm4797922,actor,,"[""Sashwath 'Liger' Agarwal""]"
tt4435072,2,nm9203528,actress,,"[""Tanya Panday""]"
tt4435072,3,nm0471447,actress,,"[""Balamani Agarwal""]"
tt4435072,4,nm0005512,actor,,"[""Mark Anderson""]"
tt4435072,5,nm0747172,actor,,"[""Christopher""]"
tt4435072,6,nm9820279,actor,,"[""Sanju Panday""]"
tt4435072,7,nm0019382,actor,,"[""Ali Bhai""]"
tt4435072,8,nm0659233,actor,,"[""Mr. Panday""]"
tt4435072,9,nm0221218,actor,,"[""Mallesh""]"
tt4435072,10,nm9615234,actor,,"[""Ganpat""]"
tt4435072,11,nm0700872,director,,[]
tt4435072,12,nm0700872,writer,Telugu dialogue,[]
tt4435072,13,nm2864993,writer,Hindi dialogue,[]
tt4435072,14,nm5060304,writer,cowriter,[]
tt4435072,15,nm9547940,writer,cowriter,[]
tt4435072,16,nm0700872,producer,producer,[]
tt4435072,17,nm0424103,producer,producer,[]
tt4435072,18,nm0996625,producer,producer,[]
tt4435072,19,nm2118923,producer,producer,[]
tt4435072,20,nm7565692,composer,,[]
tt4435072,21,nm7445002,composer,,[]
tt4435072,22,nm5807649,cinematographer,cinematographer,[]
tt4435072,23,nm7973999,editor,,[]
tt4439102,1,nm0167649,actor,,"[""Officer Downe""]"
tt4439102,2,nm1526214,actor,,"[""Gable""]"
tt4439102,3,nm0816508,actress,,"[""Mother Supreme""]"
tt4439102,4,nm0517844,actress,,"[""Sister Blister""]"
tt4439102,5,nm0904967,actress,,"[""Chief Berringer""]"
tt4439102,6,nm5011560,actor,,"[""Zen Master Flash""]"
tt4439102,7,nm0934008,actor,,"[""Carter""]"
tt4439102,8,nm0320234,actor,,"[""Fritch""]"
tt4439102,9,nm0897400,actress,,"[""Hanso""]"
tt4439102,10,nm0185749,actor,,"[""Lion""]"
tt4439102,11,nm0185749,director,director,[]
tt4439102,12,nm1424524,writer,graphic novel,[]
tt4439102,13,nm8098198,writer,graphic novel,[]
tt4439102,14,nm2185413,writer,graphic novel,[]
tt4439102,15,nm1424524,producer,producer,[]
tt4439102,16,nm0004410,producer,producer,[]
tt4439102,17,nm1890304,producer,producer,[]
tt4439102,18,nm1270585,producer,producer,[]
tt4439102,19,nm7898120,composer,,[]
tt4439102,20,nm1031048,cinematographer,,[]
tt4439102,21,nm1164138,editor,,[]
tt4439102,22,nm8939330,casting_director,,[]
tt4439102,23,nm1482178,production_designer,,[]
tt4602066,1,nm0748620,actor,,"[""Moe Berg""]"
tt4602066,2,nm0269419,actor,,"[""Martinuzzi""]"
tt4602066,3,nm0929489,actor,,"[""Paul Scherrer""]"
tt4602066,4,nm0001567,actress,,"[""Koranda""]"
tt4602066,5,nm0312064,actress,,"[""Rathe""]"
tt4602066,6,nm0835016,actor,,"[""Werner Heisenberg""]"
tt4602066,7,nm10364361,actor,,"[""First Baseman Boston""]"
tt4602066,8,nm1134945,actor,,"[""Lefty Grove""]"
tt4602066,9,nm10364362,actor,,"[""Second Baseman Boston""]"
tt4602066,10,nm10364363,actor,,"[""Shortstop Boston""]"
tt4602066,11,nm0506802,director,director,[]
tt4602066,12,nm0734441,writer,written by,[]
tt4602066,13,nm7260546,writer,based upon the book: Catcher Was a Spy: The Mysterious Life of Moe Berg by,[]
tt4602066,14,nm0289694,producer,producer,[]
tt4602066,15,nm5052148,producer,producer,[]
tt4602066,16,nm0006290,composer,composer,[]
tt4602066,17,nm0661238,cinematographer,,[]
tt4602066,18,nm0948988,editor,editor,[]
tt4602066,19,nm1585815,casting_director,casting director: Czech Republic,[]
tt4602066,20,nm0688160,casting_director,casting_director,[]
tt4602066,21,nm0002186,production_designer,,[]
tt4616250,1,nm0000219,actor,,"[""The Director""]"
tt4616250,2,nm0879186,actor,,"[""Controller""]"
tt4616250,3,nm0920460,actor,,"[""The Interrogator""]"
tt4616250,4,nm0582257,actor,,"[""Condor""]"
tt4616250,5,nm2358356,actress,,"[""Nina""]"
tt4616250,6,nm7706117,actress,,"[""Female Spokesperson""]"
tt4616250,7,nm0629634,actor,,"[""Politician""]"
tt4616250,8,nm3736022,actor,,"[""Sniper""]"
tt4616250,9,nm0614861,actor,,"[""Businessman #2""]"
tt4616250,10,nm3052104,actor,,"[""Bathroom Thug""]"
tt4616250,11,nm3736022,director,,[]
tt4616250,12,nm6784572,writer,,[]
tt4616250,13,nm3202669,writer,,[]
tt4616250,14,nm3508368,writer,writer,[]
tt4616250,15,nm3736022,writer,writer,[]
tt4616250,16,nm4527554,producer,producer,[]
tt4616250,17,nm3599831,producer,producer,[]
tt4616250,18,nm0697572,producer,producer,[]
tt4616250,19,nm1269941,producer,executive producer,[]
tt4616250,20,nm3314026,composer,,[]
tt4616250,21,nm0752084,cinematographer,,[]
tt4616250,22,nm0310329,editor,,[]
tt4642970,1,nm10428618,actor,,"[""The Llama""]"
tt4642970,2,nm7304660,actress,,"[""Mel""]"
tt4642970,3,nm7304659,actor,,"[""Floyd""]"
tt4642970,4,nm7304663,actress,,"[""Alexx""]"
tt4642970,5,nm7304666,actor,,"[""Joe""]"
tt4642970,6,nm5144965,actor,,"[""Jordan""]"
tt4642970,7,nm18865278,actress,,"[""Manda""]"
tt4642970,8,nm7313563,actor,,"[""Rob""]"
tt4642970,9,nm7304668,actress,,"[""Sam""]"
tt4642970,10,nm7304661,actor,,"[""Trent""]"
tt4642970,11,nm7313563,director,director,[]
tt4642970,12,nm0000647,producer,producer,[]
tt4642970,13,nm7304670,composer,composer,[]
tt4642970,14,nm7304666,cinematographer,,[]
tt4642970,15,nm7304664,editor,,[]
tt4669264,1,nm0358316,actor,,"[""Mason Skiles""]"
tt4669264,2,nm0693288,actor,,"[""Congressman""]"
tt4669264,3,nm1338428,actor,,"[""Nadim""]"
tt4669264,4,nm9966942,actress,,"[""Partygoer #1""]"
tt4669264,5,nm9966943,actor,,"[""Partygoer #2""]"
tt4669264,6,nm7514607,actor,,"[""Karim (13 Years Old)""]"
tt4669264,7,nm1871951,actress,,"[""Nadia Skiles""]"
tt4669264,8,nm0281448,actress,,"[""Alice Riley""]"
tt4669264,9,nm0671032,actor,,"[""Cal Riley""]"
tt4669264,10,nm3697747,actor,,"[""Partygoer #3""]"
tt4669264,11,nm0026442,director,,[]
tt4669264,12,nm0006904,writer,written by,[]
tt4669264,13,nm0276059,producer,producer,[]
tt4669264,14,nm0006904,producer,producer,[]
tt4669264,15,nm0506075,producer,producer,[]
tt4669264,16,nm2961544,producer,producer,[]
tt4669264,17,nm0002201,composer,,[]
tt4669264,18,nm1406216,cinematographer,,[]
tt4669264,19,nm0353137,editor,,[]
tt4669264,20,nm2555676,casting_director,,[]
tt4669264,21,nm1768846,casting_director,,[]
tt4669264,22,nm0415492,casting_director,,[]
tt4669264,23,nm1382130,casting_director,casting_director,[]
tt4669264,24,nm2066703,production_designer,,[]
tt4729430,1,nm0005403,actor,,"[""Jesper""]"
tt4729430,2,nm0799777,actor,,"[""Klaus""]"
tt4729430,3,nm0429069,actress,,"[""Alva""]"
tt4729430,4,nm0766005,actor,,"[""Mr. Ellingboe""]"
tt4729430,5,nm10520267,actress,,"[""Márgu""]"
tt4729430,6,nm0655053,actor,,"[""Pumpkin""]"
tt4729430,7,nm0655053,actor,,"[""Olaf""]"
tt4729430,8,nm0005172,actor,,"[""Mogens""]"
tt4729430,9,nm0000349,actress,,"[""Mrs. Krum""]"
tt4729430,10,nm9468053,actor,,"[""Ellingboe Boy""]"
tt4729430,11,nm8388409,actress,,"[""Ellingboe Girl 2""]"
tt4729430,12,nm0655053,director,,[]
tt4729430,13,nm0655053,writer,original story by,[]
tt4729430,14,nm2700235,writer,screenplay by,[]
tt4729430,15,nm2082813,writer,screenplay by,[]
tt4729430,16,nm0273832,producer,producer,[]
tt4729430,17,nm0303922,producer,producer,[]
tt4729430,18,nm1380146,producer,producer,[]
tt4729430,19,nm1481660,producer,producer,[]
tt4729430,20,nm5322576,composer,composer,[]
tt4729430,21,nm0138878,editor,supervising editor,[]
tt4729430,22,nm2128541,editor,editor,[]
tt4729430,23,nm0996458,casting_director,casting_director,[]
tt4729430,24,nm2871336,casting_director,casting_director,[]
tt4729430,25,nm9493240,production_designer,,[]
tt4729430,26,nm9920821,production_designer,,[]
tt4932154,1,nm3836977,actor,,"[""Phil""]"
tt4932154,2,nm2583479,actor,,"[""Nicholas""]"
tt4932154,3,nm0863787,actress,,"[""Glass""]"
tt4932154,4,nm7537160,actress,,"[""Dianne""]"
tt4932154,5,nm6654019,actress,,"[""Kat""]"
tt4932154,6,nm0295437,actress,,"[""Tereza""]"
tt4932154,7,nm2718341,actor,,"[""Michael""]"
tt4932154,8,nm0698634,actress,,"[""Pascal""]"
tt4932154,9,nm8732499,actor,,"[""Jan""]"
tt4932154,10,nm8997092,actress,,"[""Klein Dianne""]"
tt4932154,11,nm1326842,director,,[]
tt4932154,12,nm1326842,writer,screenplay,[]
tt4932154,13,nm0826091,writer,based on the novel by,[]
tt4932154,14,nm0778217,producer,producer,[]
tt4932154,15,nm4447886,composer,,[]
tt4932154,16,nm0154243,cinematographer,cinematographer,[]
tt4932154,17,nm4123156,editor,,[]
tt4932154,18,nm0549686,casting_director,casting_director,[]
tt4932154,19,nm0726414,casting_director,,[]
tt4932154,20,nm0581016,production_designer,,[]
tt5197544,1,nm3289096,actor,,"[""Jai""]"
tt5197544,2,nm1229940,actress,,"[""Diya""]"
tt5197544,3,nm4668046,actress,,"[""Chitra""]"
tt5197544,4,nm7805689,actress,,"[""Suman""]"
tt5197544,5,nm0038169,actor,,"[""Nikhil Khanna""]"
tt5197544,6,nm4447323,actor,,"[""Tarun""]"
tt5197544,7,nm8680484,actor,,"[""Jai 14 years""]"
tt5197544,8,nm8680486,actor,,"[""Journalist""]"
tt5197544,9,nm8680496,actor,,"[""Tour group""]"
tt5197544,10,nm1044881,actor,,"[""Rick (Tarun's Boyfriend)""]"
tt5197544,11,nm1224429,director,,[]
tt5197544,12,nm2452692,writer,story,[]
tt5197544,13,nm1224429,writer,screenplay,[]
tt5197544,14,nm1474596,writer,screenplay,[]
tt5197544,15,nm2101751,writer,dialogue,[]
tt5197544,16,nm1027719,producer,producer,[]
tt5197544,17,nm0424101,producer,producer,[]
tt5197544,18,nm0424103,producer,producer,[]
tt5197544,19,nm1032700,producer,producer,[]
tt5197544,20,nm7435453,composer,,[]
tt5197544,21,nm8339499,composer,,[]
tt5197544,22,nm6153653,composer,composer,[]
tt5197544,23,nm3334275,composer,composer,[]
tt5197544,24,nm0151533,cinematographer,,[]
tt5197544,25,nm10165979,editor,video editor,[]
tt5197544,26,nm1918446,editor,,[]
tt5197544,27,nm3705094,casting_director,,[]
tt5197544,28,nm2780726,casting_director,casting_director,[]
tt5197544,29,nm0747181,production_designer,,[]
tt5197544,30,nm1987231,production_designer,,[]
tt5259966,1,nm1410318,actor,,"[""Zequi""]"
tt5259966,2,nm1172285,actress,,"[""Lucy""]"
tt5259966,3,nm0227997,actress,,"[""Miss Gaby""]"
tt5259966,4,nm5687461,actress,,"[""Jenny""]"
tt5259966,5,nm5470601,actress,,"[""Mónica""]"
tt5259966,6,nm6145378,actor,,"[""Cristobal""]"
tt5259966,7,nm1448869,actress,,"[""Caro""]"
tt5259966,8,nm8069110,actress,,"[""Cuquis""]"
tt5259966,9,nm0708503,actor,,"[""Sr. Valdez""]"
tt5259966,10,nm7337670,actress,,"[""Laura""]"
tt5259966,11,nm1818121,director,,[]
tt5259966,12,nm2288528,writer,screenplay,[]
tt5259966,13,nm2180936,writer,screenplay,[]
tt5259966,14,nm2609083,writer,screenplay,[]
tt5259966,15,nm1480916,writer,based on the film by,[]
tt5259966,16,nm2942818,producer,producer,[]
tt5259966,17,nm2633096,producer,producer,[]
tt5259966,18,nm1172285,producer,producer,[]
tt5259966,19,nm1967417,composer,,[]
tt5259966,20,nm0648366,cinematographer,director of photography,[]
tt5259966,21,nm0379855,editor,editor,[]
tt5259966,22,nm1026185,casting_director,,[]
tt5259966,23,nm1173067,production_designer,,[]
tt5271432,1,nm6098360,actor,,"[""Bhanuprasad""]"
tt5271432,2,nm0611481,actor,,"[""Fr. Alfred Kattuvilayil""]"
tt5271432,3,nm5166292,actress,,"[""Adhishta Lekshmi""]"
tt5271432,4,nm4028151,actor,,"[""Bruno""]"
tt5271432,5,nm6697626,actor,,"[""Remo""]"
tt5271432,6,nm7079028,actor,,"[""Koshy""]"
tt5271432,7,nm2465399,actor,,"[""Veluchammi""]"
tt5271432,8,nm1798902,actress,,"[""Adhishta Lakshmi's Mother""]"
tt5271432,9,nm2469558,actor,,"[""Shanthappan""]"
tt5271432,10,nm6447222,actor,,"[""Old Lady's Son""]"
tt5271432,11,nm7792149,director,,[]
tt5271432,12,nm7792150,writer,story & screenplay,[]
tt5271432,13,nm7792149,writer,story & screenplay,[]
tt5271432,14,nm5444787,producer,producer,[]
tt5271432,15,nm5578638,producer,producer,[]
tt5271432,16,nm5066571,composer,,[]
tt5271432,17,nm7792152,cinematographer,,[]
tt5271432,18,nm15652215,cinematographer,second cinematographer,[]
tt5271432,19,nm5425309,editor,,[]
tt5465370,1,nm3848064,actress,,"[""Akira""]"
tt5465370,2,nm0440604,actor,,"[""ACP Rane""]"
tt5465370,3,nm1234298,actress,,"[""Rabia""]"
tt5465370,4,nm0534852,actor,,"[""Rajeshwar""]"
tt5465370,5,nm2815326,actor,,"[""Siddharth""]"
tt5465370,6,nm0474609,actor,,"[""Akira's Father""]"
tt5465370,7,nm0419741,actress,,"[""Akira's Mother""]"
tt5465370,8,nm3003162,actor,,"[""Manik""]"
tt5465370,9,nm1277293,actor,,"[""Baapu Rao""]"
tt5465370,10,nm2843559,actress,,"[""Maya""]"
tt5465370,11,nm1436693,director,,[]
tt5465370,12,nm1421683,writer,original story,[]
tt5465370,13,nm1436693,writer,additional screenplay,[]
tt5465370,14,nm6741315,writer,dialogue: Hindi,[]
tt5465370,15,nm8722073,writer,adaptation,[]
tt5465370,16,nm1436693,producer,producer,[]
tt5465370,17,nm1318670,composer,,[]
tt5465370,18,nm2406890,composer,,[]
tt5465370,19,nm1243731,composer,,[]
tt5465370,20,nm17429923,cinematographer,director of photography,[]
tt5465370,21,nm1394716,cinematographer,,[]
tt5465370,22,nm0695252,editor,,[]
tt5465370,23,nm5452110,editor,editor,[]
tt5465370,24,nm5241704,casting_director,,[]
tt5465370,25,nm2218801,production_designer,,[]
tt5534434,1,nm0791487,actor,,"[""Andrew""]"
tt5534434,2,nm0387987,actor,,"[""Victor Crowley""]"
tt5534434,3,nm1925026,actress,,"[""Rose""]"
tt5534434,4,nm0792156,actor,,"[""Dillon""]"
tt5534434,5,nm4424397,actress,,"[""Sabrina""]"
tt5534434,6,nm0741378,actress,,"[""Kathleen""]"
tt5534434,7,nm1978079,actor,,"[""Austin""]"
tt5534434,8,nm0791898,actress,,"[""Casey""]"
tt5534434,9,nm3311695,actor,,"[""Alex""]"
tt5534434,10,nm4784702,actress,,"[""Chloe""]"
tt5534434,11,nm1697112,director,,[]
tt5534434,12,nm1697112,writer,,[]
tt5534434,13,nm1701139,producer,producer,[]
tt5534434,14,nm1701437,producer,producer,[]
tt5534434,15,nm1425628,producer,producer,[]
tt5534434,16,nm4558604,composer,,[]
tt5534434,17,nm6214568,composer,,[]
tt5534434,18,nm3020610,cinematographer,,[]
tt5534434,19,nm3409476,editor,,[]
tt5697870,1,nm0457410,actor,,"[""Pawan Singh Chaturvedi""]"
tt5697870,2,nm1027719,actor,,"[""Kishan Mohan Girhotra""]"
tt5697870,3,nm3993149,actor,,"[""Parminder Singh Gill""]"
tt5697870,4,nm0747172,actor,,"[""Jailer""]"
tt5697870,5,nm0788903,actor,,"[""Purushottam Madan Pandit""]"
tt5697870,6,nm13869877,actor,,"[""IAS Officer""]"
tt5697870,7,nm5069465,actress,,"[""Gayatri Kashyap""]"
tt5697870,8,nm8026847,actor,,"[""Bunty""]"
tt5697870,9,nm1277705,actor,,[]
tt5697870,10,nm2486220,actor,,[]
tt5697870,11,nm3826513,director,director,[]
tt5697870,12,nm2748159,writer,story,[]
tt5697870,13,nm3826513,writer,story,[]
tt5697870,14,nm5548228,producer,producer,[]
tt5697870,15,nm0012541,producer,producer,[]
tt5697870,16,nm6132141,producer,producer,[]
tt5697870,17,nm5548171,producer,producer,[]
tt5697870,18,nm7565692,composer,,[]
tt5697870,19,nm4565312,composer,composer,[]
tt5697870,20,nm7041119,composer,,[]
tt5697870,21,nm0802240,composer,,[]
tt5697870,22,nm3551066,cinematographer,,[]
tt5697870,23,nm4757196,editor,,[]
tt5697870,24,nm10487354,casting_director,,[]
tt5697870,25,nm3035937,casting_director,,[]
tt5697870,26,nm4506218,production_designer,production_designer,[]
tt5697870,27,nm5432149,production_designer,,[]
tt5999530,1,nm0619178,actress,,"[""Narumi Kase""]"
tt5999530,2,nm0559430,actor,,"[""Shinji Kase""]"
tt5999530,3,nm4056296,actor,,"[""Sakurai""]"
tt5999530,4,nm4818678,actor,,"[""Pastor""]"
tt5999530,5,nm0463592,actress,,"[""Doctor""]"
tt5999530,6,nm3117207,actor,,"[""Detective Kurumada""]"
tt5999530,7,nm1880510,actress,,"[""Asumi Kase""]"
tt5999530,8,nm0594073,actor,,"[""Suzuki""]"
tt5999530,9,nm4514387,actor,,"[""Maruo""]"
tt5999530,10,nm7042308,actor,,[]
tt5999530,11,nm0475905,director,,[]
tt5999530,12,nm5772332,writer,based on the play by,[]
tt5999530,13,nm0475905,writer,screenplay,[]
tt5999530,14,nm2650522,writer,screenplay,[]
tt5999530,15,nm2104234,composer,,[]
tt5999530,16,nm0038978,cinematographer,,[]
tt5999530,17,nm1970746,editor,,[]
tt6290798,1,nm5189784,actor,,"[""Derek""]"
tt6290798,2,nm0000096,actress,,"[""Professor Hendricks""]"
tt6290798,3,nm3480246,actress,,"[""Natalie""]"
tt6290798,4,nm1265212,actor,,"[""Lee""]"
tt6290798,5,nm8656178,actress,,"[""Young Girl""]"
tt6290798,6,nm0000657,actor,,"[""Franklin Ahls""]"
tt6290798,7,nm6643051,actor,,"[""Dave Ellison""]"
tt6290798,8,nm5829670,actor,,"[""Roland Junger""]"
tt6290798,9,nm1853240,actor,,"[""KCIN5 Newscaster""]"
tt6290798,10,nm1951721,actress,,"[""KCIN5 Newscaster""]"
tt6290798,11,nm1435316,director,,[]
tt6290798,12,nm1435316,writer,written by,[]
tt6290798,13,nm0371010,producer,producer,[]
tt6290798,14,nm0723570,producer,producer,[]
tt6290798,15,nm1104170,producer,producer,[]
tt6290798,16,nm3602603,composer,,[]
tt6290798,17,nm0760589,cinematographer,,[]
tt6290798,18,nm2473320,editor,,[]
tt6290798,19,nm0054234,casting_director,,[]
tt6290798,20,nm1312197,casting_director,,[]
tt6290798,21,nm1369115,production_designer,,[]
tt6295898,1,nm2434196,actress,,"[""Li Shu-fen""]"
tt6295898,2,nm2627085,actress,,"[""Shen Yi-chun""]"
tt6295898,3,nm4525146,actress,,"[""Lin Mei-hua""]"
tt6295898,4,nm1541912,actor,,"[""Master Long""]"
tt6295898,5,nm3191792,actor,,"[""Ho Chih-wei""]"
tt6295898,6,nm4063713,actor,,"[""Chang Ming-hao""]"
tt6295898,7,nm2764137,actress,,"[""Ho Wen Shu-fang""]"
tt6295898,8,nm9221969,actress,,"[""Li Ya-ting""]"
tt6295898,9,nm9221967,actor,,"[""Lin Chun-kai""]"
tt6295898,10,nm9244111,actress,,"[""Yong-ching""]"
tt6295898,11,nm7415410,director,,[]
tt6295898,12,nm4340065,writer,screenplay writer,[]
tt6295898,13,nm6196507,writer,screenplay writer,[]
tt6295898,14,nm7624893,producer,producer,[]
tt6295898,15,nm6950179,composer,,[]
tt6295898,16,nm6816861,cinematographer,director of photography,[]
tt6295898,17,nm4446637,editor,,[]
tt6295898,18,nm1272851,casting_director,casting_director,[]
tt6295898,19,nm7746861,casting_director,casting_director,[]
tt6295898,20,nm3823257,production_designer,production_designer,[]
tt6570372,1,nm3354777,actress,,"[""Heather Duprey""]"
tt6570372,2,nm1659569,actress,,"[""Chrissy Renard""]"
tt6570372,3,nm2118175,actor,,"[""Charles Wright""]"
tt6570372,4,nm2424044,actor,,"[""Jake Gruber""]"
tt6570372,5,nm2668723,actor,,"[""Dale Russell""]"
tt6570372,6,nm3787175,actor,,"[""Wayne Barlament""]"
tt6570372,7,nm5575765,actor,,"[""Tyler Zepnick""]"
tt6570372,8,nm5253091,actor,,"[""Chris""]"
tt6570372,9,nm7461420,actress,,"[""Sara Renard""]"
tt6570372,10,nm6034158,actor,,"[""Gags""]"
tt6570372,11,nm3386768,director,,[]
tt6570372,12,nm3386768,writer,,[]
tt6570372,13,nm3746087,writer,,[]
tt6570372,14,nm3746087,producer,producer,[]
tt6570372,15,nm4788618,producer,producer,[]
tt6570372,16,nm3161101,producer,producer,[]
tt6570372,17,nm4743632,composer,,[]
tt6570372,18,nm3230432,cinematographer,,[]
tt6570372,19,nm3746087,editor,,[]
tt6570372,20,nm3370591,production_designer,production_designer,[]
tt6888938,1,nm0531933,actress,,"[""Dr. Elle Chrystler""]"
tt6888938,2,nm0004912,actor,,"[""Daran""]"
tt6888938,3,nm0004912,actor,,"[""Narek Zakarian""]"
tt6888938,4,nm3822505,actress,,"[""Ruth""]"
tt6888938,5,nm0560864,actress,,"[""Sandra""]"
tt6888938,6,nm0268297,actor,,"[""Dr. Edgar Chrystler""]"
tt6888938,7,nm1963755,actress,,"[""Anya""]"
tt6888938,8,nm2125359,actor,,"[""Commando Golf""]"
tt6888938,9,nm4667199,actress,,"[""Commando Echo""]"
tt6888938,10,nm6125219,actor,,"[""Commando Charlie""]"
tt6888938,11,nm8979280,actress,,"[""Commando Romeo""]"
tt6888938,12,nm2917649,director,,[]
tt6888938,13,nm2917649,writer,,[]
tt6888938,14,nm1889547,producer,producer,[]
tt6888938,15,nm0363259,composer,,[]
tt6888938,16,nm1475917,cinematographer,,[]
tt6888938,17,nm4432572,editor,,[]
tt6888938,18,nm6230493,casting_director,casting_director,[]
tt6888938,19,nm4004708,production_designer,,[]
tt6988366,1,nm0000616,actor,,"[""Judge Martin Joy""]"
tt6988366,2,nm0002546,actress,,"[""Leah Grievess""]"
tt6988366,3,nm0001550,actress,,"[""Grandma Judy""]"
tt6988366,4,nm0265670,actor,,"[""Arthur Yearwood""]"
tt6988366,5,nm0001698,actor,,"[""Edward Clayborn""]"
tt6988366,6,nm0731067,actress,,"[""Grace Stuart""]"
tt6988366,7,nm0250659,actor,,"[""Peter Grievess""]"
tt6988366,8,nm7545798,actor,,"[""Samuel Grievess""]"
tt6988366,9,nm1767726,actress,,"[""Tristan Grievess""]"
tt6988366,10,nm8120718,actress,,"[""Teen Tristan""]"
tt6988366,11,nm3911117,director,,[]
tt6988366,12,nm3911117,writer,screenplay,[]
tt6988366,13,nm4436707,producer,producer,[]
tt6988366,14,nm3911117,producer,executive producer,[]
tt6988366,15,nm16585094,composer,,[]
tt6988366,16,nm16585093,composer,,[]
tt6988366,17,nm0440259,cinematographer,,[]
tt6988366,18,nm0073490,editor,,[]
tt6988366,19,nm0571353,casting_director,,[]
tt6988366,20,nm0881728,production_designer,,[]
tt7209510,1,nm3654931,actor,,"[""Host""]"
tt7209510,2,nm3654931,actor,,"[""Doktor Ullmaier (voice)""]"
tt7209510,3,nm3654931,actor,,"[""Frau Schlammpeitzinger""]"
tt7209510,4,nm7489781,actress,,"[""Resume victim""]"
tt7209510,5,nm6159172,actor,,"[""Head of Transport Fleet""]"
tt7209510,6,nm2594429,actor,,"[""Brian Ewok""]"
tt7209510,7,nm6101361,actress,,"[""Madame Juju""]"
tt7209510,8,nm3539353,actor,,"[""Dr. Narcos Älm""]"
tt7209510,9,nm9497136,actor,,"[""Monsieur Dudu""]"
tt7209510,10,nm6101362,actor,,"[""Subcomandante Duscher""]"
tt7209510,11,nm4888313,actor,,"[""El Rocho Gratzer""]"
tt7209510,12,nm9497137,actor,,"[""Karl Marx""]"
tt7209510,13,nm3654931,director,,[]
tt7209510,14,nm3654931,writer,,[]
tt7209510,15,nm6202496,writer,,[]
tt7209510,16,nm3654931,producer,producer,[]
tt7209510,17,nm9334471,composer,,[]
tt7209510,18,nm3654931,editor,,[]
tt7225386,1,nm1955257,actor,,"[""Christian""]"
tt7225386,2,nm1553080,actor,,"[""Georg""]"
tt7225386,3,nm1197689,actress,,"[""Tanja""]"
tt7225386,4,nm0004376,actress,,"[""Ute""]"
tt7225386,5,nm0487884,actress,,"[""Ingrid""]"
tt7225386,6,nm3436464,actress,,"[""Willie""]"
tt7225386,7,nm1935952,actress,,"[""Lisa""]"
tt7225386,8,nm0617852,actor,,"[""Hantel""]"
tt7225386,9,nm6104068,actor,,"[""Konrad""]"
tt7225386,10,nm3079991,actor,,"[""Adam""]"
tt7225386,11,nm0326558,director,,[]
tt7225386,12,nm2047699,writer,,[]
tt7225386,13,nm0326558,producer,producer,[]
tt7225386,14,nm2047699,producer,producer,[]
tt7225386,15,nm1804168,composer,,[]
tt7225386,16,nm0340864,cinematographer,,[]
tt7225386,17,nm5357429,editor,,[]
tt7225386,18,nm0326558,editor,,[]
tt7225386,19,nm1393816,casting_director,,[]
tt7225386,20,nm2568792,production_designer,,[]
tt7660450,1,nm5777955,actor,,"[""Zero""]"
tt7660450,2,nm1919240,actor,,"[""Armadillo""]"
tt7660450,3,nm3661207,actor,,"[""Secco""]"
tt7660450,4,nm0603090,actress,,"[""Madre Zero""]"
tt7660450,5,nm0659274,actress,,"[""Madre Blanka""]"
tt7660450,6,nm0148081,actor,,"[""Signor Panatta""]"
tt7660450,7,nm5072747,actress,,"[""Greta""]"
tt7660450,8,nm5443998,actor,,"[""Piergiorgio""]"
tt7660450,9,nm3020849,actor,,"[""Attacchino""]"
tt7660450,10,nm0810738,actress,,"[""Operatrice ecologica""]"
tt7660450,11,nm1723252,director,,[]
tt7660450,12,nm8570840,writer,graphic novel,[]
tt7660450,13,nm0557609,writer,screenplay,[]
tt7660450,14,nm9436571,writer,screenplay,[]
tt7660450,15,nm1285142,writer,screenplay,[]
tt7660450,16,nm0698271,producer,producer,[]
tt7660450,17,nm3697228,composer,,[]
tt7660450,18,nm0331683,cinematographer,,[]
tt7660450,19,nm2760702,editor,,[]
tt7660450,20,nm2473389,casting_director,,[]
tt7660450,21,nm2391187,production_designer,,[]
tt7778680,1,nm1596350,actor,,"[""Rafi""]"
tt7778680,2,nm7621667,actress,,"[""Miloni""]"
tt7778680,3,nm0451561,actor,,"[""Kanti Bhai""]"
tt7778680,4,nm1336722,actor,,"[""Hasmukh Bhai""]"
tt7778680,5,nm10258882,actress,,"[""Saloni""]"
tt7778680,6,nm3891905,actress,,"[""Sheilaben""]"
tt7778680,7,nm6422090,actor,,"[""Fazlu Master""]"
tt7778680,8,nm10647388,actor,,"[""Mohan""]"
tt7778680,9,nm4518724,actor,,"[""Banke""]"
tt7778680,10,nm10647389,actress,,"[""Teller""]"
tt7778680,11,nm3592235,director,,[]
tt7778680,12,nm3592235,writer,,[]
tt7778680,13,nm3592235,producer,producer,[]
tt7778680,14,nm2441005,producer,producer,[]
tt7778680,15,nm1965828,producer,producer,[]
tt7778680,16,nm4752699,producer,producer,[]
tt7778680,17,nm1041285,composer,,[]
tt7778680,18,nm1159052,cinematographer,,[]
tt7778680,19,nm1266267,cinematographer,,[]
tt7778680,20,nm1638941,editor,,[]
tt7778680,21,nm2540242,production_designer,,[]
tt7838494,1,nm1160306,actor,,"[""Renos""]"
tt7838494,2,nm1617265,actor,,"[""The Blond""]"
tt7838494,3,nm8465620,actor,,"[""Thunder""]"
tt7838494,4,nm2298359,actress,,"[""Tzina""]"
tt7838494,5,nm2917846,actress,,"[""Woman at cafe""]"
tt7838494,6,nm3478737,actor,,"[""Milan""]"
tt7838494,7,nm1406657,actor,,"[""Man at cafe""]"
tt7838494,8,nm3414099,actress,,"[""Singer""]"
tt7838494,9,nm0592294,actress,,"[""Neighbour""]"
tt7838494,10,nm10618683,actor,,[]
tt7838494,11,nm5315106,director,,[]
tt7838494,12,nm5315106,writer,,[]
tt7838494,13,nm2735968,producer,producer,[]
tt7838494,14,nm5315106,producer,producer,[]
tt7838494,15,nm1327244,composer,,[]
tt7838494,16,nm3720911,cinematographer,,[]
tt7838494,17,nm0561430,editor,,[]
tt7838494,18,nm2881299,editor,,[]
tt7838494,19,nm2941945,casting_director,,[]
tt7838494,20,nm2756179,production_designer,,[]
tt8239806,1,nm0490489,actor,,"[""Yu Shun Tin""]"
tt8239806,2,nm0465503,actor,,"[""Feng Chun Kwok (Dizang)""]"
tt8239806,3,nm0594226,actor,,"[""Lam Cheng Fung""]"
tt8239806,4,nm1157324,actress,,"[""Michelle Chow Man Fung""]"
tt8239806,5,nm0155587,actor,,"[""Yu Nam""]"
tt8239806,6,nm0482628,actor,,"[""Secretary for Justice""]"
tt8239806,7,nm1012515,actress,,"[""Fong Yau Ka (Ca)""]"
tt8239806,8,nm3012172,actress,,"[""May Chan Ching Mei""]"
tt8239806,9,nm1287677,actress,,"[""Cheung Ching""]"
tt8239806,10,nm3225390,actor,,"[""Jack Yau Sai Hung""]"
tt8239806,11,nm0946875,director,,[]
tt8239806,12,nm9045121,writer,screenplay,[]
tt8239806,13,nm0497231,writer,screenplay,[]
tt8239806,14,nm0946875,writer,written by,[]
tt8239806,15,nm6344705,producer,producer,[]
tt8239806,16,nm1646297,producer,producer,[]
tt8239806,17,nm1622257,producer,producer,[]
tt8239806,18,nm0490489,producer,producer,[]
tt8239806,19,nm1058561,composer,composer,[]
tt8239806,20,nm0150945,cinematographer,director of photography,[]
tt8239806,21,nm0161182,editor,editor,[]
tt8587122,1,nm5654913,actor,,"[""Qie Xiaogin""]"
tt8587122,2,nm5393011,actor,,"[""Little Princess""]"
tt8587122,3,nm9534286,actor,,"[""Lu Qun""]"
tt8587122,4,nm0955815,actress,,"[""Mao Xihua""]"
tt8587122,5,nm6538586,actress,,"[""Xiaogin's mom""]"
tt8587122,6,nm0437630,actor,,"[""Qie Gao""]"
tt8587122,7,nm2218406,actor,,"[""Xiaogin's dad""]"
tt8587122,8,nm4284457,actress,,"[""Little Suzuki""]"
tt8587122,9,nm2983290,actor,,"[""Xiaogin's uncle""]"
tt8587122,10,nm2481453,actress,,"[""Xiaogin's aunt""]"
tt8587122,11,nm7087208,director,director,[]
tt8587122,12,nm7087208,writer,screenplay,[]
tt8587122,13,nm0497952,producer,producer,[]
tt8587122,14,nm0911042,producer,producer,[]
tt8587122,15,nm2014973,producer,producer,[]
tt8587122,16,nm3651726,composer,composer,[]
tt8587122,17,nm3631520,cinematographer,,[]
tt8587122,18,nm0477274,editor,supervising editor,[]
tt8587122,19,nm9274785,editor,,[]
tt8587122,20,nm3823257,production_designer,,[]
tt8706988,1,nm4683400,actor,,"[""Jan Nowak-Jezioranski""]"
tt8706988,2,nm0257187,actress,,"[""Doris""]"
tt8706988,3,nm3010926,actor,,"[""Tom Dunbar""]"
tt8706988,4,nm1320617,actor,,"[""Steiger""]"
tt8706988,5,nm2270408,actor,,"[""Witze""]"
tt8706988,6,nm3081735,actress,,"[""Runner Marysia""]"
tt8706988,7,nm0296809,actor,,"[""General Kazimierz Sosnkowski""]"
tt8706988,8,nm3949598,actor,,"[""Kazimierz Wolski""]"
tt8706988,9,nm1259124,actor,,"[""General Tadeusz 'Bór' Komorowski""]"
tt8706988,10,nm0048121,actor,,"[""General Tadeusz Pelczynski""]"
tt8706988,11,nm0664582,director,,[]
tt8706988,12,nm0664582,writer,screenplay,[]
tt8706988,13,nm2561798,writer,screenplay,[]
tt8706988,14,nm5396123,producer,producer,[]
tt8706988,15,nm9981631,producer,producer,[]
tt8706988,16,nm6502608,producer,producer,[]
tt8706988,17,nm2561798,producer,producer,[]
tt8706988,18,nm2380274,composer,,[]
tt8706988,19,nm1248285,cinematographer,,[]
tt8706988,20,nm0436722,editor,editor,[]
tt8706988,21,nm0322173,casting_director,casting_director,[]
tt8706988,22,nm2587614,casting_director,casting_director,[]
tt8706988,23,nm0844360,casting_director,casting_director,[]
tt8706988,24,nm0753546,production_designer,production_designer,[]
tt9362930,1,nm4927704,actor,,"[""Jaime Reyes""]"
tt9362930,2,nm1367490,actress,,"[""Jenny Kord""]"
tt9362930,3,nm3121384,actress,,"[""Khaji-Da""]"
tt9362930,4,nm0017343,actor,,"[""Alberto Reyes""]"
tt9362930,5,nm0520064,actor,,"[""Rudy Reyes""]"
tt9362930,6,nm0056770,actress,,"[""Nana Reyes""]"
tt9362930,7,nm7650817,actress,,"[""Milagro Reyes""]"
tt9362930,8,nm0001990,actress,,"[""Rocío Reyes""]"
tt9362930,9,nm0000215,actress,,"[""Victoria Kord""]"
tt9362930,10,nm2957490,actor,,"[""Dr. Sanchez""]"
tt9362930,11,nm3924049,director,,[]
tt9362930,12,nm3722546,writer,written by,[]
tt9362930,13,nm2303301,producer,producer,[]
tt9362930,14,nm0725444,producer,producer,[]
tt9362930,15,nm6438644,composer,,[]
tt9362930,16,nm1850507,cinematographer,director of photography,[]
tt9362930,17,nm0022397,editor,,[]
tt9362930,18,nm1799153,casting_director,,[]
tt9362930,19,nm5477810,casting_director,,[]
tt9362930,20,nm0082541,production_designer,,[]
tt9372172,1,nm5961385,actress,,"[""Nour""]"
tt9372172,2,nm0501256,actress,,"[""Sissi""]"
tt9372172,3,nm4225981,actress,,"[""Axelle""]"
tt9372172,4,nm4724320,actor,,"[""Steph""]"
tt9372172,5,nm0305365,actress,,"[""Nadia""]"
tt9372172,6,nm0066080,actor,,"[""Robert""]"
tt9372172,7,nm3214170,actor,,"[""Gianni""]"
tt9372172,8,nm6875292,actor,,"[""Rayane""]"
tt9372172,9,nm3447958,actor,,"[""Farid""]"
tt9372172,10,nm2847284,actor,,"[""Nicolas, le docteur""]"
tt9372172,11,nm0507913,director,,[]
tt9372172,12,nm5961385,writer,,[]
tt9372172,13,nm2830075,writer,,[]
tt9372172,14,nm0507913,writer,,[]
tt9372172,15,nm4996483,writer,,[]
tt9372172,16,nm1457753,producer,producer,[]
tt9372172,17,nm7652223,producer,producer,[]
tt9372172,18,nm9822712,composer,,[]
tt9372172,19,nm1852658,cinematographer,,[]
tt9372172,20,nm0539156,editor,chief editor,[]
tt9372172,21,nm2190638,casting_director,,[]
